Timestamp,Group_Reward,QoE_Variance,Jain_Index
2025-11-07 16:40:51,7.6967,68.0985,0.9998
2025-11-07 16:40:51,7.7089,260.4897,0.9992
2025-11-07 16:40:51,7.7191,266.0640,0.9992
2025-11-07 16:40:51,7.7413,106.3737,0.9997
2025-11-07 16:40:51,7.7506,31.6856,0.9999
2025-11-07 16:40:51,7.7535,43.1068,0.9999
2025-11-07 16:40:51,7.7587,7.5267,1.0000
2025-11-07 16:40:51,7.7590,8.2926,1.0000
2025-11-07 16:40:51,7.7542,53.5160,0.9998
2025-11-07 16:40:51,7.7516,43.7446,0.9999
2025-11-07 16:40:51,7.7519,44.7414,0.9999
2025-11-07 16:40:52,7.7523,47.6503,0.9999
2025-11-07 16:40:52,7.7558,14.6567,1.0000
2025-11-07 16:40:52,7.7563,14.1641,1.0000
2025-11-07 16:40:52,7.7550,14.8680,1.0000
2025-11-07 16:40:52,7.7546,12.1379,1.0000
2025-11-07 16:40:52,7.7439,175.6916,0.9995
2025-11-07 16:40:52,7.7423,165.5177,0.9995
2025-11-07 16:40:52,7.7423,165.7439,0.9995
2025-11-07 16:40:52,7.7431,177.5741,0.9995
2025-11-07 16:40:52,7.7479,80.6924,0.9998
2025-11-07 16:40:52,7.7489,82.6044,0.9998
2025-11-07 16:40:52,7.7442,94.0355,0.9997
2025-11-07 16:40:53,7.7447,102.4784,0.9997
2025-11-07 16:40:53,7.7432,125.9253,0.9996
2025-11-07 16:40:53,7.7392,115.3883,0.9997
2025-11-07 16:40:53,7.7403,112.4259,0.9997
2025-11-07 16:40:53,7.7414,134.6261,0.9996
2025-11-07 16:40:53,7.7339,300.9258,0.9991
2025-11-07 16:40:53,7.7334,300.2418,0.9991
2025-11-07 16:40:53,7.7357,311.4974,0.9991
2025-11-07 16:40:53,7.7366,335.2358,0.9990
2025-11-07 16:40:53,7.7404,231.9085,0.9993
2025-11-07 16:40:53,7.7412,229.7605,0.9993
2025-11-07 16:40:54,7.7399,226.6973,0.9993
2025-11-07 16:40:54,7.7405,243.3827,0.9993
2025-11-07 16:40:54,7.7433,184.1636,0.9994
2025-11-07 16:40:54,7.7406,200.1127,0.9994
2025-11-07 16:40:54,7.7341,236.7589,0.9993
2025-11-07 16:40:54,7.7333,214.6164,0.9993
2025-11-07 16:40:54,7.7306,256.7322,0.9992
2025-11-07 16:40:54,7.7333,258.4315,0.9992
2025-11-07 16:40:54,7.7339,251.7363,0.9992
2025-11-07 16:40:54,7.7343,261.7942,0.9992
2025-11-07 16:40:55,7.7349,250.2856,0.9992
2025-11-07 16:40:55,7.7298,263.4542,0.9992
2025-11-07 16:40:55,7.7279,281.7522,0.9991
2025-11-07 16:40:55,7.7255,208.6507,0.9994
2025-11-07 16:40:55,7.7302,167.3377,0.9995
2025-11-07 16:40:55,7.7324,155.3349,0.9995
2025-11-07 16:40:55,7.7317,165.4566,0.9995
2025-11-07 16:40:55,7.7333,209.5471,0.9994
2025-11-07 16:40:55,7.7308,231.9493,0.9993
2025-11-07 16:40:55,7.7338,233.1203,0.9993
2025-11-07 16:40:55,7.7331,245.7296,0.9992
2025-11-07 16:40:55,7.7327,233.1213,0.9993
2025-11-07 16:40:56,7.7391,192.1605,0.9994
2025-11-07 16:40:56,7.7358,202.5508,0.9994
2025-11-07 16:40:56,7.7350,219.5496,0.9993
2025-11-07 16:40:56,7.7341,198.4219,0.9994
2025-11-07 16:40:56,7.7358,205.9441,0.9994
2025-11-07 16:40:56,7.7356,207.3434,0.9994
2025-11-07 16:40:56,7.7354,210.3780,0.9994
2025-11-07 16:40:56,7.7362,229.7499,0.9993
2025-11-07 16:40:56,7.7350,223.8814,0.9993
2025-11-07 16:40:56,7.7335,234.9189,0.9993
2025-11-07 16:40:56,7.7256,450.4688,0.9986
2025-11-07 16:40:56,7.7261,466.6670,0.9986
2025-11-07 16:40:57,7.7288,498.1876,0.9985
2025-11-07 16:40:57,7.7327,488.2654,0.9985
2025-11-07 16:40:57,7.7444,155.4409,0.9995
2025-11-07 16:40:57,7.7442,149.9321,0.9996
2025-11-07 16:40:57,7.7389,153.3648,0.9995
2025-11-07 16:40:57,7.7402,151.8287,0.9995
2025-11-07 16:40:57,7.7404,148.6319,0.9996
2025-11-07 16:40:57,7.7405,149.7795,0.9995
2025-11-07 16:40:57,7.7436,137.8312,0.9996
2025-11-07 16:40:57,7.7447,136.7570,0.9996
2025-11-07 16:40:57,7.7476,92.6582,0.9997
2025-11-07 16:40:57,7.7476,92.9326,0.9997
2025-11-07 16:40:58,7.7481,91.4097,0.9997
2025-11-07 16:40:58,7.7486,90.6296,0.9997
2025-11-07 16:40:58,7.7447,155.3323,0.9995
2025-11-07 16:40:58,7.7447,154.9866,0.9995
2025-11-07 16:40:58,7.7459,156.2183,0.9995
2025-11-07 16:40:58,7.7460,156.3212,0.9995
2025-11-07 16:40:58,7.7502,84.1090,0.9998
2025-11-07 16:40:58,7.7481,54.7131,0.9998
2025-11-07 16:40:58,7.7458,58.4334,0.9998
2025-11-07 16:40:59,7.7451,58.1632,0.9998
2025-11-07 16:40:59,7.7465,46.3367,0.9999
2025-11-07 16:40:59,7.7475,60.7741,0.9998
2025-11-07 16:40:59,7.7506,54.7370,0.9998
2025-11-07 16:40:59,7.7524,50.8994,0.9998
2025-11-07 16:40:59,7.7515,61.4404,0.9998
2025-11-07 16:40:59,7.7492,38.1083,0.9999
2025-11-07 16:40:59,7.7474,37.5520,0.9999
2025-11-07 16:40:59,7.7473,37.3259,0.9999
2025-11-07 16:41:00,7.7462,48.8492,0.9999
2025-11-07 16:41:00,7.7474,61.8139,0.9998
2025-11-07 16:41:00,7.7513,70.5817,0.9998
2025-11-07 16:41:00,7.7520,71.1513,0.9998
2025-11-07 16:41:00,7.7518,74.3383,0.9998
2025-11-07 16:41:00,7.7517,73.2439,0.9998
2025-11-07 16:41:00,7.7503,66.9002,0.9998
2025-11-07 16:41:00,7.7498,65.8326,0.9998
2025-11-07 16:41:00,7.7510,49.7484,0.9999
2025-11-07 16:41:00,7.7491,35.2600,0.9999
2025-11-07 16:41:00,7.7506,44.0687,0.9999
2025-11-07 16:41:01,7.7529,52.1427,0.9998
2025-11-07 16:41:01,7.7535,44.1457,0.9999
2025-11-07 16:41:01,7.7523,42.4966,0.9999
2025-11-07 16:41:01,7.7529,46.0687,0.9999
2025-11-07 16:41:01,7.7522,42.6989,0.9999
2025-11-07 16:41:01,7.7509,60.3223,0.9998
2025-11-07 16:41:01,7.7494,61.0196,0.9998
2025-11-07 16:41:01,7.7503,70.5530,0.9998
2025-11-07 16:41:01,7.7479,62.3471,0.9998
2025-11-07 16:41:01,7.7478,64.0591,0.9998
2025-11-07 16:41:01,7.7451,73.8346,0.9998
2025-11-07 16:41:02,7.7424,40.6977,0.9999
2025-11-07 16:41:02,7.7437,48.6439,0.9999
2025-11-07 16:41:02,7.7411,80.7721,0.9998
2025-11-07 16:41:02,7.7407,82.5952,0.9998
2025-11-07 16:41:02,7.7420,98.2246,0.9997
2025-11-07 16:41:02,7.7443,123.0914,0.9996
2025-11-07 16:41:02,7.7477,74.9330,0.9998
2025-11-07 16:41:02,7.7547,59.0173,0.9998
2025-11-07 16:41:02,7.7487,68.4803,0.9998
2025-11-07 16:41:02,7.7484,64.7715,0.9998
2025-11-07 16:41:02,7.7467,85.0401,0.9997
2025-11-07 16:41:02,7.7467,84.4494,0.9997
2025-11-07 16:41:03,7.7548,100.9389,0.9997
2025-11-07 16:41:03,7.7539,97.1273,0.9997
2025-11-07 16:41:03,7.7545,86.0807,0.9997
2025-11-07 16:41:03,7.7545,86.0835,0.9997
2025-11-07 16:41:03,7.7517,64.0928,0.9998
2025-11-07 16:41:03,7.7516,63.5570,0.9998
2025-11-07 16:41:03,7.7485,119.3095,0.9996
2025-11-07 16:41:03,7.7450,101.1203,0.9997
2025-11-07 16:41:03,7.7469,122.3065,0.9996
2025-11-07 16:41:03,7.7448,110.7034,0.9997
2025-11-07 16:41:03,7.7485,53.4300,0.9998
2025-11-07 16:41:03,7.7481,53.9375,0.9998
2025-11-07 16:41:04,7.7453,27.5991,0.9999
2025-11-07 16:41:04,7.7459,29.5017,0.9999
2025-11-07 16:41:04,7.7456,32.6209,0.9999
2025-11-07 16:41:04,7.7484,40.9771,0.9999
2025-11-07 16:41:04,7.7516,67.1361,0.9998
2025-11-07 16:41:04,7.7526,68.1752,0.9998
2025-11-07 16:41:04,7.7520,78.1099,0.9998
2025-11-07 16:41:04,7.7496,75.8558,0.9998
2025-11-07 16:41:04,7.7482,59.7760,0.9998
2025-11-07 16:41:04,7.7503,75.2987,0.9998
2025-11-07 16:41:04,7.7504,74.7791,0.9998
2025-11-07 16:41:05,7.7516,73.9116,0.9998
2025-11-07 16:41:05,7.7517,74.6960,0.9998
2025-11-07 16:41:05,7.7498,62.2471,0.9998
2025-11-07 16:41:05,7.7507,49.3525,0.9999
2025-11-07 16:41:05,7.7370,216.2889,0.9993
2025-11-07 16:41:05,7.7376,227.0534,0.9993
2025-11-07 16:41:05,7.7359,208.2469,0.9994
2025-11-07 16:41:05,7.7346,213.9960,0.9993
2025-11-07 16:41:05,7.7424,87.7571,0.9997
2025-11-07 16:41:05,7.7437,110.0809,0.9997
2025-11-07 16:41:05,7.7461,125.8718,0.9996
2025-11-07 16:41:06,7.7462,125.4170,0.9996
2025-11-07 16:41:06,7.7408,214.2708,0.9994
2025-11-07 16:41:06,7.7387,176.0658,0.9995
2025-11-07 16:41:06,7.7378,164.1073,0.9995
2025-11-07 16:41:06,7.7393,154.6342,0.9995
2025-11-07 16:41:06,7.7391,156.9626,0.9995
2025-11-07 16:41:06,7.7412,193.6633,0.9994
2025-11-07 16:41:06,7.7319,189.9163,0.9994
2025-11-07 16:41:07,7.7304,192.4259,0.9994
2025-11-07 16:41:07,7.7333,156.3772,0.9995
2025-11-07 16:41:07,7.7291,69.4492,0.9998
2025-11-07 16:41:07,7.7339,59.1407,0.9998
2025-11-07 16:41:07,7.7345,56.3016,0.9998
2025-11-07 16:41:07,7.7346,55.6505,0.9998
2025-11-07 16:41:07,7.7366,87.1302,0.9997
2025-11-07 16:41:07,7.7299,126.4344,0.9996
2025-11-07 16:41:07,7.7313,126.6899,0.9996
2025-11-07 16:41:07,7.7294,146.5407,0.9995
2025-11-07 16:41:08,7.7135,51.7941,0.9998
2025-11-07 16:41:08,7.7028,171.7634,0.9994
2025-11-07 16:41:08,7.7014,146.7599,0.9995
2025-11-07 16:41:08,7.7035,162.1562,0.9995
2025-11-07 16:41:08,7.7060,159.9250,0.9995
2025-11-07 16:41:08,7.7252,57.1618,0.9998
2025-11-07 16:41:08,7.7252,57.3047,0.9998
2025-11-07 16:41:08,7.7227,74.0035,0.9998
2025-11-07 16:41:08,7.7294,56.8456,0.9998
2025-11-07 16:41:08,7.7297,59.4417,0.9998
2025-11-07 16:41:08,7.7296,59.4595,0.9998
2025-11-07 16:41:08,7.7301,53.6016,0.9998
2025-11-07 16:41:09,7.7314,60.0608,0.9998
2025-11-07 16:41:09,7.7351,108.2872,0.9997
2025-11-07 16:41:09,7.7346,110.6402,0.9997
2025-11-07 16:41:09,7.7352,100.8402,0.9997
2025-11-07 16:41:09,7.7329,97.7042,0.9997
2025-11-07 16:41:09,7.7326,91.3016,0.9997
2025-11-07 16:41:09,7.7325,91.6540,0.9997
2025-11-07 16:41:09,7.7351,65.6451,0.9998
2025-11-07 16:41:09,7.7323,79.7826,0.9998
2025-11-07 16:41:09,7.7336,105.5642,0.9997
2025-11-07 16:41:09,7.7334,106.7093,0.9997
2025-11-07 16:41:09,7.7316,121.2010,0.9996
2025-11-07 16:41:10,7.7317,120.7400,0.9996
2025-11-07 16:41:10,7.7319,126.1474,0.9996
2025-11-07 16:41:10,7.7328,123.0607,0.9996
2025-11-07 16:41:10,7.7290,175.8433,0.9995
2025-11-07 16:41:10,7.7235,233.8103,0.9993
2025-11-07 16:41:10,7.7257,299.0731,0.9991
2025-11-07 16:41:10,7.7224,303.1988,0.9991
2025-11-07 16:41:10,7.7267,262.8091,0.9992
2025-11-07 16:41:10,7.7310,204.2306,0.9994
2025-11-07 16:41:10,7.7300,178.2743,0.9994
2025-11-07 16:41:11,7.7293,185.2470,0.9994
2025-11-07 16:41:11,7.7272,204.4422,0.9994
2025-11-07 16:41:11,7.7308,190.0356,0.9994
2025-11-07 16:41:11,7.7297,162.1103,0.9995
2025-11-07 16:41:11,7.7344,133.0179,0.9996
2025-11-07 16:41:11,7.7348,127.5509,0.9996
2025-11-07 16:41:11,7.7304,160.0667,0.9995
2025-11-07 16:41:11,7.7308,168.7402,0.9995
2025-11-07 16:41:11,7.7301,168.6879,0.9995
2025-11-07 16:41:11,7.7294,177.1407,0.9995
2025-11-07 16:41:11,7.7325,152.2141,0.9995
2025-11-07 16:41:11,7.7329,161.6028,0.9995
2025-11-07 16:41:12,7.7341,160.0849,0.9995
2025-11-07 16:41:12,7.7351,145.2245,0.9996
2025-11-07 16:41:12,7.7238,336.9422,0.9989
2025-11-07 16:41:12,7.7257,399.8146,0.9988
2025-11-07 16:41:12,7.7252,397.7290,0.9988
2025-11-07 16:41:12,7.7245,404.4162,0.9987
2025-11-07 16:41:12,7.7254,380.8627,0.9988
2025-11-07 16:41:12,7.7220,273.8648,0.9991
2025-11-07 16:41:12,7.7218,272.8112,0.9991
2025-11-07 16:41:12,7.7221,270.6324,0.9992
2025-11-07 16:41:12,7.7231,248.0162,0.9992
2025-11-07 16:41:12,7.7252,309.4011,0.9990
2025-11-07 16:41:13,7.7259,312.9089,0.9990
2025-11-07 16:41:13,7.7263,309.6579,0.9990
2025-11-07 16:41:13,7.7256,326.3099,0.9990
2025-11-07 16:41:13,7.7242,284.2292,0.9991
2025-11-07 16:41:13,7.7221,274.8415,0.9991
2025-11-07 16:41:13,7.7214,280.1794,0.9991
2025-11-07 16:41:13,7.7215,277.6898,0.9991
2025-11-07 16:41:13,7.7223,303.1211,0.9991
2025-11-07 16:41:13,7.7203,302.2469,0.9990
2025-11-07 16:41:13,7.7225,290.5348,0.9991
2025-11-07 16:41:13,7.7221,300.4609,0.9991
2025-11-07 16:41:14,7.7210,267.5422,0.9992
2025-11-07 16:41:14,7.7238,269.6018,0.9992
2025-11-07 16:41:14,7.7223,277.7772,0.9991
2025-11-07 16:41:14,7.7225,273.2456,0.9991
2025-11-07 16:41:14,7.7238,313.1452,0.9990
2025-11-07 16:41:14,7.7222,310.2358,0.9990
2025-11-07 16:41:14,7.7216,315.0343,0.9990
2025-11-07 16:41:15,7.7212,322.8275,0.9990
2025-11-07 16:41:15,7.7218,342.5505,0.9989
2025-11-07 16:41:15,7.7232,345.1516,0.9989
2025-11-07 16:41:15,7.7249,332.7500,0.9990
2025-11-07 16:41:15,7.7252,324.2042,0.9990
2025-11-07 16:41:15,7.7232,263.4628,0.9992
2025-11-07 16:41:15,7.7238,265.9095,0.9992
2025-11-07 16:41:15,7.7222,276.7620,0.9991
2025-11-07 16:41:15,7.7222,276.7620,0.9991
2025-11-07 16:41:15,7.7189,196.0789,0.9994
2025-11-07 16:41:15,7.7185,193.4429,0.9994
2025-11-07 16:41:16,7.7209,184.8376,0.9994
2025-11-07 16:41:16,7.7205,193.4696,0.9994
2025-11-07 16:41:16,7.7231,251.5222,0.9992
2025-11-07 16:41:16,7.7232,252.0786,0.9992
2025-11-07 16:41:16,7.7221,256.2042,0.9992
2025-11-07 16:41:16,7.7221,256.4644,0.9992
2025-11-07 16:41:16,7.7193,191.0179,0.9994
2025-11-07 16:41:16,7.7182,184.6436,0.9994
2025-11-07 16:41:16,7.7193,183.1679,0.9994
2025-11-07 16:41:17,7.7194,180.5863,0.9994
2025-11-07 16:41:17,7.7231,269.8267,0.9992
2025-11-07 16:41:17,7.7241,272.2644,0.9992
2025-11-07 16:41:17,7.7210,292.2635,0.9991
2025-11-07 16:41:17,7.7213,285.9616,0.9991
2025-11-07 16:41:17,7.7187,219.0354,0.9993
2025-11-07 16:41:17,7.7187,218.5973,0.9993
2025-11-07 16:41:17,7.7200,209.6794,0.9993
2025-11-07 16:41:17,7.7203,204.6153,0.9994
2025-11-07 16:41:17,7.7200,199.6729,0.9994
2025-11-07 16:41:17,7.7207,204.2660,0.9994
2025-11-07 16:41:17,7.7199,209.7492,0.9993
2025-11-07 16:41:18,7.7192,224.6656,0.9993
2025-11-07 16:41:18,7.7218,290.2218,0.9991
2025-11-07 16:41:18,7.7203,282.8243,0.9991
2025-11-07 16:41:18,7.7225,270.5951,0.9992
2025-11-07 16:41:18,7.7226,268.9037,0.9992
2025-11-07 16:41:18,7.7230,278.5592,0.9991
2025-11-07 16:41:18,7.7229,278.4505,0.9991
2025-11-07 16:41:18,7.7214,286.2767,0.9991
2025-11-07 16:41:18,7.7226,259.5313,0.9992
2025-11-07 16:41:18,7.7175,140.7954,0.9996
2025-11-07 16:41:19,7.7187,148.8714,0.9995
2025-11-07 16:41:19,7.7204,143.5610,0.9995
2025-11-07 16:41:19,7.7204,141.8526,0.9996
2025-11-07 16:41:19,7.7214,158.2725,0.9995
2025-11-07 16:41:19,7.7212,156.9563,0.9995
2025-11-07 16:41:19,7.7212,156.9283,0.9995
2025-11-07 16:41:19,7.7204,173.0804,0.9995
2025-11-07 16:41:19,7.7231,229.4155,0.9993
2025-11-07 16:41:19,7.7208,224.3094,0.9993
2025-11-07 16:41:19,7.7204,225.3596,0.9993
2025-11-07 16:41:19,7.7205,222.9424,0.9993
2025-11-07 16:41:19,7.7216,253.3421,0.9992
2025-11-07 16:41:20,7.7247,261.4039,0.9992
2025-11-07 16:41:20,7.7236,269.0572,0.9992
2025-11-07 16:41:20,7.7229,285.5474,0.9991
2025-11-07 16:41:20,7.7228,284.3238,0.9991
2025-11-07 16:41:20,7.7190,272.5105,0.9991
2025-11-07 16:41:20,7.7195,270.5053,0.9991
2025-11-07 16:41:20,7.7199,260.5082,0.9992
2025-11-07 16:41:20,7.7177,201.1122,0.9994
2025-11-07 16:41:20,7.7196,205.1413,0.9994
2025-11-07 16:41:20,7.7195,205.6582,0.9994
2025-11-07 16:41:20,7.7195,205.6582,0.9994
2025-11-07 16:41:21,7.7185,183.8447,0.9994
2025-11-07 16:41:21,7.7176,180.3840,0.9994
2025-11-07 16:41:21,7.7181,179.0016,0.9994
2025-11-07 16:41:21,7.7181,179.0016,0.9994
2025-11-07 16:41:21,7.7205,236.7977,0.9993
2025-11-07 16:41:21,7.7226,242.6916,0.9992
2025-11-07 16:41:21,7.7234,239.1972,0.9993
2025-11-07 16:41:21,7.7234,239.1972,0.9993
2025-11-07 16:41:21,7.7012,178.4399,0.9994
2025-11-07 16:41:21,7.7020,193.8916,0.9994
2025-11-07 16:41:21,7.7010,184.0966,0.9994
2025-11-07 16:41:22,7.7012,181.7357,0.9994
2025-11-07 16:41:22,7.7093,96.8728,0.9997
2025-11-07 16:41:22,7.7078,75.4315,0.9998
2025-11-07 16:41:22,7.7063,71.2895,0.9998
2025-11-07 16:41:22,7.7061,72.7272,0.9998
2025-11-07 16:41:22,7.7115,92.5445,0.9997
2025-11-07 16:41:22,7.7130,109.8450,0.9996
2025-11-07 16:41:22,7.7155,108.2747,0.9997
2025-11-07 16:41:22,7.7156,106.2045,0.9997
2025-11-07 16:41:23,7.7156,106.3979,0.9997
2025-11-07 16:41:23,7.7158,108.8330,0.9997
2025-11-07 16:41:23,7.7158,108.8877,0.9997
2025-11-07 16:41:23,7.7154,116.9981,0.9996
2025-11-07 16:41:23,7.7225,212.0097,0.9993
2025-11-07 16:41:23,7.7215,205.7802,0.9994
2025-11-07 16:41:23,7.7209,207.5706,0.9993
2025-11-07 16:41:23,7.7211,203.2174,0.9994
2025-11-07 16:41:23,7.7199,179.4606,0.9994
2025-11-07 16:41:23,7.7198,178.8990,0.9994
2025-11-07 16:41:23,7.7174,190.7752,0.9994
2025-11-07 16:41:24,7.7174,190.7752,0.9994
2025-11-07 16:41:24,7.7165,173.2793,0.9995
2025-11-07 16:41:24,7.7166,174.2065,0.9994
2025-11-07 16:41:24,7.7182,166.1213,0.9995
2025-11-07 16:41:24,7.7185,160.2798,0.9995
2025-11-07 16:41:24,7.7206,202.7783,0.9994
2025-11-07 16:41:24,7.7210,205.3357,0.9994
2025-11-07 16:41:24,7.7189,220.4996,0.9993
2025-11-07 16:41:24,7.7188,223.8766,0.9993
2025-11-07 16:41:24,7.7186,218.9887,0.9993
2025-11-07 16:41:24,7.7188,220.5802,0.9993
2025-11-07 16:41:24,7.7221,199.9282,0.9994
2025-11-07 16:41:24,7.7196,263.2067,0.9992
2025-11-07 16:41:25,7.7143,174.9531,0.9994
2025-11-07 16:41:25,7.7117,150.5332,0.9995
2025-11-07 16:41:25,7.7136,160.8618,0.9995
2025-11-07 16:41:25,7.7156,117.1636,0.9996
2025-11-07 16:41:25,7.7230,253.2702,0.9992
2025-11-07 16:41:25,7.7224,254.1188,0.9992
2025-11-07 16:41:25,7.7208,253.9478,0.9992
2025-11-07 16:41:25,7.7170,354.0841,0.9989
2025-11-07 16:41:25,7.7170,355.7202,0.9989
2025-11-07 16:41:25,7.7157,355.6207,0.9989
2025-11-07 16:41:25,7.7137,355.9138,0.9989
2025-11-07 16:41:25,7.7179,255.0189,0.9992
2025-11-07 16:41:25,7.7199,316.7074,0.9990
2025-11-07 16:41:26,7.7242,318.2652,0.9990
2025-11-07 16:41:26,7.7245,316.2306,0.9990
2025-11-07 16:41:26,7.7251,300.7701,0.9991
2025-11-07 16:41:26,7.7248,290.6291,0.9991
2025-11-07 16:41:26,7.7230,286.2178,0.9991
2025-11-07 16:41:26,7.7235,282.7897,0.9991
2025-11-07 16:41:26,7.7230,294.7359,0.9991
2025-11-07 16:41:26,7.7239,324.3859,0.9990
2025-11-07 16:41:26,7.7254,326.8505,0.9990
2025-11-07 16:41:26,7.7264,320.4723,0.9990
2025-11-07 16:41:26,7.7263,323.6196,0.9990
2025-11-07 16:41:27,7.7256,303.6943,0.9991
2025-11-07 16:41:27,7.7262,305.5443,0.9991
2025-11-07 16:41:27,7.7260,306.4716,0.9990
2025-11-07 16:41:27,7.7260,306.4716,0.9990
2025-11-07 16:41:27,7.7259,304.3286,0.9991
2025-11-07 16:41:27,7.7262,305.5730,0.9991
2025-11-07 16:41:27,7.7246,317.1764,0.9990
2025-11-07 16:41:27,7.7254,297.8666,0.9991
2025-11-07 16:41:27,7.7247,276.8379,0.9991
2025-11-07 16:41:27,7.7249,277.9531,0.9991
2025-11-07 16:41:27,7.7270,263.0070,0.9992
2025-11-07 16:41:27,7.7279,243.5220,0.9992
2025-11-07 16:41:28,7.7269,218.3302,0.9993
2025-11-07 16:41:28,7.7262,215.6884,0.9993
2025-11-07 16:41:28,7.7243,228.0136,0.9993
2025-11-07 16:41:28,7.7233,249.2364,0.9992
2025-11-07 16:41:28,7.7233,250.8427,0.9992
2025-11-07 16:41:28,7.7225,246.9148,0.9992
2025-11-07 16:41:28,7.7228,244.9047,0.9992
2025-11-07 16:41:28,7.7223,256.6012,0.9992
2025-11-07 16:41:28,7.7212,228.2577,0.9993
2025-11-07 16:41:28,7.7212,228.4919,0.9993
2025-11-07 16:41:28,7.7226,222.9972,0.9993
2025-11-07 16:41:29,7.7224,225.8438,0.9993
2025-11-07 16:41:29,7.7246,281.8725,0.9991
2025-11-07 16:41:29,7.7230,280.1049,0.9991
2025-11-07 16:41:29,7.7224,282.3950,0.9991
2025-11-07 16:41:29,7.7224,282.3950,0.9991
2025-11-07 16:41:29,7.7222,276.0626,0.9991
2025-11-07 16:41:29,7.7241,279.6947,0.9991
2025-11-07 16:41:29,7.7246,277.1012,0.9991
2025-11-07 16:41:29,7.7244,282.8989,0.9991
2025-11-07 16:41:29,7.7250,300.9715,0.9991
2025-11-07 16:41:29,7.7248,300.2857,0.9991
2025-11-07 16:41:30,7.7220,320.1333,0.9990
2025-11-07 16:41:30,7.7217,326.6324,0.9990
2025-11-07 16:41:30,7.7209,301.1324,0.9991
2025-11-07 16:41:30,7.7225,311.8910,0.9990
2025-11-07 16:41:30,7.7256,289.7844,0.9991
2025-11-07 16:41:30,7.7258,283.7581,0.9991
2025-11-07 16:41:30,7.7266,305.0076,0.9991
2025-11-07 16:41:30,7.7252,299.0833,0.9991
2025-11-07 16:41:30,7.7235,308.7536,0.9990
2025-11-07 16:41:31,7.7238,302.0232,0.9991
2025-11-07 16:41:31,7.7220,250.7845,0.9992
2025-11-07 16:41:31,7.7234,260.1391,0.9992
2025-11-07 16:41:31,7.7249,251.4132,0.9992
2025-11-07 16:41:31,7.7249,251.4132,0.9992
2025-11-07 16:41:31,7.7238,226.8364,0.9993
2025-11-07 16:41:31,7.7238,226.8364,0.9993
2025-11-07 16:41:31,7.7241,226.1084,0.9993
2025-11-07 16:41:31,7.7241,226.1084,0.9993
2025-11-07 16:41:31,7.7167,121.8256,0.9996
2025-11-07 16:41:31,7.7164,117.5461,0.9996
2025-11-07 16:41:32,7.7164,117.6417,0.9996
2025-11-07 16:41:32,7.7162,123.0891,0.9996
2025-11-07 16:41:32,7.7166,126.4315,0.9996
2025-11-07 16:41:32,7.7146,107.4910,0.9997
2025-11-07 16:41:32,7.7119,106.2986,0.9997
2025-11-07 16:41:32,7.7122,101.5636,0.9997
2025-11-07 16:41:32,7.7169,175.1142,0.9994
2025-11-07 16:41:32,7.7116,169.6248,0.9995
2025-11-07 16:41:32,7.7087,182.8124,0.9994
2025-11-07 16:41:32,7.7095,171.3869,0.9994
2025-11-07 16:41:32,7.7070,114.0145,0.9996
2025-11-07 16:41:32,7.7100,119.2939,0.9996
2025-11-07 16:41:33,7.7148,102.3976,0.9997
2025-11-07 16:41:33,7.7141,114.1261,0.9996
2025-11-07 16:41:33,7.7186,206.1493,0.9993
2025-11-07 16:41:33,7.7227,217.8760,0.9993
2025-11-07 16:41:33,7.7232,215.9675,0.9993
2025-11-07 16:41:33,7.7231,218.8605,0.9993
2025-11-07 16:41:33,7.7221,199.2018,0.9994
2025-11-07 16:41:33,7.7230,206.0373,0.9994
2025-11-07 16:41:33,7.7232,205.3307,0.9994
2025-11-07 16:41:33,7.7232,205.3307,0.9994
2025-11-07 16:41:33,7.7219,181.7920,0.9994
2025-11-07 16:41:34,7.7203,168.6109,0.9995
2025-11-07 16:41:34,7.7184,173.1530,0.9995
2025-11-07 16:41:34,7.7179,183.8734,0.9994
2025-11-07 16:41:34,7.7190,205.5397,0.9994
2025-11-07 16:41:34,7.7196,210.3735,0.9993
2025-11-07 16:41:34,7.7181,219.3987,0.9993
2025-11-07 16:41:34,7.7186,208.5833,0.9993
2025-11-07 16:41:34,7.7169,173.3339,0.9995
2025-11-07 16:41:34,7.7157,162.6483,0.9995
2025-11-07 16:41:34,7.7166,158.0780,0.9995
2025-11-07 16:41:34,7.7174,142.8491,0.9995
2025-11-07 16:41:35,7.7152,109.8914,0.9997
2025-11-07 16:41:35,7.7155,112.0596,0.9996
2025-11-07 16:41:35,7.7172,108.4921,0.9997
2025-11-07 16:41:35,7.7162,127.4305,0.9996
2025-11-07 16:41:35,7.7185,161.1638,0.9995
2025-11-07 16:41:35,7.7161,150.8858,0.9995
2025-11-07 16:41:35,7.7157,150.9370,0.9995
2025-11-07 16:41:35,7.7104,278.7660,0.9991
2025-11-07 16:41:35,7.7105,281.3614,0.9991
2025-11-07 16:41:35,7.7110,283.9156,0.9991
2025-11-07 16:41:35,7.7095,282.5089,0.9991
2025-11-07 16:41:36,7.7146,161.5966,0.9995
2025-11-07 16:41:36,7.7122,119.1158,0.9996
2025-11-07 16:41:36,7.7131,125.0868,0.9996
2025-11-07 16:41:36,7.7151,123.7833,0.9996
2025-11-07 16:41:36,7.7168,93.1497,0.9997
2025-11-07 16:41:36,7.7180,110.4961,0.9997
2025-11-07 16:41:36,7.7101,135.1285,0.9996
2025-11-07 16:41:36,7.7085,130.5280,0.9996
2025-11-07 16:41:36,7.7070,149.7623,0.9995
2025-11-07 16:41:36,7.7071,151.9607,0.9995
2025-11-07 16:41:36,7.7152,143.6131,0.9995
2025-11-07 16:41:36,7.7172,141.2294,0.9996
2025-11-07 16:41:37,7.7177,132.6405,0.9996
2025-11-07 16:41:37,7.7207,188.0589,0.9994
2025-11-07 16:41:37,7.7202,186.8520,0.9994
2025-11-07 16:41:37,7.7208,186.4434,0.9994
2025-11-07 16:41:37,7.7207,188.8774,0.9994
2025-11-07 16:41:37,7.7190,155.4946,0.9995
2025-11-07 16:41:37,7.7204,161.8574,0.9995
2025-11-07 16:41:37,7.7186,164.8694,0.9995
2025-11-07 16:41:37,7.7182,173.2099,0.9995
2025-11-07 16:41:37,7.7176,162.7989,0.9995
2025-11-07 16:41:37,7.7177,163.8273,0.9995
2025-11-07 16:41:37,7.7174,164.8487,0.9995
2025-11-07 16:41:38,7.7177,159.1813,0.9995
2025-11-07 16:41:38,7.7200,205.6070,0.9994
2025-11-07 16:41:38,7.7195,202.3479,0.9994
2025-11-07 16:41:38,7.7208,197.7203,0.9994
2025-11-07 16:41:38,7.7208,197.7203,0.9994
2025-11-07 16:41:38,7.7202,186.1501,0.9994
2025-11-07 16:41:38,7.7206,187.8858,0.9994
2025-11-07 16:41:38,7.7210,187.1485,0.9994
2025-11-07 16:41:38,7.7210,187.1485,0.9994
2025-11-07 16:41:38,7.7246,275.9376,0.9991
2025-11-07 16:41:38,7.7250,277.1630,0.9991
2025-11-07 16:41:39,7.7226,292.7783,0.9991
2025-11-07 16:41:39,7.7228,287.3298,0.9991
2025-11-07 16:41:39,7.7227,284.5495,0.9991
2025-11-07 16:41:39,7.7216,280.2049,0.9991
2025-11-07 16:41:39,7.7221,276.7873,0.9991
2025-11-07 16:41:39,7.7220,279.3182,0.9991
2025-11-07 16:41:39,7.7230,312.1304,0.9990
2025-11-07 16:41:39,7.7248,318.5155,0.9990
2025-11-07 16:41:39,7.7254,313.1922,0.9990
2025-11-07 16:41:39,7.7253,316.2638,0.9990
2025-11-07 16:41:39,7.7257,330.4363,0.9990
2025-11-07 16:41:40,7.7252,327.9944,0.9990
2025-11-07 16:41:40,7.7244,334.2055,0.9990
2025-11-07 16:41:40,7.7244,334.2055,0.9990
2025-11-07 16:41:40,7.7248,345.6230,0.9989
2025-11-07 16:41:40,7.7253,348.0227,0.9989
2025-11-07 16:41:40,7.7261,341.3092,0.9989
2025-11-07 16:41:40,7.7261,341.3092,0.9989
2025-11-07 16:41:40,7.7242,284.4577,0.9991
2025-11-07 16:41:40,7.7240,283.5887,0.9991
2025-11-07 16:41:40,7.7250,277.8394,0.9991
2025-11-07 16:41:40,7.7247,284.7686,0.9991
2025-11-07 16:41:41,7.7255,307.0419,0.9990
2025-11-07 16:41:41,7.7255,307.0419,0.9990
2025-11-07 16:41:41,7.7212,346.9537,0.9989
2025-11-07 16:41:41,7.7215,340.5966,0.9989
2025-11-07 16:41:41,7.7209,322.2618,0.9990
2025-11-07 16:41:41,7.7198,315.4020,0.9990
2025-11-07 16:41:41,7.7249,276.2881,0.9991
2025-11-07 16:41:41,7.7249,276.2881,0.9991
2025-11-07 16:41:41,7.7250,278.1693,0.9991
2025-11-07 16:41:41,7.7227,278.7079,0.9991
2025-11-07 16:41:41,7.7224,279.3788,0.9991
2025-11-07 16:41:42,7.7224,279.3788,0.9991
2025-11-07 16:41:42,7.7211,242.9793,0.9992
2025-11-07 16:41:42,7.7216,242.5574,0.9992
2025-11-07 16:41:42,7.7209,244.1679,0.9992
2025-11-07 16:41:42,7.7209,244.1679,0.9992
2025-11-07 16:41:42,7.7226,292.9917,0.9991
2025-11-07 16:41:42,7.7224,293.2206,0.9991
2025-11-07 16:41:42,7.7190,317.4672,0.9990
2025-11-07 16:41:42,7.7190,317.4672,0.9990
2025-11-07 16:41:42,7.7062,64.2662,0.9998
2025-11-07 16:41:43,7.7080,83.0127,0.9997
2025-11-07 16:41:43,7.7120,85.0531,0.9997
2025-11-07 16:41:43,7.7122,81.1672,0.9997
2025-11-07 16:41:43,7.7184,138.3062,0.9996
2025-11-07 16:41:43,7.7189,141.5392,0.9996
2025-11-07 16:41:43,7.7171,145.0504,0.9995
2025-11-07 16:41:43,7.7169,147.2249,0.9995
2025-11-07 16:41:43,7.7167,143.6882,0.9995
2025-11-07 16:41:43,7.7179,154.2472,0.9995
2025-11-07 16:41:43,7.7188,151.0500,0.9995
2025-11-07 16:41:43,7.7190,148.7456,0.9995
2025-11-07 16:41:44,7.7199,163.4378,0.9995
2025-11-07 16:41:44,7.7209,173.7896,0.9995
2025-11-07 16:41:44,7.7200,177.8776,0.9994
2025-11-07 16:41:44,7.7191,197.2827,0.9994
2025-11-07 16:41:44,7.7182,181.6328,0.9994
2025-11-07 16:41:44,7.7182,181.6328,0.9994
2025-11-07 16:41:44,7.7197,177.4160,0.9994
2025-11-07 16:41:44,7.7204,162.8180,0.9995
2025-11-07 16:41:44,7.7240,225.2452,0.9993
2025-11-07 16:41:44,7.7213,207.7416,0.9993
2025-11-07 16:41:44,7.7213,207.5688,0.9993
2025-11-07 16:41:45,7.7216,202.3178,0.9994
2025-11-07 16:41:45,7.7210,189.7111,0.9994
2025-11-07 16:41:45,7.7215,191.6603,0.9994
2025-11-07 16:41:45,7.7199,197.2981,0.9994
2025-11-07 16:41:45,7.7198,199.6711,0.9994
2025-11-07 16:41:45,7.7196,195.3392,0.9994
2025-11-07 16:41:45,7.7193,193.9124,0.9994
2025-11-07 16:41:45,7.7208,188.9892,0.9994
2025-11-07 16:41:45,7.7207,191.7008,0.9994
2025-11-07 16:41:46,7.7202,181.8973,0.9994
2025-11-07 16:41:46,7.7216,190.7447,0.9994
2025-11-07 16:41:46,7.7196,199.4308,0.9994
2025-11-07 16:41:46,7.7196,199.4308,0.9994
2025-11-07 16:41:46,7.7154,132.3430,0.9996
2025-11-07 16:41:46,7.7151,128.3449,0.9996
2025-11-07 16:41:46,7.7157,126.6829,0.9996
2025-11-07 16:41:47,7.7152,136.5528,0.9996
2025-11-07 16:41:47,7.7166,155.6490,0.9995
2025-11-07 16:41:47,7.7161,150.7678,0.9995
2025-11-07 16:41:47,7.7176,149.2133,0.9995
2025-11-07 16:41:47,7.7181,138.6072,0.9996
2025-11-07 16:41:47,7.7218,205.2101,0.9994
2025-11-07 16:41:47,7.7223,207.7379,0.9993
2025-11-07 16:41:47,7.7207,214.2494,0.9993
2025-11-07 16:41:47,7.7204,220.4373,0.9993
2025-11-07 16:41:47,7.7195,200.4707,0.9994
2025-11-07 16:41:47,7.7194,199.9269,0.9994
2025-11-07 16:41:48,7.7183,206.1598,0.9993
2025-11-07 16:41:48,7.7181,211.1262,0.9993
2025-11-07 16:41:48,7.7180,207.5028,0.9993
2025-11-07 16:41:48,7.7174,202.7430,0.9994
2025-11-07 16:41:48,7.7197,193.4106,0.9994
2025-11-07 16:41:48,7.7195,197.8675,0.9994
2025-11-07 16:41:48,7.7169,151.7463,0.9995
2025-11-07 16:41:48,7.7120,135.8998,0.9996
2025-11-07 16:41:48,7.7119,135.7496,0.9996
2025-11-07 16:41:48,7.7123,128.0856,0.9996
2025-11-07 16:41:49,7.7192,299.2260,0.9991
2025-11-07 16:41:49,7.7223,289.3494,0.9991
2025-11-07 16:41:49,7.7206,298.8947,0.9991
2025-11-07 16:41:49,7.7210,288.2594,0.9991
2025-11-07 16:41:49,7.7220,318.4939,0.9990
2025-11-07 16:41:49,7.7207,319.9822,0.9990
2025-11-07 16:41:49,7.7209,319.0067,0.9990
2025-11-07 16:41:49,7.7206,325.0657,0.9990
2025-11-07 16:41:49,7.7206,323.8815,0.9990
2025-11-07 16:41:49,7.7232,324.4084,0.9990
2025-11-07 16:41:49,7.7229,326.7466,0.9990
2025-11-07 16:41:49,7.7238,306.4742,0.9990
2025-11-07 16:41:50,7.7234,296.0363,0.9991
2025-11-07 16:41:50,7.7214,294.8736,0.9991
2025-11-07 16:41:50,7.7197,310.5286,0.9990
2025-11-07 16:41:50,7.7190,324.4372,0.9990
2025-11-07 16:41:50,7.7200,358.3396,0.9989
2025-11-07 16:41:50,7.7238,370.2443,0.9988
2025-11-07 16:41:50,7.7287,325.8795,0.9990
2025-11-07 16:41:50,7.7288,322.8829,0.9990
2025-11-07 16:41:50,7.7279,294.5098,0.9991
2025-11-07 16:41:50,7.7264,290.3053,0.9991
2025-11-07 16:41:50,7.7249,297.1166,0.9991
2025-11-07 16:41:50,7.7246,302.8605,0.9991
2025-11-07 16:41:51,7.7241,286.9985,0.9991
2025-11-07 16:41:51,7.7257,294.3333,0.9991
2025-11-07 16:41:51,7.7263,291.0078,0.9991
2025-11-07 16:41:51,7.7258,303.7447,0.9991
2025-11-07 16:41:51,7.7268,333.9269,0.9990
2025-11-07 16:41:51,7.7253,327.9667,0.9990
2025-11-07 16:41:51,7.7248,330.3002,0.9990
2025-11-07 16:41:51,7.7252,321.8983,0.9990
2025-11-07 16:41:51,7.7261,351.2036,0.9989
2025-11-07 16:41:51,7.7268,353.0075,0.9989
2025-11-07 16:41:51,7.7253,365.6720,0.9989
2025-11-07 16:41:52,7.7256,355.7299,0.9989
2025-11-07 16:41:52,7.7261,369.8495,0.9989
2025-11-07 16:41:52,7.7256,368.3062,0.9989
2025-11-07 16:41:52,7.7276,352.2001,0.9989
2025-11-07 16:41:52,7.7270,366.9161,0.9989
2025-11-07 16:41:52,7.7270,364.8888,0.9989
2025-11-07 16:41:52,7.7259,364.0600,0.9989
2025-11-07 16:41:52,7.7264,361.5588,0.9989
2025-11-07 16:41:52,7.7265,360.3513,0.9989
2025-11-07 16:41:52,7.7266,365.8701,0.9989
2025-11-07 16:41:52,7.7270,365.7149,0.9989
2025-11-07 16:41:52,7.7272,365.0207,0.9989
2025-11-07 16:41:53,7.7275,357.6522,0.9989
2025-11-07 16:41:53,7.7259,306.7710,0.9990
2025-11-07 16:41:53,7.7273,309.9199,0.9990
2025-11-07 16:41:53,7.7268,312.2189,0.9990
2025-11-07 16:41:53,7.7271,306.1577,0.9991
2025-11-07 16:41:53,7.7274,315.0217,0.9990
2025-11-07 16:41:53,7.7274,315.2182,0.9990
2025-11-07 16:41:53,7.7255,329.4154,0.9990
2025-11-07 16:41:53,7.7254,332.1834,0.9990
2025-11-07 16:41:53,7.7195,183.2527,0.9994
2025-11-07 16:41:54,7.7187,176.6877,0.9994
2025-11-07 16:41:54,7.7206,171.0881,0.9995
2025-11-07 16:41:54,7.7205,173.7841,0.9995
2025-11-07 16:41:54,7.7238,246.1085,0.9992
2025-11-07 16:41:54,7.7246,249.9436,0.9992
2025-11-07 16:41:54,7.7246,250.0924,0.9992
2025-11-07 16:41:54,7.7246,250.0924,0.9992
2025-11-07 16:41:54,7.7234,221.2721,0.9993
2025-11-07 16:41:54,7.7234,221.2721,0.9993
2025-11-07 16:41:55,7.7231,222.2218,0.9993
2025-11-07 16:41:55,7.7219,250.1332,0.9992
2025-11-07 16:41:55,7.7200,209.5815,0.9993
2025-11-07 16:41:55,7.7168,192.3296,0.9994
2025-11-07 16:41:55,7.7152,193.9843,0.9994
2025-11-07 16:41:55,7.7164,170.7538,0.9995
2025-11-07 16:41:55,7.7172,190.2662,0.9994
2025-11-07 16:41:55,7.7159,189.1006,0.9994
2025-11-07 16:41:55,7.7158,189.4782,0.9994
2025-11-07 16:41:55,7.7155,194.8364,0.9994
2025-11-07 16:41:55,7.7159,205.2594,0.9993
2025-11-07 16:41:56,7.7156,205.5075,0.9993
2025-11-07 16:41:56,7.7174,203.0190,0.9994
2025-11-07 16:41:56,7.7167,218.8266,0.9993
2025-11-07 16:41:56,7.7144,166.4466,0.9995
2025-11-07 16:41:56,7.7135,167.3994,0.9995
2025-11-07 16:41:56,7.7136,167.9245,0.9995
2025-11-07 16:41:56,7.7146,148.3608,0.9995
2025-11-07 16:41:56,7.7124,108.7567,0.9997
2025-11-07 16:41:56,7.7158,115.9733,0.9996
2025-11-07 16:41:56,7.7109,128.9512,0.9996
2025-11-07 16:41:56,7.7109,128.9512,0.9996
2025-11-07 16:41:57,7.7117,142.4087,0.9995
2025-11-07 16:41:57,7.7134,158.8343,0.9995
2025-11-07 16:41:57,7.7146,149.6653,0.9995
2025-11-07 16:41:57,7.7146,149.6653,0.9995
2025-11-07 16:41:57,7.7173,199.1174,0.9994
2025-11-07 16:41:57,7.7182,208.3221,0.9993
2025-11-07 16:41:57,7.7191,201.4002,0.9994
2025-11-07 16:41:57,7.7191,201.4002,0.9994
2025-11-07 16:41:57,7.7197,213.1630,0.9993
2025-11-07 16:41:57,7.7186,203.8065,0.9994
2025-11-07 16:41:57,7.7191,200.4133,0.9994
2025-11-07 16:41:58,7.7199,183.9069,0.9994
2025-11-07 16:41:58,7.7239,286.7700,0.9991
2025-11-07 16:41:58,7.7236,285.4997,0.9991
2025-11-07 16:41:58,7.7243,279.4026,0.9991
2025-11-07 16:41:58,7.7231,307.7200,0.9990
2025-11-07 16:41:58,7.7230,304.2904,0.9990
2025-11-07 16:41:58,7.7246,312.8459,0.9990
2025-11-07 16:41:58,7.7261,303.3660,0.9991
2025-11-07 16:41:58,7.7265,293.0998,0.9991
2025-11-07 16:41:58,7.7265,293.5124,0.9991
2025-11-07 16:41:58,7.7265,293.5124,0.9991
2025-11-07 16:41:58,7.7252,302.0528,0.9991
2025-11-07 16:41:58,7.7255,294.9475,0.9991
2025-11-07 16:41:59,7.7238,250.7444,0.9992
2025-11-07 16:41:59,7.7233,246.8915,0.9992
2025-11-07 16:41:59,7.7243,241.3937,0.9992
2025-11-07 16:41:59,7.7240,248.2707,0.9992
2025-11-07 16:41:59,7.7240,248.4398,0.9992
2025-11-07 16:41:59,7.7226,242.1482,0.9992
2025-11-07 16:41:59,7.7181,277.1265,0.9991
2025-11-07 16:41:59,7.7182,275.0552,0.9991
2025-11-07 16:41:59,7.7149,191.6573,0.9994
2025-11-07 16:41:59,7.7163,204.7979,0.9994
2025-11-07 16:41:59,7.7190,182.5335,0.9994
2025-11-07 16:42:00,7.7182,199.8219,0.9994
2025-11-07 16:42:00,7.7233,325.4185,0.9990
2025-11-07 16:42:00,7.7234,326.1048,0.9990
2025-11-07 16:42:00,7.7247,316.1026,0.9990
2025-11-07 16:42:00,7.7237,344.9241,0.9989
2025-11-07 16:42:00,7.7228,319.4138,0.9990
2025-11-07 16:42:00,7.7225,317.3965,0.9990
2025-11-07 16:42:00,7.7208,327.6895,0.9990
2025-11-07 16:42:00,7.7239,255.2112,0.9992
2025-11-07 16:42:00,7.7245,272.6515,0.9991
2025-11-07 16:42:00,7.7254,278.2171,0.9991
2025-11-07 16:42:01,7.7260,271.9585,0.9992
2025-11-07 16:42:01,7.7240,322.4367,0.9990
2025-11-07 16:42:01,7.7239,321.6575,0.9990
2025-11-07 16:42:01,7.7232,316.4614,0.9990
2025-11-07 16:42:01,7.7235,314.2294,0.9990
2025-11-07 16:42:01,7.7243,294.3979,0.9991
2025-11-07 16:42:01,7.7237,276.4129,0.9991
2025-11-07 16:42:01,7.7230,272.7655,0.9991
2025-11-07 16:42:01,7.7226,275.3367,0.9991
2025-11-07 16:42:02,7.7226,275.3367,0.9991
2025-11-07 16:42:02,7.7205,220.9473,0.9993
2025-11-07 16:42:02,7.7214,227.4303,0.9993
2025-11-07 16:42:02,7.7198,240.2027,0.9992
2025-11-07 16:42:02,7.7214,208.3589,0.9993
2025-11-07 16:42:02,7.7237,268.1025,0.9992
2025-11-07 16:42:02,7.7237,267.8677,0.9992
2025-11-07 16:42:02,7.7255,249.5052,0.9992
2025-11-07 16:42:02,7.7233,299.8048,0.9991
2025-11-07 16:42:02,7.7233,298.3405,0.9991
2025-11-07 16:42:02,7.7234,299.1035,0.9991
2025-11-07 16:42:02,7.7247,291.1329,0.9991
2025-11-07 16:42:03,7.7252,276.1836,0.9991
2025-11-07 16:42:03,7.7252,275.2944,0.9991
2025-11-07 16:42:03,7.7241,269.7985,0.9992
2025-11-07 16:42:03,7.7225,278.8739,0.9991
2025-11-07 16:42:03,7.7220,290.9253,0.9991
2025-11-07 16:42:03,7.7231,322.6255,0.9990
2025-11-07 16:42:03,7.7225,320.4631,0.9990
2025-11-07 16:42:03,7.7223,322.0567,0.9990
2025-11-07 16:42:03,7.7228,309.9130,0.9990
2025-11-07 16:42:03,7.7224,298.6991,0.9991
2025-11-07 16:42:03,7.7236,303.8733,0.9991
2025-11-07 16:42:03,7.7192,360.0416,0.9989
2025-11-07 16:42:03,7.7192,360.0416,0.9989
2025-11-07 16:42:04,7.7181,325.6278,0.9990
2025-11-07 16:42:04,7.7179,324.0099,0.9990
2025-11-07 16:42:04,7.7218,276.0800,0.9991
2025-11-07 16:42:04,7.7230,249.9516,0.9992
2025-11-07 16:42:04,7.7228,245.2392,0.9992
2025-11-07 16:42:04,7.7233,248.2730,0.9992
2025-11-07 16:42:04,7.7238,244.1604,0.9992
2025-11-07 16:42:04,7.7238,244.4479,0.9992
2025-11-07 16:42:04,7.7242,255.5207,0.9992
2025-11-07 16:42:04,7.7237,252.8782,0.9992
2025-11-07 16:42:04,7.7236,253.3424,0.9992
2025-11-07 16:42:04,7.7226,276.8079,0.9991
2025-11-07 16:42:05,7.7223,268.0380,0.9992
2025-11-07 16:42:05,7.7227,270.6332,0.9992
2025-11-07 16:42:05,7.7232,266.3564,0.9992
2025-11-07 16:42:05,7.7239,250.7327,0.9992
2025-11-07 16:42:05,7.7248,275.8905,0.9991
2025-11-07 16:42:05,7.7239,271.9049,0.9992
2025-11-07 16:42:05,7.7238,273.1761,0.9991
2025-11-07 16:42:05,7.7230,291.6602,0.9991
2025-11-07 16:42:05,7.7221,265.7786,0.9992
2025-11-07 16:42:05,7.7230,270.8257,0.9992
2025-11-07 16:42:05,7.7247,260.5429,0.9992
2025-11-07 16:42:05,7.7248,258.0725,0.9992
2025-11-07 16:42:05,7.7246,253.4134,0.9992
2025-11-07 16:42:06,7.7246,253.4134,0.9992
2025-11-07 16:42:06,7.7246,253.2285,0.9992
2025-11-07 16:42:06,7.7241,267.1090,0.9992
2025-11-07 16:42:06,7.7232,246.2609,0.9992
2025-11-07 16:42:06,7.7217,238.8495,0.9993
2025-11-07 16:42:06,7.7193,250.4886,0.9992
2025-11-07 16:42:06,7.7194,247.5777,0.9992
2025-11-07 16:42:06,7.7198,256.3262,0.9992
2025-11-07 16:42:06,7.7217,268.9853,0.9992
2025-11-07 16:42:06,7.7253,250.2700,0.9992
2025-11-07 16:42:06,7.7253,248.9504,0.9992
2025-11-07 16:42:06,7.7251,243.7060,0.9992
2025-11-07 16:42:07,7.7230,234.7038,0.9993
2025-11-07 16:42:07,7.7212,238.5441,0.9993
2025-11-07 16:42:07,7.7214,232.2256,0.9993
2025-11-07 16:42:07,7.7225,260.5079,0.9992
2025-11-07 16:42:07,7.7235,264.0974,0.9992
2025-11-07 16:42:07,7.7222,272.8549,0.9991
2025-11-07 16:42:07,7.7222,272.8549,0.9991
2025-11-07 16:42:07,7.7220,267.6902,0.9992
2025-11-07 16:42:07,7.7205,261.6392,0.9992
2025-11-07 16:42:07,7.7199,266.2037,0.9992
2025-11-07 16:42:07,7.7201,261.1499,0.9992
2025-11-07 16:42:07,7.7171,184.7479,0.9994
2025-11-07 16:42:07,7.7174,185.9884,0.9994
2025-11-07 16:42:08,7.7190,178.4073,0.9994
2025-11-07 16:42:08,7.7188,180.7145,0.9994
2025-11-07 16:42:08,7.7168,141.9988,0.9995
2025-11-07 16:42:08,7.7190,159.2879,0.9995
2025-11-07 16:42:08,7.7203,156.6203,0.9995
2025-11-07 16:42:08,7.7202,159.2885,0.9995
2025-11-07 16:42:08,7.7202,159.1259,0.9995
2025-11-07 16:42:08,7.7199,156.4955,0.9995
2025-11-07 16:42:08,7.7178,161.7204,0.9995
2025-11-07 16:42:08,7.7178,161.7204,0.9995
2025-11-07 16:42:09,7.7186,174.8972,0.9994
2025-11-07 16:42:09,7.7176,166.1947,0.9995
2025-11-07 16:42:09,7.7199,161.2241,0.9995
2025-11-07 16:42:09,7.7199,161.2241,0.9995
2025-11-07 16:42:09,7.7198,158.4240,0.9995
2025-11-07 16:42:09,7.7206,164.6264,0.9995
2025-11-07 16:42:09,7.7183,170.8241,0.9995
2025-11-07 16:42:09,7.7185,166.0221,0.9995
2025-11-07 16:42:09,7.7167,138.4580,0.9996
2025-11-07 16:42:09,7.7153,125.3514,0.9996
2025-11-07 16:42:09,7.7152,125.4839,0.9996
2025-11-07 16:42:10,7.7156,118.1746,0.9996
2025-11-07 16:42:10,7.7163,128.5392,0.9996
2025-11-07 16:42:10,7.7170,133.9486,0.9996
2025-11-07 16:42:10,7.7186,129.8031,0.9996
2025-11-07 16:42:10,7.7180,140.0965,0.9996
2025-11-07 16:42:10,7.7195,163.3273,0.9995
2025-11-07 16:42:10,7.7190,160.3755,0.9995
2025-11-07 16:42:10,7.7173,165.6294,0.9995
2025-11-07 16:42:10,7.7172,168.0765,0.9995
2025-11-07 16:42:10,7.7187,198.5701,0.9994
2025-11-07 16:42:11,7.7198,206.8632,0.9993
2025-11-07 16:42:11,7.7201,205.1831,0.9994
2025-11-07 16:42:11,7.7201,205.1831,0.9994
2025-11-07 16:42:11,7.7191,184.1412,0.9994
2025-11-07 16:42:11,7.7158,166.2148,0.9995
2025-11-07 16:42:11,7.7170,163.9307,0.9995
2025-11-07 16:42:11,7.7172,159.3148,0.9995
2025-11-07 16:42:11,7.7185,188.6726,0.9994
2025-11-07 16:42:11,7.7199,191.3778,0.9994
2025-11-07 16:42:11,7.7189,195.0421,0.9994
2025-11-07 16:42:11,7.7187,199.9149,0.9994
2025-11-07 16:42:11,7.7174,171.8332,0.9995
2025-11-07 16:42:11,7.7171,170.3438,0.9995
2025-11-07 16:42:12,7.7196,167.5217,0.9995
2025-11-07 16:42:12,7.7184,193.7350,0.9994
2025-11-07 16:42:12,7.7172,171.1795,0.9995
2025-11-07 16:42:12,7.7154,166.7222,0.9995
2025-11-07 16:42:12,7.7144,163.7972,0.9995
2025-11-07 16:42:12,7.7144,163.1213,0.9995
2025-11-07 16:42:12,7.7149,171.3086,0.9995
2025-11-07 16:42:12,7.7132,172.2658,0.9995
2025-11-07 16:42:12,7.7118,170.2107,0.9995
2025-11-07 16:42:12,7.7149,118.0415,0.9996
2025-11-07 16:42:12,7.7183,196.3025,0.9994
2025-11-07 16:42:12,7.7227,190.9968,0.9994
2025-11-07 16:42:13,7.7225,192.3949,0.9994
2025-11-07 16:42:13,7.7216,210.4628,0.9993
2025-11-07 16:42:13,7.7226,237.1219,0.9993
2025-11-07 16:42:13,7.7252,252.1386,0.9992
2025-11-07 16:42:13,7.7254,250.9945,0.9992
2025-11-07 16:42:13,7.7241,280.8530,0.9991
2025-11-07 16:42:13,7.7235,264.4933,0.9992
2025-11-07 16:42:13,7.7235,264.4933,0.9992
2025-11-07 16:42:13,7.7237,262.9355,0.9992
2025-11-07 16:42:13,7.7239,258.2405,0.9992
2025-11-07 16:42:13,7.7244,271.3842,0.9992
2025-11-07 16:42:14,7.7232,261.9845,0.9992
2025-11-07 16:42:14,7.7239,257.5047,0.9992
2025-11-07 16:42:14,7.7242,251.8732,0.9992
2025-11-07 16:42:14,7.7222,205.4070,0.9994
2025-11-07 16:42:14,7.7216,201.4989,0.9994
2025-11-07 16:42:14,7.7182,224.4920,0.9993
2025-11-07 16:42:14,7.7186,216.4043,0.9993
2025-11-07 16:42:14,7.7189,224.7027,0.9993
2025-11-07 16:42:14,7.7166,212.5473,0.9993
2025-11-07 16:42:14,7.7188,197.6304,0.9994
2025-11-07 16:42:14,7.7174,226.3437,0.9993
2025-11-07 16:42:14,7.7214,346.5611,0.9989
2025-11-07 16:42:15,7.7243,353.7192,0.9989
2025-11-07 16:42:15,7.7254,344.9883,0.9989
2025-11-07 16:42:15,7.7262,325.4610,0.9990
2025-11-07 16:42:15,7.7243,271.9053,0.9992
2025-11-07 16:42:15,7.7235,268.1011,0.9992
2025-11-07 16:42:15,7.7221,277.0396,0.9991
2025-11-07 16:42:15,7.7223,271.6679,0.9991
2025-11-07 16:42:15,7.7229,287.6353,0.9991
2025-11-07 16:42:15,7.7239,292.6269,0.9991
2025-11-07 16:42:15,7.7241,290.7138,0.9991
2025-11-07 16:42:16,7.7238,296.3429,0.9991
2025-11-07 16:42:16,7.7240,301.0628,0.9991
2025-11-07 16:42:16,7.7240,301.0628,0.9991
2025-11-07 16:42:16,7.7260,288.1347,0.9991
2025-11-07 16:42:16,7.7261,285.0149,0.9991
2025-11-07 16:42:16,7.7269,307.3177,0.9990
2025-11-07 16:42:16,7.7277,311.4592,0.9990
2025-11-07 16:42:16,7.7268,317.6620,0.9990
2025-11-07 16:42:17,7.7260,337.6093,0.9990
2025-11-07 16:42:17,7.7253,315.4757,0.9990
2025-11-07 16:42:17,7.7236,306.1193,0.9990
2025-11-07 16:42:17,7.7243,302.6820,0.9991
2025-11-07 16:42:17,7.7243,304.4400,0.9991
2025-11-07 16:42:17,7.7207,213.5198,0.9993
2025-11-07 16:42:17,7.7206,212.8439,0.9993
2025-11-07 16:42:17,7.7209,212.3294,0.9993
2025-11-07 16:42:17,7.7213,202.3176,0.9994
2025-11-07 16:42:17,7.7223,223.2923,0.9993
2025-11-07 16:42:17,7.7226,224.9543,0.9993
2025-11-07 16:42:17,7.7203,234.9305,0.9993
2025-11-07 16:42:18,7.7208,223.6027,0.9993
2025-11-07 16:42:18,7.7236,298.2755,0.9991
2025-11-07 16:42:18,7.7233,296.9053,0.9991
2025-11-07 16:42:18,7.7211,319.0292,0.9990
2025-11-07 16:42:18,7.7209,324.2447,0.9990
2025-11-07 16:42:18,7.7212,333.9265,0.9990
2025-11-07 16:42:18,7.7207,331.3447,0.9990
2025-11-07 16:42:18,7.7230,308.3886,0.9990
2025-11-07 16:42:18,7.7230,308.3886,0.9990
2025-11-07 16:42:18,7.7219,276.5961,0.9991
2025-11-07 16:42:19,7.7228,280.3286,0.9991
2025-11-07 16:42:19,7.7228,280.2195,0.9991
2025-11-07 16:42:19,7.7226,284.7932,0.9991
2025-11-07 16:42:19,7.7225,280.1792,0.9991
2025-11-07 16:42:19,7.7237,288.5822,0.9991
2025-11-07 16:42:19,7.7257,276.0490,0.9991
2025-11-07 16:42:19,7.7259,271.1147,0.9992
2025-11-07 16:42:19,7.7249,247.0166,0.9992
2025-11-07 16:42:19,7.7242,242.5915,0.9992
2025-11-07 16:42:19,7.7238,244.4226,0.9992
2025-11-07 16:42:20,7.7238,244.4226,0.9992
2025-11-07 16:42:20,7.7237,243.5706,0.9992
2025-11-07 16:42:20,7.7228,238.5280,0.9993
2025-11-07 16:42:20,7.7209,249.0154,0.9992
2025-11-07 16:42:20,7.7209,249.0154,0.9992
2025-11-07 16:42:20,7.7197,220.2966,0.9993
2025-11-07 16:42:20,7.7201,222.8790,0.9993
2025-11-07 16:42:20,7.7201,223.0728,0.9993
2025-11-07 16:42:20,7.7203,217.9966,0.9993
2025-11-07 16:42:20,7.7225,274.8912,0.9991
2025-11-07 16:42:20,7.7222,273.1148,0.9991
2025-11-07 16:42:20,7.7230,267.1030,0.9992
2025-11-07 16:42:21,7.7218,296.3322,0.9991
2025-11-07 16:42:21,7.7221,306.7017,0.9990
2025-11-07 16:42:21,7.7231,311.9242,0.9990
2025-11-07 16:42:21,7.7248,302.9469,0.9991
2025-11-07 16:42:21,7.7258,277.3816,0.9991
2025-11-07 16:42:21,7.7244,242.0675,0.9992
2025-11-07 16:42:21,7.7236,238.0979,0.9993
2025-11-07 16:42:21,7.7217,246.7875,0.9992
2025-11-07 16:42:21,7.7217,246.7875,0.9992
2025-11-07 16:42:21,7.7215,241.1480,0.9992
2025-11-07 16:42:22,7.7215,241.1480,0.9992
2025-11-07 16:42:22,7.7214,241.3186,0.9992
2025-11-07 16:42:22,7.7214,241.3186,0.9992
2025-11-07 16:42:22,7.7220,257.1365,0.9992
2025-11-07 16:42:22,7.7203,251.1714,0.9992
2025-11-07 16:42:22,7.7198,254.2145,0.9992
2025-11-07 16:42:22,7.7189,272.9947,0.9991
2025-11-07 16:42:22,7.7195,290.0062,0.9991
2025-11-07 16:42:22,7.7216,298.9716,0.9991
2025-11-07 16:42:22,7.7236,287.2593,0.9991
2025-11-07 16:42:22,7.7239,281.5854,0.9991
2025-11-07 16:42:23,7.7215,224.2316,0.9993
2025-11-07 16:42:23,7.7215,224.0632,0.9993
2025-11-07 16:42:23,7.7198,231.1798,0.9993
2025-11-07 16:42:23,7.7202,221.4894,0.9993
2025-11-07 16:42:23,7.7245,338.6625,0.9989
2025-11-07 16:42:23,7.7243,338.1318,0.9989
2025-11-07 16:42:23,7.7247,334.7447,0.9990
2025-11-07 16:42:23,7.7249,329.9127,0.9990
2025-11-07 16:42:23,7.7232,277.4957,0.9991
2025-11-07 16:42:23,7.7232,277.5115,0.9991
2025-11-07 16:42:23,7.7227,280.9775,0.9991
2025-11-07 16:42:24,7.7224,288.7570,0.9991
2025-11-07 16:42:24,7.7228,299.6279,0.9991
2025-11-07 16:42:24,7.7229,300.1656,0.9991
2025-11-07 16:42:24,7.7244,290.1747,0.9991
2025-11-07 16:42:24,7.7247,281.9912,0.9991
2025-11-07 16:42:24,7.7252,295.9503,0.9991
2025-11-07 16:42:24,7.7244,293.4831,0.9991
2025-11-07 16:42:24,7.7249,291.0811,0.9991
2025-11-07 16:42:24,7.7249,291.0811,0.9991
2025-11-07 16:42:24,7.7199,169.5995,0.9995
2025-11-07 16:42:24,7.7199,169.7402,0.9995
2025-11-07 16:42:25,7.7194,170.3062,0.9995
2025-11-07 16:42:25,7.7194,170.3062,0.9995
2025-11-07 16:42:25,7.7223,233.7938,0.9993
2025-11-07 16:42:25,7.7223,233.5756,0.9993
2025-11-07 16:42:25,7.7207,241.0496,0.9992
2025-11-07 16:42:25,7.7207,241.0496,0.9992
2025-11-07 16:42:25,7.7206,236.7789,0.9993
2025-11-07 16:42:25,7.7207,237.1417,0.9993
2025-11-07 16:42:25,7.7205,238.1065,0.9993
2025-11-07 16:42:25,7.7217,212.9788,0.9993
2025-11-07 16:42:25,7.7220,221.0143,0.9993
2025-11-07 16:42:26,7.7223,222.4207,0.9993
2025-11-07 16:42:26,7.7223,222.7929,0.9993
2025-11-07 16:42:26,7.7212,245.6155,0.9992
2025-11-07 16:42:26,7.7124,96.4749,0.9997
2025-11-07 16:42:26,7.7116,88.1194,0.9997
2025-11-07 16:42:26,7.7129,88.5389,0.9997
2025-11-07 16:42:26,7.7128,90.6473,0.9997
2025-11-07 16:42:26,7.7179,155.9274,0.9995
2025-11-07 16:42:26,7.7188,161.7715,0.9995
2025-11-07 16:42:26,7.7174,166.9037,0.9995
2025-11-07 16:42:26,7.7174,166.9037,0.9995
2025-11-07 16:42:27,7.7187,192.8200,0.9994
2025-11-07 16:42:27,7.7199,202.8930,0.9994
2025-11-07 16:42:27,7.7204,199.6867,0.9994
2025-11-07 16:42:27,7.7206,194.5721,0.9994
2025-11-07 16:42:27,7.7188,161.4599,0.9995
2025-11-07 16:42:27,7.7181,154.8977,0.9995
2025-11-07 16:42:27,7.7179,155.8707,0.9995
2025-11-07 16:42:27,7.7175,164.5263,0.9995
2025-11-07 16:42:27,7.7206,228.3105,0.9993
2025-11-07 16:42:27,7.7187,217.6378,0.9993
2025-11-07 16:42:27,7.7193,214.7433,0.9993
2025-11-07 16:42:27,7.7216,169.0441,0.9995
2025-11-07 16:42:27,7.7223,184.7069,0.9994
2025-11-07 16:42:28,7.7206,185.2804,0.9994
2025-11-07 16:42:28,7.7201,187.7160,0.9994
2025-11-07 16:42:28,7.7199,190.6708,0.9994
2025-11-07 16:42:28,7.7215,233.6152,0.9993
2025-11-07 16:42:28,7.7240,233.2496,0.9993
2025-11-07 16:42:28,7.7237,236.2273,0.9993
2025-11-07 16:42:28,7.7198,326.1083,0.9990
2025-11-07 16:42:28,7.7207,353.9445,0.9989
2025-11-07 16:42:28,7.7150,360.2492,0.9989
2025-11-07 16:42:28,7.7153,359.3074,0.9989
2025-11-07 16:42:29,7.7169,324.0233,0.9990
2025-11-07 16:42:29,7.7157,283.7185,0.9991
2025-11-07 16:42:29,7.7216,276.2815,0.9991
2025-11-07 16:42:29,7.7232,267.9222,0.9992
2025-11-07 16:42:29,7.7256,213.9783,0.9993
2025-11-07 16:42:29,7.7270,252.4291,0.9992
2025-11-07 16:42:29,7.7254,253.4634,0.9992
2025-11-07 16:42:29,7.7247,257.4909,0.9992
2025-11-07 16:42:29,7.7228,297.9342,0.9991
2025-11-07 16:42:29,7.7210,243.9109,0.9992
2025-11-07 16:42:29,7.7221,245.8678,0.9992
2025-11-07 16:42:29,7.7225,244.0730,0.9992
2025-11-07 16:42:29,7.7224,246.9205,0.9992
2025-11-07 16:42:29,7.7224,247.7183,0.9992
2025-11-07 16:42:29,7.7238,253.1428,0.9992
2025-11-07 16:42:30,7.7242,251.5856,0.9992
2025-11-07 16:42:30,7.7234,271.0118,0.9992
2025-11-07 16:42:30,7.7231,263.3810,0.9992
2025-11-07 16:42:30,7.7208,255.3655,0.9992
2025-11-07 16:42:30,7.7190,261.6408,0.9992
2025-11-07 16:42:30,7.7195,250.3406,0.9992
2025-11-07 16:42:30,7.7209,290.8127,0.9991
2025-11-07 16:42:30,7.7218,292.7039,0.9991
2025-11-07 16:42:30,7.7206,302.6675,0.9990
2025-11-07 16:42:30,7.7209,296.4269,0.9991
2025-11-07 16:42:31,7.7216,320.6016,0.9990
2025-11-07 16:42:31,7.7233,328.4076,0.9990
2025-11-07 16:42:31,7.7261,304.8278,0.9991
2025-11-07 16:42:31,7.7250,333.6937,0.9990
2025-11-07 16:42:31,7.7248,325.8077,0.9990
2025-11-07 16:42:31,7.7231,319.6292,0.9990
2025-11-07 16:42:31,7.7215,328.2961,0.9990
2025-11-07 16:42:31,7.7234,283.4719,0.9991
2025-11-07 16:42:31,7.7183,156.1451,0.9995
2025-11-07 16:42:31,7.7194,162.9963,0.9995
2025-11-07 16:42:31,7.7194,162.7298,0.9995
2025-11-07 16:42:32,7.7193,165.8979,0.9995
2025-11-07 16:42:32,7.7224,235.1329,0.9993
2025-11-07 16:42:32,7.7223,234.4584,0.9993
2025-11-07 16:42:32,7.7235,226.8264,0.9993
2025-11-07 16:42:32,7.7229,241.6316,0.9992
2025-11-07 16:42:32,7.7210,198.2599,0.9994
2025-11-07 16:42:32,7.7209,197.6237,0.9994
2025-11-07 16:42:32,7.7203,199.9420,0.9994
2025-11-07 16:42:32,7.7198,210.8470,0.9993
2025-11-07 16:42:33,7.7210,237.7430,0.9993
2025-11-07 16:42:33,7.7205,235.4563,0.9993
2025-11-07 16:42:33,7.7201,237.4717,0.9993
2025-11-07 16:42:33,7.7206,226.4606,0.9993
2025-11-07 16:42:33,7.7168,148.7170,0.9995
2025-11-07 16:42:33,7.7180,158.6590,0.9995
2025-11-07 16:42:33,7.7180,158.8242,0.9995
2025-11-07 16:42:33,7.7177,164.5379,0.9995
2025-11-07 16:42:33,7.7201,210.1742,0.9993
2025-11-07 16:42:33,7.7206,214.5281,0.9993
2025-11-07 16:42:33,7.7181,234.4309,0.9993
2025-11-07 16:42:34,7.7181,234.4309,0.9993
2025-11-07 16:42:34,7.7178,227.7886,0.9993
2025-11-07 16:42:34,7.7156,208.4872,0.9993
2025-11-07 16:42:34,7.7183,192.0115,0.9994
2025-11-07 16:42:34,7.7188,181.3411,0.9994
2025-11-07 16:42:34,7.7205,221.3943,0.9993
2025-11-07 16:42:34,7.7173,219.5336,0.9993
2025-11-07 16:42:34,7.7168,221.4932,0.9993
2025-11-07 16:42:34,7.7156,245.7075,0.9992
2025-11-07 16:42:34,7.7181,324.6979,0.9990
2025-11-07 16:42:34,7.7198,322.1624,0.9990
2025-11-07 16:42:35,7.7197,322.7470,0.9990
2025-11-07 16:42:35,7.7230,252.1354,0.9992
2025-11-07 16:42:35,7.7229,248.5074,0.9992
2025-11-07 16:42:35,7.7170,292.0220,0.9991
2025-11-07 16:42:35,7.7189,286.6070,0.9991
2025-11-07 16:42:35,7.7161,338.2206,0.9989
2025-11-07 16:42:35,7.7155,317.5935,0.9990
2025-11-07 16:42:35,7.7204,281.2934,0.9991
2025-11-07 16:42:35,7.7204,281.2913,0.9991
2025-11-07 16:42:35,7.7201,290.3666,0.9991
2025-11-07 16:42:35,7.7210,321.4726,0.9990
2025-11-07 16:42:36,7.7177,342.0408,0.9989
2025-11-07 16:42:36,7.7162,344.8134,0.9989
2025-11-07 16:42:36,7.7170,327.3915,0.9990
2025-11-07 16:42:36,7.7139,227.1175,0.9993
2025-11-07 16:42:36,7.7152,220.0196,0.9993
2025-11-07 16:42:36,7.7154,219.4022,0.9993
2025-11-07 16:42:36,7.7154,219.4022,0.9993
2025-11-07 16:42:36,7.7165,248.3716,0.9992
2025-11-07 16:42:36,7.7202,241.8216,0.9992
2025-11-07 16:42:36,7.7209,238.8895,0.9992
2025-11-07 16:42:36,7.7234,188.0036,0.9994
2025-11-07 16:42:36,7.7248,225.0485,0.9993
2025-11-07 16:42:37,7.7210,242.9631,0.9992
2025-11-07 16:42:37,7.7217,240.6541,0.9992
2025-11-07 16:42:37,7.7186,301.9058,0.9990
2025-11-07 16:42:37,7.7189,310.5774,0.9990
2025-11-07 16:42:37,7.7215,298.6406,0.9991
2025-11-07 16:42:37,7.7208,300.6304,0.9991
2025-11-07 16:42:37,7.7214,287.0570,0.9991
2025-11-07 16:42:37,7.7225,322.2633,0.9990
2025-11-07 16:42:37,7.7262,325.1694,0.9990
2025-11-07 16:42:37,7.7246,339.1913,0.9989
2025-11-07 16:42:37,7.7238,360.3655,0.9989
2025-11-07 16:42:37,7.7228,331.2304,0.9990
2025-11-07 16:42:38,7.7223,327.6803,0.9990
2025-11-07 16:42:38,7.7218,331.5384,0.9990
2025-11-07 16:42:38,7.7227,311.3737,0.9990
2025-11-07 16:42:38,7.7207,256.6176,0.9992
2025-11-07 16:42:38,7.7204,254.4259,0.9992
2025-11-07 16:42:38,7.7217,245.2898,0.9992
2025-11-07 16:42:38,7.7217,245.2898,0.9992
2025-11-07 16:42:38,7.7227,272.7734,0.9991
2025-11-07 16:42:38,7.7228,273.3596,0.9991
2025-11-07 16:42:38,7.7251,262.7904,0.9992
2025-11-07 16:42:38,7.7251,262.7904,0.9992
2025-11-07 16:42:38,7.7233,219.5166,0.9993
2025-11-07 16:42:39,7.7241,223.6415,0.9993
2025-11-07 16:42:39,7.7275,228.2086,0.9993
2025-11-07 16:42:39,7.7275,228.2086,0.9993
2025-11-07 16:42:39,7.7298,278.5650,0.9991
2025-11-07 16:42:39,7.7289,277.3853,0.9991
2025-11-07 16:42:39,7.7226,292.1648,0.9991
2025-11-07 16:42:39,7.7217,312.4159,0.9990
2025-11-07 16:42:39,7.7222,326.9381,0.9990
2025-11-07 16:42:39,7.7221,326.2774,0.9990
2025-11-07 16:42:39,7.7244,312.7415,0.9990
2025-11-07 16:42:40,7.7197,454.4836,0.9986
2025-11-07 16:42:40,7.7182,406.6938,0.9987
2025-11-07 16:42:40,7.7198,419.9994,0.9987
2025-11-07 16:42:40,7.7179,424.6567,0.9987
2025-11-07 16:42:40,7.7227,285.0066,0.9991
2025-11-07 16:42:40,7.7232,296.6395,0.9991
2025-11-07 16:42:40,7.7214,285.9224,0.9991
2025-11-07 16:42:40,7.7227,279.3483,0.9991
2025-11-07 16:42:40,7.7234,261.7524,0.9992
2025-11-07 16:42:40,7.7241,279.5058,0.9991
2025-11-07 16:42:40,7.7244,280.6527,0.9991
2025-11-07 16:42:41,7.7250,278.0321,0.9991
2025-11-07 16:42:41,7.7250,278.0321,0.9991
2025-11-07 16:42:41,7.7252,282.1590,0.9991
2025-11-07 16:42:41,7.7261,286.1532,0.9991
2025-11-07 16:42:41,7.7257,288.3128,0.9991
2025-11-07 16:42:41,7.7254,295.3681,0.9991
2025-11-07 16:42:41,7.7252,288.9506,0.9991
2025-11-07 16:42:41,7.7254,289.9951,0.9991
2025-11-07 16:42:41,7.7259,287.7717,0.9991
2025-11-07 16:42:41,7.7256,293.8095,0.9991
2025-11-07 16:42:42,7.7256,293.8095,0.9991
2025-11-07 16:42:42,7.7252,291.3702,0.9991
2025-11-07 16:42:42,7.7245,294.5854,0.9991
2025-11-07 16:42:42,7.7250,281.7815,0.9991
2025-11-07 16:42:42,7.7236,246.5275,0.9992
2025-11-07 16:42:42,7.7235,245.9306,0.9992
2025-11-07 16:42:42,7.7223,252.7518,0.9992
2025-11-07 16:42:42,7.7215,272.8239,0.9991
2025-11-07 16:42:42,7.7223,294.1780,0.9991
2025-11-07 16:42:42,7.7225,295.2694,0.9991
2025-11-07 16:42:43,7.7234,289.5597,0.9991
2025-11-07 16:42:43,7.7236,284.3014,0.9991
2025-11-07 16:42:43,7.7229,264.5707,0.9992
2025-11-07 16:42:43,7.7210,255.6339,0.9992
2025-11-07 16:42:43,7.7169,285.1214,0.9991
2025-11-07 16:42:43,7.7173,278.6444,0.9991
2025-11-07 16:42:43,7.7176,288.6311,0.9991
2025-11-07 16:42:43,7.7144,282.3764,0.9991
2025-11-07 16:42:43,7.7190,258.5073,0.9992
2025-11-07 16:42:43,7.7193,251.4222,0.9992
2025-11-07 16:42:43,7.7186,232.1172,0.9993
2025-11-07 16:42:43,7.7196,229.3285,0.9993
2025-11-07 16:42:44,7.7177,235.5204,0.9993
2025-11-07 16:42:44,7.7177,235.5204,0.9993
2025-11-07 16:42:44,7.7189,271.4288,0.9991
2025-11-07 16:42:44,7.7224,278.5869,0.9991
2025-11-07 16:42:44,7.7233,272.1611,0.9991
2025-11-07 16:42:44,7.7233,272.1611,0.9991
2025-11-07 16:42:44,7.7225,250.4559,0.9992
2025-11-07 16:42:44,7.7178,246.2834,0.9992
2025-11-07 16:42:44,7.7172,248.3493,0.9992
2025-11-07 16:42:44,7.7174,244.3912,0.9992
2025-11-07 16:42:45,7.7176,251.0842,0.9992
2025-11-07 16:42:45,7.7194,247.8850,0.9992
2025-11-07 16:42:45,7.7198,246.1111,0.9992
2025-11-07 16:42:45,7.7197,247.7205,0.9992
2025-11-07 16:42:45,7.7205,271.1449,0.9991
2025-11-07 16:42:45,7.7207,271.0442,0.9991
2025-11-07 16:42:45,7.7182,289.4370,0.9991
2025-11-07 16:42:45,7.7181,291.9686,0.9991
2025-11-07 16:42:45,7.7184,299.5506,0.9991
2025-11-07 16:42:45,7.7165,301.0410,0.9990
2025-11-07 16:42:45,7.7208,280.6394,0.9991
2025-11-07 16:42:46,7.7208,280.6394,0.9991
2025-11-07 16:42:46,7.7137,116.6253,0.9996
2025-11-07 16:42:46,7.7169,124.8108,0.9996
2025-11-07 16:42:46,7.7121,137.3838,0.9996
2025-11-07 16:42:46,7.7128,126.1309,0.9996
2025-11-07 16:42:46,7.7122,117.1179,0.9996
2025-11-07 16:42:46,7.7124,119.1864,0.9996
2025-11-07 16:42:46,7.7156,105.4400,0.9997
2025-11-07 16:42:46,7.7151,115.5883,0.9996
2025-11-07 16:42:46,7.7194,191.8945,0.9994
2025-11-07 16:42:46,7.7206,198.9487,0.9994
2025-11-07 16:42:46,7.7180,217.8928,0.9993
2025-11-07 16:42:47,7.7179,220.3958,0.9993
2025-11-07 16:42:47,7.7179,220.8096,0.9993
2025-11-07 16:42:47,7.7183,224.9716,0.9993
2025-11-07 16:42:47,7.7206,207.7822,0.9993
2025-11-07 16:42:47,7.7208,202.6447,0.9994
2025-11-07 16:42:47,7.7196,178.7414,0.9994
2025-11-07 16:42:47,7.7199,181.3398,0.9994
2025-11-07 16:42:47,7.7197,182.4377,0.9994
2025-11-07 16:42:47,7.7190,195.9463,0.9994
2025-11-07 16:42:48,7.7201,216.2128,0.9993
2025-11-07 16:42:48,7.7199,215.1342,0.9993
2025-11-07 16:42:48,7.7206,211.5028,0.9993
2025-11-07 16:42:48,7.7213,197.3747,0.9994
2025-11-07 16:42:48,7.7221,215.3368,0.9993
2025-11-07 16:42:48,7.7210,208.2222,0.9993
2025-11-07 16:42:48,7.7200,213.7683,0.9993
2025-11-07 16:42:48,7.7199,216.1537,0.9993
2025-11-07 16:42:48,7.7188,190.8388,0.9994
2025-11-07 16:42:49,7.7190,192.5478,0.9994
2025-11-07 16:42:49,7.7211,184.3350,0.9994
2025-11-07 16:42:49,7.7204,201.2305,0.9994
2025-11-07 16:42:49,7.7204,201.7597,0.9994
2025-11-07 16:42:49,7.7211,206.6215,0.9994
2025-11-07 16:42:49,7.7194,212.3704,0.9993
2025-11-07 16:42:49,7.7201,198.5427,0.9994
2025-11-07 16:42:49,7.7199,194.7082,0.9994
2025-11-07 16:42:49,7.7199,194.7082,0.9994
2025-11-07 16:42:49,7.7197,195.8231,0.9994
2025-11-07 16:42:49,7.7197,195.8231,0.9994
2025-11-07 16:42:49,7.7200,202.9769,0.9994
2025-11-07 16:42:50,7.7192,196.7113,0.9994
2025-11-07 16:42:50,7.7208,190.4948,0.9994
2025-11-07 16:42:50,7.7208,190.4948,0.9994
2025-11-07 16:42:50,7.7195,165.3932,0.9995
2025-11-07 16:42:50,7.7154,153.6398,0.9995
2025-11-07 16:42:50,7.7155,153.7986,0.9995
2025-11-07 16:42:50,7.7130,208.4249,0.9993
2025-11-07 16:42:50,7.7165,298.1469,0.9991
2025-11-07 16:42:50,7.7179,297.4315,0.9991
2025-11-07 16:42:50,7.7181,297.3970,0.9991
2025-11-07 16:42:50,7.7197,257.3490,0.9992
2025-11-07 16:42:50,7.7217,316.4978,0.9990
2025-11-07 16:42:50,7.7241,318.0091,0.9990
2025-11-07 16:42:51,7.7241,318.1957,0.9990
2025-11-07 16:42:51,7.7251,292.6603,0.9991
2025-11-07 16:42:51,7.7222,216.4608,0.9993
2025-11-07 16:42:51,7.7221,216.3924,0.9993
2025-11-07 16:42:51,7.7182,240.9160,0.9992
2025-11-07 16:42:51,7.7182,240.9160,0.9992
2025-11-07 16:42:51,7.7159,187.7468,0.9994
2025-11-07 16:42:51,7.7170,198.7919,0.9994
2025-11-07 16:42:51,7.7226,176.8098,0.9994
2025-11-07 16:42:51,7.7228,171.3923,0.9995
2025-11-07 16:42:51,7.7256,225.8853,0.9993
2025-11-07 16:42:51,7.7244,221.0656,0.9993
2025-11-07 16:42:52,7.7211,231.0606,0.9993
2025-11-07 16:42:52,7.7210,233.5204,0.9993
2025-11-07 16:42:52,7.7215,246.1243,0.9992
2025-11-07 16:42:52,7.7217,247.3213,0.9992
2025-11-07 16:42:52,7.7209,253.7953,0.9992
2025-11-07 16:42:52,7.7207,256.5182,0.9992
2025-11-07 16:42:52,7.7221,295.4379,0.9991
2025-11-07 16:42:52,7.7192,290.0502,0.9991
2025-11-07 16:42:52,7.7213,279.1736,0.9991
2025-11-07 16:42:52,7.7213,279.1736,0.9991
2025-11-07 16:42:52,7.7215,286.6683,0.9991
2025-11-07 16:42:53,7.7227,285.1204,0.9991
2025-11-07 16:42:53,7.7213,292.9119,0.9991
2025-11-07 16:42:53,7.7206,308.8071,0.9990
2025-11-07 16:42:53,7.7189,257.4315,0.9992
2025-11-07 16:42:53,7.7196,259.5224,0.9992
2025-11-07 16:42:53,7.7197,258.8740,0.9992
2025-11-07 16:42:53,7.7229,193.2154,0.9994
2025-11-07 16:42:53,7.7229,192.8182,0.9994
2025-11-07 16:42:53,7.7231,193.1696,0.9994
2025-11-07 16:42:53,7.7230,193.6695,0.9994
2025-11-07 16:42:54,7.7201,252.8333,0.9992
2025-11-07 16:42:54,7.7212,282.9683,0.9991
2025-11-07 16:42:54,7.7191,280.5835,0.9991
2025-11-07 16:42:54,7.7204,275.2202,0.9991
2025-11-07 16:42:54,7.7208,266.3218,0.9992
2025-11-07 16:42:54,7.7217,294.4900,0.9991
2025-11-07 16:42:54,7.7243,294.2487,0.9991
2025-11-07 16:42:54,7.7248,291.5558,0.9991
2025-11-07 16:42:54,7.7248,291.5558,0.9991
2025-11-07 16:42:54,7.7232,245.3395,0.9992
2025-11-07 16:42:54,7.7209,243.2917,0.9992
2025-11-07 16:42:54,7.7190,250.0096,0.9992
2025-11-07 16:42:55,7.7190,250.0096,0.9992
2025-11-07 16:42:55,7.7181,226.4312,0.9993
2025-11-07 16:42:55,7.7204,232.6112,0.9993
2025-11-07 16:42:55,7.7202,234.0459,0.9993
2025-11-07 16:42:55,7.7147,380.2753,0.9988
2025-11-07 16:42:55,7.7144,372.2701,0.9988
2025-11-07 16:42:55,7.7156,384.1103,0.9988
2025-11-07 16:42:55,7.7160,382.7166,0.9988
2025-11-07 16:42:56,7.7233,194.8950,0.9994
2025-11-07 16:42:56,7.7215,159.0239,0.9995
2025-11-07 16:42:56,7.7219,161.7423,0.9995
2025-11-07 16:42:56,7.7228,156.4601,0.9995
2025-11-07 16:42:56,7.7205,206.4945,0.9994
2025-11-07 16:42:56,7.7193,184.2088,0.9994
2025-11-07 16:42:56,7.7191,182.7343,0.9994
2025-11-07 16:42:56,7.7177,188.1785,0.9994
2025-11-07 16:42:56,7.7175,193.0274,0.9994
2025-11-07 16:42:56,7.7176,195.4858,0.9994
2025-11-07 16:42:57,7.7167,186.5490,0.9994
2025-11-07 16:42:57,7.7163,188.4908,0.9994
2025-11-07 16:42:57,7.7171,171.8197,0.9995
2025-11-07 16:42:57,7.7189,208.7792,0.9993
2025-11-07 16:42:57,7.7202,220.0032,0.9993
2025-11-07 16:42:57,7.7210,214.3747,0.9993
2025-11-07 16:42:57,7.7210,214.3747,0.9993
2025-11-07 16:42:57,7.7209,213.2434,0.9993
2025-11-07 16:42:57,7.7190,199.1040,0.9994
2025-11-07 16:42:57,7.7165,218.0474,0.9993
2025-11-07 16:42:57,7.7180,189.4193,0.9994
2025-11-07 16:42:57,7.7156,139.0533,0.9996
2025-11-07 16:42:58,7.7135,127.2018,0.9996
2025-11-07 16:42:58,7.7178,110.6505,0.9996
2025-11-07 16:42:58,7.7163,138.9662,0.9996
2025-11-07 16:42:58,7.7187,187.3849,0.9994
2025-11-07 16:42:58,7.7222,200.9961,0.9994
2025-11-07 16:42:58,7.7206,207.5343,0.9993
2025-11-07 16:42:58,7.7207,204.8258,0.9994
2025-11-07 16:42:58,7.7212,213.9246,0.9993
2025-11-07 16:42:58,7.7202,207.0853,0.9993
2025-11-07 16:42:59,7.7184,219.4459,0.9993
2025-11-07 16:42:59,7.7183,221.9820,0.9993
2025-11-07 16:42:59,7.7160,172.2809,0.9995
2025-11-07 16:42:59,7.7147,162.4787,0.9995
2025-11-07 16:42:59,7.7151,159.8362,0.9995
2025-11-07 16:42:59,7.7153,156.1466,0.9995
2025-11-07 16:42:59,7.7173,198.9216,0.9994
2025-11-07 16:42:59,7.7191,209.9224,0.9993
2025-11-07 16:42:59,7.7206,200.2009,0.9994
2025-11-07 16:42:59,7.7204,204.5320,0.9994
2025-11-07 16:42:59,7.7210,217.8694,0.9993
2025-11-07 16:42:59,7.7217,223.6968,0.9993
2025-11-07 16:42:59,7.7210,228.9297,0.9993
2025-11-07 16:42:59,7.7211,226.1934,0.9993
2025-11-07 16:43:00,7.7199,201.1507,0.9994
2025-11-07 16:43:00,7.7203,204.4792,0.9994
2025-11-07 16:43:00,7.7208,201.1143,0.9994
2025-11-07 16:43:00,7.7207,203.8256,0.9994
2025-11-07 16:43:00,7.7177,153.7233,0.9995
2025-11-07 16:43:00,7.7169,145.5190,0.9995
2025-11-07 16:43:00,7.7169,145.5039,0.9995
2025-11-07 16:43:00,7.7169,145.5039,0.9995
2025-11-07 16:43:00,7.7235,284.5165,0.9991
2025-11-07 16:43:00,7.7232,282.3832,0.9991
2025-11-07 16:43:00,7.7235,279.5978,0.9991
2025-11-07 16:43:01,7.7220,319.9406,0.9990
2025-11-07 16:43:01,7.7221,323.9928,0.9990
2025-11-07 16:43:01,7.7230,329.9380,0.9990
2025-11-07 16:43:01,7.7226,332.5865,0.9990
2025-11-07 16:43:01,7.7248,276.2746,0.9991
2025-11-07 16:43:01,7.7238,247.9053,0.9992
2025-11-07 16:43:01,7.7226,241.1017,0.9992
2025-11-07 16:43:01,7.7245,230.8655,0.9993
2025-11-07 16:43:01,7.7228,274.5907,0.9991
2025-11-07 16:43:01,7.7233,287.0559,0.9991
2025-11-07 16:43:01,7.7227,284.7823,0.9991
2025-11-07 16:43:01,7.7212,290.4463,0.9991
2025-11-07 16:43:01,7.7226,257.5907,0.9992
2025-11-07 16:43:01,7.7227,261.7605,0.9992
2025-11-07 16:43:02,7.7239,267.2321,0.9992
2025-11-07 16:43:02,7.7237,268.7902,0.9992
2025-11-07 16:43:02,7.7236,271.4292,0.9992
2025-11-07 16:43:02,7.7245,298.3177,0.9991
2025-11-07 16:43:02,7.7235,293.9035,0.9991
2025-11-07 16:43:02,7.7231,297.4063,0.9991
2025-11-07 16:43:02,7.7219,324.4498,0.9990
2025-11-07 16:43:02,7.7223,334.6955,0.9990
2025-11-07 16:43:02,7.7219,333.3159,0.9990
2025-11-07 16:43:02,7.7219,333.5148,0.9990
2025-11-07 16:43:03,7.7229,309.3947,0.9990
2025-11-07 16:43:03,7.7225,297.4416,0.9991
2025-11-07 16:43:03,7.7242,305.6462,0.9990
2025-11-07 16:43:03,7.7261,292.1816,0.9991
2025-11-07 16:43:03,7.7264,284.9215,0.9991
2025-11-07 16:43:03,7.7284,346.3063,0.9989
2025-11-07 16:43:03,7.7281,345.4057,0.9989
2025-11-07 16:43:03,7.7261,363.1211,0.9989
2025-11-07 16:43:03,7.7259,367.7999,0.9989
2025-11-07 16:43:03,7.7215,238.9631,0.9993
2025-11-07 16:43:04,7.7210,235.6500,0.9993
2025-11-07 16:43:04,7.7211,235.1230,0.9993
2025-11-07 16:43:04,7.7210,237.3674,0.9993
2025-11-07 16:43:04,7.7212,243.1278,0.9992
2025-11-07 16:43:04,7.7206,239.2620,0.9992
2025-11-07 16:43:04,7.7200,243.2801,0.9992
2025-11-07 16:43:04,7.7203,238.2097,0.9993
2025-11-07 16:43:04,7.7239,346.0754,0.9989
2025-11-07 16:43:04,7.7233,344.6185,0.9989
2025-11-07 16:43:04,7.7253,328.2587,0.9990
2025-11-07 16:43:04,7.7257,318.3546,0.9990
2025-11-07 16:43:04,7.7261,331.3237,0.9990
2025-11-07 16:43:04,7.7263,331.3881,0.9990
2025-11-07 16:43:04,7.7268,328.5420,0.9990
2025-11-07 16:43:05,7.7268,328.5420,0.9990
2025-11-07 16:43:05,7.7255,288.3036,0.9991
2025-11-07 16:43:05,7.7274,293.9080,0.9991
2025-11-07 16:43:05,7.7263,302.5679,0.9991
2025-11-07 16:43:05,7.7257,315.3951,0.9990
2025-11-07 16:43:05,7.7254,305.2188,0.9991
2025-11-07 16:43:05,7.7253,304.4053,0.9991
2025-11-07 16:43:05,7.7249,307.2672,0.9990
2025-11-07 16:43:05,7.7243,321.8245,0.9990
2025-11-07 16:43:05,7.7248,336.1956,0.9990
2025-11-07 16:43:05,7.7245,334.4956,0.9990
2025-11-07 16:43:05,7.7249,331.3840,0.9990
2025-11-07 16:43:06,7.7244,344.5788,0.9989
2025-11-07 16:43:06,7.7246,350.8694,0.9989
2025-11-07 16:43:06,7.7240,348.0107,0.9989
2025-11-07 16:43:06,7.7251,341.7098,0.9989
2025-11-07 16:43:06,7.7276,278.5340,0.9991
2025-11-07 16:43:06,7.7277,283.0574,0.9991
2025-11-07 16:43:06,7.7275,282.6686,0.9991
2025-11-07 16:43:06,7.7279,279.9751,0.9991
2025-11-07 16:43:06,7.7264,318.2427,0.9990
2025-11-07 16:43:06,7.7267,328.5262,0.9990
2025-11-07 16:43:06,7.7275,330.7848,0.9990
2025-11-07 16:43:06,7.7256,344.7126,0.9989
2025-11-07 16:43:07,7.7267,318.6796,0.9990
2025-11-07 16:43:07,7.7275,344.7114,0.9989
2025-11-07 16:43:07,7.7275,344.7114,0.9989
2025-11-07 16:43:07,7.7290,331.5150,0.9990
2025-11-07 16:43:07,7.7279,359.0568,0.9989
2025-11-07 16:43:07,7.7281,366.1853,0.9989
2025-11-07 16:43:07,7.7281,366.1853,0.9989
2025-11-07 16:43:07,7.7268,376.6911,0.9988
2025-11-07 16:43:07,7.7241,455.5167,0.9986
2025-11-07 16:43:08,7.7238,445.3556,0.9986
2025-11-07 16:43:08,7.7246,451.0733,0.9986
2025-11-07 16:43:08,7.7247,450.7678,0.9986
2025-11-07 16:43:08,7.7269,385.7507,0.9988
2025-11-07 16:43:08,7.7256,344.6610,0.9989
2025-11-07 16:43:08,7.7256,344.6610,0.9989
2025-11-07 16:43:08,7.7258,343.1905,0.9989
2025-11-07 16:43:08,7.7263,328.7603,0.9990
2025-11-07 16:43:08,7.7255,304.3976,0.9991
2025-11-07 16:43:08,7.7249,300.4410,0.9991
2025-11-07 16:43:08,7.7257,294.8496,0.9991
2025-11-07 16:43:09,7.7252,307.8949,0.9990
2025-11-07 16:43:09,7.7240,274.1135,0.9991
2025-11-07 16:43:09,7.7239,273.2872,0.9991
2025-11-07 16:43:09,7.7220,285.1586,0.9991
2025-11-07 16:43:09,7.7228,267.6704,0.9992
2025-11-07 16:43:09,7.7248,327.7871,0.9990
2025-11-07 16:43:09,7.7251,329.5659,0.9990
2025-11-07 16:43:09,7.7273,311.6592,0.9990
2025-11-07 16:43:09,7.7250,378.4995,0.9988
2025-11-07 16:43:10,7.7248,374.1982,0.9988
2025-11-07 16:43:10,7.7247,373.5831,0.9988
2025-11-07 16:43:10,7.7233,381.9522,0.9988
2025-11-07 16:43:10,7.7251,333.4345,0.9990
2025-11-07 16:43:10,7.7244,312.7159,0.9990
2025-11-07 16:43:10,7.7246,314.2940,0.9990
2025-11-07 16:43:10,7.7246,314.5838,0.9990
2025-11-07 16:43:10,7.7245,317.0272,0.9990
2025-11-07 16:43:10,7.7253,342.9326,0.9989
2025-11-07 16:43:11,7.7249,340.5965,0.9989
2025-11-07 16:43:11,7.7233,356.4374,0.9989
2025-11-07 16:43:11,7.7240,338.7831,0.9989
2025-11-07 16:43:11,7.7248,364.8416,0.9989
2025-11-07 16:43:11,7.7245,363.1830,0.9989
2025-11-07 16:43:11,7.7260,347.3761,0.9989
2025-11-07 16:43:11,7.7254,363.4118,0.9989
2025-11-07 16:43:11,7.7251,352.5846,0.9989
2025-11-07 16:43:11,7.7233,347.1998,0.9989
2025-11-07 16:43:12,7.7254,335.2729,0.9990
2025-11-07 16:43:12,7.7258,325.1512,0.9990
2025-11-07 16:43:12,7.7259,327.9608,0.9990
2025-11-07 16:43:12,7.7264,328.0832,0.9990
2025-11-07 16:43:12,7.7234,349.1675,0.9989
2025-11-07 16:43:12,7.7234,349.1675,0.9989
2025-11-07 16:43:12,7.7233,346.9733,0.9989
2025-11-07 16:43:12,7.7213,345.6162,0.9989
2025-11-07 16:43:12,7.7241,329.0988,0.9990
2025-11-07 16:43:13,7.7241,329.0988,0.9990
2025-11-07 16:43:13,7.7249,358.7720,0.9989
2025-11-07 16:43:13,7.7267,355.2169,0.9989
2025-11-07 16:43:13,7.7272,353.2622,0.9989
2025-11-07 16:43:13,7.7274,347.1440,0.9989
2025-11-07 16:43:13,7.7274,346.8374,0.9989
2025-11-07 16:43:13,7.7264,348.3949,0.9989
2025-11-07 16:43:13,7.7234,368.0011,0.9989
2025-11-07 16:43:13,7.7233,371.1593,0.9988
2025-11-07 16:43:13,7.7213,305.2809,0.9990
2025-11-07 16:43:13,7.7232,309.9116,0.9990
2025-11-07 16:43:14,7.7253,294.8502,0.9991
2025-11-07 16:43:14,7.7252,297.3571,0.9991
2025-11-07 16:43:14,7.7257,313.7549,0.9990
2025-11-07 16:43:14,7.7258,313.8691,0.9990
2025-11-07 16:43:14,7.7262,311.6768,0.9990
2025-11-07 16:43:14,7.7262,311.6768,0.9990
2025-11-07 16:43:14,7.7260,306.1984,0.9990
2025-11-07 16:43:14,7.7247,304.4716,0.9991
2025-11-07 16:43:14,7.7229,314.4966,0.9990
2025-11-07 16:43:14,7.7231,309.0043,0.9990
2025-11-07 16:43:15,7.7217,265.4730,0.9992
2025-11-07 16:43:15,7.7233,271.2991,0.9992
2025-11-07 16:43:15,7.7234,270.1739,0.9992
2025-11-07 16:43:15,7.7232,275.7080,0.9991
2025-11-07 16:43:15,7.7221,245.1596,0.9992
2025-11-07 16:43:15,7.7225,248.1318,0.9992
2025-11-07 16:43:15,7.7243,239.4985,0.9993
2025-11-07 16:43:15,7.7244,237.0510,0.9993
2025-11-07 16:43:15,7.7259,274.2829,0.9991
2025-11-07 16:43:15,7.7267,278.9995,0.9991
2025-11-07 16:43:15,7.7267,279.3560,0.9991
2025-11-07 16:43:16,7.7266,281.9456,0.9991
2025-11-07 16:43:16,7.7262,273.1755,0.9992
2025-11-07 16:43:16,7.7262,273.1755,0.9992
2025-11-07 16:43:16,7.7261,273.5054,0.9991
2025-11-07 16:43:16,7.7261,273.5054,0.9991
2025-11-07 16:43:16,7.7261,273.3043,0.9992
2025-11-07 16:43:16,7.7261,273.3043,0.9992
2025-11-07 16:43:16,7.7260,273.9759,0.9991
2025-11-07 16:43:16,7.7260,273.9759,0.9991
2025-11-07 16:43:16,7.7249,247.7692,0.9992
2025-11-07 16:43:16,7.7249,247.7692,0.9992
2025-11-07 16:43:17,7.7251,247.0255,0.9992
2025-11-07 16:43:17,7.7251,247.0255,0.9992
2025-11-07 16:43:17,7.7275,310.1086,0.9990
2025-11-07 16:43:17,7.7275,310.1086,0.9990
2025-11-07 16:43:17,7.7275,310.1081,0.9990
2025-11-07 16:43:17,7.7275,310.1081,0.9990
2025-11-07 16:43:17,7.7278,318.1627,0.9990
2025-11-07 16:43:17,7.7265,312.4553,0.9990
2025-11-07 16:43:17,7.7242,328.2961,0.9990
2025-11-07 16:43:18,7.7242,328.2961,0.9990
2025-11-07 16:43:18,7.7241,322.3442,0.9990
2025-11-07 16:43:18,7.7240,322.2517,0.9990
2025-11-07 16:43:18,7.7260,308.3380,0.9990
2025-11-07 16:43:18,7.7257,315.4412,0.9990
2025-11-07 16:43:18,7.7247,286.9316,0.9991
2025-11-07 16:43:18,7.7241,284.7773,0.9991
2025-11-07 16:43:18,7.7198,319.6061,0.9990
2025-11-07 16:43:18,7.7195,327.7169,0.9990
2025-11-07 16:43:18,7.7189,309.8734,0.9990
2025-11-07 16:43:18,7.7203,320.2432,0.9990
2025-11-07 16:43:18,7.7236,289.1600,0.9991
2025-11-07 16:43:19,7.7254,245.4594,0.9992
2025-11-07 16:43:19,7.7273,299.0120,0.9991
2025-11-07 16:43:19,7.7273,298.6208,0.9991
2025-11-07 16:43:19,7.7288,287.8678,0.9991
2025-11-07 16:43:19,7.7299,261.0599,0.9992
2025-11-07 16:43:19,7.7305,278.1462,0.9991
2025-11-07 16:43:19,7.7302,277.5801,0.9991
2025-11-07 16:43:19,7.7287,289.1024,0.9991
2025-11-07 16:43:20,7.7289,285.0301,0.9991
2025-11-07 16:43:20,7.7287,277.9313,0.9991
2025-11-07 16:43:20,7.7288,278.1388,0.9991
2025-11-07 16:43:20,7.7286,279.9258,0.9991
2025-11-07 16:43:20,7.7262,335.8905,0.9990
2025-11-07 16:43:20,7.7262,336.7890,0.9990
2025-11-07 16:43:20,7.7266,338.3206,0.9989
2025-11-07 16:43:20,7.7262,341.8122,0.9989
2025-11-07 16:43:20,7.7244,388.1674,0.9988
2025-11-07 16:43:21,7.7242,382.0090,0.9988
2025-11-07 16:43:21,7.7239,380.0014,0.9988
2025-11-07 16:43:21,7.7241,378.3122,0.9988
2025-11-07 16:43:21,7.7257,335.3875,0.9990
2025-11-07 16:43:21,7.7261,345.4380,0.9989
2025-11-07 16:43:21,7.7273,352.3530,0.9989
2025-11-07 16:43:21,7.7238,395.1535,0.9988
2025-11-07 16:43:21,7.7241,389.5052,0.9988
2025-11-07 16:43:21,7.7232,359.7303,0.9989
2025-11-07 16:43:21,7.7220,349.8150,0.9989
2025-11-07 16:43:21,7.7251,314.2011,0.9990
2025-11-07 16:43:22,7.7249,316.9390,0.9990
2025-11-07 16:43:22,7.7255,334.3932,0.9990
2025-11-07 16:43:22,7.7255,334.2141,0.9990
2025-11-07 16:43:22,7.7247,341.7660,0.9989
2025-11-07 16:43:22,7.7248,339.9204,0.9989
2025-11-07 16:43:22,7.7235,300.8542,0.9991
2025-11-07 16:43:22,7.7231,298.4343,0.9991
2025-11-07 16:43:22,7.7237,292.8206,0.9991
2025-11-07 16:43:22,7.7236,294.6145,0.9991
2025-11-07 16:43:23,7.7246,323.3492,0.9990
2025-11-07 16:43:23,7.7250,325.1333,0.9990
2025-11-07 16:43:23,7.7251,324.2013,0.9990
2025-11-07 16:43:23,7.7265,290.3535,0.9991
2025-11-07 16:43:23,7.7258,270.2786,0.9992
2025-11-07 16:43:23,7.7251,267.5819,0.9992
2025-11-07 16:43:23,7.7253,265.6888,0.9992
2025-11-07 16:43:23,7.7263,245.9566,0.9992
2025-11-07 16:43:23,7.7269,264.4282,0.9992
2025-11-07 16:43:23,7.7277,266.5887,0.9992
2025-11-07 16:43:24,7.7290,255.4724,0.9992
2025-11-07 16:43:24,7.7266,311.9813,0.9990
2025-11-07 16:43:24,7.7274,335.1464,0.9990
2025-11-07 16:43:24,7.7273,334.8893,0.9990
2025-11-07 16:43:24,7.7262,343.2958,0.9989
2025-11-07 16:43:24,7.7260,346.4276,0.9989
2025-11-07 16:43:24,7.7257,335.9702,0.9990
2025-11-07 16:43:24,7.7257,335.9869,0.9990
2025-11-07 16:43:24,7.7242,350.9877,0.9989
2025-11-07 16:43:24,7.7242,350.9877,0.9989
2025-11-07 16:43:25,7.7244,357.6869,0.9989
2025-11-07 16:43:25,7.7221,350.4047,0.9989
2025-11-07 16:43:25,7.7223,348.8432,0.9989
2025-11-07 16:43:25,7.7223,348.8432,0.9989
2025-11-07 16:43:25,7.7219,337.3221,0.9989
2025-11-07 16:43:25,7.7235,341.3205,0.9989
2025-11-07 16:43:25,7.7270,316.5790,0.9990
2025-11-07 16:43:25,7.7270,316.5790,0.9990
2025-11-07 16:43:25,7.7267,308.0902,0.9990
2025-11-07 16:43:25,7.7279,312.0531,0.9990
2025-11-07 16:43:26,7.7256,326.9236,0.9990
2025-11-07 16:43:26,7.7256,326.9236,0.9990
2025-11-07 16:43:26,7.7249,303.5723,0.9991
2025-11-07 16:43:26,7.7243,300.2344,0.9991
2025-11-07 16:43:26,7.7238,304.2387,0.9991
2025-11-07 16:43:26,7.7240,298.6136,0.9991
2025-11-07 16:43:26,7.7248,321.4352,0.9990
2025-11-07 16:43:26,7.7250,322.6902,0.9990
2025-11-07 16:43:26,7.7260,314.5378,0.9990
2025-11-07 16:43:26,7.7283,261.2763,0.9992
2025-11-07 16:43:26,7.7284,265.5490,0.9992
2025-11-07 16:43:27,7.7281,264.6784,0.9992
2025-11-07 16:43:27,7.7283,263.3635,0.9992
2025-11-07 16:43:27,7.7259,319.4426,0.9990
2025-11-07 16:43:27,7.7254,303.4745,0.9991
2025-11-07 16:43:27,7.7263,308.9017,0.9990
2025-11-07 16:43:27,7.7257,313.9568,0.9990
2025-11-07 16:43:27,7.7250,333.4019,0.9990
2025-11-07 16:43:27,7.7244,317.1593,0.9990
2025-11-07 16:43:27,7.7240,314.4102,0.9990
2025-11-07 16:43:27,7.7224,329.3021,0.9990
2025-11-07 16:43:28,7.7233,308.4283,0.9990
2025-11-07 16:43:28,7.7238,323.4642,0.9990
2025-11-07 16:43:28,7.7233,320.6535,0.9990
2025-11-07 16:43:28,7.7261,296.7634,0.9991
2025-11-07 16:43:28,7.7253,317.8792,0.9990
2025-11-07 16:43:28,7.7258,333.3234,0.9990
2025-11-07 16:43:28,7.7258,333.3234,0.9990
2025-11-07 16:43:28,7.7246,341.5101,0.9989
2025-11-07 16:43:29,7.7246,342.3888,0.9989
2025-11-07 16:43:29,7.7249,353.3553,0.9989
2025-11-07 16:43:29,7.7249,353.3553,0.9989
2025-11-07 16:43:29,7.7266,342.1834,0.9989
2025-11-07 16:43:29,7.7272,325.5788,0.9990
2025-11-07 16:43:29,7.7266,307.6090,0.9990
2025-11-07 16:43:29,7.7271,309.9979,0.9990
2025-11-07 16:43:29,7.7257,319.9600,0.9990
2025-11-07 16:43:29,7.7254,327.0168,0.9990
2025-11-07 16:43:29,7.7260,346.3580,0.9989
2025-11-07 16:43:30,7.7257,344.6856,0.9989
2025-11-07 16:43:30,7.7277,332.1544,0.9990
2025-11-07 16:43:30,7.7282,318.4945,0.9990
2025-11-07 16:43:30,7.7281,315.4743,0.9990
2025-11-07 16:43:30,7.7276,313.8116,0.9990
2025-11-07 16:43:30,7.7253,329.1447,0.9990
2025-11-07 16:43:30,7.7251,334.9562,0.9990
2025-11-07 16:43:30,7.7241,305.8138,0.9990
2025-11-07 16:43:30,7.7252,312.2710,0.9990
2025-11-07 16:43:30,7.7270,299.1011,0.9991
2025-11-07 16:43:31,7.7272,295.8992,0.9991
2025-11-07 16:43:31,7.7274,303.0471,0.9991
2025-11-07 16:43:31,7.7266,299.1121,0.9991
2025-11-07 16:43:31,7.7264,300.2098,0.9991
2025-11-07 16:43:31,7.7263,303.3550,0.9991
2025-11-07 16:43:31,7.7267,314.8087,0.9990
2025-11-07 16:43:31,7.7267,314.9762,0.9990
2025-11-07 16:43:31,7.7256,322.7136,0.9990
2025-11-07 16:43:31,7.7258,317.7309,0.9990
2025-11-07 16:43:32,7.7247,285.0727,0.9991
2025-11-07 16:43:32,7.7249,286.7414,0.9991
2025-11-07 16:43:32,7.7247,288.5797,0.9991
2025-11-07 16:43:32,7.7234,321.7983,0.9990
2025-11-07 16:43:32,7.7247,361.8472,0.9989
2025-11-07 16:43:32,7.7236,356.2756,0.9989
2025-11-07 16:43:32,7.7253,346.7916,0.9989
2025-11-07 16:43:32,7.7261,324.2813,0.9990
2025-11-07 16:43:32,7.7262,325.1619,0.9990
2025-11-07 16:43:32,7.7262,325.1619,0.9990
2025-11-07 16:43:32,7.7243,336.7261,0.9989
2025-11-07 16:43:33,7.7246,329.8516,0.9990
2025-11-07 16:43:33,7.7234,292.5374,0.9991
2025-11-07 16:43:33,7.7234,292.5014,0.9991
2025-11-07 16:43:33,7.7252,282.1469,0.9991
2025-11-07 16:43:33,7.7252,282.1469,0.9991
2025-11-07 16:43:33,7.7246,264.5219,0.9992
2025-11-07 16:43:33,7.7251,266.7598,0.9992
2025-11-07 16:43:33,7.7231,278.7513,0.9991
2025-11-07 16:43:33,7.7224,294.0963,0.9991
2025-11-07 16:43:34,7.7229,308.0853,0.9990
2025-11-07 16:43:34,7.7229,307.8773,0.9990
2025-11-07 16:43:34,7.7207,328.4948,0.9990
2025-11-07 16:43:34,7.7236,266.9262,0.9992
2025-11-07 16:43:34,7.7222,229.3945,0.9993
2025-11-07 16:43:34,7.7219,227.4346,0.9993
2025-11-07 16:43:34,7.7239,206.3512,0.9994
2025-11-07 16:43:34,7.7209,272.6008,0.9991
2025-11-07 16:43:34,7.7225,318.4101,0.9990
2025-11-07 16:43:35,7.7212,313.3198,0.9990
2025-11-07 16:43:35,7.7226,305.6087,0.9990
2025-11-07 16:43:35,7.7234,285.7069,0.9991
2025-11-07 16:43:35,7.7238,297.7763,0.9991
2025-11-07 16:43:35,7.7243,298.5765,0.9991
2025-11-07 16:43:35,7.7230,307.2334,0.9990
2025-11-07 16:43:35,7.7217,338.7413,0.9989
2025-11-07 16:43:35,7.7225,362.5187,0.9989
2025-11-07 16:43:35,7.7234,366.3291,0.9989
2025-11-07 16:43:36,7.7235,365.6130,0.9989
2025-11-07 16:43:36,7.7245,339.1308,0.9989
2025-11-07 16:43:36,7.7230,292.1262,0.9991
2025-11-07 16:43:36,7.7234,294.5827,0.9991
2025-11-07 16:43:36,7.7235,293.5633,0.9991
2025-11-07 16:43:36,7.7235,294.0442,0.9991
2025-11-07 16:43:36,7.7222,260.1832,0.9992
2025-11-07 16:43:36,7.7187,247.7336,0.9992
2025-11-07 16:43:36,7.7178,252.5892,0.9992
2025-11-07 16:43:37,7.7189,230.8003,0.9993
2025-11-07 16:43:37,7.7208,290.6377,0.9991
2025-11-07 16:43:37,7.7214,290.2116,0.9991
2025-11-07 16:43:37,7.7219,285.9363,0.9991
2025-11-07 16:43:37,7.7212,300.7525,0.9991
2025-11-07 16:43:37,7.7203,271.0315,0.9991
2025-11-07 16:43:37,7.7222,275.2561,0.9991
2025-11-07 16:43:38,7.7238,265.2784,0.9992
2025-11-07 16:43:38,7.7211,335.8587,0.9989
2025-11-07 16:43:38,7.7206,321.7474,0.9990
2025-11-07 16:43:38,7.7207,321.9835,0.9990
2025-11-07 16:43:38,7.7196,325.9138,0.9990
2025-11-07 16:43:38,7.7238,224.5789,0.9993
2025-11-07 16:43:38,7.7251,258.9556,0.9992
2025-11-07 16:43:38,7.7252,259.4020,0.9992
2025-11-07 16:43:38,7.7252,259.3234,0.9992
2025-11-07 16:43:38,7.7237,293.9907,0.9991
2025-11-07 16:43:39,7.7236,290.7593,0.9991
2025-11-07 16:43:39,7.7236,290.8993,0.9991
2025-11-07 16:43:39,7.7231,294.7144,0.9991
2025-11-07 16:43:39,7.7215,336.8941,0.9989
2025-11-07 16:43:39,7.7220,355.3220,0.9989
2025-11-07 16:43:39,7.7229,360.4029,0.9989
2025-11-07 16:43:39,7.7234,357.0927,0.9989
2025-11-07 16:43:39,7.7251,312.9016,0.9990
2025-11-07 16:43:39,7.7256,329.6043,0.9990
2025-11-07 16:43:40,7.7247,325.9270,0.9990
2025-11-07 16:43:40,7.7238,333.2914,0.9990
2025-11-07 16:43:40,7.7239,330.6289,0.9990
2025-11-07 16:43:40,7.7239,330.4913,0.9990
2025-11-07 16:43:40,7.7243,331.8472,0.9990
2025-11-07 16:43:40,7.7242,332.2617,0.9990
2025-11-07 16:43:40,7.7241,334.9455,0.9990
2025-11-07 16:43:40,7.7224,282.1201,0.9991
2025-11-07 16:43:40,7.7217,278.6191,0.9991
2025-11-07 16:43:40,7.7240,264.4186,0.9992
2025-11-07 16:43:41,7.7239,267.3781,0.9992
2025-11-07 16:43:41,7.7243,278.2818,0.9991
2025-11-07 16:43:41,7.7243,278.4509,0.9991
2025-11-07 16:43:41,7.7219,294.0635,0.9991
2025-11-07 16:43:41,7.7211,313.8254,0.9990
2025-11-07 16:43:41,7.7204,293.1466,0.9991
2025-11-07 16:43:41,7.7215,299.8492,0.9991
2025-11-07 16:43:41,7.7242,283.8854,0.9991
2025-11-07 16:43:41,7.7250,262.5535,0.9992
2025-11-07 16:43:41,7.7251,263.4219,0.9992
2025-11-07 16:43:42,7.7252,264.1680,0.9992
2025-11-07 16:43:42,7.7229,277.9722,0.9991
2025-11-07 16:43:42,7.7232,272.4774,0.9991
2025-11-07 16:43:42,7.7230,267.1669,0.9992
2025-11-07 16:43:42,7.7238,273.4829,0.9991
2025-11-07 16:43:42,7.7245,268.1413,0.9992
2025-11-07 16:43:42,7.7244,270.8349,0.9992
2025-11-07 16:43:42,7.7244,270.6468,0.9992
2025-11-07 16:43:42,7.7244,270.6468,0.9992
2025-11-07 16:43:42,7.7244,270.4293,0.9992
2025-11-07 16:43:42,7.7238,284.7788,0.9991
2025-11-07 16:43:43,7.7235,276.6422,0.9991
2025-11-07 16:43:43,7.7235,276.6422,0.9991
2025-11-07 16:43:43,7.7232,279.1229,0.9991
2025-11-07 16:43:43,7.7227,291.7817,0.9991
2025-11-07 16:43:43,7.7237,319.7571,0.9990
2025-11-07 16:43:43,7.7227,312.4339,0.9990
2025-11-07 16:43:43,7.7244,302.7481,0.9991
2025-11-07 16:43:43,7.7249,290.8023,0.9991
2025-11-07 16:43:43,7.7234,254.0056,0.9992
2025-11-07 16:43:43,7.7236,254.9075,0.9992
2025-11-07 16:43:43,7.7239,253.9400,0.9992
2025-11-07 16:43:43,7.7241,248.1538,0.9992
2025-11-07 16:43:44,7.7257,287.8892,0.9991
2025-11-07 16:43:44,7.7242,282.9602,0.9991
2025-11-07 16:43:44,7.7208,304.1522,0.9990
2025-11-07 16:43:44,7.7214,292.6310,0.9991
2025-11-07 16:43:44,7.7221,317.3287,0.9990
2025-11-07 16:43:44,7.7243,329.1532,0.9990
2025-11-07 16:43:44,7.7243,329.1733,0.9990
2025-11-07 16:43:44,7.7239,339.5761,0.9989
2025-11-07 16:43:44,7.7230,313.2768,0.9990
2025-11-07 16:43:45,7.7222,307.0915,0.9990
2025-11-07 16:43:45,7.7221,307.9920,0.9990
2025-11-07 16:43:45,7.7225,298.0646,0.9991
2025-11-07 16:43:45,7.7231,314.7689,0.9990
2025-11-07 16:43:45,7.7229,313.7002,0.9990
2025-11-07 16:43:45,7.7243,300.0854,0.9991
2025-11-07 16:43:45,7.7247,290.4372,0.9991
2025-11-07 16:43:45,7.7241,272.2376,0.9992
2025-11-07 16:43:45,7.7242,272.6634,0.9991
2025-11-07 16:43:45,7.7238,275.6196,0.9991
2025-11-07 16:43:45,7.7232,290.5738,0.9991
2025-11-07 16:43:46,7.7237,304.3850,0.9990
2025-11-07 16:43:46,7.7223,298.4843,0.9991
2025-11-07 16:43:46,7.7245,285.7426,0.9991
2025-11-07 16:43:46,7.7246,282.7364,0.9991
2025-11-07 16:43:46,7.7215,202.2045,0.9994
2025-11-07 16:43:46,7.7223,205.9815,0.9994
2025-11-07 16:43:46,7.7217,207.6804,0.9993
2025-11-07 16:43:46,7.7224,192.7106,0.9994
2025-11-07 16:43:46,7.7229,203.5730,0.9994
2025-11-07 16:43:47,7.7243,211.9233,0.9993
2025-11-07 16:43:47,7.7245,210.9474,0.9993
2025-11-07 16:43:47,7.7167,438.3526,0.9986
2025-11-07 16:43:47,7.7183,484.7018,0.9985
2025-11-07 16:43:47,7.7183,484.7018,0.9985
2025-11-07 16:43:47,7.7190,484.3941,0.9985
2025-11-07 16:43:47,7.7278,222.3663,0.9993
2025-11-07 16:43:47,7.7291,254.7482,0.9992
2025-11-07 16:43:47,7.7291,254.7482,0.9992
2025-11-07 16:43:48,7.7288,256.1797,0.9992
2025-11-07 16:43:48,7.7270,300.6341,0.9991
2025-11-07 16:43:48,7.7243,232.1596,0.9993
2025-11-07 16:43:48,7.7243,232.1596,0.9993
2025-11-07 16:43:48,7.7222,243.9507,0.9992
2025-11-07 16:43:48,7.7165,401.8139,0.9987
2025-11-07 16:43:48,7.7177,434.6843,0.9986
2025-11-07 16:43:48,7.7177,434.6843,0.9986
2025-11-07 16:43:48,7.7181,432.8008,0.9986
2025-11-07 16:43:49,7.7230,287.1367,0.9991
2025-11-07 16:43:49,7.7243,321.4192,0.9990
2025-11-07 16:43:49,7.7243,321.4192,0.9990
2025-11-07 16:43:49,7.7259,311.2442,0.9990
2025-11-07 16:43:49,7.7260,308.0941,0.9990
2025-11-07 16:43:49,7.7251,284.0055,0.9991
2025-11-07 16:43:49,7.7251,284.0055,0.9991
2025-11-07 16:43:49,7.7234,293.6551,0.9991
2025-11-07 16:43:49,7.7240,278.7459,0.9991
2025-11-07 16:43:49,7.7224,238.4587,0.9993
2025-11-07 16:43:50,7.7208,226.7083,0.9993
2025-11-07 16:43:50,7.7218,222.0547,0.9993
2025-11-07 16:43:50,7.7220,216.7422,0.9993
2025-11-07 16:43:50,7.7243,276.7971,0.9991
2025-11-07 16:43:50,7.7229,274.3715,0.9991
2025-11-07 16:43:50,7.7217,280.5305,0.9991
2025-11-07 16:43:50,7.7206,308.0558,0.9990
2025-11-07 16:43:50,7.7205,307.2681,0.9990
2025-11-07 16:43:50,7.7233,319.4638,0.9990
2025-11-07 16:43:50,7.7254,307.7170,0.9990
2025-11-07 16:43:50,7.7253,308.8972,0.9990
2025-11-07 16:43:51,7.7252,305.9137,0.9990
2025-11-07 16:43:51,7.7256,308.6007,0.9990
2025-11-07 16:43:51,7.7250,311.5714,0.9990
2025-11-07 16:43:51,7.7270,260.7237,0.9992
2025-11-07 16:43:51,7.7271,262.9012,0.9992
2025-11-07 16:43:51,7.7274,264.9347,0.9992
2025-11-07 16:43:51,7.7275,263.9003,0.9992
2025-11-07 16:43:51,7.7265,289.1338,0.9991
2025-11-07 16:43:51,7.7268,296.6722,0.9991
2025-11-07 16:43:51,7.7268,296.6722,0.9991
2025-11-07 16:43:51,7.7256,305.5186,0.9990
2025-11-07 16:43:52,7.7257,302.4277,0.9991
2025-11-07 16:43:52,7.7267,333.6825,0.9990
2025-11-07 16:43:52,7.7257,327.5194,0.9990
2025-11-07 16:43:52,7.7272,317.2286,0.9990
2025-11-07 16:43:52,7.7266,333.4092,0.9990
2025-11-07 16:43:52,7.7264,329.0616,0.9990
2025-11-07 16:43:52,7.7268,331.1114,0.9990
2025-11-07 16:43:52,7.7251,343.3204,0.9989
2025-11-07 16:43:52,7.7253,337.8163,0.9989
2025-11-07 16:43:52,7.7242,304.9389,0.9990
2025-11-07 16:43:53,7.7245,307.0744,0.9990
2025-11-07 16:43:53,7.7237,314.5466,0.9990
2025-11-07 16:43:53,7.7248,288.8033,0.9991
2025-11-07 16:43:53,7.7253,302.9255,0.9991
2025-11-07 16:43:53,7.7256,305.3285,0.9991
2025-11-07 16:43:53,7.7280,284.1024,0.9991
2025-11-07 16:43:53,7.7295,248.9044,0.9992
2025-11-07 16:43:53,7.7287,229.2610,0.9993
2025-11-07 16:43:53,7.7287,229.2610,0.9993
2025-11-07 16:43:53,7.7273,241.2389,0.9993
2025-11-07 16:43:53,7.7242,314.5584,0.9990
2025-11-07 16:43:54,7.7257,360.6191,0.9989
2025-11-07 16:43:54,7.7247,353.8006,0.9989
2025-11-07 16:43:54,7.7243,357.0753,0.9989
2025-11-07 16:43:54,7.7251,336.3012,0.9990
2025-11-07 16:43:54,7.7251,335.0087,0.9990
2025-11-07 16:43:54,7.7240,330.4714,0.9990
2025-11-07 16:43:54,7.7242,328.7071,0.9990
2025-11-07 16:43:54,7.7244,323.0249,0.9990
2025-11-07 16:43:54,7.7231,283.2304,0.9991
2025-11-07 16:43:55,7.7236,285.2189,0.9991
2025-11-07 16:43:55,7.7259,272.5540,0.9992
2025-11-07 16:43:55,7.7254,283.3397,0.9991
2025-11-07 16:43:55,7.7261,303.6821,0.9991
2025-11-07 16:43:55,7.7266,305.0954,0.9991
2025-11-07 16:43:55,7.7262,306.8679,0.9990
2025-11-07 16:43:55,7.7238,373.8075,0.9988
2025-11-07 16:43:55,7.7213,304.4024,0.9990
2025-11-07 16:43:55,7.7219,308.9138,0.9990
2025-11-07 16:43:55,7.7192,321.1260,0.9990
2025-11-07 16:43:56,7.7241,207.8295,0.9994
2025-11-07 16:43:56,7.7238,199.8092,0.9994
2025-11-07 16:43:56,7.7241,202.0688,0.9994
2025-11-07 16:43:56,7.7251,192.8345,0.9994
2025-11-07 16:43:56,7.7228,242.8447,0.9992
2025-11-07 16:43:56,7.7228,243.0669,0.9992
2025-11-07 16:43:56,7.7213,232.5929,0.9993
2025-11-07 16:43:56,7.7209,235.0645,0.9993
2025-11-07 16:43:56,7.7209,235.0645,0.9993
2025-11-07 16:43:57,7.7231,294.2566,0.9991
2025-11-07 16:43:57,7.7239,298.3224,0.9991
2025-11-07 16:43:57,7.7260,284.5716,0.9991
2025-11-07 16:43:57,7.7261,281.4500,0.9991
2025-11-07 16:43:57,7.7249,249.3042,0.9992
2025-11-07 16:43:57,7.7251,250.4644,0.9992
2025-11-07 16:43:57,7.7214,277.7644,0.9991
2025-11-07 16:43:57,7.7215,275.2751,0.9991
2025-11-07 16:43:57,7.7211,266.4541,0.9992
2025-11-07 16:43:57,7.7211,266.2426,0.9992
2025-11-07 16:43:57,7.7245,240.9353,0.9992
2025-11-07 16:43:58,7.7243,246.6169,0.9992
2025-11-07 16:43:58,7.7240,238.6842,0.9993
2025-11-07 16:43:58,7.7231,234.0842,0.9993
2025-11-07 16:43:58,7.7224,237.1415,0.9993
2025-11-07 16:43:58,7.7225,234.2960,0.9993
2025-11-07 16:43:58,7.7217,214.3434,0.9993
2025-11-07 16:43:58,7.7200,207.2006,0.9993
2025-11-07 16:43:58,7.7198,207.7315,0.9993
2025-11-07 16:43:58,7.7199,205.3559,0.9994
2025-11-07 16:43:58,7.7159,126.5884,0.9996
2025-11-07 16:43:59,7.7179,140.3355,0.9996
2025-11-07 16:43:59,7.7168,144.0436,0.9995
2025-11-07 16:43:59,7.7167,146.2001,0.9995
2025-11-07 16:43:59,7.7187,181.4444,0.9994
2025-11-07 16:43:59,7.7174,172.3510,0.9995
2025-11-07 16:43:59,7.7179,170.2145,0.9995
2025-11-07 16:43:59,7.7204,125.9500,0.9996
2025-11-07 16:43:59,7.7208,133.5466,0.9996
2025-11-07 16:43:59,7.7223,141.6677,0.9996
2025-11-07 16:43:59,7.7224,141.2339,0.9996
2025-11-07 16:43:59,7.7222,144.3781,0.9995
2025-11-07 16:43:59,7.7216,133.8594,0.9996
2025-11-07 16:44:00,7.7217,134.4566,0.9996
2025-11-07 16:44:00,7.7231,127.6061,0.9996
2025-11-07 16:44:00,7.7209,173.5486,0.9995
2025-11-07 16:44:00,7.7216,187.6120,0.9994
2025-11-07 16:44:00,7.7209,182.6031,0.9994
2025-11-07 16:44:00,7.7196,186.5373,0.9994
2025-11-07 16:44:00,7.7195,188.6855,0.9994
2025-11-07 16:44:00,7.7172,146.3011,0.9995
2025-11-07 16:44:00,7.7175,149.3029,0.9995
2025-11-07 16:44:00,7.7171,150.5692,0.9995
2025-11-07 16:44:00,7.7171,150.5692,0.9995
2025-11-07 16:44:01,7.7197,198.5054,0.9994
2025-11-07 16:44:01,7.7199,199.6425,0.9994
2025-11-07 16:44:01,7.7198,200.2698,0.9994
2025-11-07 16:44:01,7.7198,200.2698,0.9994
2025-11-07 16:44:01,7.7186,176.1165,0.9994
2025-11-07 16:44:01,7.7192,181.9954,0.9994
2025-11-07 16:44:01,7.7190,183.1863,0.9994
2025-11-07 16:44:01,7.7192,178.2813,0.9994
2025-11-07 16:44:01,7.7193,180.7910,0.9994
2025-11-07 16:44:01,7.7184,172.0719,0.9995
2025-11-07 16:44:01,7.7209,164.7287,0.9995
2025-11-07 16:44:02,7.7208,167.1681,0.9995
2025-11-07 16:44:02,7.7222,193.4699,0.9994
2025-11-07 16:44:02,7.7221,193.0798,0.9994
2025-11-07 16:44:02,7.7218,193.5567,0.9994
2025-11-07 16:44:02,7.7217,196.3441,0.9994
2025-11-07 16:44:02,7.7218,198.2543,0.9994
2025-11-07 16:44:02,7.7215,196.9058,0.9994
2025-11-07 16:44:02,7.7196,203.5205,0.9994
2025-11-07 16:44:02,7.7161,290.0524,0.9991
2025-11-07 16:44:03,7.7121,208.3482,0.9993
2025-11-07 16:44:03,7.7130,219.5880,0.9993
2025-11-07 16:44:03,7.7133,219.3196,0.9993
2025-11-07 16:44:03,7.7182,112.8882,0.9996
2025-11-07 16:44:03,7.7249,239.0677,0.9993
2025-11-07 16:44:03,7.7257,244.5226,0.9992
2025-11-07 16:44:03,7.7278,231.4969,0.9993
2025-11-07 16:44:03,7.7265,262.6654,0.9992
2025-11-07 16:44:03,7.7268,269.6848,0.9992
2025-11-07 16:44:03,7.7268,269.6848,0.9992
2025-11-07 16:44:04,7.7264,271.5020,0.9992
2025-11-07 16:44:04,7.7278,236.5838,0.9993
2025-11-07 16:44:04,7.7279,238.9800,0.9993
2025-11-07 16:44:04,7.7257,231.4038,0.9993
2025-11-07 16:44:04,7.7255,232.3158,0.9993
2025-11-07 16:44:04,7.7241,265.2224,0.9992
2025-11-07 16:44:04,7.7245,275.6458,0.9991
2025-11-07 16:44:04,7.7259,280.5245,0.9991
2025-11-07 16:44:04,7.7248,286.5408,0.9991
2025-11-07 16:44:04,7.7241,305.5557,0.9990
2025-11-07 16:44:05,7.7249,331.3240,0.9990
2025-11-07 16:44:05,7.7261,338.6868,0.9989
2025-11-07 16:44:05,7.7259,340.1888,0.9989
2025-11-07 16:44:05,7.7265,323.4798,0.9990
2025-11-07 16:44:05,7.7273,347.0345,0.9989
2025-11-07 16:44:05,7.7260,339.6920,0.9989
2025-11-07 16:44:05,7.7273,330.4848,0.9990
2025-11-07 16:44:05,7.7253,387.6908,0.9988
2025-11-07 16:44:05,7.7253,388.4237,0.9988
2025-11-07 16:44:05,7.7232,383.0384,0.9988
2025-11-07 16:44:05,7.7186,416.6843,0.9987
2025-11-07 16:44:06,7.7217,344.9536,0.9989
2025-11-07 16:44:06,7.7216,344.4420,0.9989
2025-11-07 16:44:06,7.7232,348.9546,0.9989
2025-11-07 16:44:06,7.7251,324.5368,0.9990
2025-11-07 16:44:06,7.7242,346.5647,0.9989
2025-11-07 16:44:06,7.7232,316.2801,0.9990
2025-11-07 16:44:06,7.7242,321.3627,0.9990
2025-11-07 16:44:06,7.7251,312.5356,0.9990
2025-11-07 16:44:06,7.7250,315.5857,0.9990
2025-11-07 16:44:06,7.7249,312.3489,0.9990
2025-11-07 16:44:07,7.7229,304.4862,0.9990
2025-11-07 16:44:07,7.7225,307.4382,0.9990
2025-11-07 16:44:07,7.7227,302.0061,0.9991
2025-11-07 16:44:07,7.7237,336.6309,0.9989
2025-11-07 16:44:07,7.7247,338.6629,0.9989
2025-11-07 16:44:07,7.7250,335.8857,0.9990
2025-11-07 16:44:07,7.7243,353.9636,0.9989
2025-11-07 16:44:07,7.7235,327.0845,0.9990
2025-11-07 16:44:07,7.7219,323.4383,0.9990
2025-11-07 16:44:07,7.7219,323.5988,0.9990
2025-11-07 16:44:07,7.7219,322.8651,0.9990
2025-11-07 16:44:08,7.7228,350.5818,0.9989
2025-11-07 16:44:08,7.7238,352.0261,0.9989
2025-11-07 16:44:08,7.7257,340.2572,0.9989
2025-11-07 16:44:08,7.7262,328.3399,0.9990
2025-11-07 16:44:08,7.7255,308.1988,0.9990
2025-11-07 16:44:08,7.7256,308.3594,0.9990
2025-11-07 16:44:08,7.7229,327.1186,0.9990
2025-11-07 16:44:08,7.7229,327.1186,0.9990
2025-11-07 16:44:08,7.7227,321.0170,0.9990
2025-11-07 16:44:08,7.7239,326.2650,0.9990
2025-11-07 16:44:08,7.7224,343.1693,0.9989
2025-11-07 16:44:09,7.7224,343.1693,0.9989
2025-11-07 16:44:09,7.7222,338.4535,0.9989
2025-11-07 16:44:09,7.7211,331.8814,0.9990
2025-11-07 16:44:09,7.7239,305.3651,0.9990
2025-11-07 16:44:09,7.7237,312.1224,0.9990
2025-11-07 16:44:09,7.7246,342.5581,0.9989
2025-11-07 16:44:09,7.7252,344.1526,0.9989
2025-11-07 16:44:09,7.7271,333.2904,0.9990
2025-11-07 16:44:10,7.7274,325.9424,0.9990
2025-11-07 16:44:10,7.7273,324.0570,0.9990
2025-11-07 16:44:10,7.7235,330.7178,0.9990
2025-11-07 16:44:10,7.7230,331.6926,0.9990
2025-11-07 16:44:10,7.7175,487.9341,0.9985
2025-11-07 16:44:10,7.7170,467.5384,0.9985
2025-11-07 16:44:10,7.7208,476.3104,0.9985
2025-11-07 16:44:10,7.7201,477.5482,0.9985
2025-11-07 16:44:10,7.7282,253.7289,0.9992
2025-11-07 16:44:10,7.7284,259.7037,0.9992
2025-11-07 16:44:11,7.7282,259.5434,0.9992
2025-11-07 16:44:11,7.7271,268.8107,0.9992
2025-11-07 16:44:11,7.7246,326.2056,0.9990
2025-11-07 16:44:11,7.7238,301.1328,0.9991
2025-11-07 16:44:11,7.7238,301.1328,0.9991
2025-11-07 16:44:11,7.7252,292.6419,0.9991
2025-11-07 16:44:11,7.7253,290.1344,0.9991
2025-11-07 16:44:12,7.7256,298.4636,0.9991
2025-11-07 16:44:12,7.7264,301.3372,0.9991
2025-11-07 16:44:12,7.7260,303.3987,0.9991
2025-11-07 16:44:12,7.7267,286.0020,0.9991
2025-11-07 16:44:12,7.7270,292.6740,0.9991
2025-11-07 16:44:12,7.7265,291.0434,0.9991
2025-11-07 16:44:12,7.7251,301.9529,0.9991
2025-11-07 16:44:12,7.7241,325.8629,0.9990
2025-11-07 16:44:12,7.7239,318.5529,0.9990
2025-11-07 16:44:12,7.7243,320.5138,0.9990
2025-11-07 16:44:12,7.7222,341.8936,0.9989
2025-11-07 16:44:13,7.7224,337.3594,0.9989
2025-11-07 16:44:13,7.7222,330.2511,0.9990
2025-11-07 16:44:13,7.7234,340.5164,0.9989
2025-11-07 16:44:13,7.7240,333.5057,0.9990
2025-11-07 16:44:13,7.7225,372.9116,0.9988
2025-11-07 16:44:13,7.7229,387.2431,0.9988
2025-11-07 16:44:13,7.7218,377.5780,0.9988
2025-11-07 16:44:13,7.7252,351.8081,0.9989
2025-11-07 16:44:13,7.7267,309.8783,0.9990
2025-11-07 16:44:14,7.7263,299.0200,0.9991
2025-11-07 16:44:14,7.7251,294.9930,0.9991
2025-11-07 16:44:14,7.7248,296.6464,0.9991
2025-11-07 16:44:14,7.7248,296.6464,0.9991
2025-11-07 16:44:14,7.7228,242.6537,0.9992
2025-11-07 16:44:14,7.7242,249.4854,0.9992
2025-11-07 16:44:14,7.7220,263.8779,0.9992
2025-11-07 16:44:14,7.7223,258.5174,0.9992
2025-11-07 16:44:14,7.7224,262.4881,0.9992
2025-11-07 16:44:14,7.7212,254.6383,0.9992
2025-11-07 16:44:14,7.7220,248.2510,0.9992
2025-11-07 16:44:15,7.7197,305.2007,0.9990
2025-11-07 16:44:15,7.7190,284.7059,0.9991
2025-11-07 16:44:15,7.7206,297.4562,0.9991
2025-11-07 16:44:15,7.7205,297.6306,0.9991
2025-11-07 16:44:15,7.7226,244.9917,0.9992
2025-11-07 16:44:15,7.7228,249.1078,0.9992
2025-11-07 16:44:15,7.7228,249.1078,0.9992
2025-11-07 16:44:15,7.7246,239.4643,0.9993
2025-11-07 16:44:15,7.7246,239.4643,0.9993
2025-11-07 16:44:15,7.7226,197.4268,0.9994
2025-11-07 16:44:16,7.7212,187.8442,0.9994
2025-11-07 16:44:16,7.7207,188.8914,0.9994
2025-11-07 16:44:16,7.7207,188.8914,0.9994
2025-11-07 16:44:16,7.7224,226.8267,0.9993
2025-11-07 16:44:16,7.7231,230.3725,0.9993
2025-11-07 16:44:16,7.7214,239.4450,0.9992
2025-11-07 16:44:16,7.7216,234.1767,0.9993
2025-11-07 16:44:16,7.7216,231.9369,0.9993
2025-11-07 16:44:16,7.7206,225.9316,0.9993
2025-11-07 16:44:16,7.7202,228.6442,0.9993
2025-11-07 16:44:16,7.7203,226.5243,0.9993
2025-11-07 16:44:16,7.7198,214.3770,0.9993
2025-11-07 16:44:17,7.7211,223.7075,0.9993
2025-11-07 16:44:17,7.7210,224.9327,0.9993
2025-11-07 16:44:17,7.7222,199.6306,0.9994
2025-11-07 16:44:17,7.7210,173.7011,0.9995
2025-11-07 16:44:17,7.7211,174.6361,0.9995
2025-11-07 16:44:17,7.7237,159.6109,0.9995
2025-11-07 16:44:17,7.7222,193.6486,0.9994
2025-11-07 16:44:17,7.7244,242.2581,0.9992
2025-11-07 16:44:17,7.7242,240.4616,0.9992
2025-11-07 16:44:17,7.7241,240.4974,0.9992
2025-11-07 16:44:18,7.7243,237.5208,0.9993
2025-11-07 16:44:18,7.7228,204.5192,0.9994
2025-11-07 16:44:18,7.7202,193.5611,0.9994
2025-11-07 16:44:18,7.7199,193.9118,0.9994
2025-11-07 16:44:18,7.7165,278.8685,0.9991
2025-11-07 16:44:18,7.7174,303.7585,0.9990
2025-11-07 16:44:18,7.7175,303.9955,0.9990
2025-11-07 16:44:18,7.7175,303.9942,0.9990
2025-11-07 16:44:18,7.7210,216.7284,0.9993
2025-11-07 16:44:18,7.7244,313.4210,0.9990
2025-11-07 16:44:18,7.7238,314.1951,0.9990
2025-11-07 16:44:19,7.7233,316.6135,0.9990
2025-11-07 16:44:19,7.7232,319.5266,0.9990
2025-11-07 16:44:19,7.7225,299.2568,0.9991
2025-11-07 16:44:19,7.7243,300.3478,0.9991
2025-11-07 16:44:19,7.7226,312.6801,0.9990
2025-11-07 16:44:19,7.7229,307.2215,0.9990
2025-11-07 16:44:19,7.7229,309.8773,0.9990
2025-11-07 16:44:20,7.7247,318.6285,0.9990
2025-11-07 16:44:20,7.7257,309.7306,0.9990
2025-11-07 16:44:20,7.7256,312.5106,0.9990
2025-11-07 16:44:20,7.7252,301.4065,0.9991
2025-11-07 16:44:20,7.7251,300.9945,0.9991
2025-11-07 16:44:20,7.7210,349.7432,0.9989
2025-11-07 16:44:20,7.7223,320.8270,0.9990
2025-11-07 16:44:20,7.7210,281.4194,0.9991
2025-11-07 16:44:20,7.7203,275.8438,0.9991
2025-11-07 16:44:20,7.7243,230.5572,0.9993
2025-11-07 16:44:21,7.7213,302.0387,0.9991
2025-11-07 16:44:21,7.7222,329.9054,0.9990
2025-11-07 16:44:21,7.7225,331.5821,0.9990
2025-11-07 16:44:21,7.7226,330.5150,0.9990
2025-11-07 16:44:21,7.7242,290.9995,0.9991
2025-11-07 16:44:21,7.7257,335.5693,0.9990
2025-11-07 16:44:21,7.7259,336.6103,0.9990
2025-11-07 16:44:21,7.7275,324.9296,0.9990
2025-11-07 16:44:22,7.7301,262.4578,0.9992
2025-11-07 16:44:22,7.7289,231.3007,0.9993
2025-11-07 16:44:22,7.7290,231.6337,0.9993
2025-11-07 16:44:22,7.7271,248.0574,0.9992
2025-11-07 16:44:22,7.7264,261.2105,0.9992
2025-11-07 16:44:22,7.7274,290.9042,0.9991
2025-11-07 16:44:22,7.7269,288.9005,0.9991
2025-11-07 16:44:22,7.7248,314.6103,0.9990
2025-11-07 16:44:22,7.7230,354.3767,0.9989
2025-11-07 16:44:22,7.7223,331.6291,0.9990
2025-11-07 16:44:23,7.7217,328.0512,0.9990
2025-11-07 16:44:23,7.7239,305.5463,0.9990
2025-11-07 16:44:23,7.7238,308.5066,0.9990
2025-11-07 16:44:23,7.7237,305.7910,0.9990
2025-11-07 16:44:23,7.7237,305.7910,0.9990
2025-11-07 16:44:23,7.7239,304.6608,0.9990
2025-11-07 16:44:23,7.7213,372.7068,0.9988
2025-11-07 16:44:23,7.7219,393.3670,0.9988
2025-11-07 16:44:23,7.7228,398.0583,0.9988
2025-11-07 16:44:23,7.7221,403.2240,0.9987
2025-11-07 16:44:24,7.7242,343.7659,0.9989
2025-11-07 16:44:24,7.7238,331.2167,0.9990
2025-11-07 16:44:24,7.7238,331.2167,0.9990
2025-11-07 16:44:24,7.7262,314.8965,0.9990
2025-11-07 16:44:24,7.7263,310.6937,0.9990
2025-11-07 16:44:24,7.7264,311.9888,0.9990
2025-11-07 16:44:24,7.7264,311.9888,0.9990
2025-11-07 16:44:24,7.7260,314.1712,0.9990
2025-11-07 16:44:24,7.7265,300.8567,0.9991
2025-11-07 16:44:24,7.7258,282.3284,0.9991
2025-11-07 16:44:24,7.7246,277.9610,0.9991
2025-11-07 16:44:24,7.7248,276.8305,0.9991
2025-11-07 16:44:25,7.7245,283.8174,0.9991
2025-11-07 16:44:25,7.7252,302.8981,0.9991
2025-11-07 16:44:25,7.7264,306.7518,0.9990
2025-11-07 16:44:25,7.7247,318.6690,0.9990
2025-11-07 16:44:25,7.7249,315.6386,0.9990
2025-11-07 16:44:25,7.7245,303.9329,0.9991
2025-11-07 16:44:25,7.7237,300.0254,0.9991
2025-11-07 16:44:25,7.7255,288.7329,0.9991
2025-11-07 16:44:25,7.7254,291.8064,0.9991
2025-11-07 16:44:25,7.7252,287.7519,0.9991
2025-11-07 16:44:25,7.7254,288.4915,0.9991
2025-11-07 16:44:26,7.7245,293.3162,0.9991
2025-11-07 16:44:26,7.7245,293.3162,0.9991
2025-11-07 16:44:26,7.7229,247.1796,0.9992
2025-11-07 16:44:26,7.7234,250.5408,0.9992
2025-11-07 16:44:26,7.7226,255.5915,0.9992
2025-11-07 16:44:26,7.7222,266.4843,0.9992
2025-11-07 16:44:26,7.7243,327.7624,0.9990
2025-11-07 16:44:26,7.7243,327.7624,0.9990
2025-11-07 16:44:26,7.7261,316.5863,0.9990
2025-11-07 16:44:27,7.7258,322.6570,0.9990
2025-11-07 16:44:27,7.7234,256.7715,0.9992
2025-11-07 16:44:27,7.7227,252.7739,0.9992
2025-11-07 16:44:27,7.7223,254.0907,0.9992
2025-11-07 16:44:27,7.7229,237.5566,0.9993
2025-11-07 16:44:27,7.7235,252.0707,0.9992
2025-11-07 16:44:27,7.7242,255.6907,0.9992
2025-11-07 16:44:27,7.7244,254.6630,0.9992
2025-11-07 16:44:27,7.7242,261.4941,0.9992
2025-11-07 16:44:28,7.7225,222.0093,0.9993
2025-11-07 16:44:28,7.7206,212.2709,0.9993
2025-11-07 16:44:28,7.7189,217.7850,0.9993
2025-11-07 16:44:28,7.7166,272.3432,0.9991
2025-11-07 16:44:28,7.7174,292.6983,0.9991
2025-11-07 16:44:28,7.7182,297.6506,0.9991
2025-11-07 16:44:28,7.7197,293.0180,0.9991
2025-11-07 16:44:28,7.7233,203.9578,0.9994
2025-11-07 16:44:28,7.7258,269.8726,0.9992
2025-11-07 16:44:29,7.7275,275.5688,0.9991
2025-11-07 16:44:29,7.7239,311.3284,0.9990
2025-11-07 16:44:29,7.7250,287.1562,0.9991
2025-11-07 16:44:29,7.7240,257.6705,0.9992
2025-11-07 16:44:29,7.7235,253.9998,0.9992
2025-11-07 16:44:29,7.7272,218.6365,0.9993
2025-11-07 16:44:29,7.7250,269.7687,0.9992
2025-11-07 16:44:29,7.7257,289.1780,0.9991
2025-11-07 16:44:29,7.7252,287.1565,0.9991
2025-11-07 16:44:29,7.7239,295.1493,0.9991
2025-11-07 16:44:30,7.7234,308.1953,0.9990
2025-11-07 16:44:30,7.7237,318.0785,0.9990
2025-11-07 16:44:30,7.7242,320.5283,0.9990
2025-11-07 16:44:30,7.7238,323.8871,0.9990
2025-11-07 16:44:30,7.7257,278.1428,0.9991
2025-11-07 16:44:30,7.7264,299.9479,0.9991
2025-11-07 16:44:30,7.7264,299.9479,0.9991
2025-11-07 16:44:30,7.7269,294.8183,0.9991
2025-11-07 16:44:30,7.7275,282.9588,0.9991
2025-11-07 16:44:31,7.7273,278.5849,0.9991
2025-11-07 16:44:31,7.7282,282.5079,0.9991
2025-11-07 16:44:31,7.7282,281.7760,0.9991
2025-11-07 16:44:31,7.7264,325.0874,0.9990
2025-11-07 16:44:31,7.7250,282.3186,0.9991
2025-11-07 16:44:31,7.7222,269.0489,0.9992
2025-11-07 16:44:31,7.7226,266.6996,0.9992
2025-11-07 16:44:31,7.7222,276.0675,0.9991
2025-11-07 16:44:31,7.7239,326.2684,0.9990
2025-11-07 16:44:31,7.7258,331.8704,0.9990
2025-11-07 16:44:31,7.7242,345.7335,0.9989
2025-11-07 16:44:32,7.7247,333.1471,0.9990
2025-11-07 16:44:32,7.7251,347.3622,0.9989
2025-11-07 16:44:32,7.7225,340.4203,0.9989
2025-11-07 16:44:32,7.7219,346.1133,0.9989
2025-11-07 16:44:32,7.7217,349.1452,0.9989
2025-11-07 16:44:32,7.7164,192.4951,0.9994
2025-11-07 16:44:32,7.7194,213.8970,0.9993
2025-11-07 16:44:32,7.7222,197.8819,0.9994
2025-11-07 16:44:32,7.7233,172.0130,0.9995
2025-11-07 16:44:32,7.7276,272.4184,0.9992
2025-11-07 16:44:32,7.7275,271.8389,0.9992
2025-11-07 16:44:33,7.7279,269.0501,0.9992
2025-11-07 16:44:33,7.7266,300.9615,0.9991
2025-11-07 16:44:33,7.7264,293.5510,0.9991
2025-11-07 16:44:33,7.7261,292.1343,0.9991
2025-11-07 16:44:33,7.7258,293.5500,0.9991
2025-11-07 16:44:33,7.7258,293.5500,0.9991
2025-11-07 16:44:33,7.7260,299.5997,0.9991
2025-11-07 16:44:33,7.7260,299.5997,0.9991
2025-11-07 16:44:33,7.7239,315.6550,0.9990
2025-11-07 16:44:33,7.7245,300.4184,0.9991
2025-11-07 16:44:33,7.7243,293.6587,0.9991
2025-11-07 16:44:34,7.7238,291.2911,0.9991
2025-11-07 16:44:34,7.7245,285.8994,0.9991
2025-11-07 16:44:34,7.7238,301.1000,0.9991
2025-11-07 16:44:34,7.7233,287.2445,0.9991
2025-11-07 16:44:34,7.7236,288.6132,0.9991
2025-11-07 16:44:34,7.7238,287.0131,0.9991
2025-11-07 16:44:34,7.7238,287.0131,0.9991
2025-11-07 16:44:34,7.7252,329.9114,0.9990
2025-11-07 16:44:34,7.7254,330.8429,0.9990
2025-11-07 16:44:34,7.7269,320.4645,0.9990
2025-11-07 16:44:35,7.7269,320.4645,0.9990
2025-11-07 16:44:35,7.7258,288.2198,0.9991
2025-11-07 16:44:35,7.7242,283.2166,0.9991
2025-11-07 16:44:35,7.7228,290.7834,0.9991
2025-11-07 16:44:35,7.7228,290.7834,0.9991
2025-11-07 16:44:35,7.7242,333.4621,0.9990
2025-11-07 16:44:35,7.7255,337.3057,0.9990
2025-11-07 16:44:35,7.7252,340.0697,0.9989
2025-11-07 16:44:35,7.7252,340.0697,0.9989
2025-11-07 16:44:36,7.7252,343.0441,0.9989
2025-11-07 16:44:36,7.7249,341.5168,0.9989
2025-11-07 16:44:36,7.7239,351.0224,0.9989
2025-11-07 16:44:36,7.7258,307.4034,0.9990
2025-11-07 16:44:36,7.7253,291.2417,0.9991
2025-11-07 16:44:36,7.7259,293.8070,0.9991
2025-11-07 16:44:36,7.7287,268.1481,0.9992
2025-11-07 16:44:36,7.7269,311.9395,0.9990
2025-11-07 16:44:36,7.7276,333.5725,0.9990
2025-11-07 16:44:36,7.7285,337.2902,0.9990
2025-11-07 16:44:37,7.7269,349.3295,0.9989
2025-11-07 16:44:37,7.7271,346.4511,0.9989
2025-11-07 16:44:37,7.7279,375.0696,0.9988
2025-11-07 16:44:37,7.7271,371.0968,0.9988
2025-11-07 16:44:37,7.7287,358.0847,0.9989
2025-11-07 16:44:37,7.7304,314.7379,0.9990
2025-11-07 16:44:37,7.7295,287.5866,0.9991
2025-11-07 16:44:37,7.7285,286.2136,0.9991
2025-11-07 16:44:38,7.7285,285.9086,0.9991
2025-11-07 16:44:38,7.7267,330.0605,0.9990
2025-11-07 16:44:38,7.7267,330.3843,0.9990
2025-11-07 16:44:38,7.7282,334.6639,0.9990
2025-11-07 16:44:38,7.7284,333.8373,0.9990
2025-11-07 16:44:38,7.7285,330.8629,0.9990
2025-11-07 16:44:38,7.7279,313.2654,0.9990
2025-11-07 16:44:38,7.7278,312.6432,0.9990
2025-11-07 16:44:38,7.7277,312.9692,0.9990
2025-11-07 16:44:38,7.7275,319.1243,0.9990
2025-11-07 16:44:39,7.7277,324.9394,0.9990
2025-11-07 16:44:39,7.7283,328.0491,0.9990
2025-11-07 16:44:39,7.7261,345.1551,0.9989
2025-11-07 16:44:39,7.7263,342.0171,0.9989
2025-11-07 16:44:39,7.7261,338.1324,0.9989
2025-11-07 16:44:39,7.7252,332.4876,0.9990
2025-11-07 16:44:39,7.7272,317.2716,0.9990
2025-11-07 16:44:39,7.7274,314.3762,0.9990
2025-11-07 16:44:39,7.7277,323.5405,0.9990
2025-11-07 16:44:40,7.7272,322.1294,0.9990
2025-11-07 16:44:40,7.7271,322.8830,0.9990
2025-11-07 16:44:40,7.7269,325.7589,0.9990
2025-11-07 16:44:40,7.7276,346.2368,0.9989
2025-11-07 16:44:40,7.7273,345.5938,0.9989
2025-11-07 16:44:40,7.7252,361.7286,0.9989
2025-11-07 16:44:40,7.7253,358.9691,0.9989
2025-11-07 16:44:40,7.7249,346.5525,0.9989
2025-11-07 16:44:40,7.7257,349.6489,0.9989
2025-11-07 16:44:40,7.7266,341.5310,0.9989
2025-11-07 16:44:40,7.7236,425.4986,0.9987
2025-11-07 16:44:41,7.7242,445.8922,0.9986
2025-11-07 16:44:41,7.7241,445.1472,0.9986
2025-11-07 16:44:41,7.7236,448.1441,0.9986
2025-11-07 16:44:41,7.7275,343.4955,0.9989
2025-11-07 16:44:41,7.7273,338.8900,0.9989
2025-11-07 16:44:41,7.7275,339.5906,0.9989
2025-11-07 16:44:41,7.7262,354.7806,0.9989
2025-11-07 16:44:41,7.7245,395.4770,0.9988
2025-11-07 16:44:41,7.7233,355.6572,0.9989
2025-11-07 16:44:41,7.7222,349.6062,0.9989
2025-11-07 16:44:42,7.7224,347.5482,0.9989
2025-11-07 16:44:42,7.7230,333.3666,0.9990
2025-11-07 16:44:42,7.7240,366.2993,0.9989
2025-11-07 16:44:42,7.7251,370.7134,0.9988
2025-11-07 16:44:42,7.7267,354.6300,0.9989
2025-11-07 16:44:42,7.7267,354.6300,0.9989
2025-11-07 16:44:42,7.7269,360.3275,0.9989
2025-11-07 16:44:42,7.7277,364.4228,0.9989
2025-11-07 16:44:42,7.7290,354.6920,0.9989
2025-11-07 16:44:43,7.7290,354.6920,0.9989
2025-11-07 16:44:43,7.7288,347.7866,0.9989
2025-11-07 16:44:43,7.7268,341.8051,0.9989
2025-11-07 16:44:43,7.7257,348.8280,0.9989
2025-11-07 16:44:43,7.7257,348.8280,0.9989
2025-11-07 16:44:43,7.7265,375.0876,0.9988
2025-11-07 16:44:43,7.7262,374.7625,0.9988
2025-11-07 16:44:43,7.7259,376.9730,0.9988
2025-11-07 16:44:43,7.7253,391.5208,0.9988
2025-11-07 16:44:43,7.7248,370.6277,0.9988
2025-11-07 16:44:44,7.7261,374.8773,0.9988
2025-11-07 16:44:44,7.7255,380.2839,0.9988
2025-11-07 16:44:44,7.7261,365.6867,0.9989
2025-11-07 16:44:44,7.7251,334.4948,0.9990
2025-11-07 16:44:44,7.7239,329.8311,0.9990
2025-11-07 16:44:44,7.7244,326.1094,0.9990
2025-11-07 16:44:44,7.7238,342.0087,0.9989
2025-11-07 16:44:44,7.7253,393.3812,0.9988
2025-11-07 16:44:44,7.7263,396.3607,0.9988
2025-11-07 16:44:44,7.7255,403.4634,0.9987
2025-11-07 16:44:45,7.7253,408.8658,0.9987
2025-11-07 16:44:45,7.7249,394.0246,0.9988
2025-11-07 16:44:45,7.7243,391.2335,0.9988
2025-11-07 16:44:45,7.7244,389.9528,0.9988
2025-11-07 16:44:45,7.7264,339.7141,0.9989
2025-11-07 16:44:45,7.7272,365.9891,0.9989
2025-11-07 16:44:45,7.7271,365.9368,0.9989
2025-11-07 16:44:45,7.7276,361.4676,0.9989
2025-11-07 16:44:45,7.7262,394.4771,0.9988
2025-11-07 16:44:46,7.7262,394.1982,0.9988
2025-11-07 16:44:46,7.7261,393.8490,0.9988
2025-11-07 16:44:46,7.7252,402.5571,0.9987
2025-11-07 16:44:46,7.7276,345.2567,0.9989
2025-11-07 16:44:46,7.7266,310.5562,0.9990
2025-11-07 16:44:46,7.7260,310.0092,0.9990
2025-11-07 16:44:46,7.7287,286.9032,0.9991
2025-11-07 16:44:47,7.7265,339.1405,0.9989
2025-11-07 16:44:47,7.7264,334.4891,0.9990
2025-11-07 16:44:47,7.7279,337.0218,0.9990
2025-11-07 16:44:47,7.7239,374.5546,0.9988
2025-11-07 16:44:47,7.7238,377.5212,0.9988
2025-11-07 16:44:47,7.7243,396.3071,0.9988
2025-11-07 16:44:47,7.7240,394.5103,0.9988
2025-11-07 16:44:47,7.7255,377.0877,0.9988
2025-11-07 16:44:47,7.7274,330.4699,0.9990
2025-11-07 16:44:47,7.7276,337.5446,0.9990
2025-11-07 16:44:48,7.7275,337.1851,0.9990
2025-11-07 16:44:48,7.7281,329.6897,0.9990
2025-11-07 16:44:48,7.7274,346.4500,0.9989
2025-11-07 16:44:48,7.7275,350.6502,0.9989
2025-11-07 16:44:48,7.7272,350.0570,0.9989
2025-11-07 16:44:48,7.7273,349.1813,0.9989
2025-11-07 16:44:48,7.7251,404.7436,0.9987
2025-11-07 16:44:48,7.7249,398.5756,0.9988
2025-11-07 16:44:48,7.7265,405.0226,0.9987
2025-11-07 16:44:48,7.7228,450.9221,0.9986
2025-11-07 16:44:48,7.7237,427.2899,0.9987
2025-11-07 16:44:49,7.7234,414.0828,0.9987
2025-11-07 16:44:49,7.7227,409.6768,0.9987
2025-11-07 16:44:49,7.7274,355.9491,0.9989
2025-11-07 16:44:49,7.7276,349.7965,0.9989
2025-11-07 16:44:49,7.7275,344.6560,0.9989
2025-11-07 16:44:49,7.7270,343.3418,0.9989
2025-11-07 16:44:49,7.7255,356.4700,0.9989
2025-11-07 16:44:49,7.7253,362.3182,0.9989
2025-11-07 16:44:49,7.7257,378.6826,0.9988
2025-11-07 16:44:49,7.7269,384.1671,0.9988
2025-11-07 16:44:49,7.7286,368.3614,0.9989
2025-11-07 16:44:49,7.7284,373.6368,0.9988
2025-11-07 16:44:50,7.7281,364.1922,0.9989
2025-11-07 16:44:50,7.7277,362.2225,0.9989
2025-11-07 16:44:50,7.7250,388.8957,0.9988
2025-11-07 16:44:50,7.7246,397.7050,0.9988
2025-11-07 16:44:50,7.7249,407.8209,0.9987
2025-11-07 16:44:50,7.7249,407.9105,0.9987
2025-11-07 16:44:50,7.7283,377.4392,0.9988
2025-11-07 16:44:50,7.7311,303.1380,0.9991
2025-11-07 16:44:50,7.7298,263.9300,0.9992
2025-11-07 16:44:51,7.7303,265.3630,0.9992
2025-11-07 16:44:51,7.7302,265.4422,0.9992
2025-11-07 16:44:51,7.7273,339.4470,0.9989
2025-11-07 16:44:51,7.7285,377.1118,0.9988
2025-11-07 16:44:51,7.7282,375.7074,0.9988
2025-11-07 16:44:51,7.7281,376.3810,0.9988
2025-11-07 16:44:51,7.7287,360.1497,0.9989
2025-11-07 16:44:51,7.7273,317.8444,0.9990
2025-11-07 16:44:51,7.7281,322.1487,0.9990
2025-11-07 16:44:51,7.7273,327.4931,0.9990
2025-11-07 16:44:51,7.7273,327.4931,0.9990
2025-11-07 16:44:52,7.7280,346.9656,0.9989
2025-11-07 16:44:52,7.7264,339.5237,0.9989
2025-11-07 16:44:52,7.7259,343.9260,0.9989
2025-11-07 16:44:52,7.7261,337.9957,0.9989
2025-11-07 16:44:52,7.7231,249.6122,0.9992
2025-11-07 16:44:52,7.7221,244.9664,0.9992
2025-11-07 16:44:52,7.7217,247.2918,0.9992
2025-11-07 16:44:52,7.7225,229.3355,0.9993
2025-11-07 16:44:52,7.7228,235.4482,0.9993
2025-11-07 16:44:53,7.7231,236.5815,0.9993
2025-11-07 16:44:53,7.7237,232.5090,0.9993
2025-11-07 16:44:53,7.7226,256.4995,0.9992
2025-11-07 16:44:53,7.7192,178.0129,0.9994
2025-11-07 16:44:53,7.7202,185.4270,0.9994
2025-11-07 16:44:53,7.7201,186.0171,0.9994
2025-11-07 16:44:53,7.7202,183.3513,0.9994
2025-11-07 16:44:53,7.7250,299.5090,0.9991
2025-11-07 16:44:53,7.7242,295.9242,0.9991
2025-11-07 16:44:53,7.7237,300.0606,0.9991
2025-11-07 16:44:54,7.7255,258.5044,0.9992
2025-11-07 16:44:54,7.7255,258.5044,0.9992
2025-11-07 16:44:54,7.7263,261.4442,0.9992
2025-11-07 16:44:54,7.7287,244.0414,0.9992
2025-11-07 16:44:54,7.7271,282.7944,0.9991
2025-11-07 16:44:54,7.7273,289.5824,0.9991
2025-11-07 16:44:54,7.7273,289.5824,0.9991
2025-11-07 16:44:54,7.7253,302.1030,0.9991
2025-11-07 16:44:55,7.7264,276.4901,0.9991
2025-11-07 16:44:55,7.7262,271.8093,0.9992
2025-11-07 16:44:55,7.7271,276.3276,0.9991
2025-11-07 16:44:55,7.7285,265.3283,0.9992
2025-11-07 16:44:55,7.7271,298.8140,0.9991
2025-11-07 16:44:55,7.7280,322.9225,0.9990
2025-11-07 16:44:55,7.7273,319.7763,0.9990
2025-11-07 16:44:55,7.7258,330.9874,0.9990
2025-11-07 16:44:55,7.7266,311.9083,0.9990
2025-11-07 16:44:56,7.7258,288.5544,0.9991
2025-11-07 16:44:56,7.7254,286.4969,0.9991
2025-11-07 16:44:56,7.7266,277.8162,0.9991
2025-11-07 16:44:56,7.7262,286.4354,0.9991
2025-11-07 16:44:56,7.7265,293.9412,0.9991
2025-11-07 16:44:56,7.7254,291.0081,0.9991
2025-11-07 16:44:56,7.7238,301.9747,0.9991
2025-11-07 16:44:56,7.7176,476.6759,0.9985
2025-11-07 16:44:56,7.7171,457.9477,0.9986
2025-11-07 16:44:56,7.7182,467.2149,0.9985
2025-11-07 16:44:56,7.7187,465.1818,0.9985
2025-11-07 16:44:56,7.7238,313.3687,0.9990
2025-11-07 16:44:57,7.7243,328.6193,0.9990
2025-11-07 16:44:57,7.7244,329.3606,0.9990
2025-11-07 16:44:57,7.7261,318.6716,0.9990
2025-11-07 16:44:57,7.7267,304.1358,0.9991
2025-11-07 16:44:57,7.7264,295.7195,0.9991
2025-11-07 16:44:57,7.7254,292.2475,0.9991
2025-11-07 16:44:57,7.7234,303.6525,0.9991
2025-11-07 16:44:57,7.7231,310.3207,0.9990
2025-11-07 16:44:57,7.7216,266.5640,0.9992
2025-11-07 16:44:58,7.7218,267.2396,0.9992
2025-11-07 16:44:58,7.7216,268.5353,0.9992
2025-11-07 16:44:58,7.7221,256.8048,0.9992
2025-11-07 16:44:58,7.7208,223.5176,0.9993
2025-11-07 16:44:58,7.7217,229.4564,0.9993
2025-11-07 16:44:58,7.7214,231.8366,0.9993
2025-11-07 16:44:58,7.7212,235.4106,0.9993
2025-11-07 16:44:58,7.7242,316.5035,0.9990
2025-11-07 16:44:58,7.7244,317.7474,0.9990
2025-11-07 16:44:58,7.7236,325.2567,0.9990
2025-11-07 16:44:58,7.7239,320.1982,0.9990
2025-11-07 16:44:59,7.7201,219.0481,0.9993
2025-11-07 16:44:59,7.7201,219.8668,0.9993
2025-11-07 16:44:59,7.7215,209.9243,0.9993
2025-11-07 16:44:59,7.7213,213.5550,0.9993
2025-11-07 16:44:59,7.7247,298.2491,0.9991
2025-11-07 16:44:59,7.7236,292.7849,0.9991
2025-11-07 16:44:59,7.7250,284.1194,0.9991
2025-11-07 16:44:59,7.7249,287.1584,0.9991
2025-11-07 16:44:59,7.7243,270.5366,0.9992
2025-11-07 16:44:59,7.7256,276.8379,0.9991
2025-11-07 16:44:59,7.7243,285.1654,0.9991
2025-11-12 12:15:21,7.7091,267.3998,0.9991
2025-11-12 12:15:22,7.7217,301.2358,0.9991
2025-11-12 12:15:22,7.7410,76.0640,0.9998
2025-11-12 12:15:22,7.7513,5.3754,1.0000
2025-11-12 12:15:22,7.7500,5.5669,1.0000
2025-11-12 12:15:22,7.7517,2.7969,1.0000
2025-11-12 12:15:22,7.7547,10.6556,1.0000
2025-11-12 12:15:22,7.7525,13.7399,1.0000
2025-11-12 12:15:22,7.7528,12.9457,1.0000
2025-11-12 12:15:23,7.7526,13.1002,1.0000
2025-11-12 12:15:23,7.7523,11.1458,1.0000
2025-11-12 12:15:23,7.7569,16.3932,1.0000
2025-11-12 12:15:23,7.7524,59.9959,0.9998
2025-11-12 12:15:23,7.7532,59.9824,0.9998
2025-11-12 12:15:23,7.7496,52.0403,0.9998
2025-11-12 12:15:23,7.7490,45.7955,0.9999
2025-11-12 12:15:23,7.7499,35.9927,0.9999
2025-11-12 12:15:23,7.7471,35.1984,0.9999
2025-11-12 12:15:24,7.7485,37.4338,0.9999
2025-11-12 12:15:24,7.7471,25.6530,0.9999
2025-11-12 12:15:24,7.7511,8.4925,1.0000
2025-11-12 12:15:24,7.7561,7.7242,1.0000
2025-11-12 12:15:24,7.7584,8.4611,1.0000
2025-11-12 12:15:24,7.7580,8.9003,1.0000
2025-11-12 12:15:24,7.7576,10.9357,1.0000
2025-11-12 12:15:24,7.7582,13.5976,1.0000
2025-11-12 12:15:24,7.7569,11.6610,1.0000
2025-11-12 12:15:24,7.7565,12.1318,1.0000
2025-11-12 12:15:25,7.7575,8.1619,1.0000
2025-11-12 12:15:25,7.7575,7.9053,1.0000
2025-11-12 12:15:25,7.7552,13.7371,1.0000
2025-11-12 12:15:25,7.7510,34.2827,0.9999
2025-11-12 12:15:25,7.7496,34.2824,0.9999
2025-11-12 12:15:25,7.7407,19.0855,0.9999
2025-11-12 12:15:25,7.7397,15.2812,1.0000
2025-11-12 12:15:25,7.7439,26.9878,0.9999
2025-11-12 12:15:25,7.7403,31.5436,0.9999
2025-11-12 12:15:26,7.7345,103.8218,0.9997
2025-11-12 12:15:26,7.7392,155.8579,0.9995
2025-11-12 12:15:26,7.7371,139.4483,0.9996
2025-11-12 12:15:26,7.7390,137.6316,0.9996
2025-11-12 12:15:26,7.7382,156.0708,0.9995
2025-11-12 12:15:26,7.7386,163.1805,0.9995
2025-11-12 12:15:26,7.7385,162.8084,0.9995
2025-11-12 12:15:26,7.7396,165.2913,0.9995
2025-11-12 12:15:26,7.7456,58.6688,0.9998
2025-11-12 12:15:26,7.7442,42.5386,0.9999
2025-11-12 12:15:27,7.7413,47.8704,0.9999
2025-11-12 12:15:27,7.7431,55.3732,0.9998
2025-11-12 12:15:27,7.7405,88.1602,0.9997
2025-11-12 12:15:27,7.7421,111.4275,0.9997
2025-11-12 12:15:27,7.7464,106.5300,0.9997
2025-11-12 12:15:27,7.7441,103.2726,0.9997
2025-11-12 12:15:27,7.7355,320.7731,0.9990
2025-11-12 12:15:27,7.7350,311.6663,0.9990
2025-11-12 12:15:27,7.7343,305.1812,0.9991
2025-11-12 12:15:27,7.7356,313.1731,0.9990
2025-11-12 12:15:28,7.7360,299.4501,0.9991
2025-11-12 12:15:28,7.7369,317.6697,0.9990
2025-11-12 12:15:28,7.7381,328.0577,0.9990
2025-11-12 12:15:28,7.7385,330.4011,0.9990
2025-11-12 12:15:28,7.7467,111.9863,0.9997
2025-11-12 12:15:28,7.7457,98.0934,0.9997
2025-11-12 12:15:28,7.7421,92.8600,0.9997
2025-11-12 12:15:28,7.7438,103.3064,0.9997
2025-11-12 12:15:28,7.7464,64.1349,0.9998
2025-11-12 12:15:28,7.7470,71.3553,0.9998
2025-11-12 12:15:29,7.7489,64.8872,0.9998
2025-11-12 12:15:29,7.7503,73.3874,0.9998
2025-11-12 12:15:29,7.7521,50.1391,0.9999
2025-11-12 12:15:29,7.7511,41.8693,0.9999
2025-11-12 12:15:29,7.7447,100.8797,0.9997
2025-11-12 12:15:29,7.7444,97.6433,0.9997
2025-11-12 12:15:29,7.7436,103.0567,0.9997
2025-11-12 12:15:29,7.7453,126.0183,0.9996
2025-11-12 12:15:29,7.7493,77.7999,0.9998
2025-11-12 12:15:29,7.7479,69.3509,0.9998
2025-11-12 12:15:30,7.7474,75.3952,0.9998
2025-11-12 12:15:30,7.7437,37.8516,0.9999
2025-11-12 12:15:30,7.7448,34.3316,0.9999
2025-11-12 12:15:30,7.7484,70.9083,0.9998
2025-11-12 12:15:30,7.7445,133.6253,0.9996
2025-11-12 12:15:30,7.7474,159.5533,0.9995
2025-11-12 12:15:30,7.7479,157.6188,0.9995
2025-11-12 12:15:30,7.7485,165.5179,0.9995
2025-11-12 12:15:30,7.7463,218.8325,0.9993
2025-11-12 12:15:30,7.7471,229.5405,0.9993
2025-11-12 12:15:31,7.7478,228.4036,0.9993
2025-11-12 12:15:31,7.7467,212.4499,0.9994
2025-11-12 12:15:31,7.7479,183.0397,0.9995
2025-11-12 12:15:31,7.7487,195.6268,0.9994
2025-11-12 12:15:31,7.7504,196.0686,0.9994
2025-11-12 12:15:31,7.7490,182.7760,0.9995
2025-11-12 12:15:32,7.7533,91.8200,0.9997
2025-11-12 12:15:32,7.7513,71.3508,0.9998
2025-11-12 12:15:32,7.7493,72.7342,0.9998
2025-11-12 12:15:32,7.7507,85.9910,0.9997
2025-11-12 12:15:32,7.7505,88.8951,0.9997
2025-11-12 12:15:32,7.7513,96.9950,0.9997
2025-11-12 12:15:32,7.7525,93.5373,0.9997
2025-11-12 12:15:32,7.7484,71.4913,0.9998
2025-11-12 12:15:32,7.7483,72.5068,0.9998
2025-11-12 12:15:32,7.7470,56.9987,0.9998
2025-11-12 12:15:33,7.7454,56.4955,0.9998
2025-11-12 12:15:33,7.7458,58.1634,0.9998
2025-11-12 12:15:33,7.7481,33.4167,0.9999
2025-11-12 12:15:33,7.7502,57.9782,0.9998
2025-11-12 12:15:33,7.7480,72.8911,0.9998
2025-11-12 12:15:33,7.7491,77.3369,0.9998
2025-11-12 12:15:33,7.7475,95.9041,0.9997
2025-11-12 12:15:33,7.7467,84.8796,0.9997
2025-11-12 12:15:33,7.7498,69.5298,0.9998
2025-11-12 12:15:33,7.7501,71.4630,0.9998
2025-11-12 12:15:33,7.7490,89.2829,0.9997
2025-11-12 12:15:33,7.7497,99.3216,0.9997
2025-11-12 12:15:34,7.7508,98.2406,0.9997
2025-11-12 12:15:34,7.7518,104.4100,0.9997
2025-11-12 12:15:34,7.7535,76.7676,0.9998
2025-11-12 12:15:34,7.7515,57.9084,0.9998
2025-11-12 12:15:34,7.7510,58.3924,0.9998
2025-11-12 12:15:34,7.7493,48.6035,0.9999
2025-11-12 12:15:34,7.7477,71.0436,0.9998
2025-11-12 12:15:34,7.7495,91.7471,0.9997
2025-11-12 12:15:35,7.7489,92.4252,0.9997
2025-11-12 12:15:35,7.7404,124.0608,0.9996
2025-11-12 12:15:35,7.7410,118.2557,0.9996
2025-11-12 12:15:35,7.7403,104.6492,0.9997
2025-11-12 12:15:35,7.7370,102.1342,0.9997
2025-11-12 12:15:35,7.7425,77.8952,0.9998
2025-11-12 12:15:35,7.7404,103.2865,0.9997
2025-11-12 12:15:35,7.7418,130.4307,0.9996
2025-11-12 12:15:35,7.7436,123.5749,0.9996
2025-11-12 12:15:35,7.7410,130.4132,0.9996
2025-11-12 12:15:35,7.7435,98.4813,0.9997
2025-11-12 12:15:35,7.7429,86.3769,0.9997
2025-11-12 12:15:35,7.7406,95.6288,0.9997
2025-11-12 12:15:36,7.7399,99.3817,0.9997
2025-11-12 12:15:36,7.7383,113.5172,0.9997
2025-11-12 12:15:36,7.7387,121.6494,0.9996
2025-11-12 12:15:36,7.7418,115.4506,0.9997
2025-11-12 12:15:36,7.7469,102.8025,0.9997
2025-11-12 12:15:36,7.7472,98.2465,0.9997
2025-11-12 12:15:36,7.7458,78.2264,0.9998
2025-11-12 12:15:36,7.7481,79.7330,0.9998
2025-11-12 12:15:36,7.7467,79.1740,0.9998
2025-11-12 12:15:36,7.7418,177.2410,0.9995
2025-11-12 12:15:37,7.7399,150.4742,0.9995
2025-11-12 12:15:37,7.7387,141.7912,0.9996
2025-11-12 12:15:37,7.7401,150.2752,0.9995
2025-11-12 12:15:37,7.7466,37.7051,0.9999
2025-11-12 12:15:37,7.7481,51.1914,0.9998
2025-11-12 12:15:37,7.7460,56.2412,0.9998
2025-11-12 12:15:37,7.7452,54.0622,0.9998
2025-11-12 12:15:37,7.7449,56.6348,0.9998
2025-11-12 12:15:37,7.7438,43.4367,0.9999
2025-11-12 12:15:38,7.7462,41.8351,0.9999
2025-11-12 12:15:38,7.7504,64.9453,0.9998
2025-11-12 12:15:38,7.7513,52.5521,0.9998
2025-11-12 12:15:38,7.7529,64.2774,0.9998
2025-11-12 12:15:38,7.7507,75.4114,0.9998
2025-11-12 12:15:38,7.7504,72.7897,0.9998
2025-11-12 12:15:38,7.7502,75.4594,0.9998
2025-11-12 12:15:38,7.7512,87.6391,0.9997
2025-11-12 12:15:38,7.7531,76.9624,0.9998
2025-11-12 12:15:38,7.7516,68.7206,0.9998
2025-11-12 12:15:38,7.7523,59.8503,0.9998
2025-11-12 12:15:38,7.7518,53.0668,0.9998
2025-11-12 12:15:39,7.7514,54.3717,0.9998
2025-11-12 12:15:39,7.7522,58.6349,0.9998
2025-11-12 12:15:39,7.7486,114.4178,0.9997
2025-11-12 12:15:39,7.7490,120.0906,0.9996
2025-11-12 12:15:39,7.7496,119.1396,0.9996
2025-11-12 12:15:39,7.7440,107.0842,0.9997
2025-11-12 12:15:39,7.7441,105.9131,0.9997
2025-11-12 12:15:39,7.7434,93.4689,0.9997
2025-11-12 12:15:40,7.7433,93.2863,0.9997
2025-11-12 12:15:40,7.7476,99.7475,0.9997
2025-11-12 12:15:40,7.7500,62.7426,0.9998
2025-11-12 12:15:40,7.7509,74.4228,0.9998
2025-11-12 12:15:40,7.7519,73.2733,0.9998
2025-11-12 12:15:40,7.7512,71.6020,0.9998
2025-11-12 12:15:40,7.7511,72.9693,0.9998
2025-11-12 12:15:40,7.7493,53.2582,0.9998
2025-11-12 12:15:40,7.7482,52.7691,0.9998
2025-11-12 12:15:41,7.7513,72.9928,0.9998
2025-11-12 12:15:41,7.7505,84.1668,0.9998
2025-11-12 12:15:41,7.7518,96.6089,0.9997
2025-11-12 12:15:41,7.7516,97.3663,0.9997
2025-11-12 12:15:41,7.7484,77.4173,0.9998
2025-11-12 12:15:41,7.7481,81.9124,0.9998
2025-11-12 12:15:41,7.7470,68.1296,0.9998
2025-11-12 12:15:41,7.7442,77.3790,0.9998
2025-11-12 12:15:41,7.7467,98.9309,0.9997
2025-11-12 12:15:41,7.7459,110.6946,0.9997
2025-11-12 12:15:42,7.7448,97.6071,0.9997
2025-11-12 12:15:42,7.7456,92.9195,0.9997
2025-11-12 12:15:42,7.7456,93.3884,0.9997
2025-11-12 12:15:42,7.7459,89.6585,0.9997
2025-11-12 12:15:42,7.7470,100.6857,0.9997
2025-11-12 12:15:42,7.7464,103.8944,0.9997
2025-11-12 12:15:42,7.7467,107.5002,0.9997
2025-11-12 12:15:42,7.7480,89.0748,0.9997
2025-11-12 12:15:42,7.7484,93.2763,0.9997
2025-11-12 12:15:43,7.7495,85.7412,0.9997
2025-11-12 12:15:43,7.7481,73.8212,0.9998
2025-11-12 12:15:43,7.7493,59.2034,0.9998
2025-11-12 12:15:43,7.7484,50.3771,0.9999
2025-11-12 12:15:43,7.7490,47.7672,0.9999
2025-11-12 12:15:43,7.7501,56.9546,0.9998
2025-11-12 12:15:43,7.7497,62.5197,0.9998
2025-11-12 12:15:43,7.7501,66.2643,0.9998
2025-11-12 12:15:43,7.7509,63.0121,0.9998
2025-11-12 12:15:43,7.7518,71.5194,0.9998
2025-11-12 12:15:44,7.7526,60.8107,0.9998
2025-11-12 12:15:44,7.7536,69.1058,0.9998
2025-11-12 12:15:44,7.7511,88.1581,0.9997
2025-11-12 12:15:44,7.7509,86.7156,0.9997
2025-11-12 12:15:44,7.7507,89.7760,0.9997
2025-11-12 12:15:44,7.7514,98.1078,0.9997
2025-11-12 12:15:44,7.7555,72.7653,0.9998
2025-11-12 12:15:44,7.7514,58.7298,0.9998
2025-11-12 12:15:44,7.7499,79.2495,0.9998
2025-11-12 12:15:45,7.7482,58.6398,0.9998
2025-11-12 12:15:45,7.7479,57.9210,0.9998
2025-11-12 12:15:45,7.7488,60.1152,0.9998
2025-11-12 12:15:45,7.7476,79.2158,0.9998
2025-11-12 12:15:45,7.7476,80.1477,0.9998
2025-11-12 12:15:45,7.7490,85.2021,0.9997
2025-11-12 12:15:45,7.7467,83.0525,0.9998
2025-11-12 12:15:45,7.7486,55.4875,0.9998
2025-11-12 12:15:46,7.7507,80.3350,0.9998
2025-11-12 12:15:46,7.7498,77.7200,0.9998
2025-11-12 12:15:46,7.7507,75.5075,0.9998
2025-11-12 12:15:46,7.7490,102.2216,0.9997
2025-11-12 12:15:46,7.7488,99.4409,0.9997
2025-11-12 12:15:46,7.7483,98.1442,0.9997
2025-11-12 12:15:46,7.7479,98.3196,0.9997
2025-11-12 12:15:46,7.7497,71.3873,0.9998
2025-11-12 12:15:46,7.7499,73.4969,0.9998
2025-11-12 12:15:47,7.7447,95.5690,0.9997
2025-11-12 12:15:47,7.7452,96.4669,0.9997
2025-11-12 12:15:47,7.7445,104.2526,0.9997
2025-11-12 12:15:47,7.7450,115.5865,0.9997
2025-11-12 12:15:47,7.7481,95.3808,0.9997
2025-11-12 12:15:47,7.7444,107.8639,0.9997
2025-11-12 12:15:47,7.7437,116.3984,0.9997
2025-11-12 12:15:47,7.7438,119.0844,0.9996
2025-11-12 12:15:47,7.7312,278.4797,0.9991
2025-11-12 12:15:47,7.7328,283.1188,0.9991
2025-11-12 12:15:47,7.7343,276.5351,0.9992
2025-11-12 12:15:47,7.7334,253.0359,0.9992
2025-11-12 12:15:48,7.7288,386.7844,0.9988
2025-11-12 12:15:48,7.7309,405.4491,0.9988
2025-11-12 12:15:48,7.7293,409.0545,0.9987
2025-11-12 12:15:48,7.7297,421.0415,0.9987
2025-11-12 12:15:48,7.7473,99.2990,0.9997
2025-11-12 12:15:48,7.7488,102.7676,0.9997
2025-11-12 12:15:48,7.7491,98.4077,0.9997
2025-11-12 12:15:48,7.7502,118.3569,0.9996
2025-11-12 12:15:49,7.7487,126.7594,0.9996
2025-11-12 12:15:49,7.7489,127.3400,0.9996
2025-11-12 12:15:49,7.7479,143.2559,0.9996
2025-11-12 12:15:49,7.7462,111.6472,0.9997
2025-11-12 12:15:49,7.7428,141.3486,0.9996
2025-11-12 12:15:49,7.7420,135.4431,0.9996
2025-11-12 12:15:49,7.7425,128.8046,0.9996
2025-11-12 12:15:49,7.7438,155.4150,0.9995
2025-11-12 12:15:49,7.7456,135.6815,0.9996
2025-11-12 12:15:49,7.7438,131.4334,0.9996
2025-11-12 12:15:50,7.7449,117.2970,0.9996
2025-11-12 12:15:50,7.7443,104.9747,0.9997
2025-11-12 12:15:50,7.7466,91.0650,0.9997
2025-11-12 12:15:50,7.7474,90.6529,0.9997
2025-11-12 12:15:50,7.7472,94.0255,0.9997
2025-11-12 12:15:50,7.7481,110.2420,0.9997
2025-11-12 12:15:50,7.7482,109.4048,0.9997
2025-11-12 12:15:50,7.7405,169.8880,0.9995
2025-11-12 12:15:51,7.7404,170.0182,0.9995
2025-11-12 12:15:51,7.7389,134.3866,0.9996
2025-11-12 12:15:51,7.7365,136.2362,0.9996
2025-11-12 12:15:51,7.7437,95.2960,0.9997
2025-11-12 12:15:51,7.7451,81.6096,0.9998
2025-11-12 12:15:51,7.7478,137.1813,0.9996
2025-11-12 12:15:51,7.7489,126.9194,0.9996
2025-11-12 12:15:51,7.7402,218.0520,0.9993
2025-11-12 12:15:52,7.7354,264.7677,0.9992
2025-11-12 12:15:52,7.7297,118.9206,0.9996
2025-11-12 12:15:52,7.7250,120.9817,0.9996
2025-11-12 12:15:52,7.7312,102.1751,0.9997
2025-11-12 12:15:52,7.7332,83.0592,0.9997
2025-11-12 12:15:52,7.7384,199.0281,0.9994
2025-11-12 12:15:52,7.7465,152.1984,0.9995
2025-11-12 12:15:52,7.7418,207.2582,0.9994
2025-11-12 12:15:52,7.7440,181.9009,0.9995
2025-11-12 12:15:52,7.7424,145.7766,0.9996
2025-11-12 12:15:53,7.7373,147.1115,0.9996
2025-11-12 12:15:53,7.7372,148.0514,0.9995
2025-11-12 12:15:53,7.7354,159.4687,0.9995
2025-11-12 12:15:53,7.7362,180.4080,0.9995
2025-11-12 12:15:53,7.7392,175.4250,0.9995
2025-11-12 12:15:53,7.7412,150.1503,0.9995
2025-11-12 12:15:53,7.7359,238.8125,0.9993
2025-11-12 12:15:53,7.7306,125.7340,0.9996
2025-11-12 12:15:53,7.7238,123.1819,0.9996
2025-11-12 12:15:53,7.7143,204.6351,0.9993
2025-11-12 12:15:54,7.7172,189.4590,0.9994
2025-11-12 12:15:54,7.7188,229.3958,0.9993
2025-11-12 12:15:54,7.7252,249.8582,0.9992
2025-11-12 12:15:54,7.7394,92.8284,0.9997
2025-11-12 12:15:54,7.7412,67.0324,0.9998
2025-11-12 12:15:54,7.7409,63.4510,0.9998
2025-11-12 12:15:54,7.7413,63.3840,0.9998
2025-11-12 12:15:54,7.7430,68.2349,0.9998
2025-11-12 12:15:54,7.7403,114.5031,0.9997
2025-11-12 12:15:54,7.7407,119.6987,0.9996
2025-11-12 12:15:55,7.7413,120.4642,0.9996
2025-11-12 12:15:55,7.7419,124.5243,0.9996
2025-11-12 12:15:55,7.7425,113.2547,0.9997
2025-11-12 12:15:55,7.7432,123.1033,0.9996
2025-11-12 12:15:55,7.7428,123.0278,0.9996
2025-11-12 12:15:55,7.7427,122.3477,0.9996
2025-11-12 12:15:55,7.7433,110.7790,0.9997
2025-11-12 12:15:55,7.7431,107.5335,0.9997
2025-11-12 12:15:55,7.7454,112.0711,0.9997
2025-11-12 12:15:56,7.7453,111.8865,0.9997
2025-11-12 12:15:56,7.7464,91.5512,0.9997
2025-11-12 12:15:56,7.7465,92.3630,0.9997
2025-11-12 12:15:56,7.7446,89.2144,0.9997
2025-11-12 12:15:56,7.7432,84.4938,0.9997
2025-11-12 12:15:56,7.7460,47.7323,0.9999
2025-11-12 12:15:56,7.7459,46.4260,0.9999
2025-11-12 12:15:56,7.7476,47.6212,0.9999
2025-11-12 12:15:57,7.7516,60.3049,0.9998
2025-11-12 12:15:57,7.7462,163.9607,0.9995
2025-11-12 12:15:57,7.7457,158.4204,0.9995
2025-11-12 12:15:57,7.7426,157.0064,0.9995
2025-11-12 12:15:57,7.7417,145.8796,0.9996
2025-11-12 12:15:57,7.7386,218.1405,0.9993
2025-11-12 12:15:57,7.7369,195.4490,0.9994
2025-11-12 12:15:57,7.7400,207.7509,0.9994
2025-11-12 12:15:57,7.7413,227.0633,0.9993
2025-11-12 12:15:57,7.7444,149.4325,0.9996
2025-11-12 12:15:57,7.7449,153.2637,0.9995
2025-11-12 12:15:58,7.7398,159.9476,0.9995
2025-11-12 12:15:58,7.7403,169.8863,0.9995
2025-11-12 12:15:58,7.7397,182.5091,0.9994
2025-11-12 12:15:58,7.7375,162.8799,0.9995
2025-11-12 12:15:58,7.7410,157.9404,0.9995
2025-11-12 12:15:58,7.7410,158.8197,0.9995
2025-11-12 12:15:59,7.7437,106.8631,0.9997
2025-11-12 12:15:59,7.7477,132.6757,0.9996
2025-11-12 12:15:59,7.7437,157.5953,0.9995
2025-11-12 12:15:59,7.7439,161.1268,0.9995
2025-11-12 12:15:59,7.7436,168.2279,0.9995
2025-11-12 12:15:59,7.7445,181.2404,0.9995
2025-11-12 12:15:59,7.7447,178.2622,0.9995
2025-11-12 12:15:59,7.7459,198.4472,0.9994
2025-11-12 12:15:59,7.7502,129.9117,0.9996
2025-11-12 12:15:59,7.7501,128.8416,0.9996
2025-11-12 12:15:59,7.7529,98.2299,0.9997
2025-11-12 12:16:00,7.7518,84.2447,0.9998
2025-11-12 12:16:00,7.7517,85.4433,0.9997
2025-11-12 12:16:00,7.7490,65.7935,0.9998
2025-11-12 12:16:00,7.7505,59.9097,0.9998
2025-11-12 12:16:00,7.7486,41.1472,0.9999
2025-11-12 12:16:00,7.7489,38.0457,0.9999
2025-11-12 12:16:00,7.7510,52.2424,0.9998
2025-11-12 12:16:00,7.7465,83.8441,0.9997
2025-11-12 12:16:00,7.7466,84.4550,0.9997
2025-11-12 12:16:00,7.7465,85.3656,0.9997
2025-11-12 12:16:01,7.7482,108.7495,0.9997
2025-11-12 12:16:01,7.7524,73.1027,0.9998
2025-11-12 12:16:01,7.7443,94.0543,0.9997
2025-11-12 12:16:01,7.7358,230.5273,0.9993
2025-11-12 12:16:01,7.7305,133.7854,0.9996
2025-11-12 12:16:01,7.7177,163.9686,0.9995
2025-11-12 12:16:01,7.7241,246.2959,0.9992
2025-11-12 12:16:01,7.7196,335.2941,0.9989
2025-11-12 12:16:01,7.7230,413.0492,0.9987
2025-11-12 12:16:01,7.7299,333.6375,0.9990
2025-11-12 12:16:01,7.7334,400.7895,0.9988
2025-11-12 12:16:01,7.7416,191.3518,0.9994
2025-11-12 12:16:01,7.7439,230.2567,0.9993
2025-11-12 12:16:02,7.7435,235.6923,0.9993
2025-11-12 12:16:02,7.7437,239.0397,0.9993
2025-11-12 12:16:02,7.7442,230.1599,0.9993
2025-11-12 12:16:02,7.7443,231.6544,0.9993
2025-11-12 12:16:02,7.7460,207.8196,0.9994
2025-11-12 12:16:02,7.7465,215.7566,0.9994
2025-11-12 12:16:02,7.7509,145.0227,0.9996
2025-11-12 12:16:02,7.7507,142.5189,0.9996
2025-11-12 12:16:02,7.7438,288.1577,0.9991
2025-11-12 12:16:03,7.7435,282.0628,0.9992
2025-11-12 12:16:03,7.7410,306.2817,0.9991
2025-11-12 12:16:03,7.7420,327.5896,0.9990
2025-11-12 12:16:03,7.7464,228.4111,0.9993
2025-11-12 12:16:03,7.7463,225.7900,0.9993
2025-11-12 12:16:03,7.7488,192.4771,0.9994
2025-11-12 12:16:03,7.7480,177.4372,0.9995
2025-11-12 12:16:03,7.7465,207.8299,0.9994
2025-11-12 12:16:03,7.7448,185.2610,0.9994
2025-11-12 12:16:03,7.7454,180.5563,0.9995
2025-11-12 12:16:04,7.7462,196.5551,0.9994
2025-11-12 12:16:04,7.7457,208.4296,0.9994
2025-11-12 12:16:04,7.7375,190.3918,0.9994
2025-11-12 12:16:04,7.7363,193.7741,0.9994
2025-11-12 12:16:04,7.7366,201.3130,0.9994
2025-11-12 12:16:04,7.7456,125.7931,0.9996
2025-11-12 12:16:04,7.7493,97.9329,0.9997
2025-11-12 12:16:04,7.7476,121.4890,0.9996
2025-11-12 12:16:04,7.7481,130.6527,0.9996
2025-11-12 12:16:05,7.7460,137.5832,0.9996
2025-11-12 12:16:05,7.7480,138.2910,0.9996
2025-11-12 12:16:05,7.7490,124.5708,0.9996
2025-11-12 12:16:05,7.7474,94.1039,0.9997
2025-11-12 12:16:05,7.7483,89.2050,0.9997
2025-11-12 12:16:05,7.7475,88.0314,0.9997
2025-11-12 12:16:05,7.7468,97.1215,0.9997
2025-11-12 12:16:05,7.7473,106.1774,0.9997
2025-11-12 12:16:05,7.7477,104.8637,0.9997
2025-11-12 12:16:05,7.7488,106.7605,0.9997
2025-11-12 12:16:05,7.7499,91.0697,0.9997
2025-11-12 12:16:05,7.7496,85.7220,0.9997
2025-11-12 12:16:06,7.7476,97.9747,0.9997
2025-11-12 12:16:06,7.7470,96.1378,0.9997
2025-11-12 12:16:06,7.7486,80.1667,0.9998
2025-11-12 12:16:06,7.7490,87.1213,0.9997
2025-11-12 12:16:06,7.7469,109.1854,0.9997
2025-11-12 12:16:06,7.7509,134.9614,0.9996
2025-11-12 12:16:07,7.7494,152.2747,0.9995
2025-11-12 12:16:07,7.7496,156.0447,0.9995
2025-11-12 12:16:07,7.7512,135.5690,0.9996
2025-11-12 12:16:07,7.7517,141.2003,0.9996
2025-11-12 12:16:07,7.7507,157.5553,0.9995
2025-11-12 12:16:07,7.7504,153.1706,0.9995
2025-11-12 12:16:07,7.7518,139.0364,0.9996
2025-11-12 12:16:07,7.7527,149.4421,0.9996
2025-11-12 12:16:07,7.7545,119.8467,0.9996
2025-11-12 12:16:07,7.7542,115.9279,0.9997
2025-11-12 12:16:07,7.7437,322.6929,0.9990
2025-11-12 12:16:08,7.7437,321.3114,0.9990
2025-11-12 12:16:08,7.7439,319.3323,0.9990
2025-11-12 12:16:08,7.7435,310.9059,0.9991
2025-11-12 12:16:08,7.7481,197.0313,0.9994
2025-11-12 12:16:08,7.7479,194.7123,0.9994
2025-11-12 12:16:08,7.7470,204.7932,0.9994
2025-11-12 12:16:08,7.7405,140.8258,0.9996
2025-11-12 12:16:08,7.7409,134.5143,0.9996
2025-11-12 12:16:08,7.7414,146.5336,0.9996
2025-11-12 12:16:08,7.7394,166.2478,0.9995
2025-11-12 12:16:08,7.7412,176.8232,0.9995
2025-11-12 12:16:08,7.7429,153.3051,0.9995
2025-11-12 12:16:09,7.7418,130.0379,0.9996
2025-11-12 12:16:09,7.7447,99.2693,0.9997
2025-11-12 12:16:09,7.7409,93.7854,0.9997
2025-11-12 12:16:09,7.7287,358.7343,0.9989
2025-11-12 12:16:09,7.7299,392.1562,0.9988
2025-11-12 12:16:09,7.7299,392.1562,0.9988
2025-11-12 12:16:09,7.7303,393.8260,0.9988
2025-11-12 12:16:09,7.7316,350.3667,0.9989
2025-11-12 12:16:09,7.7312,338.2269,0.9990
2025-11-12 12:16:09,7.7306,337.8537,0.9990
2025-11-12 12:16:09,7.7329,355.2285,0.9989
2025-11-12 12:16:09,7.7399,174.3559,0.9995
2025-11-12 12:16:10,7.7407,191.2640,0.9994
2025-11-12 12:16:10,7.7357,245.9069,0.9993
2025-11-12 12:16:10,7.7367,254.7949,0.9992
2025-11-12 12:16:10,7.7359,269.6050,0.9992
2025-11-12 12:16:10,7.7350,246.9187,0.9992
2025-11-12 12:16:10,7.7389,201.7164,0.9994
2025-11-12 12:16:10,7.7389,201.0655,0.9994
2025-11-12 12:16:10,7.7419,145.0733,0.9996
2025-11-12 12:16:10,7.7428,163.6885,0.9995
2025-11-12 12:16:11,7.7425,167.1115,0.9995
2025-11-12 12:16:11,7.7427,168.5886,0.9995
2025-11-12 12:16:11,7.7454,132.1754,0.9996
2025-11-12 12:16:11,7.7446,115.1775,0.9997
2025-11-12 12:16:11,7.7435,128.6713,0.9996
2025-11-12 12:16:11,7.7402,119.7889,0.9996
2025-11-12 12:16:11,7.7408,115.4956,0.9997
2025-11-12 12:16:11,7.7403,104.7488,0.9997
2025-11-12 12:16:11,7.7379,138.2565,0.9996
2025-11-12 12:16:11,7.7379,138.2560,0.9996
2025-11-12 12:16:11,7.7388,135.1334,0.9996
2025-11-12 12:16:11,7.7390,139.9879,0.9996
2025-11-12 12:16:12,7.7440,77.6150,0.9998
2025-11-12 12:16:12,7.7500,94.4272,0.9997
2025-11-12 12:16:12,7.7492,103.1113,0.9997
2025-11-12 12:16:12,7.7485,94.4751,0.9997
2025-11-12 12:16:12,7.7459,130.0260,0.9996
2025-11-12 12:16:12,7.7466,138.7703,0.9996
2025-11-12 12:16:12,7.7438,173.5160,0.9995
2025-11-12 12:16:12,7.7436,170.8101,0.9995
2025-11-12 12:16:12,7.7454,148.6784,0.9996
2025-11-12 12:16:12,7.7447,139.2553,0.9996
2025-11-12 12:16:12,7.7455,126.5441,0.9996
2025-11-12 12:16:13,7.7457,129.0397,0.9996
2025-11-12 12:16:13,7.7466,119.4226,0.9996
2025-11-12 12:16:13,7.7469,123.2837,0.9996
2025-11-12 12:16:13,7.7477,112.9880,0.9997
2025-11-12 12:16:13,7.7481,118.4822,0.9996
2025-11-12 12:16:13,7.7488,110.6857,0.9997
2025-11-12 12:16:13,7.7507,134.2812,0.9996
2025-11-12 12:16:13,7.7523,111.7257,0.9997
2025-11-12 12:16:13,7.7516,104.7197,0.9997
2025-11-12 12:16:13,7.7495,132.3564,0.9996
2025-11-12 12:16:13,7.7497,134.6629,0.9996
2025-11-12 12:16:14,7.7489,143.6453,0.9996
2025-11-12 12:16:14,7.7451,113.9471,0.9997
2025-11-12 12:16:14,7.7473,91.8685,0.9997
2025-11-12 12:16:14,7.7463,74.9252,0.9998
2025-11-12 12:16:14,7.7465,73.2047,0.9998
2025-11-12 12:16:14,7.7474,76.7723,0.9998
2025-11-12 12:16:14,7.7469,80.4851,0.9998
2025-11-12 12:16:14,7.7469,79.9908,0.9998
2025-11-12 12:16:15,7.7478,71.1746,0.9998
2025-11-12 12:16:15,7.7466,67.1641,0.9998
2025-11-12 12:16:15,7.7452,80.7741,0.9998
2025-11-12 12:16:15,7.7458,90.7597,0.9997
2025-11-12 12:16:15,7.7441,106.4580,0.9997
2025-11-12 12:16:15,7.7412,103.5488,0.9997
2025-11-12 12:16:15,7.7422,96.2825,0.9997
2025-11-12 12:16:15,7.7414,81.7915,0.9998
2025-11-12 12:16:15,7.7421,76.3477,0.9998
2025-11-12 12:16:16,7.7427,75.2650,0.9998
2025-11-12 12:16:16,7.7422,78.6162,0.9998
2025-11-12 12:16:16,7.7423,80.8362,0.9998
2025-11-12 12:16:16,7.7414,89.1159,0.9997
2025-11-12 12:16:16,7.7435,92.5998,0.9997
2025-11-12 12:16:16,7.7441,87.4237,0.9997
2025-11-12 12:16:16,7.7447,96.3212,0.9997
2025-11-12 12:16:16,7.7446,97.2581,0.9997
2025-11-12 12:16:16,7.7409,99.6044,0.9997
2025-11-12 12:16:16,7.7401,104.5724,0.9997
2025-11-12 12:16:16,7.7381,67.2764,0.9998
2025-11-12 12:16:17,7.7363,83.7980,0.9997
2025-11-12 12:16:17,7.7390,87.4350,0.9997
2025-11-12 12:16:17,7.7370,103.6049,0.9997
2025-11-12 12:16:17,7.7390,141.1513,0.9996
2025-11-12 12:16:17,7.7400,128.8774,0.9996
2025-11-12 12:16:17,7.7414,135.6842,0.9996
2025-11-12 12:16:17,7.7443,106.6629,0.9997
2025-11-12 12:16:17,7.7423,76.6610,0.9998
2025-11-12 12:16:18,7.7442,56.9332,0.9998
2025-11-12 12:16:18,7.7433,53.8770,0.9998
2025-11-12 12:16:18,7.7434,53.5834,0.9998
2025-11-12 12:16:18,7.7448,73.9385,0.9998
2025-11-12 12:16:18,7.7451,71.5311,0.9998
2025-11-12 12:16:18,7.7473,80.3033,0.9998
2025-11-12 12:16:18,7.7458,97.4092,0.9997
2025-11-12 12:16:18,7.7472,121.5849,0.9996
2025-11-12 12:16:18,7.7451,147.0214,0.9996
2025-11-12 12:16:18,7.7479,175.6867,0.9995
2025-11-12 12:16:19,7.7472,185.1041,0.9994
2025-11-12 12:16:19,7.7472,184.3944,0.9995
2025-11-12 12:16:19,7.7478,175.3776,0.9995
2025-11-12 12:16:19,7.7476,173.3278,0.9995
2025-11-12 12:16:19,7.7482,164.0472,0.9995
2025-11-12 12:16:19,7.7484,166.2696,0.9995
2025-11-12 12:16:19,7.7485,163.9466,0.9995
2025-11-12 12:16:19,7.7490,170.0058,0.9995
2025-11-12 12:16:19,7.7498,158.6699,0.9995
2025-11-12 12:16:20,7.7492,148.0967,0.9996
2025-11-12 12:16:20,7.7511,122.1504,0.9996
2025-11-12 12:16:20,7.7512,122.5960,0.9996
2025-11-12 12:16:20,7.7516,116.8764,0.9997
2025-11-12 12:16:20,7.7525,129.4844,0.9996
2025-11-12 12:16:20,7.7501,162.5522,0.9995
2025-11-12 12:16:20,7.7477,137.6084,0.9996
2025-11-12 12:16:20,7.7448,175.5669,0.9995
2025-11-12 12:16:20,7.7413,116.1750,0.9996
2025-11-12 12:16:21,7.7427,103.1864,0.9997
2025-11-12 12:16:21,7.7418,93.8917,0.9997
2025-11-12 12:16:21,7.7430,78.5260,0.9998
2025-11-12 12:16:21,7.7453,111.0421,0.9997
2025-11-12 12:16:21,7.7451,112.7490,0.9997
2025-11-12 12:16:21,7.7483,145.2533,0.9996
2025-11-12 12:16:21,7.7447,210.4506,0.9994
2025-11-12 12:16:21,7.7458,229.2651,0.9993
2025-11-12 12:16:21,7.7450,237.9928,0.9993
2025-11-12 12:16:22,7.7444,228.8918,0.9993
2025-11-12 12:16:22,7.7441,235.5451,0.9993
2025-11-12 12:16:22,7.7436,226.8667,0.9993
2025-11-12 12:16:22,7.7427,237.7662,0.9993
2025-11-12 12:16:22,7.7435,250.4613,0.9992
2025-11-12 12:16:22,7.7419,287.0189,0.9991
2025-11-12 12:16:22,7.7424,296.6720,0.9991
2025-11-12 12:16:22,7.7426,294.2784,0.9991
2025-11-12 12:16:22,7.7421,285.6849,0.9991
2025-11-12 12:16:23,7.7353,491.8003,0.9985
2025-11-12 12:16:23,7.7353,491.9062,0.9985
2025-11-12 12:16:23,7.7330,513.8049,0.9984
2025-11-12 12:16:23,7.7330,512.0400,0.9984
2025-11-12 12:16:23,7.7437,238.5435,0.9993
2025-11-12 12:16:23,7.7431,225.5104,0.9993
2025-11-12 12:16:23,7.7416,254.5906,0.9992
2025-11-12 12:16:23,7.7426,272.5672,0.9992
2025-11-12 12:16:23,7.7440,252.8030,0.9992
2025-11-12 12:16:23,7.7441,254.5901,0.9992
2025-11-12 12:16:24,7.7377,433.2733,0.9987
2025-11-12 12:16:24,7.7364,406.5607,0.9988
2025-11-12 12:16:24,7.7375,398.7334,0.9988
2025-11-12 12:16:24,7.7372,390.5654,0.9988
2025-11-12 12:16:24,7.7445,195.1060,0.9994
2025-11-12 12:16:24,7.7452,206.4005,0.9994
2025-11-12 12:16:24,7.7435,227.1617,0.9993
2025-11-12 12:16:24,7.7449,254.0896,0.9992
2025-11-12 12:16:25,7.7353,531.3933,0.9984
2025-11-12 12:16:25,7.7341,506.5217,0.9985
2025-11-12 12:16:25,7.7286,577.8948,0.9982
2025-11-12 12:16:25,7.7279,554.6761,0.9983
2025-11-12 12:16:25,7.7305,473.7255,0.9985
2025-11-12 12:16:25,7.7258,393.2868,0.9988
2025-11-12 12:16:25,7.7344,323.3496,0.9990
2025-11-12 12:16:25,7.7359,366.2885,0.9989
2025-11-12 12:16:25,7.7357,372.0944,0.9989
2025-11-12 12:16:25,7.7378,387.7853,0.9988
2025-11-12 12:16:25,7.7375,388.5729,0.9988
2025-11-12 12:16:26,7.7377,396.1742,0.9988
2025-11-12 12:16:26,7.7379,390.1334,0.9988
2025-11-12 12:16:26,7.7353,371.6642,0.9989
2025-11-12 12:16:26,7.7341,374.6909,0.9989
2025-11-12 12:16:26,7.7330,340.2180,0.9990
2025-11-12 12:16:26,7.7327,348.6581,0.9989
2025-11-12 12:16:26,7.7353,371.2586,0.9989
2025-11-12 12:16:26,7.7349,373.3821,0.9989
2025-11-12 12:16:26,7.7349,373.0898,0.9989
2025-11-12 12:16:26,7.7350,369.9774,0.9989
2025-11-12 12:16:26,7.7348,368.2027,0.9989
2025-11-12 12:16:27,7.7360,363.2981,0.9989
2025-11-12 12:16:27,7.7360,364.8649,0.9989
2025-11-12 12:16:27,7.7357,376.8565,0.9989
2025-11-12 12:16:27,7.7371,394.3370,0.9988
2025-11-12 12:16:27,7.7367,395.8714,0.9988
2025-11-12 12:16:27,7.7361,379.8522,0.9988
2025-11-12 12:16:27,7.7367,361.8621,0.9989
2025-11-12 12:16:27,7.7351,342.6871,0.9990
2025-11-12 12:16:27,7.7339,348.5746,0.9989
2025-11-12 12:16:27,7.7335,338.3994,0.9990
2025-11-12 12:16:28,7.7333,343.9187,0.9989
2025-11-12 12:16:28,7.7339,351.8200,0.9989
2025-11-12 12:16:28,7.7335,354.1154,0.9989
2025-11-12 12:16:28,7.7337,359.1988,0.9989
2025-11-12 12:16:28,7.7336,362.2339,0.9989
2025-11-12 12:16:28,7.7289,321.5964,0.9990
2025-11-12 12:16:28,7.7305,318.3523,0.9990
2025-11-12 12:16:28,7.7318,358.5633,0.9989
2025-11-12 12:16:28,7.7318,358.5633,0.9989
2025-11-12 12:16:29,7.7344,369.7710,0.9989
2025-11-12 12:16:29,7.7346,369.0617,0.9989
2025-11-12 12:16:29,7.7342,356.1023,0.9989
2025-11-12 12:16:29,7.7342,356.1023,0.9989
2025-11-12 12:16:29,7.7369,383.1116,0.9988
2025-11-12 12:16:29,7.7375,381.0419,0.9988
2025-11-12 12:16:29,7.7369,364.8822,0.9989
2025-11-12 12:16:29,7.7371,355.7013,0.9989
2025-11-12 12:16:29,7.7343,328.3472,0.9990
2025-11-12 12:16:29,7.7342,328.4098,0.9990
2025-11-12 12:16:30,7.7346,336.9185,0.9990
2025-11-12 12:16:30,7.7349,326.2742,0.9990
2025-11-12 12:16:30,7.7379,354.8066,0.9989
2025-11-12 12:16:30,7.7342,380.4649,0.9988
2025-11-12 12:16:30,7.7344,385.6926,0.9988
2025-11-12 12:16:30,7.7344,385.6926,0.9988
2025-11-12 12:16:30,7.7315,351.1492,0.9989
2025-11-12 12:16:30,7.7346,333.3921,0.9990
2025-11-12 12:16:30,7.7344,326.3095,0.9990
2025-11-12 12:16:30,7.7338,342.4114,0.9990
2025-11-12 12:16:31,7.7391,409.8052,0.9988
2025-11-12 12:16:31,7.7390,410.4205,0.9988
2025-11-12 12:16:31,7.7388,407.2529,0.9988
2025-11-12 12:16:31,7.7387,410.6099,0.9988
2025-11-12 12:16:31,7.7390,415.4841,0.9987
2025-11-12 12:16:31,7.7375,426.3968,0.9987
2025-11-12 12:16:31,7.7379,436.2611,0.9987
2025-11-12 12:16:31,7.7379,436.2611,0.9987
2025-11-12 12:16:31,7.7390,459.8059,0.9986
2025-11-12 12:16:31,7.7418,440.0657,0.9987
2025-11-12 12:16:32,7.7418,439.9802,0.9987
2025-11-12 12:16:32,7.7418,439.9802,0.9987
2025-11-12 12:16:32,7.7403,411.9748,0.9988
2025-11-12 12:16:32,7.7394,415.9770,0.9987
2025-11-12 12:16:32,7.7391,409.2728,0.9988
2025-11-12 12:16:32,7.7394,399.6818,0.9988
2025-11-12 12:16:32,7.7386,386.3001,0.9988
2025-11-12 12:16:33,7.7367,398.8825,0.9988
2025-11-12 12:16:33,7.7348,354.4618,0.9989
2025-11-12 12:16:33,7.7352,343.7563,0.9990
2025-11-12 12:16:33,7.7363,367.1141,0.9989
2025-11-12 12:16:33,7.7387,353.0851,0.9989
2025-11-12 12:16:33,7.7399,377.1629,0.9989
2025-11-12 12:16:33,7.7394,394.4135,0.9988
2025-11-12 12:16:33,7.7382,373.5328,0.9989
2025-11-12 12:16:33,7.7359,386.2094,0.9988
2025-11-12 12:16:33,7.7347,359.3083,0.9989
2025-11-12 12:16:34,7.7341,378.9288,0.9988
2025-11-12 12:16:34,7.7333,364.5043,0.9989
2025-11-12 12:16:34,7.7339,361.4880,0.9989
2025-11-12 12:16:34,7.7313,311.6267,0.9990
2025-11-12 12:16:34,7.7324,281.0970,0.9991
2025-11-12 12:16:34,7.7339,311.0077,0.9990
2025-11-12 12:16:34,7.7305,338.7531,0.9990
2025-11-12 12:16:34,7.7322,372.9200,0.9989
2025-11-12 12:16:34,7.7315,393.2036,0.9988
2025-11-12 12:16:35,7.7319,401.7460,0.9988
2025-11-12 12:16:35,7.7324,395.4844,0.9988
2025-11-12 12:16:35,7.7323,392.6104,0.9988
2025-11-12 12:16:35,7.7325,387.8377,0.9988
2025-11-12 12:16:35,7.7328,395.3446,0.9988
2025-11-12 12:16:35,7.7364,365.9558,0.9989
2025-11-12 12:16:35,7.7362,362.3106,0.9989
2025-11-12 12:16:35,7.7362,362.3106,0.9989
2025-11-12 12:16:35,7.7295,264.2570,0.9992
2025-11-12 12:16:35,7.7274,269.1002,0.9992
2025-11-12 12:16:35,7.7290,310.7127,0.9990
2025-11-12 12:16:35,7.7290,310.7127,0.9990
2025-11-12 12:16:35,7.7279,302.4713,0.9991
2025-11-12 12:16:36,7.7308,297.1410,0.9991
2025-11-12 12:16:36,7.7309,299.6178,0.9991
2025-11-12 12:16:36,7.7309,299.6178,0.9991
2025-11-12 12:16:36,7.7347,328.2802,0.9990
2025-11-12 12:16:36,7.7345,328.5412,0.9990
2025-11-12 12:16:36,7.7343,322.6052,0.9990
2025-11-12 12:16:36,7.7343,322.6052,0.9990
2025-11-12 12:16:36,7.7333,312.0464,0.9990
2025-11-12 12:16:36,7.7331,312.2324,0.9990
2025-11-12 12:16:36,7.7339,330.8840,0.9990
2025-11-12 12:16:37,7.7341,322.2443,0.9990
2025-11-12 12:16:37,7.7354,335.4745,0.9990
2025-11-12 12:16:37,7.7342,340.0610,0.9990
2025-11-12 12:16:37,7.7326,301.1708,0.9991
2025-11-12 12:16:37,7.7324,307.0349,0.9991
2025-11-12 12:16:37,7.7325,308.0679,0.9991
2025-11-12 12:16:37,7.7343,304.2090,0.9991
2025-11-12 12:16:37,7.7343,303.4699,0.9991
2025-11-12 12:16:38,7.7342,306.0649,0.9991
2025-11-12 12:16:38,7.7348,314.2494,0.9990
2025-11-12 12:16:38,7.7343,314.7844,0.9990
2025-11-12 12:16:38,7.7351,330.6197,0.9990
2025-11-12 12:16:38,7.7351,330.6197,0.9990
2025-11-12 12:16:38,7.7345,322.5643,0.9990
2025-11-12 12:16:38,7.7316,335.2538,0.9990
2025-11-12 12:16:38,7.7317,338.3116,0.9990
2025-11-12 12:16:38,7.7320,330.0502,0.9990
2025-11-12 12:16:38,7.7340,362.5547,0.9989
2025-11-12 12:16:38,7.7361,348.2962,0.9989
2025-11-12 12:16:38,7.7354,334.1808,0.9990
2025-11-12 12:16:39,7.7352,339.9255,0.9990
2025-11-12 12:16:39,7.7357,347.7282,0.9989
2025-11-12 12:16:39,7.7342,356.1412,0.9989
2025-11-12 12:16:39,7.7345,361.5616,0.9989
2025-11-12 12:16:39,7.7347,355.9014,0.9989
2025-11-12 12:16:39,7.7339,341.3656,0.9990
2025-11-12 12:16:39,7.7354,333.1271,0.9990
2025-11-12 12:16:39,7.7340,306.9751,0.9991
2025-11-12 12:16:39,7.7339,312.5542,0.9990
2025-11-12 12:16:39,7.7344,323.1839,0.9990
2025-11-12 12:16:39,7.7357,320.3494,0.9990
2025-11-12 12:16:40,7.7361,327.8473,0.9990
2025-11-12 12:16:40,7.7360,331.0285,0.9990
2025-11-12 12:16:40,7.7362,334.2194,0.9990
2025-11-12 12:16:40,7.7362,334.1987,0.9990
2025-11-12 12:16:40,7.7365,339.2964,0.9990
2025-11-12 12:16:40,7.7365,339.2964,0.9990
2025-11-12 12:16:40,7.7369,346.5936,0.9989
2025-11-12 12:16:40,7.7366,347.3177,0.9989
2025-11-12 12:16:40,7.7362,341.0019,0.9990
2025-11-12 12:16:40,7.7362,341.0019,0.9990
2025-11-12 12:16:40,7.7344,310.0272,0.9991
2025-11-12 12:16:40,7.7336,311.4313,0.9990
2025-11-12 12:16:40,7.7336,311.2495,0.9990
2025-11-12 12:16:41,7.7334,319.6510,0.9990
2025-11-12 12:16:41,7.7351,350.1816,0.9989
2025-11-12 12:16:41,7.7318,371.5965,0.9989
2025-11-12 12:16:41,7.7319,373.0420,0.9989
2025-11-12 12:16:41,7.7321,364.8781,0.9989
2025-11-12 12:16:41,7.7309,340.0625,0.9990
2025-11-12 12:16:41,7.7342,320.4667,0.9990
2025-11-12 12:16:41,7.7349,333.9540,0.9990
2025-11-12 12:16:42,7.7349,333.9540,0.9990
2025-11-12 12:16:42,7.7352,339.5150,0.9990
2025-11-12 12:16:42,7.7365,336.6517,0.9990
2025-11-12 12:16:42,7.7348,306.2679,0.9991
2025-11-12 12:16:42,7.7350,299.0636,0.9991
2025-11-12 12:16:42,7.7350,299.9074,0.9991
2025-11-12 12:16:42,7.7344,300.3509,0.9991
2025-11-12 12:16:42,7.7364,335.8846,0.9990
2025-11-12 12:16:42,7.7360,348.4301,0.9989
2025-11-12 12:16:42,7.7347,328.3571,0.9990
2025-11-12 12:16:42,7.7323,337.2285,0.9990
2025-11-12 12:16:42,7.7338,373.6235,0.9989
2025-11-12 12:16:43,7.7340,368.7043,0.9989
2025-11-12 12:16:43,7.7348,381.8893,0.9988
2025-11-12 12:16:43,7.7348,381.9201,0.9988
2025-11-12 12:16:43,7.7347,379.5845,0.9988
2025-11-12 12:16:43,7.7347,379.5845,0.9988
2025-11-12 12:16:43,7.7360,401.6750,0.9988
2025-11-12 12:16:43,7.7369,394.6157,0.9988
2025-11-12 12:16:43,7.7374,406.7950,0.9988
2025-11-12 12:16:43,7.7376,399.1838,0.9988
2025-11-12 12:16:43,7.7368,384.7515,0.9988
2025-11-12 12:16:44,7.7370,383.5571,0.9988
2025-11-12 12:16:44,7.7346,330.5801,0.9990
2025-11-12 12:16:44,7.7343,342.7019,0.9990
2025-11-12 12:16:44,7.7342,341.5801,0.9990
2025-11-12 12:16:44,7.7353,337.9461,0.9990
2025-11-12 12:16:44,7.7359,350.4025,0.9989
2025-11-12 12:16:44,7.7360,345.2796,0.9989
2025-11-12 12:16:44,7.7361,346.4147,0.9989
2025-11-12 12:16:44,7.7351,350.1990,0.9989
2025-11-12 12:16:44,7.7359,367.1962,0.9989
2025-11-12 12:16:45,7.7355,377.9699,0.9988
2025-11-12 12:16:45,7.7366,397.1419,0.9988
2025-11-12 12:16:45,7.7276,524.5002,0.9984
2025-11-12 12:16:45,7.7282,544.3969,0.9983
2025-11-12 12:16:45,7.7286,535.0865,0.9983
2025-11-12 12:16:45,7.7285,533.0858,0.9984
2025-11-12 12:16:45,7.7363,409.6687,0.9988
2025-11-12 12:16:45,7.7353,385.0339,0.9988
2025-11-12 12:16:46,7.7355,377.7386,0.9988
2025-11-12 12:16:46,7.7360,388.5594,0.9988
2025-11-12 12:16:46,7.7350,398.6973,0.9988
2025-11-12 12:16:46,7.7352,405.0049,0.9988
2025-11-12 12:16:46,7.7330,479.2588,0.9985
2025-11-12 12:16:46,7.7324,467.5968,0.9986
2025-11-12 12:16:46,7.7343,454.3796,0.9986
2025-11-12 12:16:46,7.7335,436.9793,0.9987
2025-11-12 12:16:46,7.7335,436.9793,0.9987
2025-11-12 12:16:47,7.7305,383.0377,0.9988
2025-11-12 12:16:47,7.7305,382.9803,0.9988
2025-11-12 12:16:47,7.7308,390.7206,0.9988
2025-11-12 12:16:47,7.7334,310.6548,0.9990
2025-11-12 12:16:47,7.7329,304.8633,0.9991
2025-11-12 12:16:47,7.7346,300.0176,0.9991
2025-11-12 12:16:47,7.7356,323.8063,0.9990
2025-11-12 12:16:47,7.7352,337.3900,0.9990
2025-11-12 12:16:47,7.7358,344.0188,0.9990
2025-11-12 12:16:48,7.7351,345.8792,0.9989
2025-11-12 12:16:48,7.7352,347.3888,0.9989
2025-11-12 12:16:48,7.7348,359.1692,0.9989
2025-11-12 12:16:48,7.7379,407.3215,0.9988
2025-11-12 12:16:48,7.7386,404.1393,0.9988
2025-11-12 12:16:48,7.7382,394.5022,0.9988
2025-11-12 12:16:48,7.7385,385.2555,0.9988
2025-11-12 12:16:48,7.7347,331.2401,0.9990
2025-11-12 12:16:48,7.7348,331.1766,0.9990
2025-11-12 12:16:49,7.7341,315.0335,0.9990
2025-11-12 12:16:49,7.7341,315.0335,0.9990
2025-11-12 12:16:49,7.7362,342.9291,0.9990
2025-11-12 12:16:49,7.7361,343.1550,0.9990
2025-11-12 12:16:49,7.7348,316.9541,0.9990
2025-11-12 12:16:49,7.7348,316.9541,0.9990
2025-11-12 12:16:49,7.7353,324.4466,0.9990
2025-11-12 12:16:49,7.7361,323.7130,0.9990
2025-11-12 12:16:49,7.7399,406.7271,0.9988
2025-11-12 12:16:49,7.7402,396.9991,0.9988
2025-11-12 12:16:50,7.7413,413.7128,0.9988
2025-11-12 12:16:50,7.7410,414.8545,0.9987
2025-11-12 12:16:50,7.7391,372.1419,0.9989
2025-11-12 12:16:50,7.7388,381.6814,0.9988
2025-11-12 12:16:50,7.7382,369.7856,0.9989
2025-11-12 12:16:50,7.7361,378.3074,0.9988
2025-11-12 12:16:50,7.7367,392.3960,0.9988
2025-11-12 12:16:50,7.7367,392.3960,0.9988
2025-11-12 12:16:50,7.7361,382.6834,0.9988
2025-11-12 12:16:51,7.7355,387.1616,0.9988
2025-11-12 12:16:51,7.7360,400.9855,0.9988
2025-11-12 12:16:51,7.7361,397.7992,0.9988
2025-11-12 12:16:51,7.7371,415.4224,0.9987
2025-11-12 12:16:51,7.7379,409.4046,0.9988
2025-11-12 12:16:51,7.7379,408.7838,0.9988
2025-11-12 12:16:51,7.7378,412.0814,0.9987
2025-11-12 12:16:51,7.7385,424.7080,0.9987
2025-11-12 12:16:51,7.7391,420.1509,0.9987
2025-11-12 12:16:51,7.7390,416.6649,0.9987
2025-11-12 12:16:51,7.7390,416.6649,0.9987
2025-11-12 12:16:52,7.7405,447.8730,0.9986
2025-11-12 12:16:52,7.7411,443.9041,0.9987
2025-11-12 12:16:52,7.7403,425.4004,0.9987
2025-11-12 12:16:52,7.7338,683.9907,0.9979
2025-11-12 12:16:52,7.7324,648.7485,0.9980
2025-11-12 12:16:52,7.7318,649.3208,0.9980
2025-11-12 12:16:52,7.7326,671.0064,0.9979
2025-11-12 12:16:52,7.7392,413.9140,0.9987
2025-11-12 12:16:52,7.7389,409.6000,0.9988
2025-11-12 12:16:53,7.7393,407.7278,0.9988
2025-11-12 12:16:53,7.7401,428.6933,0.9987
2025-11-12 12:16:53,7.7403,422.3730,0.9987
2025-11-12 12:16:53,7.7399,416.1424,0.9987
2025-11-12 12:16:53,7.7403,413.9563,0.9988
2025-11-12 12:16:53,7.7393,388.2399,0.9988
2025-11-12 12:16:53,7.7390,397.8100,0.9988
2025-11-12 12:16:53,7.7376,374.8143,0.9989
2025-11-12 12:16:53,7.7353,387.1518,0.9988
2025-11-12 12:16:54,7.7352,385.3423,0.9988
2025-11-12 12:16:54,7.7326,471.4535,0.9986
2025-11-12 12:16:54,7.7328,474.7815,0.9985
2025-11-12 12:16:54,7.7348,466.4964,0.9986
2025-11-12 12:16:54,7.7338,442.0725,0.9986
2025-11-12 12:16:54,7.7365,350.2076,0.9989
2025-11-12 12:16:54,7.7384,384.5203,0.9988
2025-11-12 12:16:54,7.7299,490.7834,0.9985
2025-11-12 12:16:54,7.7315,536.3423,0.9984
2025-11-12 12:16:55,7.7316,533.1307,0.9984
2025-11-12 12:16:55,7.7309,515.2980,0.9984
2025-11-12 12:16:55,7.7380,412.8071,0.9987
2025-11-12 12:16:55,7.7371,390.8297,0.9988
2025-11-12 12:16:55,7.7370,395.1209,0.9988
2025-11-12 12:16:55,7.7366,388.6739,0.9988
2025-11-12 12:16:55,7.7366,389.0127,0.9988
2025-11-12 12:16:55,7.7364,384.8477,0.9988
2025-11-12 12:16:55,7.7360,396.9255,0.9988
2025-11-12 12:16:56,7.7353,384.1133,0.9988
2025-11-12 12:16:56,7.7367,377.3216,0.9989
2025-11-12 12:16:56,7.7367,377.3711,0.9989
2025-11-12 12:16:56,7.7370,368.3870,0.9989
2025-11-12 12:16:56,7.7370,368.4169,0.9989
2025-11-12 12:16:56,7.7371,368.0748,0.9989
2025-11-12 12:16:56,7.7384,401.0983,0.9988
2025-11-12 12:16:56,7.7386,394.5320,0.9988
2025-11-12 12:16:56,7.7386,394.3191,0.9988
2025-11-12 12:16:56,7.7369,404.9126,0.9988
2025-11-12 12:16:56,7.7370,408.2139,0.9988
2025-11-12 12:16:57,7.7369,411.3496,0.9987
2025-11-12 12:16:57,7.7357,394.6211,0.9988
2025-11-12 12:16:57,7.7362,391.2452,0.9988
2025-11-12 12:16:57,7.7363,392.5340,0.9988
2025-11-12 12:16:57,7.7359,404.5921,0.9988
2025-11-12 12:16:57,7.7349,392.4739,0.9988
2025-11-12 12:16:57,7.7352,391.2293,0.9988
2025-11-12 12:16:57,7.7356,402.4177,0.9988
2025-11-12 12:16:57,7.7336,469.1840,0.9986
2025-11-12 12:16:57,7.7353,492.8581,0.9985
2025-11-12 12:16:57,7.7333,506.8654,0.9984
2025-11-12 12:16:58,7.7333,506.7347,0.9984
2025-11-12 12:16:58,7.7355,431.5281,0.9987
2025-11-12 12:16:58,7.7359,438.4682,0.9987
2025-11-12 12:16:58,7.7363,435.2666,0.9987
2025-11-12 12:16:58,7.7360,427.8438,0.9987
2025-11-12 12:16:58,7.7361,424.6552,0.9987
2025-11-12 12:16:58,7.7331,385.5177,0.9988
2025-11-12 12:16:58,7.7341,378.7373,0.9988
2025-11-12 12:16:59,7.7341,379.2656,0.9988
2025-11-12 12:16:59,7.7340,382.3281,0.9988
2025-11-12 12:16:59,7.7370,418.8928,0.9987
2025-11-12 12:16:59,7.7385,408.9450,0.9988
2025-11-12 12:16:59,7.7385,407.1721,0.9988
2025-11-12 12:16:59,7.7387,397.6951,0.9988
2025-11-12 12:16:59,7.7386,395.6310,0.9988
2025-11-12 12:16:59,7.7373,403.3345,0.9988
2025-11-12 12:16:59,7.7373,402.7788,0.9988
2025-11-12 12:16:59,7.7371,408.7520,0.9988
2025-11-12 12:17:00,7.7359,392.1642,0.9988
2025-11-12 12:17:00,7.7363,390.1898,0.9988
2025-11-12 12:17:00,7.7370,410.6601,0.9988
2025-11-12 12:17:00,7.7369,413.9005,0.9987
2025-11-12 12:17:00,7.7398,457.6855,0.9986
2025-11-12 12:17:00,7.7411,448.6363,0.9986
2025-11-12 12:17:00,7.7392,401.2806,0.9988
2025-11-12 12:17:00,7.7392,401.2806,0.9988
2025-11-12 12:17:00,7.7389,396.6416,0.9988
2025-11-12 12:17:00,7.7381,401.0372,0.9988
2025-11-12 12:17:00,7.7389,421.4695,0.9987
2025-11-12 12:17:01,7.7389,421.4695,0.9987
2025-11-12 12:17:01,7.7380,406.3729,0.9988
2025-11-12 12:17:01,7.7383,404.6881,0.9988
2025-11-12 12:17:01,7.7382,402.6647,0.9988
2025-11-12 12:17:01,7.7382,402.6647,0.9988
2025-11-12 12:17:01,7.7393,421.0834,0.9987
2025-11-12 12:17:01,7.7377,433.1813,0.9987
2025-11-12 12:17:01,7.7383,448.9754,0.9986
2025-11-12 12:17:01,7.7386,439.5205,0.9987
2025-11-12 12:17:01,7.7391,450.0288,0.9986
2025-11-12 12:17:02,7.7414,432.3373,0.9987
2025-11-12 12:17:02,7.7403,406.5568,0.9988
2025-11-12 12:17:02,7.7395,433.2455,0.9987
2025-11-12 12:17:02,7.7385,413.7433,0.9987
2025-11-12 12:17:02,7.7368,422.4903,0.9987
2025-11-12 12:17:02,7.7367,420.1701,0.9987
2025-11-12 12:17:02,7.7348,488.1862,0.9985
2025-11-12 12:17:02,7.7358,508.3705,0.9985
2025-11-12 12:17:02,7.7365,504.3273,0.9985
2025-11-12 12:17:02,7.7365,504.9731,0.9985
2025-11-12 12:17:03,7.7381,447.6045,0.9986
2025-11-12 12:17:03,7.7372,430.2871,0.9987
2025-11-12 12:17:03,7.7381,426.4802,0.9987
2025-11-12 12:17:03,7.7385,436.9234,0.9987
2025-11-12 12:17:03,7.7393,407.3741,0.9988
2025-11-12 12:17:03,7.7394,408.8418,0.9988
2025-11-12 12:17:03,7.7387,412.6266,0.9988
2025-11-12 12:17:03,7.7386,409.3648,0.9988
2025-11-12 12:17:03,7.7386,409.3648,0.9988
2025-11-12 12:17:03,7.7394,424.4602,0.9987
2025-11-12 12:17:03,7.7398,422.0872,0.9987
2025-11-12 12:17:04,7.7393,411.8541,0.9988
2025-11-12 12:17:04,7.7393,411.8541,0.9988
2025-11-12 12:17:04,7.7400,424.8409,0.9987
2025-11-12 12:17:04,7.7399,425.0797,0.9987
2025-11-12 12:17:04,7.7400,427.6713,0.9987
2025-11-12 12:17:04,7.7400,427.6713,0.9987
2025-11-12 12:17:04,7.7406,439.3892,0.9987
2025-11-12 12:17:04,7.7370,473.5925,0.9986
2025-11-12 12:17:04,7.7372,478.4742,0.9985
2025-11-12 12:17:05,7.7374,470.8767,0.9986
2025-11-12 12:17:05,7.7363,443.6911,0.9986
2025-11-12 12:17:05,7.7326,500.3193,0.9985
2025-11-12 12:17:05,7.7315,468.8653,0.9986
2025-11-12 12:17:05,7.7312,475.5981,0.9985
2025-11-12 12:17:05,7.7327,515.0863,0.9984
2025-11-12 12:17:05,7.7316,537.4692,0.9984
2025-11-12 12:17:05,7.7304,508.8095,0.9984
2025-11-12 12:17:06,7.7303,512.7404,0.9984
2025-11-12 12:17:06,7.7303,512.7404,0.9984
2025-11-12 12:17:06,7.7363,423.7375,0.9987
2025-11-12 12:17:06,7.7363,423.5901,0.9987
2025-11-12 12:17:06,7.7365,419.1555,0.9987
2025-11-12 12:17:06,7.7355,394.0302,0.9988
2025-11-12 12:17:06,7.7361,388.9245,0.9988
2025-11-12 12:17:06,7.7364,394.4156,0.9988
2025-11-12 12:17:06,7.7364,394.4156,0.9988
2025-11-12 12:17:06,7.7366,399.8785,0.9988
2025-11-12 12:17:06,7.7364,401.7683,0.9988
2025-11-12 12:17:06,7.7299,317.8995,0.9990
2025-11-12 12:17:07,7.7293,335.9257,0.9990
2025-11-12 12:17:07,7.7298,351.1322,0.9989
2025-11-12 12:17:07,7.7284,358.3500,0.9989
2025-11-12 12:17:07,7.7314,389.5439,0.9988
2025-11-12 12:17:07,7.7320,370.6555,0.9989
2025-11-12 12:17:07,7.7313,350.9072,0.9989
2025-11-12 12:17:07,7.7341,335.2190,0.9990
2025-11-12 12:17:08,7.7220,337.7397,0.9989
2025-11-12 12:17:08,7.7186,425.1048,0.9987
2025-11-12 12:17:08,7.7165,354.5025,0.9989
2025-11-12 12:17:08,7.7177,366.2044,0.9988
2025-11-12 12:17:08,7.7211,346.4868,0.9989
2025-11-12 12:17:08,7.7245,251.9575,0.9992
2025-11-12 12:17:08,7.7254,274.8640,0.9991
2025-11-12 12:17:08,7.7253,274.2642,0.9991
2025-11-12 12:17:08,7.7250,275.6239,0.9991
2025-11-12 12:17:09,7.7249,278.1141,0.9991
2025-11-12 12:17:09,7.7256,296.1828,0.9991
2025-11-12 12:17:09,7.7254,295.0208,0.9991
2025-11-12 12:17:09,7.7262,290.6708,0.9991
2025-11-12 12:17:09,7.7264,284.7070,0.9991
2025-11-12 12:17:09,7.7231,204.3278,0.9994
2025-11-12 12:17:09,7.7218,197.5326,0.9994
2025-11-12 12:17:09,7.7198,204.5964,0.9994
2025-11-12 12:17:09,7.7202,196.1126,0.9994
2025-11-12 12:17:09,7.7205,203.4018,0.9994
2025-11-12 12:17:09,7.7209,205.1037,0.9994
2025-11-12 12:17:09,7.7223,198.1984,0.9994
2025-11-12 12:17:10,7.7217,212.5167,0.9993
2025-11-12 12:17:10,7.7214,204.7702,0.9994
2025-11-12 12:17:10,7.7217,206.3036,0.9994
2025-11-12 12:17:10,7.7220,205.3704,0.9994
2025-11-12 12:17:10,7.7221,203.0671,0.9994
2025-11-12 12:17:10,7.7226,213.5273,0.9993
2025-11-12 12:17:10,7.7209,207.8812,0.9993
2025-11-12 12:17:10,7.7210,207.6553,0.9993
2025-11-12 12:17:10,7.7209,209.8935,0.9993
2025-11-12 12:17:10,7.7230,261.9494,0.9992
2025-11-12 12:17:10,7.7237,262.7322,0.9992
2025-11-12 12:17:11,7.7236,263.2574,0.9992
2025-11-12 12:17:11,7.7236,263.2574,0.9992
2025-11-12 12:17:11,7.7252,312.5871,0.9990
2025-11-12 12:17:11,7.7260,313.7761,0.9990
2025-11-12 12:17:11,7.7257,315.3886,0.9990
2025-11-12 12:17:11,7.7257,315.3886,0.9990
2025-11-12 12:17:11,7.7230,238.6760,0.9993
2025-11-12 12:17:11,7.7219,235.2197,0.9993
2025-11-12 12:17:11,7.7220,235.0461,0.9993
2025-11-12 12:17:12,7.7220,235.0461,0.9993
2025-11-12 12:17:12,7.7240,290.9502,0.9991
2025-11-12 12:17:12,7.7246,291.8894,0.9991
2025-11-12 12:17:12,7.7243,293.5759,0.9991
2025-11-12 12:17:12,7.7243,293.5759,0.9991
2025-11-12 12:17:12,7.7241,289.1751,0.9991
2025-11-12 12:17:12,7.7239,288.6531,0.9991
2025-11-12 12:17:12,7.7252,283.6476,0.9991
2025-11-12 12:17:13,7.7252,283.6476,0.9991
2025-11-12 12:17:13,7.7260,307.0049,0.9990
2025-11-12 12:17:13,7.7267,307.8451,0.9990
2025-11-12 12:17:13,7.7255,313.3692,0.9990
2025-11-12 12:17:13,7.7255,313.3692,0.9990
2025-11-12 12:17:13,7.7242,275.4566,0.9991
2025-11-12 12:17:13,7.7241,275.1850,0.9991
2025-11-12 12:17:13,7.7225,285.1355,0.9991
2025-11-12 12:17:13,7.7225,285.1355,0.9991
2025-11-12 12:17:13,7.7236,318.3711,0.9990
2025-11-12 12:17:14,7.7246,322.6721,0.9990
2025-11-12 12:17:14,7.7266,308.3306,0.9990
2025-11-12 12:17:14,7.7266,308.3306,0.9990
2025-11-12 12:17:14,7.7249,263.2292,0.9992
2025-11-12 12:17:14,7.7233,257.0705,0.9992
2025-11-12 12:17:14,7.7234,256.6651,0.9992
2025-11-12 12:17:14,7.7234,256.6651,0.9992
2025-11-12 12:17:14,7.7246,289.9548,0.9991
2025-11-12 12:17:14,7.7270,298.3987,0.9991
2025-11-12 12:17:14,7.7267,299.6462,0.9991
2025-11-12 12:17:15,7.7267,299.6462,0.9991
2025-11-12 12:17:15,7.7258,272.8634,0.9992
2025-11-12 12:17:15,7.7250,268.2368,0.9992
2025-11-12 12:17:15,7.7251,267.6119,0.9992
2025-11-12 12:17:15,7.7251,267.6119,0.9992
2025-11-12 12:17:15,7.7253,273.5569,0.9991
2025-11-12 12:17:15,7.7254,273.8412,0.9991
2025-11-12 12:17:15,7.7253,274.4873,0.9991
2025-11-12 12:17:15,7.7253,274.4873,0.9991
2025-11-12 12:17:15,7.7226,210.3921,0.9993
2025-11-12 12:17:16,7.7200,199.1265,0.9994
2025-11-12 12:17:16,7.7199,199.2335,0.9994
2025-11-12 12:17:16,7.7199,199.2335,0.9994
2025-11-12 12:17:16,7.7211,227.4442,0.9993
2025-11-12 12:17:16,7.7186,230.5134,0.9993
2025-11-12 12:17:16,7.7170,234.1352,0.9993
2025-11-12 12:17:16,7.7170,234.1352,0.9993
2025-11-12 12:17:17,7.7193,304.2466,0.9990
2025-11-12 12:17:17,7.7245,309.1220,0.9990
2025-11-12 12:17:17,7.7255,301.1800,0.9991
2025-11-12 12:17:17,7.7255,301.1800,0.9991
2025-11-12 12:17:17,7.7258,308.8259,0.9990
2025-11-12 12:17:17,7.7265,313.1119,0.9990
2025-11-12 12:17:17,7.7259,317.8490,0.9990
2025-11-12 12:17:17,7.7262,310.6104,0.9990
2025-11-12 12:17:17,7.7259,302.2582,0.9991
2025-11-12 12:17:17,7.7250,296.7576,0.9991
2025-11-12 12:17:18,7.7255,293.4267,0.9991
2025-11-12 12:17:18,7.7253,298.0241,0.9991
2025-11-12 12:17:18,7.7265,334.8163,0.9990
2025-11-12 12:17:18,7.7255,331.4549,0.9990
2025-11-12 12:17:18,7.7263,326.4968,0.9990
2025-11-12 12:17:18,7.7262,329.0665,0.9990
2025-11-12 12:17:18,7.7248,288.7872,0.9991
2025-11-12 12:17:18,7.7236,286.9938,0.9991
2025-11-12 12:17:18,7.7245,284.3784,0.9991
2025-11-12 12:17:19,7.7245,284.3784,0.9991
2025-11-12 12:17:19,7.7254,311.4079,0.9990
2025-11-12 12:17:19,7.7280,315.4456,0.9990
2025-11-12 12:17:19,7.7272,319.3423,0.9990
2025-11-12 12:17:19,7.7225,460.8027,0.9986
2025-11-12 12:17:19,7.7233,486.7928,0.9985
2025-11-12 12:17:19,7.7234,487.3490,0.9985
2025-11-12 12:17:19,7.7199,510.1107,0.9984
2025-11-12 12:17:19,7.7195,523.6114,0.9984
2025-11-12 12:17:20,7.7184,483.9221,0.9985
2025-11-12 12:17:20,7.7184,483.1142,0.9985
2025-11-12 12:17:20,7.7211,466.0751,0.9985
2025-11-12 12:17:20,7.7262,311.2029,0.9990
2025-11-12 12:17:20,7.7273,343.5863,0.9989
2025-11-12 12:17:20,7.7262,339.7791,0.9989
2025-11-12 12:17:20,7.7253,346.3861,0.9989
2025-11-12 12:17:20,7.7252,348.8994,0.9989
2025-11-12 12:17:20,7.7251,344.1078,0.9989
2025-11-12 12:17:21,7.7271,354.1686,0.9989
2025-11-12 12:17:21,7.7288,340.4487,0.9989
2025-11-12 12:17:21,7.7288,340.4487,0.9989
2025-11-12 12:17:21,7.7283,324.4305,0.9990
2025-11-12 12:17:21,7.7249,314.5410,0.9990
2025-11-12 12:17:21,7.7247,315.6323,0.9990
2025-11-12 12:17:21,7.7247,315.6323,0.9990
2025-11-12 12:17:21,7.7254,340.0743,0.9989
2025-11-12 12:17:21,7.7263,340.2342,0.9989
2025-11-12 12:17:21,7.7256,343.9944,0.9989
2025-11-12 12:17:22,7.7259,336.8010,0.9990
2025-11-12 12:17:22,7.7258,331.4982,0.9990
2025-11-12 12:17:22,7.7259,331.6983,0.9990
2025-11-12 12:17:22,7.7254,335.2406,0.9990
2025-11-12 12:17:22,7.7250,346.3860,0.9989
2025-11-12 12:17:22,7.7240,316.4717,0.9990
2025-11-12 12:17:22,7.7234,315.1196,0.9990
2025-11-12 12:17:22,7.7237,313.2685,0.9990
2025-11-12 12:17:23,7.7233,325.0361,0.9990
2025-11-12 12:17:23,7.7252,391.3399,0.9988
2025-11-12 12:17:23,7.7262,392.6131,0.9988
2025-11-12 12:17:23,7.7243,409.2320,0.9987
2025-11-12 12:17:23,7.7250,393.0788,0.9988
2025-11-12 12:17:23,7.7228,318.8119,0.9990
2025-11-12 12:17:23,7.7227,318.4916,0.9990
2025-11-12 12:17:23,7.7235,311.0261,0.9990
2025-11-12 12:17:23,7.7235,311.0261,0.9990
2025-11-12 12:17:24,7.7249,356.6721,0.9989
2025-11-12 12:17:24,7.7249,356.4108,0.9989
2025-11-12 12:17:24,7.7268,342.5315,0.9989
2025-11-12 12:17:24,7.7268,342.5315,0.9989
2025-11-12 12:17:24,7.7271,354.3022,0.9989
2025-11-12 12:17:24,7.7268,353.9896,0.9989
2025-11-12 12:17:24,7.7268,354.0577,0.9989
2025-11-12 12:17:24,7.7268,354.0577,0.9989
2025-11-12 12:17:24,7.7272,369.8818,0.9989
2025-11-12 12:17:24,7.7297,376.8139,0.9988
2025-11-12 12:17:25,7.7285,387.5368,0.9988
2025-11-12 12:17:25,7.7288,379.8280,0.9988
2025-11-12 12:17:25,7.7287,378.3381,0.9988
2025-11-12 12:17:25,7.7287,378.3381,0.9988
2025-11-12 12:17:25,7.7289,376.3817,0.9988
2025-11-12 12:17:25,7.7282,397.6057,0.9988
2025-11-12 12:17:25,7.7267,349.8365,0.9989
2025-11-12 12:17:26,7.7243,338.2828,0.9989
2025-11-12 12:17:26,7.7253,332.8099,0.9990
2025-11-12 12:17:26,7.7277,275.4980,0.9991
2025-11-12 12:17:26,7.7285,303.4413,0.9991
2025-11-12 12:17:26,7.7274,304.7239,0.9991
2025-11-12 12:17:26,7.7266,310.6511,0.9990
2025-11-12 12:17:26,7.7248,351.6950,0.9989
2025-11-12 12:17:26,7.7250,358.8056,0.9989
2025-11-12 12:17:26,7.7242,360.0244,0.9989
2025-11-12 12:17:26,7.7248,356.4417,0.9989
2025-11-12 12:17:26,7.7247,358.9263,0.9989
2025-11-12 12:17:27,7.7249,364.6320,0.9989
2025-11-12 12:17:27,7.7272,363.5032,0.9989
2025-11-12 12:17:27,7.7275,361.9412,0.9989
2025-11-12 12:17:27,7.7275,361.9412,0.9989
2025-11-12 12:17:27,7.7268,340.3229,0.9989
2025-11-12 12:17:27,7.7266,339.9010,0.9989
2025-11-12 12:17:27,7.7260,343.3112,0.9989
2025-11-12 12:17:27,7.7260,343.3112,0.9989
2025-11-12 12:17:27,7.7264,355.0698,0.9989
2025-11-12 12:17:27,7.7273,357.4073,0.9989
2025-11-12 12:17:28,7.7280,352.4201,0.9989
2025-11-12 12:17:28,7.7283,344.8047,0.9989
2025-11-12 12:17:28,7.7285,349.8711,0.9989
2025-11-12 12:17:28,7.7288,351.0622,0.9989
2025-11-12 12:17:28,7.7289,350.8404,0.9989
2025-11-12 12:17:28,7.7287,355.8355,0.9989
2025-11-12 12:17:28,7.7287,356.0191,0.9989
2025-11-12 12:17:28,7.7284,355.0595,0.9989
2025-11-12 12:17:28,7.7283,355.6838,0.9989
2025-11-12 12:17:28,7.7282,358.3827,0.9989
2025-11-12 12:17:28,7.7278,344.8169,0.9989
2025-11-12 12:17:29,7.7261,341.8573,0.9989
2025-11-12 12:17:29,7.7245,352.3053,0.9989
2025-11-12 12:17:29,7.7245,352.3053,0.9989
2025-11-12 12:17:29,7.7248,363.3055,0.9989
2025-11-12 12:17:29,7.7243,363.0689,0.9989
2025-11-12 12:17:29,7.7250,357.8837,0.9989
2025-11-12 12:17:29,7.7250,357.8837,0.9989
2025-11-12 12:17:29,7.7254,370.1639,0.9988
2025-11-12 12:17:29,7.7259,370.0246,0.9988
2025-11-12 12:17:29,7.7251,376.2361,0.9988
2025-11-12 12:17:30,7.7251,376.2361,0.9988
2025-11-12 12:17:30,7.7248,366.7163,0.9989
2025-11-12 12:17:30,7.7257,368.2978,0.9989
2025-11-12 12:17:30,7.7249,375.6862,0.9988
2025-11-12 12:17:30,7.7249,375.6862,0.9988
2025-11-12 12:17:30,7.7236,330.7404,0.9990
2025-11-12 12:17:30,7.7248,337.1276,0.9989
2025-11-12 12:17:30,7.7266,321.9833,0.9990
2025-11-12 12:17:30,7.7266,321.9833,0.9990
2025-11-12 12:17:30,7.7275,350.9002,0.9989
2025-11-12 12:17:30,7.7281,353.7782,0.9989
2025-11-12 12:17:30,7.7287,349.1467,0.9989
2025-11-12 12:17:31,7.7290,341.4155,0.9989
2025-11-12 12:17:31,7.7284,323.5032,0.9990
2025-11-12 12:17:31,7.7284,323.5032,0.9990
2025-11-12 12:17:31,7.7273,332.0331,0.9990
2025-11-12 12:17:31,7.7271,336.8412,0.9990
2025-11-12 12:17:31,7.7264,317.2146,0.9990
2025-11-12 12:17:31,7.7254,311.0000,0.9990
2025-11-12 12:17:31,7.7234,329.6270,0.9990
2025-11-12 12:17:31,7.7233,332.0187,0.9990
2025-11-12 12:17:31,7.7240,357.0496,0.9989
2025-11-12 12:17:32,7.7248,362.1164,0.9989
2025-11-12 12:17:32,7.7277,334.9012,0.9990
2025-11-12 12:17:32,7.7271,352.0814,0.9989
2025-11-12 12:17:32,7.7234,252.3520,0.9992
2025-11-12 12:17:32,7.7223,244.5733,0.9992
2025-11-12 12:17:32,7.7226,243.7351,0.9992
2025-11-12 12:17:32,7.7232,228.3541,0.9993
2025-11-12 12:17:32,7.7251,276.6354,0.9991
2025-11-12 12:17:32,7.7255,278.4804,0.9991
2025-11-12 12:17:32,7.7263,275.4236,0.9991
2025-11-12 12:17:32,7.7263,275.4236,0.9991
2025-11-12 12:17:33,7.7263,274.0277,0.9991
2025-11-12 12:17:33,7.7272,279.0132,0.9991
2025-11-12 12:17:33,7.7230,311.1726,0.9990
2025-11-12 12:17:33,7.7230,311.1726,0.9990
2025-11-12 12:17:33,7.7236,330.8627,0.9990
2025-11-12 12:17:33,7.7201,312.9729,0.9990
2025-11-12 12:17:33,7.7236,290.3282,0.9991
2025-11-12 12:17:33,7.7236,290.3282,0.9991
2025-11-12 12:17:33,7.7242,308.4636,0.9990
2025-11-12 12:17:33,7.7231,310.5405,0.9990
2025-11-12 12:17:34,7.7233,310.0146,0.9990
2025-11-12 12:17:34,7.7230,316.6684,0.9990
2025-11-12 12:17:34,7.7223,294.0241,0.9991
2025-11-12 12:17:34,7.7238,292.4633,0.9991
2025-11-12 12:17:34,7.7225,297.7889,0.9991
2025-11-12 12:17:34,7.7228,291.2334,0.9991
2025-11-12 12:17:34,7.7234,309.9308,0.9990
2025-11-12 12:17:34,7.7208,314.6562,0.9990
2025-11-12 12:17:34,7.7223,310.2730,0.9990
2025-11-12 12:17:35,7.7223,310.2730,0.9990
2025-11-12 12:17:35,7.7215,282.5758,0.9991
2025-11-12 12:17:35,7.7180,309.8128,0.9990
2025-11-12 12:17:35,7.7154,312.6257,0.9990
2025-11-12 12:17:35,7.7154,312.6257,0.9990
2025-11-12 12:17:35,7.7161,336.4266,0.9989
2025-11-12 12:17:35,7.7204,310.8953,0.9990
2025-11-12 12:17:35,7.7220,302.9492,0.9991
2025-11-12 12:17:35,7.7220,302.9492,0.9991
2025-11-12 12:17:35,7.7211,274.9633,0.9991
2025-11-12 12:17:35,7.7249,280.9578,0.9991
2025-11-12 12:17:36,7.7253,278.8270,0.9991
2025-11-12 12:17:36,7.7253,278.8270,0.9991
2025-11-12 12:17:36,7.7261,301.2347,0.9991
2025-11-12 12:17:36,7.7261,300.9926,0.9991
2025-11-12 12:17:36,7.7255,304.6032,0.9991
2025-11-12 12:17:36,7.7255,304.6032,0.9991
2025-11-12 12:17:36,7.7256,308.7980,0.9990
2025-11-12 12:17:36,7.7255,308.1613,0.9990
2025-11-12 12:17:36,7.7264,302.9526,0.9991
2025-11-12 12:17:36,7.7264,302.9526,0.9991
2025-11-12 12:17:36,7.7266,308.3787,0.9990
2025-11-12 12:17:37,7.7237,305.6340,0.9990
2025-11-12 12:17:37,7.7232,307.6897,0.9990
2025-11-12 12:17:37,7.7232,307.6897,0.9990
2025-11-12 12:17:37,7.7233,312.7501,0.9990
2025-11-12 12:17:37,7.7263,316.6973,0.9990
2025-11-12 12:17:37,7.7259,319.6217,0.9990
2025-11-12 12:17:37,7.7259,319.6217,0.9990
2025-11-12 12:17:37,7.7258,317.8461,0.9990
2025-11-12 12:17:37,7.7235,312.5793,0.9990
2025-11-12 12:17:37,7.7220,323.2186,0.9990
2025-11-12 12:17:38,7.7242,275.5140,0.9991
2025-11-12 12:17:38,7.7246,288.1349,0.9991
2025-11-12 12:17:38,7.7266,290.7952,0.9991
2025-11-12 12:17:38,7.7238,329.8570,0.9990
2025-11-12 12:17:38,7.7216,374.8167,0.9988
2025-11-12 12:17:38,7.7211,356.1042,0.9989
2025-11-12 12:17:38,7.7214,358.6620,0.9989
2025-11-12 12:17:38,7.7255,312.9067,0.9990
2025-11-12 12:17:38,7.7257,308.2820,0.9990
2025-11-12 12:17:38,7.7263,326.4708,0.9990
2025-11-12 12:17:38,7.7267,328.4836,0.9990
2025-11-12 12:17:39,7.7244,352.0544,0.9989
2025-11-12 12:17:39,7.7243,356.5434,0.9989
2025-11-12 12:17:39,7.7244,361.4488,0.9989
2025-11-12 12:17:39,7.7242,359.8497,0.9989
2025-11-12 12:17:39,7.7268,333.8105,0.9990
2025-11-12 12:17:39,7.7270,329.0366,0.9990
2025-11-12 12:17:39,7.7267,320.2353,0.9990
2025-11-12 12:17:39,7.7251,315.3747,0.9990
2025-11-12 12:17:39,7.7234,328.3985,0.9990
2025-11-12 12:17:39,7.7221,359.4569,0.9989
2025-11-12 12:17:39,7.7224,369.2491,0.9988
2025-11-12 12:17:39,7.7227,370.1131,0.9988
2025-11-12 12:17:40,7.7227,370.1261,0.9988
2025-11-12 12:17:40,7.7240,338.6301,0.9989
2025-11-12 12:17:40,7.7234,318.8936,0.9990
2025-11-12 12:17:40,7.7247,325.0177,0.9990
2025-11-12 12:17:40,7.7272,305.1765,0.9991
2025-11-12 12:17:40,7.7263,330.5639,0.9990
2025-11-12 12:17:40,7.7259,319.0769,0.9990
2025-11-12 12:17:40,7.7261,320.0719,0.9990
2025-11-12 12:17:40,7.7258,321.3354,0.9990
2025-11-12 12:17:40,7.7265,303.5523,0.9991
2025-11-12 12:17:40,7.7264,300.0426,0.9991
2025-11-12 12:17:40,7.7267,302.1705,0.9991
2025-11-12 12:17:40,7.7247,318.4374,0.9990
2025-11-12 12:17:41,7.7247,318.4374,0.9990
2025-11-12 12:17:41,7.7242,305.0750,0.9990
2025-11-12 12:17:41,7.7235,299.9984,0.9991
2025-11-12 12:17:41,7.7252,287.1596,0.9991
2025-11-12 12:17:41,7.7252,287.1596,0.9991
2025-11-12 12:17:41,7.7255,295.2524,0.9991
2025-11-12 12:17:41,7.7264,300.1523,0.9991
2025-11-12 12:17:41,7.7270,296.6182,0.9991
2025-11-12 12:17:41,7.7270,296.6182,0.9991
2025-11-12 12:17:41,7.7267,288.7617,0.9991
2025-11-12 12:17:42,7.7261,285.5200,0.9991
2025-11-12 12:17:42,7.7253,290.1320,0.9991
2025-11-12 12:17:42,7.7249,299.8317,0.9991
2025-11-12 12:17:42,7.7243,282.3007,0.9991
2025-11-12 12:17:42,7.7204,271.7561,0.9991
2025-11-12 12:17:42,7.7199,273.3288,0.9991
2025-11-12 12:17:42,7.7203,264.8014,0.9992
2025-11-12 12:17:42,7.7211,289.3971,0.9991
2025-11-12 12:17:42,7.7228,289.3846,0.9991
2025-11-12 12:17:42,7.7223,292.1079,0.9991
2025-11-12 12:17:43,7.7223,292.1079,0.9991
2025-11-12 12:17:43,7.7225,297.0551,0.9991
2025-11-12 12:17:43,7.7240,301.9109,0.9991
2025-11-12 12:17:43,7.7236,304.8711,0.9990
2025-11-12 12:17:43,7.7236,304.8711,0.9990
2025-11-12 12:17:43,7.7231,289.1244,0.9991
2025-11-12 12:17:43,7.7235,291.3327,0.9991
2025-11-12 12:17:43,7.7244,284.3829,0.9991
2025-11-12 12:17:43,7.7244,284.3829,0.9991
2025-11-12 12:17:43,7.7238,268.0281,0.9992
2025-11-12 12:17:43,7.7207,259.2625,0.9992
2025-11-12 12:17:44,7.7162,296.3976,0.9991
2025-11-12 12:17:44,7.7162,296.3976,0.9991
2025-11-12 12:17:44,7.7162,294.4255,0.9991
2025-11-12 12:17:44,7.7126,296.8287,0.9991
2025-11-12 12:17:44,7.7160,272.9680,0.9991
2025-11-12 12:17:44,7.7160,272.9680,0.9991
2025-11-12 12:17:44,7.7185,358.5078,0.9989
2025-11-12 12:17:44,7.7225,342.6661,0.9989
2025-11-12 12:17:44,7.7223,344.8948,0.9989
2025-11-12 12:17:44,7.7225,339.4823,0.9989
2025-11-12 12:17:44,7.7210,290.1333,0.9991
2025-11-12 12:17:45,7.7197,290.6283,0.9991
2025-11-12 12:17:45,7.7218,280.0197,0.9991
2025-11-12 12:17:45,7.7217,283.0356,0.9991
2025-11-12 12:17:45,7.7221,296.7767,0.9991
2025-11-12 12:17:45,7.7259,298.4969,0.9991
2025-11-12 12:17:45,7.7260,298.0216,0.9991
2025-11-12 12:17:45,7.7259,300.5711,0.9991
2025-11-12 12:17:45,7.7269,333.1133,0.9990
2025-11-12 12:17:46,7.7269,333.1220,0.9990
2025-11-12 12:17:46,7.7273,331.3164,0.9990
2025-11-12 12:17:46,7.7273,331.3164,0.9990
2025-11-12 12:17:46,7.7264,306.5923,0.9990
2025-11-12 12:17:46,7.7259,304.7646,0.9991
2025-11-12 12:17:46,7.7257,305.6711,0.9990
2025-11-12 12:17:46,7.7257,305.6711,0.9990
2025-11-12 12:17:46,7.7256,301.8651,0.9991
2025-11-12 12:17:46,7.7263,304.6828,0.9991
2025-11-12 12:17:46,7.7260,306.8745,0.9990
2025-11-12 12:17:47,7.7260,306.8745,0.9990
2025-11-12 12:17:47,7.7264,320.9427,0.9990
2025-11-12 12:17:47,7.7267,322.2869,0.9990
2025-11-12 12:17:47,7.7272,319.0172,0.9990
2025-11-12 12:17:47,7.7272,319.0172,0.9990
2025-11-12 12:17:47,7.7277,334.1788,0.9990
2025-11-12 12:17:47,7.7275,333.0322,0.9990
2025-11-12 12:17:47,7.7266,338.4477,0.9989
2025-11-12 12:17:48,7.7266,338.4477,0.9989
2025-11-12 12:17:48,7.7261,321.4366,0.9990
2025-11-12 12:17:48,7.7261,321.4366,0.9990
2025-11-12 12:17:48,7.7268,317.0053,0.9990
2025-11-12 12:17:48,7.7268,317.0053,0.9990
2025-11-12 12:17:48,7.7263,303.9113,0.9991
2025-11-12 12:17:48,7.7247,299.3266,0.9991
2025-11-12 12:17:48,7.7247,299.3751,0.9991
2025-11-12 12:17:48,7.7247,299.3751,0.9991
2025-11-12 12:17:48,7.7238,272.8945,0.9991
2025-11-12 12:17:48,7.7238,272.9544,0.9991
2025-11-12 12:17:49,7.7239,272.7112,0.9991
2025-11-12 12:17:49,7.7239,272.7112,0.9991
2025-11-12 12:17:49,7.7247,296.7830,0.9991
2025-11-12 12:17:49,7.7262,300.7790,0.9991
2025-11-12 12:17:49,7.7259,302.4762,0.9991
2025-11-12 12:17:49,7.7259,302.4762,0.9991
2025-11-12 12:17:49,7.7266,323.1376,0.9990
2025-11-12 12:17:49,7.7259,321.0631,0.9990
2025-11-12 12:17:49,7.7256,323.1957,0.9990
2025-11-12 12:17:50,7.7256,323.1957,0.9990
2025-11-12 12:17:50,7.7247,296.2804,0.9991
2025-11-12 12:17:50,7.7222,293.7012,0.9991
2025-11-12 12:17:50,7.7199,308.4422,0.9990
2025-11-12 12:17:50,7.7199,308.4422,0.9990
2025-11-12 12:17:50,7.7199,308.5808,0.9990
2025-11-12 12:17:50,7.7210,309.7454,0.9990
2025-11-12 12:17:50,7.7238,291.1478,0.9991
2025-11-12 12:17:51,7.7238,291.1478,0.9991
2025-11-12 12:17:51,7.7239,294.5630,0.9991
2025-11-12 12:17:51,7.7253,296.7642,0.9991
2025-11-12 12:17:51,7.7256,295.4867,0.9991
2025-11-12 12:17:51,7.7256,295.4867,0.9991
2025-11-12 12:17:51,7.7253,287.2430,0.9991
2025-11-12 12:17:51,7.7255,287.9768,0.9991
2025-11-12 12:17:51,7.7249,291.2250,0.9991
2025-11-12 12:17:51,7.7251,284.1810,0.9991
2025-11-12 12:17:51,7.7261,313.8452,0.9990
2025-11-12 12:17:51,7.7267,315.7712,0.9990
2025-11-12 12:17:52,7.7254,326.3393,0.9990
2025-11-12 12:17:52,7.7252,330.9286,0.9990
2025-11-12 12:17:52,7.7252,332.0975,0.9990
2025-11-12 12:17:52,7.7261,337.5216,0.9990
2025-11-12 12:17:52,7.7278,324.0603,0.9990
2025-11-12 12:17:52,7.7277,326.7236,0.9990
2025-11-12 12:17:52,7.7281,338.1034,0.9990
2025-11-12 12:17:52,7.7272,333.9634,0.9990
2025-11-12 12:17:52,7.7240,362.8495,0.9989
2025-11-12 12:17:52,7.7240,362.8495,0.9989
2025-11-12 12:17:53,7.7234,341.5032,0.9989
2025-11-12 12:17:53,7.7230,339.4839,0.9989
2025-11-12 12:17:53,7.7265,310.8716,0.9990
2025-11-12 12:17:53,7.7243,372.4643,0.9988
2025-11-12 12:17:53,7.7248,388.2074,0.9988
2025-11-12 12:17:53,7.7240,385.2512,0.9988
2025-11-12 12:17:53,7.7239,385.5044,0.9988
2025-11-12 12:17:53,7.7229,416.9880,0.9987
2025-11-12 12:17:54,7.7224,400.6231,0.9987
2025-11-12 12:17:54,7.7231,403.7407,0.9987
2025-11-12 12:17:54,7.7221,407.3444,0.9987
2025-11-12 12:17:54,7.7254,316.2311,0.9990
2025-11-12 12:17:54,7.7254,317.0336,0.9990
2025-11-12 12:17:54,7.7265,322.4803,0.9990
2025-11-12 12:17:54,7.7267,321.5611,0.9990
2025-11-12 12:17:54,7.7267,321.5611,0.9990
2025-11-12 12:17:54,7.7263,310.0050,0.9990
2025-11-12 12:17:54,7.7258,307.2521,0.9990
2025-11-12 12:17:54,7.7242,319.8172,0.9990
2025-11-12 12:17:55,7.7239,329.2832,0.9990
2025-11-12 12:17:55,7.7238,328.0258,0.9990
2025-11-12 12:17:55,7.7237,326.9608,0.9990
2025-11-12 12:17:55,7.7257,312.0539,0.9990
2025-11-12 12:17:55,7.7261,302.1664,0.9991
2025-11-12 12:17:55,7.7261,304.0208,0.9991
2025-11-12 12:17:55,7.7261,304.0208,0.9991
2025-11-12 12:17:55,7.7261,304.4421,0.9991
2025-11-12 12:17:55,7.7261,304.4421,0.9991
2025-11-12 12:17:55,7.7269,328.4382,0.9990
2025-11-12 12:17:56,7.7276,331.9001,0.9990
2025-11-12 12:17:56,7.7278,330.2735,0.9990
2025-11-12 12:17:56,7.7278,330.2735,0.9990
2025-11-12 12:17:56,7.7276,322.8903,0.9990
2025-11-12 12:17:56,7.7276,322.8903,0.9990
2025-11-12 12:17:56,7.7269,327.4168,0.9990
2025-11-12 12:17:56,7.7269,327.4168,0.9990
2025-11-12 12:17:56,7.7273,337.7829,0.9990
2025-11-12 12:17:56,7.7265,334.1714,0.9990
2025-11-12 12:17:56,7.7273,329.0869,0.9990
2025-11-12 12:17:57,7.7273,329.0869,0.9990
2025-11-12 12:17:57,7.7266,306.8698,0.9990
2025-11-12 12:17:57,7.7247,302.3867,0.9991
2025-11-12 12:17:57,7.7230,312.0453,0.9990
2025-11-12 12:17:57,7.7230,312.0453,0.9990
2025-11-12 12:17:57,7.7228,306.2241,0.9990
2025-11-12 12:17:57,7.7231,306.8665,0.9990
2025-11-12 12:17:57,7.7243,299.4331,0.9991
2025-11-12 12:17:57,7.7243,299.4331,0.9991
2025-11-12 12:17:57,7.7239,287.2466,0.9991
2025-11-12 12:17:57,7.7241,287.6443,0.9991
2025-11-12 12:17:58,7.7248,284.7299,0.9991
2025-11-12 12:17:58,7.7248,284.7299,0.9991
2025-11-12 12:17:58,7.7244,274.0800,0.9991
2025-11-12 12:17:58,7.7250,275.5941,0.9991
2025-11-12 12:17:58,7.7241,279.4754,0.9991
2025-11-12 12:17:58,7.7241,279.4754,0.9991
2025-11-12 12:17:58,7.7255,320.0315,0.9990
2025-11-12 12:17:58,7.7263,322.9359,0.9990
2025-11-12 12:17:58,7.7269,319.4233,0.9990
2025-11-12 12:17:59,7.7269,319.4233,0.9990
2025-11-12 12:17:59,7.7270,324.4229,0.9990
2025-11-12 12:17:59,7.7269,324.0259,0.9990
2025-11-12 12:17:59,7.7253,335.4552,0.9990
2025-11-12 12:17:59,7.7253,335.4552,0.9990
2025-11-12 12:17:59,7.7256,342.4871,0.9989
2025-11-12 12:17:59,7.7264,346.9906,0.9989
2025-11-12 12:18:00,7.7281,333.6292,0.9990
2025-11-12 12:18:00,7.7281,333.6292,0.9990
2025-11-12 12:18:00,7.7294,374.3600,0.9988
2025-11-12 12:18:00,7.7291,373.1805,0.9988
2025-11-12 12:18:00,7.7291,373.0378,0.9988
2025-11-12 12:18:00,7.7291,373.0378,0.9988
2025-11-12 12:18:00,7.7291,372.5021,0.9988
2025-11-12 12:18:00,7.7246,375.5486,0.9988
2025-11-12 12:18:00,7.7200,412.7513,0.9987
2025-11-12 12:18:01,7.7200,412.7513,0.9987
2025-11-12 12:18:01,7.7203,423.7828,0.9987
2025-11-12 12:18:01,7.7200,424.5758,0.9987
2025-11-12 12:18:01,7.7245,387.8098,0.9988
2025-11-12 12:18:01,7.7247,382.9475,0.9988
2025-11-12 12:18:01,7.7245,378.2856,0.9988
2025-11-12 12:18:01,7.7284,370.3506,0.9989
2025-11-12 12:18:01,7.7272,379.3125,0.9988
2025-11-12 12:18:01,7.7253,430.4973,0.9987
2025-11-12 12:18:02,7.7249,416.2802,0.9987
2025-11-12 12:18:02,7.7256,419.3970,0.9987
2025-11-12 12:18:02,7.7265,413.6415,0.9987
2025-11-12 12:18:02,7.7276,381.1400,0.9988
2025-11-12 12:18:02,7.7274,375.3976,0.9988
2025-11-12 12:18:02,7.7265,372.5049,0.9988
2025-11-12 12:18:02,7.7274,367.4409,0.9989
2025-11-12 12:18:02,7.7259,410.9119,0.9987
2025-11-12 12:18:02,7.7262,421.9726,0.9987
2025-11-12 12:18:02,7.7249,420.6415,0.9987
2025-11-12 12:18:03,7.7242,422.9603,0.9987
2025-11-12 12:18:03,7.7208,534.2226,0.9983
2025-11-12 12:18:03,7.7213,553.7885,0.9983
2025-11-12 12:18:03,7.7234,562.1831,0.9982
2025-11-12 12:18:03,7.7221,568.4555,0.9982
2025-11-12 12:18:03,7.7270,412.3809,0.9987
2025-11-12 12:18:03,7.7271,415.9324,0.9987
2025-11-12 12:18:03,7.7260,413.0032,0.9987
2025-11-12 12:18:03,7.7272,404.4455,0.9987
2025-11-12 12:18:04,7.7278,388.5173,0.9988
2025-11-12 12:18:04,7.7277,386.0187,0.9988
2025-11-12 12:18:04,7.7281,386.3776,0.9988
2025-11-12 12:18:04,7.7284,384.3294,0.9988
2025-11-12 12:18:04,7.7284,384.3294,0.9988
2025-11-12 12:18:04,7.7283,380.9826,0.9988
2025-11-12 12:18:04,7.7290,382.3099,0.9988
2025-11-12 12:18:04,7.7290,382.5275,0.9988
2025-11-12 12:18:04,7.7290,382.5275,0.9988
2025-11-12 12:18:05,7.7288,374.6443,0.9988
2025-11-12 12:18:05,7.7290,375.3397,0.9988
2025-11-12 12:18:05,7.7286,378.3197,0.9988
2025-11-12 12:18:05,7.7286,378.3197,0.9988
2025-11-12 12:18:05,7.7288,386.2307,0.9988
2025-11-12 12:18:05,7.7272,383.4363,0.9988
2025-11-12 12:18:05,7.7278,380.1401,0.9988
2025-11-12 12:18:05,7.7278,380.1401,0.9988
2025-11-12 12:18:05,7.7279,386.2014,0.9988
2025-11-12 12:18:05,7.7268,387.6822,0.9988
2025-11-12 12:18:06,7.7267,388.3089,0.9988
2025-11-12 12:18:06,7.7267,388.3089,0.9988
2025-11-12 12:18:06,7.7262,370.0636,0.9989
2025-11-12 12:18:06,7.7288,371.5114,0.9989
2025-11-12 12:18:06,7.7286,372.6300,0.9988
2025-11-12 12:18:06,7.7260,450.3814,0.9986
2025-11-12 12:18:06,7.7263,460.8788,0.9986
2025-11-12 12:18:06,7.7254,457.5067,0.9986
2025-11-12 12:18:06,7.7250,459.8995,0.9986
2025-11-12 12:18:07,7.7260,428.7577,0.9987
2025-11-12 12:18:07,7.7263,439.4024,0.9986
2025-11-12 12:18:07,7.7250,438.0093,0.9986
2025-11-12 12:18:07,7.7254,435.5045,0.9986
2025-11-12 12:18:07,7.7270,391.1027,0.9988
2025-11-12 12:18:07,7.7271,393.1392,0.9988
2025-11-12 12:18:07,7.7292,394.1061,0.9988
2025-11-12 12:18:07,7.7291,394.7102,0.9988
2025-11-12 12:18:08,7.7291,394.7102,0.9988
2025-11-12 12:18:08,7.7292,398.9646,0.9988
2025-11-12 12:18:08,7.7282,397.5293,0.9988
2025-11-12 12:18:08,7.7284,396.6657,0.9988
2025-11-12 12:18:08,7.7208,648.8713,0.9980
2025-11-12 12:18:08,7.7206,638.8930,0.9980
2025-11-12 12:18:08,7.7197,635.1088,0.9980
2025-11-12 12:18:08,7.7196,635.3618,0.9980
2025-11-12 12:18:09,7.7265,406.1506,0.9987
2025-11-12 12:18:09,7.7265,407.7366,0.9987
2025-11-12 12:18:09,7.7275,408.1712,0.9987
2025-11-12 12:18:09,7.7271,410.8431,0.9987
2025-11-12 12:18:09,7.7302,331.6666,0.9990
2025-11-12 12:18:09,7.7305,341.5968,0.9989
2025-11-12 12:18:09,7.7284,347.1513,0.9989
2025-11-12 12:18:09,7.7288,343.8987,0.9989
2025-11-12 12:18:10,7.7263,403.4749,0.9987
2025-11-12 12:18:10,7.7261,396.6401,0.9988
2025-11-12 12:18:10,7.7275,393.9768,0.9988
2025-11-12 12:18:10,7.7273,395.2584,0.9988
2025-11-12 12:18:10,7.7273,395.2584,0.9988
2025-11-12 12:18:10,7.7275,401.9478,0.9988
2025-11-12 12:18:10,7.7292,403.8529,0.9988
2025-11-12 12:18:10,7.7271,424.9863,0.9987
2025-11-12 12:18:10,7.7272,422.7549,0.9987
2025-11-12 12:18:10,7.7270,417.1086,0.9987
2025-11-12 12:18:11,7.7266,415.4630,0.9987
2025-11-12 12:18:11,7.7289,393.9178,0.9988
2025-11-12 12:18:11,7.7288,396.2353,0.9988
2025-11-12 12:18:11,7.7283,379.9794,0.9988
2025-11-12 12:18:11,7.7277,378.9449,0.9988
2025-11-12 12:18:11,7.7274,380.9267,0.9988
2025-11-12 12:18:11,7.7274,380.9267,0.9988
2025-11-12 12:18:11,7.7279,398.6531,0.9988
2025-11-12 12:18:12,7.7273,398.4615,0.9988
2025-11-12 12:18:12,7.7273,398.9475,0.9988
2025-11-12 12:18:12,7.7273,398.9475,0.9988
2025-11-12 12:18:12,7.7265,371.3116,0.9988
2025-11-12 12:18:12,7.7280,373.9838,0.9988
2025-11-12 12:18:12,7.7284,370.7489,0.9989
2025-11-12 12:18:12,7.7281,381.2113,0.9988
2025-11-12 12:18:12,7.7280,378.8619,0.9988
2025-11-12 12:18:12,7.7280,378.8619,0.9988
2025-11-12 12:18:13,7.7242,417.3920,0.9987
2025-11-12 12:18:13,7.7245,407.8278,0.9987
2025-11-12 12:18:13,7.7250,425.6082,0.9987
2025-11-12 12:18:13,7.7233,419.6891,0.9987
2025-11-12 12:18:13,7.7263,389.1020,0.9988
2025-11-12 12:18:13,7.7263,389.1020,0.9988
2025-11-12 12:18:13,7.7262,386.1149,0.9988
2025-11-12 12:18:13,7.7266,386.2797,0.9988
2025-11-12 12:18:13,7.7275,380.2487,0.9988
2025-11-12 12:18:13,7.7216,564.4931,0.9982
2025-11-12 12:18:14,7.7219,576.3230,0.9982
2025-11-12 12:18:14,7.7226,579.4003,0.9982
2025-11-12 12:18:14,7.7215,584.5189,0.9982
2025-11-12 12:18:14,7.7268,413.7887,0.9987
2025-11-12 12:18:14,7.7270,419.1358,0.9987
2025-11-12 12:18:14,7.7265,418.1424,0.9987
2025-11-12 12:18:14,7.7252,429.8355,0.9987
2025-11-12 12:18:14,7.7257,417.2086,0.9987
2025-11-12 12:18:14,7.7257,416.6250,0.9987
2025-11-12 12:18:14,7.7246,415.7918,0.9987
2025-11-12 12:18:15,7.7252,410.1918,0.9987
2025-11-12 12:18:15,7.7255,403.0534,0.9987
2025-11-12 12:18:15,7.7251,386.0591,0.9988
2025-11-12 12:18:15,7.7257,386.1455,0.9988
2025-11-12 12:18:15,7.7265,379.2503,0.9988
2025-11-12 12:18:15,7.7262,386.5505,0.9988
2025-11-12 12:18:15,7.7265,398.3150,0.9988
2025-11-12 12:18:15,7.7274,399.2086,0.9988
2025-11-12 12:18:15,7.7282,392.5178,0.9988
2025-11-12 12:18:16,7.7280,398.4040,0.9988
2025-11-12 12:18:16,7.7279,396.9916,0.9988
2025-11-12 12:18:16,7.7277,396.6552,0.9988
2025-11-12 12:18:16,7.7276,397.0955,0.9988
2025-11-12 12:18:16,7.7275,398.6968,0.9988
2025-11-12 12:18:16,7.7277,403.2544,0.9988
2025-11-12 12:18:16,7.7293,407.4637,0.9987
2025-11-12 12:18:16,7.7295,406.0062,0.9987
2025-11-12 12:18:17,7.7251,547.4303,0.9983
2025-11-12 12:18:17,7.7251,547.6380,0.9983
2025-11-12 12:18:17,7.7245,543.7918,0.9983
2025-11-12 12:18:17,7.7244,543.9837,0.9983
2025-11-12 12:18:17,7.7272,454.0621,0.9986
2025-11-12 12:18:17,7.7271,450.9056,0.9986
2025-11-12 12:18:17,7.7255,447.0996,0.9986
2025-11-12 12:18:17,7.7256,446.3760,0.9986
2025-11-12 12:18:18,7.7276,390.8714,0.9988
2025-11-12 12:18:18,7.7274,384.5025,0.9988
2025-11-12 12:18:18,7.7262,386.3213,0.9988
2025-11-12 12:18:18,7.7262,386.3600,0.9988
2025-11-12 12:18:18,7.7262,386.3600,0.9988
2025-11-12 12:18:18,7.7265,396.5864,0.9988
2025-11-12 12:18:18,7.7276,394.5903,0.9988
2025-11-12 12:18:18,7.7277,394.1596,0.9988
2025-11-12 12:18:19,7.7277,394.1596,0.9988
2025-11-12 12:18:19,7.7274,383.7810,0.9988
2025-11-12 12:18:19,7.7297,387.8599,0.9988
2025-11-12 12:18:19,7.7298,387.0927,0.9988
2025-11-12 12:18:19,7.7298,387.0927,0.9988
2025-11-12 12:18:19,7.7297,384.8100,0.9988
2025-11-12 12:18:19,7.7297,384.8100,0.9988
2025-11-12 12:18:19,7.7288,392.3197,0.9988
2025-11-12 12:18:20,7.7288,392.3197,0.9988
2025-11-12 12:18:20,7.7285,382.1848,0.9988
2025-11-12 12:18:20,7.7278,379.3287,0.9988
2025-11-12 12:18:20,7.7286,373.4630,0.9988
2025-11-12 12:18:20,7.7289,365.7394,0.9989
2025-11-12 12:18:20,7.7284,350.9721,0.9989
2025-11-12 12:18:20,7.7284,350.8546,0.9989
2025-11-12 12:18:20,7.7279,354.3010,0.9989
2025-11-12 12:18:20,7.7277,359.5965,0.9989
2025-11-12 12:18:21,7.7284,381.9105,0.9988
2025-11-12 12:18:21,7.7280,380.8967,0.9988
2025-11-12 12:18:21,7.7279,381.7214,0.9988
2025-11-12 12:18:21,7.7278,383.9868,0.9988
2025-11-12 12:18:21,7.7278,383.7158,0.9988
2025-11-12 12:18:21,7.7279,383.9474,0.9988
2025-11-12 12:18:21,7.7280,382.9215,0.9988
2025-11-12 12:18:21,7.7283,375.2987,0.9988
2025-11-12 12:18:21,7.7280,364.1178,0.9989
2025-11-12 12:18:21,7.7276,363.2499,0.9989
2025-11-12 12:18:21,7.7280,360.1115,0.9989
2025-11-12 12:18:22,7.7252,441.9440,0.9986
2025-11-12 12:18:22,7.7247,426.6148,0.9987
2025-11-12 12:18:22,7.7245,425.9270,0.9987
2025-11-12 12:18:22,7.7244,426.6916,0.9987
2025-11-12 12:18:22,7.7270,351.1293,0.9989
2025-11-12 12:18:22,7.7276,371.8939,0.9988
2025-11-12 12:18:22,7.7271,371.5937,0.9988
2025-11-12 12:18:22,7.7268,373.4429,0.9988
2025-11-12 12:18:22,7.7250,424.4662,0.9987
2025-11-12 12:18:22,7.7248,416.6342,0.9987
2025-11-12 12:18:22,7.7250,417.0109,0.9987
2025-11-12 12:18:22,7.7249,417.6520,0.9987
2025-11-12 12:18:23,7.7266,369.3721,0.9989
2025-11-12 12:18:23,7.7268,377.1134,0.9988
2025-11-12 12:18:23,7.7263,376.9522,0.9988
2025-11-12 12:18:23,7.7267,374.4124,0.9988
2025-11-12 12:18:23,7.7267,374.4124,0.9988
2025-11-12 12:18:23,7.7265,366.8289,0.9989
2025-11-12 12:18:23,7.7272,367.1148,0.9989
2025-11-12 12:18:23,7.7263,374.1494,0.9988
2025-11-12 12:18:24,7.7261,378.3090,0.9988
2025-11-12 12:18:24,7.7266,397.0365,0.9988
2025-11-12 12:18:24,7.7281,401.2412,0.9988
2025-11-12 12:18:24,7.7293,390.9024,0.9988
2025-11-12 12:18:24,7.7292,394.1422,0.9988
2025-11-12 12:18:24,7.7292,393.9320,0.9988
2025-11-12 12:18:24,7.7288,392.5400,0.9988
2025-11-12 12:18:24,7.7278,400.1907,0.9988
2025-11-12 12:18:25,7.7280,392.7157,0.9988
2025-11-12 12:18:25,7.7277,380.0523,0.9988
2025-11-12 12:18:25,7.7280,381.1415,0.9988
2025-11-12 12:18:25,7.7288,374.4998,0.9988
2025-11-12 12:18:25,7.7288,374.4998,0.9988
2025-11-12 12:18:25,7.7286,368.1991,0.9989
2025-11-12 12:18:25,7.7293,370.9086,0.9989
2025-11-12 12:18:25,7.7293,370.7525,0.9989
2025-11-12 12:18:25,7.7293,370.7525,0.9989
2025-11-12 12:18:26,7.7296,379.3987,0.9988
2025-11-12 12:18:26,7.7294,378.4921,0.9988
2025-11-12 12:18:26,7.7296,376.5499,0.9988
2025-11-12 12:18:26,7.7296,376.5499,0.9988
2025-11-12 12:18:26,7.7295,371.3009,0.9989
2025-11-12 12:18:26,7.7292,370.1388,0.9989
2025-11-12 12:18:26,7.7275,383.2224,0.9988
2025-11-12 12:18:26,7.7253,447.3046,0.9986
2025-11-12 12:18:26,7.7250,435.5360,0.9986
2025-11-12 12:18:26,7.7248,434.4359,0.9986
2025-11-12 12:18:27,7.7270,421.7778,0.9987
2025-11-12 12:18:27,7.7286,372.8404,0.9988
2025-11-12 12:18:27,7.7291,389.1283,0.9988
2025-11-12 12:18:27,7.7287,388.1502,0.9988
2025-11-12 12:18:27,7.7232,443.1987,0.9986
2025-11-12 12:18:27,7.7238,427.8127,0.9987
2025-11-12 12:18:27,7.7233,409.8191,0.9987
2025-11-12 12:18:27,7.7237,412.2547,0.9987
2025-11-12 12:18:27,7.7279,364.3039,0.9989
2025-11-12 12:18:28,7.7282,356.7066,0.9989
2025-11-12 12:18:28,7.7275,333.9317,0.9990
2025-11-12 12:18:28,7.7272,332.7356,0.9990
2025-11-12 12:18:28,7.7264,338.7347,0.9989
2025-11-12 12:18:28,7.7261,346.0193,0.9989
2025-11-12 12:18:28,7.7256,328.3498,0.9990
2025-11-12 12:18:29,7.7232,322.3602,0.9990
2025-11-12 12:18:29,7.7212,339.6078,0.9989
2025-11-12 12:18:29,7.7213,337.3443,0.9989
2025-11-12 12:18:29,7.7224,376.7995,0.9988
2025-11-12 12:18:29,7.7223,376.7816,0.9988
2025-11-12 12:18:29,7.7247,356.0082,0.9989
2025-11-12 12:18:29,7.7246,358.4822,0.9989
2025-11-12 12:18:29,7.7249,369.2059,0.9989
2025-11-12 12:18:29,7.7272,372.2151,0.9988
2025-11-12 12:18:29,7.7282,364.4863,0.9989
2025-11-12 12:18:30,7.7282,364.4863,0.9989
2025-11-12 12:18:30,7.7279,352.5266,0.9989
2025-11-12 12:18:30,7.7284,354.2983,0.9989
2025-11-12 12:18:30,7.7274,361.2096,0.9989
2025-11-12 12:18:30,7.7273,365.4836,0.9989
2025-11-12 12:18:30,7.7273,364.7866,0.9989
2025-11-12 12:18:30,7.7264,361.3114,0.9989
2025-11-12 12:18:30,7.7270,356.6481,0.9989
2025-11-12 12:18:31,7.7272,352.3991,0.9989
2025-11-12 12:18:31,7.7276,366.4463,0.9989
2025-11-12 12:18:31,7.7280,367.4267,0.9989
2025-11-12 12:18:31,7.7263,381.6718,0.9988
2025-11-12 12:18:31,7.7263,381.6718,0.9988
2025-11-12 12:18:31,7.7253,348.0729,0.9989
2025-11-12 12:18:31,7.7243,344.1227,0.9989
2025-11-12 12:18:31,7.7270,326.9665,0.9990
2025-11-12 12:18:31,7.7269,331.1937,0.9990
2025-11-12 12:18:32,7.7278,362.7368,0.9989
2025-11-12 12:18:32,7.7295,366.0758,0.9989
2025-11-12 12:18:32,7.7263,393.0737,0.9988
2025-11-12 12:18:32,7.7264,388.8967,0.9988
2025-11-12 12:18:32,7.7260,374.2984,0.9988
2025-11-12 12:18:32,7.7260,374.2984,0.9988
2025-11-12 12:18:32,7.7267,366.4270,0.9989
2025-11-12 12:18:32,7.7267,366.4270,0.9989
2025-11-12 12:18:33,7.7266,362.1828,0.9989
2025-11-12 12:18:33,7.7268,363.3872,0.9989
2025-11-12 12:18:33,7.7287,348.5387,0.9989
2025-11-12 12:18:33,7.7289,340.8111,0.9989
2025-11-12 12:18:33,7.7299,373.0312,0.9988
2025-11-12 12:18:33,7.7281,369.1839,0.9989
2025-11-12 12:18:33,7.7259,387.2880,0.9988
2025-11-12 12:18:34,7.7256,394.4896,0.9988
2025-11-12 12:18:34,7.7255,392.1890,0.9988
2025-11-12 12:18:34,7.7266,395.4983,0.9988
2025-11-12 12:18:34,7.7289,375.7786,0.9988
2025-11-12 12:18:34,7.7296,357.5661,0.9989
2025-11-12 12:18:34,7.7297,358.7808,0.9989
2025-11-12 12:18:34,7.7291,357.8464,0.9989
2025-11-12 12:18:34,7.7261,384.7884,0.9988
2025-11-12 12:18:34,7.7249,416.3221,0.9987
2025-11-12 12:18:34,7.7252,426.9742,0.9987
2025-11-12 12:18:34,7.7233,423.8164,0.9987
2025-11-12 12:18:35,7.7256,405.3253,0.9987
2025-11-12 12:18:35,7.7251,420.5630,0.9987
2025-11-12 12:18:35,7.7248,409.2706,0.9987
2025-11-12 12:18:35,7.7240,410.7217,0.9987
2025-11-12 12:18:35,7.7241,410.0049,0.9987
2025-11-12 12:18:35,7.7252,380.4415,0.9988
2025-11-12 12:18:35,7.7252,377.9708,0.9988
2025-11-12 12:18:35,7.7284,377.3820,0.9988
2025-11-12 12:18:36,7.7289,374.1131,0.9988
2025-11-12 12:18:36,7.7289,374.1131,0.9988
2025-11-12 12:18:36,7.7286,363.0317,0.9989
2025-11-12 12:18:36,7.7294,366.1911,0.9989
2025-11-12 12:18:36,7.7284,374.3160,0.9988
2025-11-12 12:18:36,7.7286,366.6353,0.9989
2025-11-12 12:18:36,7.7287,368.1065,0.9989
2025-11-12 12:18:36,7.7278,364.5453,0.9989
2025-11-12 12:18:36,7.7285,359.7420,0.9989
2025-11-12 12:18:37,7.7280,371.7353,0.9988
2025-11-12 12:18:37,7.7278,363.6202,0.9989
2025-11-12 12:18:37,7.7268,361.3202,0.9989
2025-11-12 12:18:37,7.7251,374.5944,0.9988
2025-11-12 12:18:37,7.7272,326.3044,0.9990
2025-11-12 12:18:37,7.7272,326.3044,0.9990
2025-11-12 12:18:37,7.7266,325.8082,0.9990
2025-11-12 12:18:37,7.7272,319.8879,0.9990
2025-11-12 12:18:37,7.7253,364.1697,0.9989
2025-11-12 12:18:38,7.7256,373.5746,0.9988
2025-11-12 12:18:38,7.7239,374.7962,0.9988
2025-11-12 12:18:38,7.7211,401.3951,0.9987
2025-11-12 12:18:38,7.7212,399.1283,0.9987
2025-11-12 12:18:38,7.7206,376.7581,0.9988
2025-11-12 12:18:38,7.7174,387.5432,0.9988
2025-11-12 12:18:38,7.7208,364.9071,0.9989
2025-11-12 12:18:38,7.7179,436.2460,0.9986
2025-11-12 12:18:38,7.7178,430.5467,0.9986
2025-11-12 12:18:38,7.7215,418.7821,0.9987
2025-11-12 12:18:39,7.7202,425.3315,0.9987
2025-11-12 12:18:39,7.7227,358.9778,0.9989
2025-11-12 12:18:39,7.7237,393.1504,0.9988
2025-11-12 12:18:39,7.7262,396.9015,0.9988
2025-11-12 12:18:39,7.7259,399.7950,0.9988
2025-11-12 12:18:39,7.7262,392.6277,0.9988
2025-11-12 12:18:39,7.7260,383.5178,0.9988
2025-11-12 12:18:39,7.7268,387.9477,0.9988
2025-11-12 12:18:39,7.7292,366.8885,0.9989
2025-11-12 12:18:40,7.7292,366.8885,0.9989
2025-11-12 12:18:40,7.7294,373.0195,0.9988
2025-11-12 12:18:40,7.7295,373.6949,0.9988
2025-11-12 12:18:40,7.7285,382.1088,0.9988
2025-11-12 12:18:40,7.7285,382.1088,0.9988
2025-11-12 12:18:40,7.7287,391.1229,0.9988
2025-11-12 12:18:40,7.7273,385.8222,0.9988
2025-11-12 12:18:40,7.7282,379.1839,0.9988
2025-11-12 12:18:40,7.7285,371.5347,0.9989
2025-11-12 12:18:40,7.7281,359.8149,0.9989
2025-11-12 12:18:41,7.7262,360.0950,0.9989
2025-11-12 12:18:41,7.7232,384.6970,0.9988
2025-11-12 12:18:41,7.7206,451.2836,0.9986
2025-11-12 12:18:41,7.7203,440.8049,0.9986
2025-11-12 12:18:41,7.7217,444.9450,0.9986
2025-11-12 12:18:41,7.7247,423.2669,0.9987
2025-11-12 12:18:41,7.7271,355.0846,0.9989
2025-11-12 12:18:41,7.7273,360.2403,0.9989
2025-11-12 12:18:41,7.7289,364.2927,0.9989
2025-11-12 12:18:41,7.7291,363.0002,0.9989
2025-11-12 12:18:42,7.7293,357.9602,0.9989
2025-11-12 12:18:42,7.7298,377.6053,0.9988
2025-11-12 12:18:42,7.7293,376.0322,0.9988
2025-11-12 12:18:42,7.7277,389.6005,0.9988
2025-11-12 12:18:42,7.7298,339.0105,0.9990
2025-11-12 12:18:42,7.7299,343.4661,0.9989
2025-11-12 12:18:42,7.7302,344.1734,0.9989
2025-11-12 12:18:42,7.7310,335.9528,0.9990
2025-11-12 12:18:42,7.7304,349.5634,0.9989
2025-11-12 12:18:43,7.7305,354.2870,0.9989
2025-11-12 12:18:43,7.7273,356.6775,0.9989
2025-11-12 12:18:43,7.7261,367.0107,0.9989
2025-11-12 12:18:43,7.7230,442.5600,0.9986
2025-11-12 12:18:43,7.7231,445.7356,0.9986
2025-11-12 12:18:43,7.7224,447.0324,0.9986
2025-11-12 12:18:43,7.7244,435.6085,0.9986
2025-11-12 12:18:43,7.7257,400.5075,0.9988
2025-11-12 12:18:43,7.7253,384.5588,0.9988
2025-11-12 12:18:44,7.7276,379.6899,0.9988
2025-11-12 12:18:44,7.7279,377.6445,0.9988
2025-11-12 12:18:44,7.7276,387.9955,0.9988
2025-11-12 12:18:44,7.7273,379.2989,0.9988
2025-11-12 12:18:44,7.7286,381.3263,0.9988
2025-11-12 12:18:44,7.7273,390.8864,0.9988
2025-11-12 12:18:44,7.7276,380.6054,0.9988
2025-11-12 12:18:44,7.7271,360.6903,0.9989
2025-11-12 12:18:44,7.7271,360.6903,0.9989
2025-11-12 12:18:45,7.7268,363.1411,0.9989
2025-11-12 12:18:45,7.7268,363.1411,0.9989
2025-11-12 12:18:45,7.7267,361.9052,0.9989
2025-11-12 12:18:45,7.7267,361.9052,0.9989
2025-11-12 12:18:45,7.7262,366.9234,0.9989
2025-11-12 12:18:45,7.7256,380.9287,0.9988
2025-11-12 12:18:45,7.7249,354.5305,0.9989
2025-11-12 12:18:45,7.7249,354.5305,0.9989
2025-11-12 12:18:45,7.7262,344.1910,0.9989
2025-11-12 12:18:46,7.7268,330.0130,0.9990
2025-11-12 12:18:46,7.7278,362.1109,0.9989
2025-11-12 12:18:46,7.7282,363.7713,0.9989
2025-11-12 12:18:46,7.7282,364.0296,0.9989
2025-11-12 12:18:46,7.7284,356.3877,0.9989
2025-11-12 12:18:46,7.7287,363.9768,0.9989
2025-11-12 12:18:46,7.7253,361.7290,0.9989
2025-11-12 12:18:46,7.7255,360.5170,0.9989
2025-11-12 12:18:46,7.7253,365.1292,0.9989
2025-11-12 12:18:46,7.7257,379.5637,0.9988
2025-11-12 12:18:47,7.7269,377.4991,0.9988
2025-11-12 12:18:47,7.7266,379.5600,0.9988
2025-11-12 12:18:47,7.7265,382.1557,0.9988
2025-11-12 12:18:47,7.7257,355.2009,0.9989
2025-11-12 12:18:47,7.7256,355.1966,0.9989
2025-11-12 12:18:47,7.7262,351.4653,0.9989
2025-11-12 12:18:47,7.7261,355.6202,0.9989
2025-11-12 12:18:47,7.7269,382.5988,0.9988
2025-11-12 12:18:47,7.7286,383.9142,0.9988
2025-11-12 12:18:47,7.7283,386.3475,0.9988
2025-11-12 12:18:47,7.7271,418.7886,0.9987
2025-11-12 12:18:48,7.7270,413.0190,0.9987
2025-11-12 12:18:48,7.7255,409.9389,0.9987
2025-11-12 12:18:48,7.7256,409.4060,0.9987
2025-11-12 12:18:48,7.7269,373.8624,0.9988
2025-11-12 12:18:48,7.7270,378.9350,0.9988
2025-11-12 12:18:48,7.7294,383.7792,0.9988
2025-11-12 12:18:48,7.7296,382.7734,0.9988
2025-11-12 12:18:48,7.7296,382.7734,0.9988
2025-11-12 12:18:48,7.7293,373.7976,0.9988
2025-11-12 12:18:48,7.7297,375.7099,0.9988
2025-11-12 12:18:49,7.7291,380.8846,0.9988
2025-11-12 12:18:49,7.7291,380.8846,0.9988
2025-11-12 12:18:49,7.7292,385.6433,0.9988
2025-11-12 12:18:49,7.7292,385.6433,0.9988
2025-11-12 12:18:49,7.7253,433.2978,0.9987
2025-11-12 12:18:49,7.7253,433.2978,0.9987
2025-11-12 12:18:49,7.7250,422.7362,0.9987
2025-11-12 12:18:49,7.7250,422.7362,0.9987
2025-11-12 12:18:49,7.7282,382.5206,0.9988
2025-11-12 12:18:49,7.7276,397.8545,0.9988
2025-11-12 12:18:49,7.7282,419.0179,0.9987
2025-11-12 12:18:50,7.7240,410.4299,0.9987
2025-11-12 12:18:50,7.7250,404.4745,0.9987
2025-11-12 12:18:50,7.7255,390.0532,0.9988
2025-11-12 12:18:50,7.7253,382.3200,0.9988
2025-11-12 12:18:50,7.7257,381.4015,0.9988
2025-11-12 12:18:50,7.7241,393.3098,0.9988
2025-11-12 12:18:50,7.7241,393.3098,0.9988
2025-11-12 12:18:50,7.7240,389.5084,0.9988
2025-11-12 12:18:50,7.7241,389.4154,0.9988
2025-11-12 12:18:50,7.7265,373.1762,0.9988
2025-11-12 12:18:51,7.7265,373.1762,0.9988
2025-11-12 12:18:51,7.7263,364.3613,0.9989
2025-11-12 12:18:51,7.7288,365.0081,0.9989
2025-11-12 12:18:51,7.7284,367.3226,0.9989
2025-11-12 12:18:51,7.7238,512.5520,0.9984
2025-11-12 12:18:51,7.7229,482.7064,0.9985
2025-11-12 12:18:51,7.7218,476.5838,0.9985
2025-11-12 12:18:51,7.7214,477.4951,0.9985
2025-11-12 12:18:52,7.7262,336.4695,0.9990
2025-11-12 12:18:52,7.7245,282.2369,0.9991
2025-11-12 12:18:52,7.7224,280.9587,0.9991
2025-11-12 12:18:52,7.7221,282.1522,0.9991
2025-11-12 12:18:52,7.7223,278.2749,0.9991
2025-11-12 12:18:52,7.7227,290.3007,0.9991
2025-11-12 12:18:52,7.7200,300.6466,0.9991
2025-11-12 12:18:52,7.7205,299.5339,0.9991
2025-11-12 12:18:53,7.7196,320.0770,0.9990
2025-11-12 12:18:53,7.7194,314.8509,0.9990
2025-11-12 12:18:53,7.7235,305.8432,0.9990
2025-11-12 12:18:53,7.7231,307.4709,0.9990
2025-11-12 12:18:53,7.7238,291.4491,0.9991
2025-11-12 12:18:53,7.7243,308.8361,0.9990
2025-11-12 12:18:53,7.7264,315.4977,0.9990
2025-11-12 12:18:53,7.7257,320.6231,0.9990
2025-11-12 12:18:53,7.7257,320.6231,0.9990
2025-11-12 12:18:53,7.7273,370.6607,0.9989
2025-11-12 12:18:53,7.7274,371.0514,0.9989
2025-11-12 12:18:53,7.7285,362.1403,0.9989
2025-11-12 12:18:54,7.7285,362.1403,0.9989
2025-11-12 12:18:54,7.7282,353.3603,0.9989
2025-11-12 12:18:54,7.7265,348.9374,0.9989
2025-11-12 12:18:54,7.7236,373.4031,0.9988
2025-11-12 12:18:54,7.7236,373.4031,0.9988
2025-11-12 12:18:54,7.7243,401.5512,0.9987
2025-11-12 12:18:54,7.7262,408.6966,0.9987
2025-11-12 12:18:54,7.7272,396.8342,0.9988
2025-11-12 12:18:54,7.7254,446.6040,0.9986
2025-11-12 12:18:55,7.7254,447.2113,0.9986
2025-11-12 12:18:55,7.7240,440.5915,0.9986
2025-11-12 12:18:55,7.7260,426.3614,0.9987
2025-11-12 12:18:55,7.7278,375.9209,0.9988
2025-11-12 12:18:55,7.7278,374.2410,0.9988
2025-11-12 12:18:55,7.7286,375.9592,0.9988
2025-11-12 12:18:55,7.7287,375.2792,0.9988
2025-11-12 12:18:56,7.7287,375.2792,0.9988
2025-11-12 12:18:56,7.7282,357.5893,0.9989
2025-11-12 12:18:56,7.7264,355.1179,0.9989
2025-11-12 12:18:56,7.7268,353.0963,0.9989
2025-11-12 12:18:56,7.7264,363.1718,0.9989
2025-11-12 12:18:56,7.7267,373.5547,0.9988
2025-11-12 12:18:56,7.7288,376.5220,0.9988
2025-11-12 12:18:56,7.7286,378.0304,0.9988
2025-11-12 12:18:56,7.7290,367.4465,0.9989
2025-11-12 12:18:56,7.7289,366.4656,0.9989
2025-11-12 12:18:56,7.7296,369.0572,0.9989
2025-11-12 12:18:57,7.7296,368.9893,0.9989
2025-11-12 12:18:57,7.7296,368.9893,0.9989
2025-11-12 12:18:57,7.7291,353.0503,0.9989
2025-11-12 12:18:57,7.7282,349.2385,0.9989
2025-11-12 12:18:57,7.7278,351.1992,0.9989
2025-11-12 12:18:57,7.7278,351.1992,0.9989
2025-11-12 12:18:57,7.7279,353.1252,0.9989
2025-11-12 12:18:57,7.7283,354.7513,0.9989
2025-11-12 12:18:57,7.7286,352.9671,0.9989
2025-11-12 12:18:57,7.7286,352.9671,0.9989
2025-11-12 12:18:58,7.7284,346.5913,0.9989
2025-11-12 12:18:58,7.7289,348.8399,0.9989
2025-11-12 12:18:58,7.7287,350.0797,0.9989
2025-11-12 12:18:58,7.7299,319.1830,0.9990
2025-11-12 12:18:58,7.7304,335.2321,0.9990
2025-11-12 12:18:58,7.7276,331.3093,0.9990
2025-11-12 12:18:58,7.7275,331.6453,0.9990
2025-11-12 12:18:58,7.7261,368.0206,0.9989
2025-11-12 12:18:58,7.7266,386.0869,0.9988
2025-11-12 12:18:58,7.7280,386.9937,0.9988
2025-11-12 12:18:58,7.7280,387.1656,0.9988
2025-11-12 12:18:59,7.7283,379.6697,0.9988
2025-11-12 12:18:59,7.7276,358.4752,0.9989
2025-11-12 12:18:59,7.7288,362.5940,0.9989
2025-11-12 12:18:59,7.7291,360.7182,0.9989
2025-11-12 12:18:59,7.7291,360.7182,0.9989
2025-11-12 12:18:59,7.7293,365.9189,0.9989
2025-11-12 12:18:59,7.7296,367.4491,0.9989
2025-11-12 12:18:59,7.7287,374.0525,0.9988
2025-11-12 12:19:00,7.7267,433.1106,0.9987
2025-11-12 12:19:00,7.7272,449.5273,0.9986
2025-11-12 12:19:00,7.7252,440.5180,0.9986
2025-11-12 12:19:00,7.7259,436.2411,0.9986
2025-11-12 12:19:00,7.7281,375.4389,0.9988
2025-11-12 12:19:00,7.7277,361.7062,0.9989
2025-11-12 12:19:00,7.7261,362.4136,0.9989
2025-11-12 12:19:00,7.7235,381.4057,0.9988
2025-11-12 12:19:00,7.7234,383.8132,0.9988
2025-11-12 12:19:01,7.7232,375.7425,0.9988
2025-11-12 12:19:01,7.7257,381.4542,0.9988
2025-11-12 12:19:01,7.7281,360.4362,0.9989
2025-11-12 12:19:01,7.7271,387.2622,0.9988
2025-11-12 12:19:01,7.7274,398.3799,0.9988
2025-11-12 12:19:01,7.7274,398.3799,0.9988
2025-11-12 12:19:01,7.7272,399.5750,0.9988
2025-11-12 12:19:01,7.7271,404.2218,0.9987
2025-11-12 12:19:02,7.7274,414.6864,0.9987
2025-11-12 12:19:02,7.7277,415.8253,0.9987
2025-11-12 12:19:02,7.7275,416.5968,0.9987
2025-11-12 12:19:02,7.7287,384.6838,0.9988
2025-11-12 12:19:02,7.7289,391.3564,0.9988
2025-11-12 12:19:02,7.7286,390.4390,0.9988
2025-11-12 12:19:02,7.7282,393.8687,0.9988
2025-11-12 12:19:02,7.7284,386.2183,0.9988
2025-11-12 12:19:02,7.7285,386.9010,0.9988
2025-11-12 12:19:02,7.7260,385.5611,0.9988
2025-11-12 12:19:02,7.7264,383.0660,0.9988
2025-11-12 12:19:03,7.7262,387.7807,0.9988
2025-11-12 12:19:03,7.7261,384.0574,0.9988
2025-11-12 12:19:03,7.7284,384.9064,0.9988
2025-11-12 12:19:03,7.7291,380.0971,0.9988
2025-11-12 12:19:03,7.7290,382.8453,0.9988
2025-11-12 12:19:03,7.7289,380.0079,0.9988
2025-11-12 12:19:03,7.7289,380.1416,0.9988
2025-11-12 12:19:03,7.7289,380.1195,0.9988
2025-11-12 12:19:04,7.7289,380.1195,0.9988
2025-11-12 12:19:04,7.7291,384.1203,0.9988
2025-11-12 12:19:04,7.7303,388.6618,0.9988
2025-11-12 12:19:04,7.7302,389.5415,0.9988
2025-11-12 12:19:04,7.7302,389.5415,0.9988
2025-11-12 12:19:04,7.7303,393.3843,0.9988
2025-11-12 12:19:04,7.7291,388.8632,0.9988
2025-11-12 12:19:04,7.7292,388.1077,0.9988
2025-11-12 12:19:04,7.7287,400.8930,0.9988
2025-11-12 12:19:05,7.7287,400.1029,0.9988
2025-11-12 12:19:05,7.7285,399.7068,0.9988
2025-11-12 12:19:05,7.7284,400.7024,0.9988
2025-11-12 12:19:05,7.7288,388.0132,0.9988
2025-11-12 12:19:05,7.7287,384.8462,0.9988
2025-11-12 12:19:05,7.7302,389.8755,0.9988
2025-11-12 12:19:05,7.7288,402.4569,0.9988
2025-11-12 12:19:05,7.7288,402.4569,0.9988
2025-11-12 12:19:06,7.7286,394.9306,0.9988
2025-11-12 12:19:06,7.7269,387.6847,0.9988
2025-11-12 12:19:06,7.7248,410.4599,0.9987
2025-11-12 12:19:06,7.7246,414.4814,0.9987
2025-11-12 12:19:06,7.7248,420.0954,0.9987
2025-11-12 12:19:06,7.7244,418.5835,0.9987
2025-11-12 12:19:06,7.7269,392.3627,0.9988
2025-11-12 12:19:06,7.7225,525.3664,0.9984
2025-11-12 12:19:06,7.7221,509.8943,0.9984
2025-11-12 12:19:06,7.7223,510.6823,0.9984
2025-11-12 12:19:06,7.7215,515.6969,0.9984
2025-11-12 12:19:07,7.7261,378.9271,0.9988
2025-11-12 12:19:07,7.7257,363.3884,0.9989
2025-11-12 12:19:07,7.7256,363.1116,0.9989
2025-11-12 12:19:07,7.7273,349.9307,0.9989
2025-11-12 12:19:07,7.7268,364.7875,0.9989
2025-11-12 12:19:07,7.7274,386.2861,0.9988
2025-11-12 12:19:07,7.7271,385.9317,0.9988
2025-11-12 12:19:07,7.7273,384.9337,0.9988
2025-11-12 12:19:07,7.7270,391.1858,0.9988
2025-11-12 12:19:07,7.7266,374.9494,0.9988
2025-11-12 12:19:07,7.7258,374.6061,0.9988
2025-11-12 12:19:07,7.7239,386.9367,0.9988
2025-11-12 12:19:08,7.7245,369.6438,0.9988
2025-11-12 12:19:08,7.7249,380.7787,0.9988
2025-11-12 12:19:08,7.7267,384.9241,0.9988
2025-11-12 12:19:08,7.7287,369.0870,0.9989
2025-11-12 12:19:08,7.7287,369.0870,0.9989
2025-11-12 12:19:08,7.7284,357.7925,0.9989
2025-11-12 12:19:08,7.7292,361.0744,0.9989
2025-11-12 12:19:08,7.7282,368.8985,0.9989
2025-11-12 12:19:08,7.7269,404.5013,0.9987
2025-11-12 12:19:09,7.7271,410.1907,0.9987
2025-11-12 12:19:09,7.7264,406.7277,0.9987
2025-11-12 12:19:09,7.7228,446.7170,0.9986
2025-11-12 12:19:09,7.7227,449.1351,0.9986
2025-11-12 12:19:09,7.7217,413.9545,0.9987
2025-11-12 12:19:09,7.7218,414.6188,0.9987
2025-11-12 12:19:09,7.7256,375.9811,0.9988
2025-11-12 12:19:09,7.7270,338.7816,0.9989
2025-11-12 12:19:10,7.7272,344.6418,0.9989
2025-11-12 12:19:10,7.7276,346.8388,0.9989
2025-11-12 12:19:10,7.7273,348.9599,0.9989
2025-11-12 12:19:10,7.7265,371.3527,0.9988
2025-11-12 12:19:10,7.7260,356.0526,0.9989
2025-11-12 12:19:10,7.7236,346.1743,0.9989
2025-11-12 12:19:10,7.7211,366.1097,0.9989
2025-11-12 12:19:10,7.7218,350.1586,0.9989
2025-11-12 12:19:10,7.7207,312.2110,0.9990
2025-11-12 12:19:11,7.7198,309.8137,0.9990
2025-11-12 12:19:11,7.7233,287.7106,0.9991
2025-11-12 12:19:11,7.7235,283.8365,0.9991
2025-11-12 12:19:11,7.7263,376.3233,0.9988
2025-11-12 12:19:11,7.7289,376.7631,0.9988
2025-11-12 12:19:11,7.7288,377.2873,0.9988
2025-11-12 12:19:11,7.7288,377.2873,0.9988
2025-11-12 12:19:11,7.7288,376.0280,0.9988
2025-11-12 12:19:12,7.7288,376.0280,0.9988
2025-11-12 12:19:12,7.7285,377.6159,0.9988
2025-11-12 12:19:12,7.7285,377.6159,0.9988
2025-11-12 12:19:12,7.7280,359.3687,0.9989
2025-11-12 12:19:12,7.7269,357.0334,0.9989
2025-11-12 12:19:12,7.7253,369.5160,0.9989
2025-11-12 12:19:12,7.7260,352.0204,0.9989
2025-11-12 12:19:12,7.7261,353.4199,0.9989
2025-11-12 12:19:12,7.7271,356.3608,0.9989
2025-11-12 12:19:13,7.7290,340.4790,0.9989
2025-11-12 12:19:13,7.7293,331.4867,0.9990
2025-11-12 12:19:13,7.7295,336.4402,0.9990
2025-11-12 12:19:13,7.7278,335.2688,0.9990
2025-11-12 12:19:13,7.7258,351.0086,0.9989
2025-11-12 12:19:13,7.7248,374.0102,0.9988
2025-11-12 12:19:13,7.7255,399.7079,0.9988
2025-11-12 12:19:13,7.7261,400.3067,0.9988
2025-11-12 12:19:14,7.7279,385.5087,0.9988
2025-11-12 12:19:14,7.7272,405.4276,0.9987
2025-11-12 12:19:14,7.7265,380.2835,0.9988
2025-11-12 12:19:14,7.7267,380.7373,0.9988
2025-11-12 12:19:14,7.7264,382.6592,0.9988
2025-11-12 12:19:14,7.7267,375.8542,0.9988
2025-11-12 12:19:14,7.7267,377.1066,0.9988
2025-11-12 12:19:15,7.7284,383.4339,0.9988
2025-11-12 12:19:15,7.7286,382.1158,0.9988
2025-11-12 12:19:15,7.7211,641.5825,0.9980
2025-11-12 12:19:15,7.7217,667.3811,0.9979
2025-11-12 12:19:15,7.7198,652.8779,0.9979
2025-11-12 12:19:15,7.7204,651.8560,0.9980
2025-11-12 12:19:15,7.7248,492.1204,0.9985
2025-11-12 12:19:15,7.7248,491.6081,0.9985
2025-11-12 12:19:16,7.7254,493.3029,0.9985
2025-11-12 12:19:16,7.7251,494.2512,0.9985
2025-11-12 12:19:16,7.7293,368.8963,0.9989
2025-11-12 12:19:16,7.7292,362.7643,0.9989
2025-11-12 12:19:16,7.7280,362.5799,0.9989
2025-11-12 12:19:16,7.7276,364.8859,0.9989
2025-11-12 12:19:16,7.7186,658.8345,0.9979
2025-11-12 12:19:16,7.7190,675.0180,0.9979
2025-11-12 12:19:16,7.7207,685.4716,0.9979
2025-11-12 12:19:16,7.7189,693.3061,0.9978
2025-11-12 12:19:17,7.7227,552.7848,0.9983
2025-11-12 12:19:17,7.7224,542.1945,0.9983
2025-11-12 12:19:17,7.7224,542.2202,0.9983
2025-11-12 12:19:17,7.7242,530.7610,0.9983
2025-11-12 12:19:17,7.7284,398.6123,0.9988
2025-11-12 12:19:17,7.7285,401.6721,0.9988
2025-11-12 12:19:17,7.7284,401.4569,0.9988
2025-11-12 12:19:17,7.7280,404.6370,0.9987
2025-11-12 12:19:17,7.7284,394.1797,0.9988
2025-11-12 12:19:17,7.7283,393.1334,0.9988
2025-11-12 12:19:17,7.7288,394.6152,0.9988
2025-11-12 12:19:17,7.7293,390.4406,0.9988
2025-11-12 12:19:18,7.7293,390.4406,0.9988
2025-11-12 12:19:18,7.7289,376.5355,0.9988
2025-11-12 12:19:18,7.7287,376.0219,0.9988
2025-11-12 12:19:18,7.7269,392.6375,0.9988
2025-11-12 12:19:18,7.7269,392.6375,0.9988
2025-11-12 12:19:18,7.7262,368.6889,0.9989
2025-11-12 12:19:18,7.7262,368.7167,0.9989
2025-11-12 12:19:18,7.7282,351.8660,0.9989
2025-11-12 12:19:18,7.7282,351.8660,0.9989
2025-11-12 12:19:19,7.7291,381.2898,0.9988
2025-11-12 12:19:19,7.7295,382.8742,0.9988
2025-11-12 12:19:19,7.7295,382.9642,0.9988
2025-11-12 12:19:19,7.7295,382.9642,0.9988
2025-11-12 12:19:19,7.7293,374.5965,0.9988
2025-11-12 12:19:19,7.7290,373.4580,0.9988
2025-11-12 12:19:19,7.7276,385.3130,0.9988
2025-11-12 12:19:19,7.7279,377.7682,0.9988
2025-11-12 12:19:19,7.7273,360.4417,0.9989
2025-11-12 12:19:19,7.7269,358.3520,0.9989
2025-11-12 12:19:20,7.7255,372.9110,0.9988
2025-11-12 12:19:20,7.7242,405.6216,0.9987
2025-11-12 12:19:20,7.7244,414.2373,0.9987
2025-11-12 12:19:20,7.7242,413.0268,0.9987
2025-11-12 12:19:20,7.7278,385.4146,0.9988
2025-11-12 12:19:20,7.7288,357.6608,0.9989
2025-11-12 12:19:20,7.7291,368.5340,0.9989
2025-11-12 12:19:20,7.7292,368.6004,0.9989
2025-11-12 12:19:20,7.7266,387.8754,0.9988
2025-11-12 12:19:21,7.7269,380.5000,0.9988
2025-11-12 12:19:21,7.7250,317.7942,0.9990
2025-11-12 12:19:21,7.7248,316.9293,0.9990
2025-11-12 12:19:21,7.7238,326.1978,0.9990
2025-11-12 12:19:21,7.7255,289.9122,0.9991
2025-11-12 12:19:21,7.7252,283.1325,0.9991
2025-11-12 12:19:21,7.7236,279.2249,0.9991
2025-11-12 12:19:21,7.7264,258.0175,0.9992
2025-11-12 12:19:21,7.7226,351.1568,0.9989
2025-11-12 12:19:22,7.7220,334.6471,0.9990
2025-11-12 12:19:22,7.7228,336.4510,0.9989
2025-11-12 12:19:22,7.7226,336.9102,0.9989
2025-11-12 12:19:22,7.7245,287.8308,0.9991
2025-11-12 12:19:22,7.7250,302.8647,0.9991
2025-11-12 12:19:22,7.7250,302.9340,0.9991
2025-11-12 12:19:22,7.7244,306.3266,0.9990
2025-11-12 12:19:22,7.7245,303.8666,0.9991
2025-11-12 12:19:22,7.7216,223.6694,0.9993
2025-11-12 12:19:22,7.7225,228.2451,0.9993
2025-11-12 12:19:22,7.7225,228.5257,0.9993
2025-11-12 12:19:23,7.7224,230.8519,0.9993
2025-11-12 12:19:23,7.7240,272.1311,0.9992
2025-11-12 12:19:23,7.7227,267.3760,0.9992
2025-11-12 12:19:23,7.7235,263.7988,0.9992
2025-11-12 12:19:23,7.7235,263.7988,0.9992
2025-11-12 12:19:23,7.7260,338.6629,0.9989
2025-11-12 12:19:23,7.7280,342.8752,0.9989
2025-11-12 12:19:24,7.7270,349.7068,0.9989
2025-11-12 12:19:24,7.7270,349.7068,0.9989
2025-11-12 12:19:24,7.7275,367.6054,0.9989
2025-11-12 12:19:24,7.7272,366.4294,0.9989
2025-11-12 12:19:24,7.7283,359.0673,0.9989
2025-11-12 12:19:24,7.7283,359.0673,0.9989
2025-11-12 12:19:24,7.7282,358.2231,0.9989
2025-11-12 12:19:24,7.7265,355.7710,0.9989
2025-11-12 12:19:24,7.7263,356.6612,0.9989
2025-11-12 12:19:25,7.7263,356.6612,0.9989
2025-11-12 12:19:25,7.7263,355.9925,0.9989
2025-11-12 12:19:25,7.7290,362.4390,0.9989
2025-11-12 12:19:25,7.7282,368.2001,0.9989
2025-11-12 12:19:25,7.7282,368.2001,0.9989
2025-11-12 12:19:25,7.7277,351.8254,0.9989
2025-11-12 12:19:25,7.7280,353.4842,0.9989
2025-11-12 12:19:25,7.7267,365.5220,0.9989
2025-11-12 12:19:25,7.7267,365.5220,0.9989
2025-11-12 12:19:26,7.7274,387.5157,0.9988
2025-11-12 12:19:26,7.7274,387.5157,0.9988
2025-11-12 12:19:26,7.7295,368.0640,0.9989
2025-11-12 12:19:26,7.7298,360.1814,0.9989
2025-11-12 12:19:26,7.7292,342.6068,0.9989
2025-11-12 12:19:26,7.7274,335.7137,0.9990
2025-11-12 12:19:26,7.7242,364.4188,0.9989
2025-11-12 12:19:26,7.7233,385.5121,0.9988
2025-11-12 12:19:26,7.7235,391.5671,0.9988
2025-11-12 12:19:27,7.7228,388.8112,0.9988
2025-11-12 12:19:27,7.7263,361.5003,0.9989
2025-11-12 12:19:27,7.7267,351.3440,0.9989
2025-11-12 12:19:27,7.7275,378.2810,0.9988
2025-11-12 12:19:27,7.7284,379.1429,0.9988
2025-11-12 12:19:27,7.7252,406.8041,0.9987
2025-11-12 12:19:27,7.7257,396.0228,0.9988
2025-11-12 12:19:27,7.7251,377.2248,0.9988
2025-11-12 12:19:28,7.7250,376.8964,0.9988
2025-11-12 12:19:28,7.7273,355.6255,0.9989
2025-11-12 12:19:28,7.7271,361.7319,0.9989
2025-11-12 12:19:28,7.7275,376.7031,0.9988
2025-11-12 12:19:28,7.7277,377.1846,0.9988
2025-11-12 12:19:28,7.7258,395.1341,0.9988
2025-11-12 12:19:28,7.7208,542.6530,0.9983
2025-11-12 12:19:28,7.7205,530.8544,0.9983
2025-11-12 12:19:28,7.7203,529.0821,0.9983
2025-11-12 12:19:29,7.7227,515.4095,0.9984
2025-11-12 12:19:29,7.7296,315.3894,0.9990
2025-11-12 12:19:29,7.7293,305.5757,0.9991
2025-11-12 12:19:29,7.7279,306.0337,0.9991
2025-11-12 12:19:29,7.7252,330.0730,0.9990
2025-11-12 12:19:29,7.7234,369.8558,0.9988
2025-11-12 12:19:29,7.7242,399.4373,0.9988
2025-11-12 12:19:29,7.7269,408.0471,0.9987
2025-11-12 12:19:30,7.7296,380.9008,0.9988
2025-11-12 12:19:30,7.7295,383.2564,0.9988
2025-11-12 12:19:30,7.7291,368.9930,0.9989
2025-11-12 12:19:30,7.7294,370.5563,0.9989
2025-11-12 12:19:30,7.7278,385.0500,0.9988
2025-11-12 12:19:30,7.7278,385.0500,0.9988
2025-11-12 12:19:30,7.7279,389.3836,0.9988
2025-11-12 12:19:30,7.7279,389.3836,0.9988
2025-11-12 12:19:30,7.7298,373.3093,0.9988
2025-11-12 12:19:31,7.7298,373.3093,0.9988
2025-11-12 12:19:31,7.7301,384.6070,0.9988
2025-11-12 12:19:31,7.7301,384.6070,0.9988
2025-11-12 12:19:31,7.7265,422.2353,0.9987
2025-11-12 12:19:31,7.7265,422.2353,0.9987
2025-11-12 12:19:31,7.7253,380.1436,0.9988
2025-11-12 12:19:31,7.7235,369.5028,0.9988
2025-11-12 12:19:31,7.7266,341.7556,0.9989
2025-11-12 12:19:31,7.7266,341.7556,0.9989
2025-11-12 12:19:32,7.7270,353.5416,0.9989
2025-11-12 12:19:32,7.7275,354.9342,0.9989
2025-11-12 12:19:32,7.7281,351.3728,0.9989
2025-11-12 12:19:32,7.7260,409.5464,0.9987
2025-11-12 12:19:32,7.7258,401.1427,0.9988
2025-11-12 12:19:32,7.7267,405.7596,0.9987
2025-11-12 12:19:32,7.7265,406.5780,0.9987
2025-11-12 12:19:32,7.7287,345.0663,0.9989
2025-11-12 12:19:32,7.7294,369.8134,0.9989
2025-11-12 12:19:32,7.7290,368.2300,0.9989
2025-11-12 12:19:32,7.7289,368.8020,0.9989
2025-11-12 12:19:33,7.7277,404.4030,0.9987
2025-11-12 12:19:33,7.7275,399.8028,0.9988
2025-11-12 12:19:33,7.7268,397.2806,0.9988
2025-11-12 12:19:33,7.7251,410.0199,0.9987
2025-11-12 12:19:33,7.7263,378.9756,0.9988
2025-11-12 12:19:34,7.7260,371.2202,0.9988
2025-11-12 12:19:34,7.7263,372.1052,0.9988
2025-11-12 12:19:34,7.7261,373.7512,0.9988
2025-11-12 12:19:34,7.7257,383.6682,0.9988
2025-11-12 12:19:34,7.7257,383.8628,0.9988
2025-11-12 12:19:34,7.7267,388.8628,0.9988
2025-11-12 12:19:34,7.7287,371.4737,0.9989
2025-11-12 12:19:34,7.7291,360.8526,0.9989
2025-11-12 12:19:34,7.7283,333.6471,0.9990
2025-11-12 12:19:34,7.7258,326.6948,0.9990
2025-11-12 12:19:34,7.7252,329.6160,0.9990
2025-11-12 12:19:35,7.7248,339.3085,0.9989
2025-11-12 12:19:35,7.7251,348.9491,0.9989
2025-11-12 12:19:35,7.7268,352.9818,0.9989
2025-11-12 12:19:35,7.7263,356.0655,0.9989
2025-11-12 12:19:35,7.7267,346.0113,0.9989
2025-11-12 12:19:35,7.7259,320.9745,0.9990
2025-11-12 12:19:35,7.7259,320.9745,0.9990
2025-11-12 12:19:35,7.7264,318.0295,0.9990
2025-11-12 12:19:35,7.7270,301.8125,0.9991
2025-11-12 12:19:35,7.7270,301.6306,0.9991
2025-11-12 12:19:36,7.7262,299.0743,0.9991
2025-11-12 12:19:36,7.7266,296.9105,0.9991
2025-11-12 12:19:36,7.7260,310.3952,0.9990
2025-11-12 12:19:36,7.7255,293.7350,0.9991
2025-11-12 12:19:36,7.7250,292.5759,0.9991
2025-11-12 12:19:36,7.7238,299.2451,0.9991
2025-11-12 12:19:36,7.7237,301.6606,0.9991
2025-11-12 12:19:36,7.7224,264.0556,0.9992
2025-11-12 12:19:36,7.7231,267.0872,0.9992
2025-11-12 12:19:36,7.7242,261.2245,0.9992
2025-11-12 12:19:37,7.7245,254.2980,0.9992
2025-11-12 12:19:37,7.7269,324.5939,0.9990
2025-11-12 12:19:37,7.7275,326.3622,0.9990
2025-11-12 12:19:37,7.7242,357.2360,0.9989
2025-11-12 12:19:37,7.7216,425.3690,0.9987
2025-11-12 12:19:37,7.7208,395.7647,0.9988
2025-11-12 12:19:37,7.7203,392.3381,0.9988
2025-11-12 12:19:37,7.7220,377.8750,0.9988
2025-11-12 12:19:37,7.7245,313.7221,0.9990
2025-11-12 12:19:37,7.7250,332.1214,0.9990
2025-11-12 12:19:38,7.7262,338.1986,0.9989
2025-11-12 12:19:38,7.7281,324.0506,0.9990
2025-11-12 12:19:38,7.7240,447.0837,0.9986
2025-11-12 12:19:38,7.7250,482.0486,0.9985
2025-11-12 12:19:38,7.7232,472.8543,0.9985
2025-11-12 12:19:38,7.7234,472.3991,0.9985
2025-11-12 12:19:38,7.7264,380.1550,0.9988
2025-11-12 12:19:38,7.7269,396.5829,0.9988
2025-11-12 12:19:39,7.7275,397.6268,0.9988
2025-11-12 12:19:39,7.7263,405.0625,0.9987
2025-11-12 12:19:39,7.7275,372.1635,0.9988
2025-11-12 12:19:39,7.7273,365.7675,0.9989
2025-11-12 12:19:39,7.7271,365.1982,0.9989
2025-11-12 12:19:39,7.7273,363.0356,0.9989
2025-11-12 12:19:39,7.7272,366.5178,0.9989
2025-11-12 12:19:39,7.7270,358.6325,0.9989
2025-11-12 12:19:39,7.7280,361.7120,0.9989
2025-11-12 12:19:39,7.7288,356.2862,0.9989
2025-11-12 12:19:40,7.7285,363.4071,0.9989
2025-11-12 12:19:40,7.7291,384.9745,0.9988
2025-11-12 12:19:40,7.7296,386.5722,0.9988
2025-11-12 12:19:40,7.7293,388.4660,0.9988
2025-11-12 12:19:40,7.7304,358.0220,0.9989
2025-11-12 12:19:40,7.7291,314.9676,0.9990
2025-11-12 12:19:40,7.7284,312.2015,0.9990
2025-11-12 12:19:40,7.7286,310.8044,0.9990
2025-11-12 12:19:40,7.7277,333.3740,0.9990
2025-11-12 12:19:41,7.7273,321.6817,0.9990
2025-11-12 12:19:41,7.7262,318.7798,0.9990
2025-11-12 12:19:41,7.7258,321.1417,0.9990
2025-11-12 12:19:41,7.7257,323.2928,0.9990
2025-11-12 12:19:41,7.7262,339.1384,0.9989
2025-11-12 12:19:41,7.7280,345.3044,0.9989
2025-11-12 12:19:41,7.7261,362.3333,0.9989
2025-11-12 12:19:41,7.7261,362.3333,0.9989
2025-11-12 12:19:41,7.7263,368.5660,0.9989
2025-11-12 12:19:41,7.7249,361.9417,0.9989
2025-11-12 12:19:42,7.7240,372.4339,0.9988
2025-11-12 12:19:42,7.7240,372.4339,0.9988
2025-11-12 12:19:42,7.7246,394.7512,0.9988
2025-11-12 12:19:42,7.7255,398.9492,0.9988
2025-11-12 12:19:42,7.7270,382.2404,0.9988
2025-11-12 12:19:42,7.7261,404.4777,0.9987
2025-11-12 12:19:42,7.7251,367.9494,0.9989
2025-11-12 12:19:43,7.7222,359.1070,0.9989
2025-11-12 12:19:43,7.7207,371.6038,0.9988
2025-11-12 12:19:43,7.7226,328.4837,0.9990
2025-11-12 12:19:43,7.7222,314.8033,0.9990
2025-11-12 12:19:43,7.7240,318.6336,0.9990
2025-11-12 12:19:43,7.7272,290.4526,0.9991
2025-11-12 12:19:43,7.7262,314.5784,0.9990
2025-11-12 12:19:43,7.7271,341.4659,0.9989
2025-11-12 12:19:43,7.7279,343.4679,0.9989
2025-11-12 12:19:43,7.7268,350.9335,0.9989
2025-11-12 12:19:44,7.7267,353.5404,0.9989
2025-11-12 12:19:44,7.7269,360.2545,0.9989
2025-11-12 12:19:44,7.7269,360.2545,0.9989
2025-11-12 12:19:44,7.7281,351.6067,0.9989
2025-11-12 12:19:44,7.7284,343.9717,0.9989
2025-11-12 12:19:44,7.7276,317.0127,0.9990
2025-11-12 12:19:44,7.7276,317.0127,0.9990
2025-11-12 12:19:44,7.7259,329.3157,0.9990
2025-11-12 12:19:44,7.7274,293.5879,0.9991
2025-11-12 12:19:45,7.7265,267.7543,0.9992
2025-11-12 12:19:45,7.7265,267.7543,0.9992
2025-11-12 12:19:45,7.7257,276.1966,0.9991
2025-11-12 12:19:45,7.7235,325.1866,0.9990
2025-11-12 12:19:45,7.7238,332.3052,0.9990
2025-11-12 12:19:45,7.7226,326.4816,0.9990
2025-11-12 12:19:45,7.7232,321.2807,0.9990
2025-11-12 12:19:45,7.7235,313.3330,0.9990
2025-11-12 12:19:46,7.7234,308.9007,0.9990
2025-11-12 12:19:46,7.7235,309.3674,0.9990
2025-11-12 12:19:46,7.7252,298.6296,0.9991
2025-11-12 12:19:46,7.7251,302.6766,0.9991
2025-11-12 12:19:46,7.7234,256.6913,0.9992
2025-11-12 12:19:46,7.7248,263.2991,0.9992
2025-11-12 12:19:46,7.7228,275.4629,0.9991
2025-11-12 12:19:46,7.7227,278.2307,0.9991
2025-11-12 12:19:46,7.7262,384.6194,0.9988
2025-11-12 12:19:46,7.7268,388.3229,0.9988
2025-11-12 12:19:46,7.7288,370.7361,0.9989
2025-11-12 12:19:47,7.7291,363.0900,0.9989
2025-11-12 12:19:47,7.7285,343.0487,0.9989
2025-11-12 12:19:47,7.7285,343.0487,0.9989
2025-11-12 12:19:47,7.7274,350.8518,0.9989
2025-11-12 12:19:47,7.7274,350.8518,0.9989
2025-11-12 12:19:47,7.7281,370.7939,0.9989
2025-11-12 12:19:47,7.7255,362.7237,0.9989
2025-11-12 12:19:47,7.7258,360.5572,0.9989
2025-11-12 12:19:48,7.7260,355.5431,0.9989
2025-11-12 12:19:48,7.7248,315.8070,0.9990
2025-11-12 12:19:48,7.7250,316.0382,0.9990
2025-11-12 12:19:48,7.7256,312.2052,0.9990
2025-11-12 12:19:48,7.7260,303.1715,0.9991
2025-11-12 12:19:48,7.7259,299.5234,0.9991
2025-11-12 12:19:48,7.7277,304.0212,0.9991
2025-11-12 12:19:48,7.7275,305.1759,0.9991
2025-11-12 12:19:48,7.7270,317.0736,0.9990
2025-11-12 12:19:48,7.7259,283.4678,0.9991
2025-11-12 12:19:48,7.7248,278.6640,0.9991
2025-11-12 12:19:49,7.7233,287.5602,0.9991
2025-11-12 12:19:49,7.7232,289.9446,0.9991
2025-11-12 12:19:49,7.7215,243.5423,0.9992
2025-11-12 12:19:49,7.7226,250.6856,0.9992
2025-11-12 12:19:49,7.7241,242.2208,0.9992
2025-11-12 12:19:49,7.7238,251.6312,0.9992
2025-11-12 12:19:49,7.7245,270.4282,0.9992
2025-11-12 12:19:49,7.7236,265.5885,0.9992
2025-11-12 12:19:50,7.7238,264.8645,0.9992
2025-11-12 12:19:50,7.7242,255.4334,0.9992
2025-11-12 12:19:50,7.7216,194.4039,0.9994
2025-11-12 12:19:50,7.7225,201.2629,0.9994
2025-11-12 12:19:50,7.7202,212.6120,0.9993
2025-11-12 12:19:50,7.7148,354.7769,0.9989
2025-11-12 12:19:50,7.7153,366.9977,0.9988
2025-11-12 12:19:51,7.7101,328.8995,0.9989
2025-11-12 12:19:51,7.7089,331.2762,0.9989
2025-11-12 12:19:51,7.7162,176.3401,0.9994
2025-11-12 12:19:51,7.7169,194.4844,0.9994
2025-11-12 12:19:51,7.7193,195.8251,0.9994
2025-11-12 12:19:51,7.7224,175.6535,0.9994
2025-11-12 12:19:51,7.7195,237.7535,0.9993
2025-11-12 12:19:51,7.7189,224.9788,0.9993
2025-11-12 12:19:51,7.7193,226.0684,0.9993
2025-11-12 12:19:52,7.7180,229.9239,0.9993
2025-11-12 12:19:52,7.7178,233.7432,0.9993
2025-11-12 12:19:52,7.7198,285.1614,0.9991
2025-11-12 12:19:52,7.7221,298.1885,0.9991
2025-11-12 12:19:52,7.7240,288.4858,0.9991
2025-11-12 12:19:52,7.7251,258.3596,0.9992
2025-11-12 12:19:52,7.7258,275.1599,0.9991
2025-11-12 12:19:52,7.7264,279.1106,0.9991
2025-11-12 12:19:53,7.7262,280.0820,0.9991
2025-11-12 12:19:53,7.7262,280.0820,0.9991
2025-11-12 12:19:53,7.7273,309.6715,0.9990
2025-11-12 12:19:53,7.7247,300.1744,0.9991
2025-11-12 12:19:53,7.7244,301.6194,0.9991
2025-11-12 12:19:53,7.7244,301.6194,0.9991
2025-11-12 12:19:53,7.7244,301.8788,0.9991
2025-11-12 12:19:53,7.7261,306.7877,0.9990
2025-11-12 12:19:53,7.7255,310.3339,0.9990
2025-11-12 12:19:54,7.7255,310.3339,0.9990
2025-11-12 12:19:54,7.7255,308.8511,0.9990
2025-11-12 12:19:54,7.7248,305.8691,0.9990
2025-11-12 12:19:54,7.7255,301.6381,0.9991
2025-11-12 12:19:54,7.7228,376.8658,0.9988
2025-11-12 12:19:54,7.7234,396.0998,0.9988
2025-11-12 12:19:54,7.7231,394.9827,0.9988
2025-11-12 12:19:54,7.7233,394.3207,0.9988
2025-11-12 12:19:55,7.7260,318.1986,0.9990
2025-11-12 12:19:55,7.7264,329.0563,0.9990
2025-11-12 12:19:55,7.7278,333.4683,0.9990
2025-11-12 12:19:55,7.7246,361.7919,0.9989
2025-11-12 12:19:55,7.7181,557.8184,0.9982
2025-11-12 12:19:55,7.7168,509.5119,0.9984
2025-11-12 12:19:55,7.7161,502.4498,0.9984
2025-11-12 12:19:55,7.7172,496.4686,0.9984
2025-11-12 12:19:55,7.7222,341.0347,0.9989
2025-11-12 12:19:56,7.7226,353.7683,0.9989
2025-11-12 12:19:56,7.7233,358.3747,0.9989
2025-11-12 12:19:56,7.7253,344.9025,0.9989
2025-11-12 12:19:56,7.7273,292.7637,0.9991
2025-11-12 12:19:56,7.7278,307.4151,0.9990
2025-11-12 12:19:56,7.7277,307.0603,0.9990
2025-11-12 12:19:56,7.7258,322.3365,0.9990
2025-11-12 12:19:56,7.7203,480.5496,0.9985
2025-11-12 12:19:56,7.7195,454.9520,0.9986
2025-11-12 12:19:57,7.7195,454.5064,0.9986
2025-11-12 12:19:57,7.7213,446.8979,0.9986
2025-11-12 12:19:57,7.7280,254.9897,0.9992
2025-11-12 12:19:57,7.7288,278.7457,0.9991
2025-11-12 12:19:57,7.7283,277.1556,0.9991
2025-11-12 12:19:57,7.7278,281.0061,0.9991
2025-11-12 12:19:57,7.7261,321.8393,0.9990
2025-11-12 12:19:57,7.7257,309.3012,0.9990
2025-11-12 12:19:58,7.7261,311.2897,0.9990
2025-11-12 12:19:58,7.7271,305.6382,0.9991
2025-11-12 12:29:55,7.7091,267.3998,0.9991
2025-11-12 12:29:55,7.7183,261.5150,0.9992
2025-11-12 12:29:55,7.7376,79.0042,0.9998
2025-11-12 12:29:55,7.7471,27.9047,0.9999
2025-11-12 12:29:55,7.7484,34.9282,0.9999
2025-11-12 12:29:56,7.7524,5.2475,1.0000
2025-11-12 12:29:56,7.7566,20.0668,0.9999
2025-11-12 12:29:56,7.7576,18.6133,0.9999
2025-11-12 12:29:56,7.7552,23.4142,0.9999
2025-11-12 12:29:56,7.7535,34.9216,0.9999
2025-11-12 12:29:56,7.7522,23.4277,0.9999
2025-11-12 12:29:56,7.7499,21.9679,0.9999
2025-11-12 12:29:56,7.7485,25.0813,0.9999
2025-11-12 12:29:56,7.7498,19.9832,0.9999
2025-11-12 12:29:56,7.7500,21.9429,0.9999
2025-11-12 12:29:57,7.7521,22.6952,0.9999
2025-11-12 12:29:57,7.7551,13.5207,1.0000
2025-11-12 12:29:57,7.7496,75.5904,0.9998
2025-11-12 12:29:57,7.7505,84.2601,0.9998
2025-11-12 12:29:57,7.7541,110.8368,0.9997
2025-11-12 12:29:57,7.7520,114.4597,0.9997
2025-11-12 12:29:57,7.7569,48.0669,0.9999
2025-11-12 12:29:57,7.7558,41.9600,0.9999
2025-11-12 12:29:58,7.7541,27.9658,0.9999
2025-11-12 12:29:58,7.7551,23.8235,0.9999
2025-11-12 12:29:58,7.7545,28.6108,0.9999
2025-11-12 12:29:58,7.7565,44.1724,0.9999
2025-11-12 12:29:58,7.7554,40.1150,0.9999
2025-11-12 12:29:58,7.7571,37.1435,0.9999
2025-11-12 12:29:58,7.7597,16.2550,1.0000
2025-11-12 12:29:58,7.7569,2.8185,1.0000
2025-11-12 12:29:58,7.7541,6.4008,1.0000
2025-11-12 12:29:58,7.7559,13.0347,1.0000
2025-11-12 12:29:58,7.7544,19.0022,0.9999
2025-11-12 12:29:58,7.7553,22.4792,0.9999
2025-11-12 12:29:58,7.7597,21.1622,0.9999
2025-11-12 12:29:59,7.7595,20.5286,0.9999
2025-11-12 12:29:59,7.7610,9.5915,1.0000
2025-11-12 12:29:59,7.7608,9.4748,1.0000
2025-11-12 12:29:59,7.7579,8.0800,1.0000
2025-11-12 12:29:59,7.7579,8.2320,1.0000
2025-11-12 12:29:59,7.7581,7.3161,1.0000
2025-11-12 12:29:59,7.7559,6.3468,1.0000
2025-11-12 12:29:59,7.7568,6.0570,1.0000
2025-11-12 12:29:59,7.7527,4.7282,1.0000
2025-11-12 12:30:00,7.7525,4.7384,1.0000
2025-11-12 12:30:00,7.7512,5.8261,1.0000
2025-11-12 12:30:00,7.7512,5.6556,1.0000
2025-11-12 12:30:00,7.7522,3.8887,1.0000
2025-11-12 12:30:00,7.7513,4.8593,1.0000
2025-11-12 12:30:00,7.7523,3.6676,1.0000
2025-11-12 12:30:00,7.7525,4.6797,1.0000
2025-11-12 12:30:00,7.7533,4.6397,1.0000
2025-11-12 12:30:00,7.7536,3.5932,1.0000
2025-11-12 12:30:00,7.7528,5.1604,1.0000
2025-11-12 12:30:01,7.7502,2.0209,1.0000
2025-11-12 12:30:01,7.7483,0.3671,1.0000
2025-11-12 12:30:01,7.7482,0.2569,1.0000
2025-11-12 12:30:01,7.7486,0.5565,1.0000
2025-11-12 12:30:01,7.7459,9.4003,1.0000
2025-11-12 12:30:01,7.7468,10.9699,1.0000
2025-11-12 12:30:01,7.7478,13.6114,1.0000
2025-11-12 12:30:01,7.7470,12.9085,1.0000
2025-11-12 12:30:01,7.7487,4.3329,1.0000
2025-11-12 12:30:01,7.7467,5.4994,1.0000
2025-11-12 12:30:02,7.7471,7.4089,1.0000
2025-11-12 12:30:02,7.7377,95.2811,0.9997
2025-11-12 12:30:02,7.7377,95.5642,0.9997
2025-11-12 12:30:02,7.7367,93.2177,0.9997
2025-11-12 12:30:02,7.7368,93.7468,0.9997
2025-11-12 12:30:02,7.7403,43.3058,0.9999
2025-11-12 12:30:02,7.7423,52.5199,0.9998
2025-11-12 12:30:02,7.7411,56.9529,0.9998
2025-11-12 12:30:02,7.7402,49.2740,0.9999
2025-11-12 12:30:02,7.7400,50.9479,0.9998
2025-11-12 12:30:03,7.7414,64.0987,0.9998
2025-11-12 12:30:03,7.7416,63.2984,0.9998
2025-11-12 12:30:03,7.7403,56.6442,0.9998
2025-11-12 12:30:03,7.7380,86.9518,0.9997
2025-11-12 12:30:03,7.7327,45.5510,0.9999
2025-11-12 12:30:03,7.7339,48.6944,0.9999
2025-11-12 12:30:03,7.7331,42.6638,0.9999
2025-11-12 12:30:03,7.7371,8.3889,1.0000
2025-11-12 12:30:03,7.7373,8.3085,1.0000
2025-11-12 12:30:03,7.7379,9.5567,1.0000
2025-11-12 12:30:03,7.7391,14.9357,1.0000
2025-11-12 12:30:03,7.7367,35.4888,0.9999
2025-11-12 12:30:04,7.7435,84.6290,0.9997
2025-11-12 12:30:04,7.7442,84.3909,0.9997
2025-11-12 12:30:04,7.7410,87.7021,0.9997
2025-11-12 12:30:04,7.7393,112.4765,0.9997
2025-11-12 12:30:04,7.7394,112.9184,0.9997
2025-11-12 12:30:04,7.7333,126.7028,0.9996
2025-11-12 12:30:04,7.7372,144.6761,0.9996
2025-11-12 12:30:05,7.7370,148.0119,0.9995
2025-11-12 12:30:05,7.7339,100.0855,0.9997
2025-11-12 12:30:05,7.7355,88.8735,0.9997
2025-11-12 12:30:05,7.7360,93.5155,0.9997
2025-11-12 12:30:05,7.7376,71.9361,0.9998
2025-11-12 12:30:05,7.7394,92.4779,0.9997
2025-11-12 12:30:05,7.7340,161.8575,0.9995
2025-11-12 12:30:05,7.7348,172.4315,0.9995
2025-11-12 12:30:05,7.7329,194.8278,0.9994
2025-11-12 12:30:05,7.7303,156.1451,0.9995
2025-11-12 12:30:06,7.7353,101.7909,0.9997
2025-11-12 12:30:06,7.7339,84.5698,0.9997
2025-11-12 12:30:06,7.7338,86.2475,0.9997
2025-11-12 12:30:06,7.7347,96.5198,0.9997
2025-11-12 12:30:06,7.7301,142.4711,0.9996
2025-11-12 12:30:06,7.7318,165.9915,0.9995
2025-11-12 12:30:06,7.7319,163.8904,0.9995
2025-11-12 12:30:06,7.7322,167.9359,0.9995
2025-11-12 12:30:06,7.7424,105.8970,0.9997
2025-11-12 12:30:07,7.7405,92.5126,0.9997
2025-11-12 12:30:07,7.7410,84.6151,0.9997
2025-11-12 12:30:07,7.7417,91.5676,0.9997
2025-11-12 12:30:07,7.7398,87.1339,0.9997
2025-11-12 12:30:07,7.7397,86.7623,0.9997
2025-11-12 12:30:07,7.7394,92.5053,0.9997
2025-11-12 12:30:07,7.7357,63.5338,0.9998
2025-11-12 12:30:07,7.7364,66.5119,0.9998
2025-11-12 12:30:07,7.7365,66.9309,0.9998
2025-11-12 12:30:07,7.7387,37.1798,0.9999
2025-11-12 12:30:08,7.7410,47.5027,0.9999
2025-11-12 12:30:08,7.7404,46.9027,0.9999
2025-11-12 12:30:08,7.7409,49.7409,0.9998
2025-11-12 12:30:08,7.7403,57.4516,0.9998
2025-11-12 12:30:08,7.7412,64.7064,0.9998
2025-11-12 12:30:08,7.7439,71.8727,0.9998
2025-11-12 12:30:08,7.7403,69.4321,0.9998
2025-11-12 12:30:08,7.7385,96.5691,0.9997
2025-11-12 12:30:08,7.7412,132.6032,0.9996
2025-11-12 12:30:08,7.7419,138.2406,0.9996
2025-11-12 12:30:08,7.7446,134.3148,0.9996
2025-11-12 12:30:09,7.7448,128.9640,0.9996
2025-11-12 12:30:09,7.7421,98.3732,0.9997
2025-11-12 12:30:09,7.7413,92.3976,0.9997
2025-11-12 12:30:09,7.7416,93.5889,0.9997
2025-11-12 12:30:09,7.7408,110.1257,0.9997
2025-11-12 12:30:09,7.7423,126.9590,0.9996
2025-11-12 12:30:09,7.7409,119.9879,0.9996
2025-11-12 12:30:09,7.7422,127.9595,0.9996
2025-11-12 12:30:09,7.7443,88.8125,0.9997
2025-11-12 12:30:09,7.7431,77.7941,0.9998
2025-11-12 12:30:09,7.7427,77.1606,0.9998
2025-11-12 12:30:09,7.7397,65.1768,0.9998
2025-11-12 12:30:09,7.7398,63.3008,0.9998
2025-11-12 12:30:09,7.7406,72.5541,0.9998
2025-11-12 12:30:10,7.7414,74.7078,0.9998
2025-11-12 12:30:10,7.7444,84.2099,0.9997
2025-11-12 12:30:10,7.7452,72.3665,0.9998
2025-11-12 12:30:10,7.7400,50.5457,0.9998
2025-11-12 12:30:10,7.7414,58.6057,0.9998
2025-11-12 12:30:10,7.7383,42.7273,0.9999
2025-11-12 12:30:10,7.7358,76.5006,0.9998
2025-11-12 12:30:10,7.7393,94.9125,0.9997
2025-11-12 12:30:10,7.7401,103.0629,0.9997
2025-11-12 12:30:10,7.7393,103.1205,0.9997
2025-11-12 12:30:10,7.7406,80.7408,0.9998
2025-11-12 12:30:11,7.7375,65.8352,0.9998
2025-11-12 12:30:11,7.7387,81.7303,0.9998
2025-11-12 12:30:11,7.7337,108.4849,0.9997
2025-11-12 12:30:11,7.7341,103.5239,0.9997
2025-11-12 12:30:11,7.7376,129.6094,0.9996
2025-11-12 12:30:11,7.7387,146.5453,0.9996
2025-11-12 12:30:11,7.7449,100.1798,0.9997
2025-11-12 12:30:11,7.7427,144.1233,0.9996
2025-11-12 12:30:11,7.7384,129.9631,0.9996
2025-11-12 12:30:12,7.7396,154.0917,0.9995
2025-11-12 12:30:12,7.7383,153.0492,0.9995
2025-11-12 12:30:12,7.7405,116.0385,0.9996
2025-11-12 12:30:12,7.7418,114.6015,0.9997
2025-11-12 12:30:12,7.7391,70.1796,0.9998
2025-11-12 12:30:12,7.7413,73.0727,0.9998
2025-11-12 12:30:12,7.7411,77.3331,0.9998
2025-11-12 12:30:13,7.7357,101.4704,0.9997
2025-11-12 12:30:13,7.7354,97.5536,0.9997
2025-11-12 12:30:13,7.7334,86.7718,0.9997
2025-11-12 12:30:13,7.7314,112.8572,0.9997
2025-11-12 12:30:13,7.7341,101.1546,0.9997
2025-11-12 12:30:13,7.7322,75.0757,0.9998
2025-11-12 12:30:13,7.7355,100.0668,0.9997
2025-11-12 12:30:13,7.7357,97.4870,0.9997
2025-11-12 12:30:13,7.7370,95.7082,0.9997
2025-11-12 12:30:14,7.7385,110.3955,0.9997
2025-11-12 12:30:14,7.7371,100.0720,0.9997
2025-11-12 12:30:14,7.7396,61.2843,0.9998
2025-11-12 12:30:14,7.7404,60.5529,0.9998
2025-11-12 12:30:14,7.7421,82.1439,0.9998
2025-11-12 12:30:14,7.7434,87.4333,0.9997
2025-11-12 12:30:14,7.7429,96.0734,0.9997
2025-11-12 12:30:14,7.7382,125.7663,0.9996
2025-11-12 12:30:14,7.7387,135.0751,0.9996
2025-11-12 12:30:14,7.7374,125.5086,0.9996
2025-11-12 12:30:14,7.7377,122.2721,0.9996
2025-11-12 12:30:15,7.7377,121.7877,0.9996
2025-11-12 12:30:15,7.7385,136.6130,0.9996
2025-11-12 12:30:15,7.7412,157.7293,0.9995
2025-11-12 12:30:15,7.7412,156.5737,0.9995
2025-11-12 12:30:15,7.7418,149.6878,0.9995
2025-11-12 12:30:15,7.7423,158.8093,0.9995
2025-11-12 12:30:15,7.7401,141.9019,0.9996
2025-11-12 12:30:15,7.7402,140.1964,0.9996
2025-11-12 12:30:15,7.7411,131.3062,0.9996
2025-11-12 12:30:15,7.7387,89.9138,0.9997
2025-11-12 12:30:16,7.7396,96.0209,0.9997
2025-11-12 12:30:16,7.7372,132.3284,0.9996
2025-11-12 12:30:16,7.7386,125.6804,0.9996
2025-11-12 12:30:16,7.7394,139.3851,0.9996
2025-11-12 12:30:16,7.7397,141.5224,0.9996
2025-11-12 12:30:16,7.7414,111.2786,0.9997
2025-11-12 12:30:16,7.7466,108.6319,0.9997
2025-11-12 12:30:16,7.7463,105.6325,0.9997
2025-11-12 12:30:16,7.7473,110.7582,0.9997
2025-11-12 12:30:16,7.7456,149.0692,0.9996
2025-11-12 12:30:16,7.7421,142.5183,0.9996
2025-11-12 12:30:17,7.7420,140.1729,0.9996
2025-11-12 12:30:17,7.7419,139.1913,0.9996
2025-11-12 12:30:17,7.7421,135.1881,0.9996
2025-11-12 12:30:17,7.7450,139.7062,0.9996
2025-11-12 12:30:17,7.7466,159.8767,0.9995
2025-11-12 12:30:17,7.7495,186.9962,0.9994
2025-11-12 12:30:17,7.7516,137.6935,0.9996
2025-11-12 12:30:17,7.7495,141.8113,0.9996
2025-11-12 12:30:17,7.7492,138.6121,0.9996
2025-11-12 12:30:17,7.7485,130.5622,0.9996
2025-11-12 12:30:17,7.7460,187.2432,0.9994
2025-11-12 12:30:17,7.7516,209.7743,0.9994
2025-11-12 12:30:17,7.7521,215.3114,0.9994
2025-11-12 12:30:17,7.7516,211.4263,0.9994
2025-11-12 12:30:18,7.7531,171.2788,0.9995
2025-11-12 12:30:18,7.7530,169.8287,0.9995
2025-11-12 12:30:18,7.7517,157.4759,0.9995
2025-11-12 12:30:18,7.7518,158.2108,0.9995
2025-11-12 12:30:18,7.7497,212.8544,0.9994
2025-11-12 12:30:18,7.7503,219.3184,0.9994
2025-11-12 12:30:18,7.7488,207.8008,0.9994
2025-11-12 12:30:18,7.7498,217.9155,0.9994
2025-11-12 12:30:18,7.7506,195.8635,0.9994
2025-11-12 12:30:18,7.7497,186.4474,0.9994
2025-11-12 12:30:19,7.7503,190.1339,0.9994
2025-11-12 12:30:19,7.7505,192.4428,0.9994
2025-11-12 12:30:19,7.7507,186.3817,0.9994
2025-11-12 12:30:19,7.7526,207.9008,0.9994
2025-11-12 12:30:19,7.7501,200.9582,0.9994
2025-11-12 12:30:19,7.7506,207.1144,0.9994
2025-11-12 12:30:19,7.7512,190.9803,0.9994
2025-11-12 12:30:19,7.7492,166.7121,0.9995
2025-11-12 12:30:19,7.7496,167.2452,0.9995
2025-11-12 12:30:19,7.7476,143.7416,0.9996
2025-11-12 12:30:20,7.7491,112.9039,0.9997
2025-11-12 12:30:20,7.7502,125.6184,0.9996
2025-11-12 12:30:20,7.7518,130.1998,0.9996
2025-11-12 12:30:20,7.7533,143.2636,0.9996
2025-11-12 12:30:20,7.7515,186.4825,0.9994
2025-11-12 12:30:20,7.7485,161.1405,0.9995
2025-11-12 12:30:20,7.7502,175.6660,0.9995
2025-11-12 12:30:20,7.7496,169.2740,0.9995
2025-11-12 12:30:20,7.7505,148.0124,0.9996
2025-11-12 12:30:21,7.7536,168.9858,0.9995
2025-11-12 12:30:21,7.7487,154.4013,0.9995
2025-11-12 12:30:21,7.7481,147.6981,0.9996
2025-11-12 12:30:21,7.7485,139.2433,0.9996
2025-11-12 12:30:21,7.7475,126.1889,0.9996
2025-11-12 12:30:21,7.7503,131.5736,0.9996
2025-11-12 12:30:21,7.7501,129.7021,0.9996
2025-11-12 12:30:21,7.7492,150.3743,0.9996
2025-11-12 12:30:21,7.7489,147.2080,0.9996
2025-11-12 12:30:21,7.7443,142.2802,0.9996
2025-11-12 12:30:21,7.7439,137.5921,0.9996
2025-11-12 12:30:22,7.7452,112.6590,0.9997
2025-11-12 12:30:22,7.7445,104.3873,0.9997
2025-11-12 12:30:22,7.7410,128.1775,0.9996
2025-11-12 12:30:22,7.7413,132.0623,0.9996
2025-11-12 12:30:22,7.7422,119.4384,0.9996
2025-11-12 12:30:22,7.7447,156.1020,0.9995
2025-11-12 12:30:22,7.7487,120.7601,0.9996
2025-11-12 12:30:22,7.7470,108.2761,0.9997
2025-11-12 12:30:22,7.7446,153.1159,0.9995
2025-11-12 12:30:22,7.7427,123.4493,0.9996
2025-11-12 12:30:22,7.7415,126.1015,0.9996
2025-11-12 12:30:22,7.7426,138.1415,0.9996
2025-11-12 12:30:23,7.7428,133.9847,0.9996
2025-11-12 12:30:23,7.7438,148.3163,0.9996
2025-11-12 12:30:23,7.7367,231.4450,0.9993
2025-11-12 12:30:23,7.7363,225.1109,0.9993
2025-11-12 12:30:23,7.7360,229.9481,0.9993
2025-11-12 12:30:23,7.7333,182.9704,0.9994
2025-11-12 12:30:23,7.7367,139.2567,0.9996
2025-11-12 12:30:23,7.7370,143.7995,0.9996
2025-11-12 12:30:23,7.7389,116.1821,0.9996
2025-11-12 12:30:23,7.7415,151.9761,0.9995
2025-11-12 12:30:24,7.7419,147.1795,0.9996
2025-11-12 12:30:24,7.7438,174.9560,0.9995
2025-11-12 12:30:24,7.7405,240.2489,0.9993
2025-11-12 12:30:24,7.7379,203.6539,0.9994
2025-11-12 12:30:24,7.7380,203.0864,0.9994
2025-11-12 12:30:24,7.7359,165.3332,0.9995
2025-11-12 12:30:24,7.7394,108.2480,0.9997
2025-11-12 12:30:24,7.7431,162.2787,0.9995
2025-11-12 12:30:24,7.7439,152.1316,0.9995
2025-11-12 12:30:24,7.7393,127.2903,0.9996
2025-11-12 12:30:24,7.7388,133.1650,0.9996
2025-11-12 12:30:24,7.7359,78.2993,0.9998
2025-11-12 12:30:25,7.7358,78.6179,0.9998
2025-11-12 12:30:25,7.7351,76.9902,0.9998
2025-11-12 12:30:25,7.7353,74.8040,0.9998
2025-11-12 12:30:25,7.7367,98.2540,0.9997
2025-11-12 12:30:25,7.7248,307.5137,0.9990
2025-11-12 12:30:25,7.7261,320.3049,0.9990
2025-11-12 12:30:25,7.7258,321.7448,0.9990
2025-11-12 12:30:25,7.7205,214.8395,0.9993
2025-11-12 12:30:25,7.7308,47.7487,0.9999
2025-11-12 12:30:26,7.7309,49.1042,0.9998
2025-11-12 12:30:26,7.7285,75.2528,0.9998
2025-11-12 12:30:26,7.7304,95.7841,0.9997
2025-11-12 12:30:26,7.7275,122.4106,0.9996
2025-11-12 12:30:26,7.7291,142.0739,0.9996
2025-11-12 12:30:26,7.7314,116.2893,0.9996
2025-11-12 12:30:26,7.7291,93.7709,0.9997
2025-11-12 12:30:26,7.7276,115.1890,0.9996
2025-11-12 12:30:26,7.7270,106.4067,0.9997
2025-11-12 12:30:26,7.7275,103.4507,0.9997
2025-11-12 12:30:27,7.7346,217.2517,0.9993
2025-11-12 12:30:27,7.7382,156.6846,0.9995
2025-11-12 12:30:27,7.7365,148.9670,0.9995
2025-11-12 12:30:27,7.7346,174.0364,0.9995
2025-11-12 12:30:27,7.7344,170.6995,0.9995
2025-11-12 12:30:27,7.7382,141.4479,0.9996
2025-11-12 12:30:27,7.7220,356.2655,0.9989
2025-11-12 12:30:27,7.7210,364.4398,0.9989
2025-11-12 12:30:27,7.7234,446.0316,0.9986
2025-11-12 12:30:27,7.7099,546.7380,0.9982
2025-11-12 12:30:28,7.7193,432.6699,0.9986
2025-11-12 12:30:28,7.7180,443.8503,0.9986
2025-11-12 12:30:28,7.7100,185.4215,0.9994
2025-11-12 12:30:28,7.7127,139.6416,0.9996
2025-11-12 12:30:28,7.7026,226.1745,0.9993
2025-11-12 12:30:28,7.7062,236.3694,0.9992
2025-11-12 12:30:28,7.7115,402.6960,0.9987
2025-11-12 12:30:28,7.7220,356.5781,0.9989
2025-11-12 12:30:28,7.7359,117.4061,0.9996
2025-11-12 12:30:28,7.7349,130.6746,0.9996
2025-11-12 12:30:28,7.7324,81.8214,0.9997
2025-11-12 12:30:29,7.7366,95.8647,0.9997
2025-11-12 12:30:29,7.7422,98.3632,0.9997
2025-11-12 12:30:29,7.7413,115.9443,0.9996
2025-11-12 12:30:29,7.7414,117.5760,0.9996
2025-11-12 12:30:29,7.7434,130.1806,0.9996
2025-11-12 12:30:29,7.7442,135.0663,0.9996
2025-11-12 12:30:29,7.7467,84.7625,0.9997
2025-11-12 12:30:29,7.7455,77.5143,0.9998
2025-11-12 12:30:29,7.7432,66.7307,0.9998
2025-11-12 12:30:29,7.7413,56.1353,0.9998
2025-11-12 12:30:30,7.7382,108.9299,0.9997
2025-11-12 12:30:30,7.7404,134.5777,0.9996
2025-11-12 12:30:30,7.7412,138.1558,0.9996
2025-11-12 12:30:30,7.7409,137.2699,0.9996
2025-11-12 12:30:30,7.7424,108.1727,0.9997
2025-11-12 12:30:30,7.7389,76.3860,0.9998
2025-11-12 12:30:30,7.7386,74.5782,0.9998
2025-11-12 12:30:30,7.7397,81.5171,0.9998
2025-11-12 12:30:30,7.7410,60.5520,0.9998
2025-11-12 12:30:31,7.7399,57.2760,0.9998
2025-11-12 12:30:31,7.7337,59.2405,0.9998
2025-11-12 12:30:31,7.7326,48.2349,0.9999
2025-11-12 12:30:31,7.7327,47.5085,0.9999
2025-11-12 12:30:31,7.7246,58.7147,0.9998
2025-11-12 12:30:31,7.7240,59.2683,0.9998
2025-11-12 12:30:31,7.7226,40.3266,0.9999
2025-11-12 12:30:31,7.7207,49.7363,0.9998
2025-11-12 12:30:31,7.7284,55.8435,0.9998
2025-11-12 12:30:31,7.7222,118.7623,0.9996
2025-11-12 12:30:31,7.7218,114.0686,0.9996
2025-11-12 12:30:31,7.7245,100.7432,0.9997
2025-11-12 12:30:32,7.7193,70.9229,0.9998
2025-11-12 12:30:32,7.7221,39.1163,0.9999
2025-11-12 12:30:32,7.7196,17.9122,0.9999
2025-11-12 12:30:32,7.7172,21.3629,0.9999
2025-11-12 12:30:32,7.7248,94.4112,0.9997
2025-11-12 12:30:32,7.7266,78.1830,0.9998
2025-11-12 12:30:32,7.7327,123.3672,0.9996
2025-11-12 12:30:32,7.7346,100.9716,0.9997
2025-11-12 12:30:32,7.7299,72.2598,0.9998
2025-11-12 12:30:32,7.7299,72.2995,0.9998
2025-11-12 12:30:32,7.7281,48.2701,0.9999
2025-11-12 12:30:33,7.7257,68.0830,0.9998
2025-11-12 12:30:33,7.7308,114.8285,0.9996
2025-11-12 12:30:33,7.7350,89.4701,0.9997
2025-11-12 12:30:33,7.7356,94.5176,0.9997
2025-11-12 12:30:33,7.7362,84.4528,0.9997
2025-11-12 12:30:33,7.7360,82.4686,0.9997
2025-11-12 12:30:33,7.7335,95.1657,0.9997
2025-11-12 12:30:33,7.7347,108.0806,0.9997
2025-11-12 12:30:33,7.7347,108.7150,0.9997
2025-11-12 12:30:33,7.7339,100.5120,0.9997
2025-11-12 12:30:33,7.7344,96.6640,0.9997
2025-11-12 12:30:33,7.7337,88.5662,0.9997
2025-11-12 12:30:34,7.7354,67.9441,0.9998
2025-11-12 12:30:34,7.7344,60.5091,0.9998
2025-11-12 12:30:34,7.7366,50.4373,0.9998
2025-11-12 12:30:34,7.7371,54.9875,0.9998
2025-11-12 12:30:34,7.7359,70.6297,0.9998
2025-11-12 12:30:34,7.7354,67.7401,0.9998
2025-11-12 12:30:34,7.7393,76.7409,0.9998
2025-11-12 12:30:34,7.7385,70.2331,0.9998
2025-11-12 12:30:34,7.7397,52.8236,0.9998
2025-11-12 12:30:34,7.7386,51.9121,0.9998
2025-11-12 12:30:35,7.7396,59.5979,0.9998
2025-11-12 12:30:35,7.7387,54.7746,0.9998
2025-11-12 12:30:35,7.7411,28.1013,0.9999
2025-11-12 12:30:35,7.7431,28.2979,0.9999
2025-11-12 12:30:35,7.7421,22.9106,0.9999
2025-11-12 12:30:35,7.7420,22.6655,0.9999
2025-11-12 12:30:35,7.7365,101.8467,0.9997
2025-11-12 12:30:35,7.7340,92.1822,0.9997
2025-11-12 12:30:35,7.7356,109.7005,0.9997
2025-11-12 12:30:36,7.7376,126.3270,0.9996
2025-11-12 12:30:36,7.7387,105.0673,0.9997
2025-11-12 12:30:36,7.7421,110.9557,0.9997
2025-11-12 12:30:36,7.7412,104.6683,0.9997
2025-11-12 12:30:36,7.7368,89.3753,0.9997
2025-11-12 12:30:36,7.7338,149.6070,0.9995
2025-11-12 12:30:36,7.7349,162.9029,0.9995
2025-11-12 12:30:36,7.7350,163.6452,0.9995
2025-11-12 12:30:36,7.7284,203.1773,0.9994
2025-11-12 12:30:36,7.7306,165.5060,0.9995
2025-11-12 12:30:36,7.7301,158.0956,0.9995
2025-11-12 12:30:36,7.7319,186.2237,0.9994
2025-11-12 12:30:37,7.7168,593.3643,0.9981
2025-11-12 12:30:37,7.7187,583.9637,0.9982
2025-11-12 12:30:37,7.7170,550.6783,0.9983
2025-11-12 12:30:37,7.7201,645.3850,0.9980
2025-11-12 12:30:37,7.7323,259.8947,0.9992
2025-11-12 12:30:37,7.7337,245.2048,0.9992
2025-11-12 12:30:37,7.7336,244.2613,0.9993
2025-11-12 12:30:37,7.7337,246.6837,0.9992
2025-11-12 12:30:38,7.7323,279.7604,0.9991
2025-11-12 12:30:38,7.7300,304.0985,0.9991
2025-11-12 12:30:38,7.7309,314.1030,0.9990
2025-11-12 12:30:38,7.7298,285.4917,0.9991
2025-11-12 12:30:38,7.7258,390.7662,0.9988
2025-11-12 12:30:38,7.7282,371.7105,0.9989
2025-11-12 12:30:38,7.7287,377.9388,0.9988
2025-11-12 12:30:38,7.7298,409.1211,0.9987
2025-11-12 12:30:38,7.7333,306.2060,0.9991
2025-11-12 12:30:38,7.7311,330.8483,0.9990
2025-11-12 12:30:39,7.7301,319.2912,0.9990
2025-11-12 12:30:39,7.7283,271.7276,0.9992
2025-11-12 12:30:39,7.7240,388.5053,0.9988
2025-11-12 12:30:39,7.7258,375.7649,0.9988
2025-11-12 12:30:39,7.7259,377.1670,0.9988
2025-11-12 12:30:39,7.7256,368.1168,0.9989
2025-11-12 12:30:39,7.7325,190.4907,0.9994
2025-11-12 12:30:39,7.7310,206.5838,0.9994
2025-11-12 12:30:39,7.7301,198.1038,0.9994
2025-11-12 12:30:39,7.7304,204.5742,0.9994
2025-11-12 12:30:39,7.7303,205.7742,0.9994
2025-11-12 12:30:39,7.7321,188.3379,0.9994
2025-11-12 12:30:40,7.7372,253.8596,0.9992
2025-11-12 12:30:40,7.7378,264.5967,0.9992
2025-11-12 12:30:40,7.7396,225.1061,0.9993
2025-11-12 12:30:40,7.7390,233.1765,0.9993
2025-11-12 12:30:40,7.7358,189.5867,0.9994
2025-11-12 12:30:40,7.7354,181.8858,0.9994
2025-11-12 12:30:40,7.7408,115.6049,0.9997
2025-11-12 12:30:40,7.7408,115.2457,0.9997
2025-11-12 12:30:40,7.7437,144.5620,0.9996
2025-11-12 12:30:40,7.7444,155.7588,0.9995
2025-11-12 12:30:40,7.7432,169.7754,0.9995
2025-11-12 12:30:40,7.7389,256.7555,0.9992
2025-11-12 12:30:41,7.7356,214.0560,0.9993
2025-11-12 12:30:41,7.7343,187.5868,0.9994
2025-11-12 12:30:41,7.7347,184.9779,0.9994
2025-11-12 12:30:41,7.7372,137.1120,0.9996
2025-11-12 12:30:41,7.7374,138.9766,0.9996
2025-11-12 12:30:41,7.7383,155.8574,0.9995
2025-11-12 12:30:41,7.7367,171.0822,0.9995
2025-11-12 12:30:41,7.7363,177.7464,0.9995
2025-11-12 12:30:41,7.7348,165.6700,0.9995
2025-11-12 12:30:41,7.7345,159.3557,0.9995
2025-11-12 12:30:41,7.7342,162.5673,0.9995
2025-11-12 12:30:41,7.7361,133.8740,0.9996
2025-11-12 12:30:42,7.7365,135.6576,0.9996
2025-11-12 12:30:42,7.7359,125.0118,0.9996
2025-11-12 12:30:42,7.7387,101.1400,0.9997
2025-11-12 12:30:42,7.7391,95.6298,0.9997
2025-11-12 12:30:42,7.7413,110.2908,0.9997
2025-11-12 12:30:42,7.7414,112.2533,0.9997
2025-11-12 12:30:42,7.7373,160.3779,0.9995
2025-11-12 12:30:42,7.7373,160.9236,0.9995
2025-11-12 12:30:42,7.7372,159.3999,0.9995
2025-11-12 12:30:43,7.7367,151.8199,0.9995
2025-11-12 12:30:43,7.7391,120.9767,0.9996
2025-11-12 12:30:43,7.7375,145.5931,0.9996
2025-11-12 12:30:43,7.7367,137.2802,0.9996
2025-11-12 12:30:43,7.7358,123.4661,0.9996
2025-11-12 12:30:43,7.7336,146.9159,0.9995
2025-11-12 12:30:43,7.7351,127.4085,0.9996
2025-11-12 12:30:43,7.7350,125.5909,0.9996
2025-11-12 12:30:43,7.7382,188.7759,0.9994
2025-11-12 12:30:44,7.7335,282.8364,0.9991
2025-11-12 12:30:44,7.7326,293.4796,0.9991
2025-11-12 12:30:44,7.7282,263.3327,0.9992
2025-11-12 12:30:44,7.7284,269.1647,0.9992
2025-11-12 12:30:44,7.7305,228.9627,0.9993
2025-11-12 12:30:44,7.7303,231.5954,0.9993
2025-11-12 12:30:44,7.7395,329.0071,0.9990
2025-11-12 12:30:44,7.7381,299.7773,0.9991
2025-11-12 12:30:44,7.7395,269.8298,0.9992
2025-11-12 12:30:44,7.7393,274.1516,0.9992
2025-11-12 12:30:45,7.7384,258.0341,0.9992
2025-11-12 12:30:45,7.7394,278.3657,0.9992
2025-11-12 12:30:45,7.7424,228.7982,0.9993
2025-11-12 12:30:45,7.7420,237.4269,0.9993
2025-11-12 12:30:45,7.7431,256.1005,0.9992
2025-11-12 12:30:45,7.7409,220.7500,0.9993
2025-11-12 12:30:45,7.7340,353.8321,0.9989
2025-11-12 12:30:45,7.7357,330.6446,0.9990
2025-11-12 12:30:46,7.7354,324.7093,0.9990
2025-11-12 12:30:46,7.7371,358.1757,0.9989
2025-11-12 12:30:46,7.7390,308.7163,0.9991
2025-11-12 12:30:46,7.7377,330.6599,0.9990
2025-11-12 12:30:46,7.7383,345.7859,0.9990
2025-11-12 12:30:46,7.7372,323.8925,0.9990
2025-11-12 12:30:46,7.7303,520.7889,0.9984
2025-11-12 12:30:46,7.7304,520.3240,0.9984
2025-11-12 12:30:46,7.7294,493.2472,0.9985
2025-11-12 12:30:46,7.7303,516.6912,0.9984
2025-11-12 12:30:47,7.7410,246.4487,0.9993
2025-11-12 12:30:47,7.7430,212.0718,0.9994
2025-11-12 12:30:47,7.7423,201.4275,0.9994
2025-11-12 12:30:47,7.7425,203.8357,0.9994
2025-11-12 12:30:47,7.7443,175.4782,0.9995
2025-11-12 12:30:47,7.7439,182.0558,0.9995
2025-11-12 12:30:47,7.7433,173.4522,0.9995
2025-11-12 12:30:47,7.7434,174.6807,0.9995
2025-11-12 12:30:47,7.7441,166.3842,0.9995
2025-11-12 12:30:47,7.7425,194.3893,0.9994
2025-11-12 12:30:47,7.7426,195.3551,0.9994
2025-11-12 12:30:48,7.7423,189.3615,0.9994
2025-11-12 12:30:48,7.7391,232.5101,0.9993
2025-11-12 12:30:48,7.7400,216.1406,0.9993
2025-11-12 12:30:48,7.7395,208.0720,0.9994
2025-11-12 12:30:48,7.7385,189.9811,0.9994
2025-11-12 12:30:48,7.7387,187.0856,0.9994
2025-11-12 12:30:48,7.7375,206.9908,0.9994
2025-11-12 12:30:48,7.7388,229.4262,0.9993
2025-11-12 12:30:48,7.7394,240.6684,0.9993
2025-11-12 12:30:48,7.7427,196.9285,0.9994
2025-11-12 12:30:48,7.7432,187.6845,0.9994
2025-11-12 12:30:49,7.7410,158.1329,0.9995
2025-11-12 12:30:49,7.7407,153.4990,0.9995
2025-11-12 12:30:49,7.7352,229.7018,0.9993
2025-11-12 12:30:49,7.7369,207.7134,0.9994
2025-11-12 12:30:49,7.7374,215.0020,0.9993
2025-11-12 12:30:49,7.7374,214.9618,0.9993
2025-11-12 12:30:49,7.7394,176.9752,0.9995
2025-11-12 12:30:49,7.7397,173.8053,0.9995
2025-11-12 12:30:50,7.7394,169.5833,0.9995
2025-11-12 12:30:50,7.7377,143.2911,0.9996
2025-11-12 12:30:50,7.7419,95.4069,0.9997
2025-11-12 12:30:50,7.7393,137.3652,0.9996
2025-11-12 12:30:50,7.7411,163.6991,0.9995
2025-11-12 12:30:50,7.7425,181.8141,0.9995
2025-11-12 12:30:50,7.7276,501.9639,0.9984
2025-11-12 12:30:50,7.7298,480.5977,0.9985
2025-11-12 12:30:51,7.7301,486.3592,0.9985
2025-11-12 12:30:51,7.7267,421.2808,0.9987
2025-11-12 12:30:51,7.7349,201.6873,0.9994
2025-11-12 12:30:51,7.7329,225.9442,0.9993
2025-11-12 12:30:51,7.7325,216.7616,0.9993
2025-11-12 12:30:51,7.7342,240.7908,0.9993
2025-11-12 12:30:51,7.7339,246.9430,0.9992
2025-11-12 12:30:51,7.7344,240.0815,0.9993
2025-11-12 12:30:51,7.7315,189.1160,0.9994
2025-11-12 12:30:51,7.7259,124.2869,0.9996
2025-11-12 12:30:52,7.7310,73.1478,0.9998
2025-11-12 12:30:52,7.7305,79.9667,0.9998
2025-11-12 12:30:52,7.7314,95.6258,0.9997
2025-11-12 12:30:52,7.7309,94.5218,0.9997
2025-11-12 12:30:52,7.7332,87.3761,0.9997
2025-11-12 12:30:52,7.7333,85.3923,0.9997
2025-11-12 12:30:52,7.7323,69.6823,0.9998
2025-11-12 12:30:52,7.7235,136.2379,0.9996
2025-11-12 12:30:52,7.7233,134.9507,0.9996
2025-11-12 12:30:52,7.7223,143.3907,0.9996
2025-11-12 12:30:53,7.7240,179.5436,0.9994
2025-11-12 12:30:53,7.7215,223.8837,0.9993
2025-11-12 12:30:53,7.7210,221.3551,0.9993
2025-11-12 12:30:53,7.7232,206.4941,0.9994
2025-11-12 12:30:53,7.7175,103.9347,0.9997
2025-11-12 12:30:53,7.7251,21.4376,0.9999
2025-11-12 12:30:53,7.7237,19.7137,0.9999
2025-11-12 12:30:53,7.7222,28.8517,0.9999
2025-11-12 12:30:53,7.7251,62.8285,0.9998
2025-11-12 12:30:53,7.7172,151.6816,0.9995
2025-11-12 12:30:53,7.7175,153.1516,0.9995
2025-11-12 12:30:53,7.7177,152.0338,0.9995
2025-11-12 12:30:54,7.7140,93.0601,0.9997
2025-11-12 12:30:54,7.7191,33.2570,0.9999
2025-11-12 12:30:54,7.7195,35.1690,0.9999
2025-11-12 12:30:54,7.7209,29.6090,0.9999
2025-11-12 12:30:54,7.7231,50.3580,0.9998
2025-11-12 12:30:54,7.7271,25.9725,0.9999
2025-11-12 12:30:54,7.7283,27.1841,0.9999
2025-11-12 12:30:54,7.7283,27.3781,0.9999
2025-11-12 12:30:54,7.7276,21.6873,0.9999
2025-11-12 12:30:54,7.7276,21.5531,0.9999
2025-11-12 12:30:55,7.7256,20.1921,0.9999
2025-11-12 12:30:55,7.7238,33.7197,0.9999
2025-11-12 12:30:55,7.7273,79.0872,0.9998
2025-11-12 12:30:55,7.7339,107.7881,0.9997
2025-11-12 12:30:55,7.7344,104.5554,0.9997
2025-11-12 12:30:55,7.7355,88.9838,0.9997
2025-11-12 12:30:55,7.7383,128.8068,0.9996
2025-11-12 12:30:55,7.7335,113.1664,0.9997
2025-11-12 12:30:55,7.7300,143.4611,0.9996
2025-11-12 12:30:55,7.7297,146.1223,0.9995
2025-11-12 12:30:55,7.7286,121.7963,0.9996
2025-11-12 12:30:55,7.7354,180.6445,0.9994
2025-11-12 12:30:56,7.7372,156.7542,0.9995
2025-11-12 12:30:56,7.7368,163.1123,0.9995
2025-11-12 12:30:56,7.7366,160.3265,0.9995
2025-11-12 12:30:56,7.7382,187.1821,0.9994
2025-11-12 12:30:56,7.7374,197.6957,0.9994
2025-11-12 12:30:56,7.7387,178.0390,0.9995
2025-11-12 12:30:56,7.7397,192.0365,0.9994
2025-11-12 12:30:56,7.7382,169.4362,0.9995
2025-11-12 12:30:56,7.7409,136.2906,0.9996
2025-11-12 12:30:56,7.7408,138.5622,0.9996
2025-11-12 12:30:56,7.7383,108.5338,0.9997
2025-11-12 12:30:57,7.7403,142.7561,0.9996
2025-11-12 12:30:57,7.7409,137.8178,0.9996
2025-11-12 12:30:57,7.7401,151.8055,0.9995
2025-11-12 12:30:57,7.7406,155.9434,0.9995
2025-11-12 12:30:57,7.7402,148.6765,0.9996
2025-11-12 12:30:57,7.7415,140.1101,0.9996
2025-11-12 12:30:57,7.7428,116.4250,0.9996
2025-11-12 12:30:57,7.7426,114.8816,0.9997
2025-11-12 12:30:57,7.7429,119.2790,0.9996
2025-11-12 12:30:57,7.7371,186.8761,0.9994
2025-11-12 12:30:58,7.7354,210.5988,0.9994
2025-11-12 12:30:58,7.7373,236.2230,0.9993
2025-11-12 12:30:58,7.7372,234.6847,0.9993
2025-11-12 12:30:58,7.7405,188.2577,0.9994
2025-11-12 12:30:58,7.7426,152.8910,0.9995
2025-11-12 12:30:58,7.7413,138.9486,0.9996
2025-11-12 12:30:58,7.7411,135.3597,0.9996
2025-11-12 12:30:58,7.7272,465.3294,0.9986
2025-11-12 12:30:58,7.7248,484.4057,0.9985
2025-11-12 12:30:58,7.7252,493.9529,0.9985
2025-11-12 12:30:59,7.7245,473.8319,0.9985
2025-11-12 12:30:59,7.7259,428.2854,0.9987
2025-11-12 12:30:59,7.7265,422.0093,0.9987
2025-11-12 12:30:59,7.7256,405.1065,0.9987
2025-11-12 12:30:59,7.7249,388.8251,0.9988
2025-11-12 12:30:59,7.7336,183.2989,0.9994
2025-11-12 12:30:59,7.7331,190.8462,0.9994
2025-11-12 12:30:59,7.7343,209.4363,0.9994
2025-11-12 12:30:59,7.7351,223.8003,0.9993
2025-11-12 12:30:59,7.7331,261.0496,0.9992
2025-11-12 12:30:59,7.7331,262.4335,0.9992
2025-11-12 12:30:59,7.7318,242.8339,0.9993
2025-11-12 12:30:59,7.7328,265.2458,0.9992
2025-11-12 12:31:00,7.7396,168.5072,0.9995
2025-11-12 12:31:00,7.7430,114.3255,0.9997
2025-11-12 12:31:00,7.7428,113.2234,0.9997
2025-11-12 12:31:00,7.7427,112.0359,0.9997
2025-11-12 12:31:00,7.7347,250.6381,0.9992
2025-11-12 12:31:00,7.7295,316.5978,0.9990
2025-11-12 12:31:00,7.7300,324.7908,0.9990
2025-11-12 12:31:00,7.7293,308.0550,0.9990
2025-11-12 12:31:00,7.7312,271.3676,0.9992
2025-11-12 12:31:01,7.7355,208.5667,0.9994
2025-11-12 12:31:01,7.7286,166.5772,0.9995
2025-11-12 12:31:01,7.7308,223.7951,0.9993
2025-11-12 12:31:01,7.7271,300.4460,0.9991
2025-11-12 12:31:01,7.7271,300.6005,0.9991
2025-11-12 12:31:01,7.7312,318.1888,0.9990
2025-11-12 12:31:01,7.7295,272.7793,0.9992
2025-11-12 12:31:01,7.7391,110.0866,0.9997
2025-11-12 12:31:01,7.7364,151.3715,0.9995
2025-11-12 12:31:02,7.7378,160.2418,0.9995
2025-11-12 12:31:02,7.7366,138.5312,0.9996
2025-11-12 12:31:02,7.7335,168.0769,0.9995
2025-11-12 12:31:02,7.7344,154.8846,0.9995
2025-11-12 12:31:02,7.7343,153.6941,0.9995
2025-11-12 12:31:02,7.7350,168.0634,0.9995
2025-11-12 12:31:02,7.7345,174.9966,0.9995
2025-11-12 12:31:02,7.7343,178.3643,0.9995
2025-11-12 12:31:03,7.7360,198.5132,0.9994
2025-11-12 12:31:03,7.7373,225.9724,0.9993
2025-11-12 12:31:03,7.7422,169.3912,0.9995
2025-11-12 12:31:03,7.7443,131.0842,0.9996
2025-11-12 12:31:03,7.7426,120.4959,0.9996
2025-11-12 12:31:03,7.7407,88.5542,0.9997
2025-11-12 12:31:03,7.7412,86.0206,0.9997
2025-11-12 12:31:03,7.7393,114.7448,0.9997
2025-11-12 12:31:03,7.7395,116.1564,0.9996
2025-11-12 12:31:03,7.7366,80.4149,0.9998
2025-11-12 12:31:04,7.7348,87.5190,0.9997
2025-11-12 12:31:04,7.7358,73.0662,0.9998
2025-11-12 12:31:04,7.7325,52.3493,0.9998
2025-11-12 12:31:04,7.7365,118.3108,0.9996
2025-11-12 12:31:04,7.7373,113.7292,0.9997
2025-11-12 12:31:04,7.7356,138.3063,0.9996
2025-11-12 12:31:04,7.7370,141.0137,0.9996
2025-11-12 12:31:04,7.7373,146.9548,0.9996
2025-11-12 12:31:04,7.7389,140.7329,0.9996
2025-11-12 12:31:05,7.7408,108.8443,0.9997
2025-11-12 12:31:05,7.7415,109.7849,0.9997
2025-11-12 12:31:05,7.7410,101.2606,0.9997
2025-11-12 12:31:05,7.7404,103.4566,0.9997
2025-11-12 12:31:05,7.7408,97.7233,0.9997
2025-11-12 12:31:05,7.7409,97.9505,0.9997
2025-11-12 12:31:05,7.7387,65.3427,0.9998
2025-11-12 12:31:05,7.7386,65.8030,0.9998
2025-11-12 12:31:05,7.7378,76.5711,0.9998
2025-11-12 12:31:05,7.7379,77.3449,0.9998
2025-11-12 12:31:06,7.7398,105.8737,0.9997
2025-11-12 12:31:06,7.7402,104.2821,0.9997
2025-11-12 12:31:06,7.7390,124.4507,0.9996
2025-11-12 12:31:06,7.7403,131.6398,0.9996
2025-11-12 12:31:06,7.7413,149.2527,0.9995
2025-11-12 12:31:06,7.7393,161.6404,0.9995
2025-11-12 12:31:06,7.7396,156.5273,0.9995
2025-11-12 12:31:06,7.7405,163.6224,0.9995
2025-11-12 12:31:06,7.7350,90.0087,0.9997
2025-11-12 12:31:07,7.7367,83.6697,0.9997
2025-11-12 12:31:07,7.7368,82.1497,0.9997
2025-11-12 12:31:07,7.7354,67.7622,0.9998
2025-11-12 12:31:07,7.7364,75.8525,0.9998
2025-11-12 12:31:07,7.7346,82.1306,0.9997
2025-11-12 12:31:07,7.7347,81.2172,0.9998
2025-11-12 12:31:07,7.7354,88.4743,0.9997
2025-11-12 12:31:07,7.7382,125.9140,0.9996
2025-11-12 12:31:07,7.7391,119.8810,0.9996
2025-11-12 12:31:07,7.7399,106.8762,0.9997
2025-11-12 12:31:08,7.7389,100.1841,0.9997
2025-11-12 12:31:08,7.7373,77.6454,0.9998
2025-11-12 12:31:08,7.7381,74.5653,0.9998
2025-11-12 12:31:08,7.7379,77.4684,0.9998
2025-11-12 12:31:08,7.7398,93.6786,0.9997
2025-11-12 12:31:08,7.7419,120.7795,0.9996
2025-11-12 12:31:08,7.7420,120.2113,0.9996
2025-11-12 12:31:08,7.7413,134.0040,0.9996
2025-11-12 12:31:08,7.7395,120.6090,0.9996
2025-11-12 12:31:08,7.7392,116.0245,0.9996
2025-11-12 12:31:09,7.7368,130.8864,0.9996
2025-11-12 12:31:09,7.7383,109.7176,0.9997
2025-11-12 12:31:09,7.7391,115.6355,0.9996
2025-11-12 12:31:09,7.7397,126.6745,0.9996
2025-11-12 12:31:09,7.7400,123.3731,0.9996
2025-11-12 12:31:09,7.7400,124.2352,0.9996
2025-11-12 12:31:09,7.7402,126.1451,0.9996
2025-11-12 12:31:09,7.7404,129.9750,0.9996
2025-11-12 12:31:10,7.7329,257.7078,0.9992
2025-11-12 12:31:10,7.7329,257.3886,0.9992
2025-11-12 12:31:10,7.7353,293.4253,0.9991
2025-11-12 12:31:10,7.7358,305.6479,0.9991
2025-11-12 12:31:10,7.7376,263.8866,0.9992
2025-11-12 12:31:10,7.7362,283.1952,0.9991
2025-11-12 12:31:10,7.7353,269.2191,0.9992
2025-11-12 12:31:10,7.7351,263.5707,0.9992
2025-11-12 12:31:10,7.7310,364.9148,0.9989
2025-11-12 12:31:10,7.7327,346.3133,0.9989
2025-11-12 12:31:11,7.7312,323.0080,0.9990
2025-11-12 12:31:11,7.7300,293.6849,0.9991
2025-11-12 12:31:11,7.7328,224.0891,0.9993
2025-11-12 12:31:11,7.7323,227.7944,0.9993
2025-11-12 12:31:11,7.7304,205.8912,0.9994
2025-11-12 12:31:11,7.7308,215.4053,0.9993
2025-11-12 12:31:11,7.7258,343.5570,0.9989
2025-11-12 12:31:11,7.7237,358.7345,0.9989
2025-11-12 12:31:12,7.7259,393.2960,0.9988
2025-11-12 12:31:12,7.7270,422.2875,0.9987
2025-11-12 12:31:12,7.7409,163.7691,0.9995
2025-11-12 12:31:12,7.7428,129.4731,0.9996
2025-11-12 12:31:12,7.7411,120.5400,0.9996
2025-11-12 12:31:12,7.7403,106.1799,0.9997
2025-11-12 12:31:12,7.7403,105.8717,0.9997
2025-11-12 12:31:12,7.7396,117.7878,0.9996
2025-11-12 12:31:12,7.7402,120.7549,0.9996
2025-11-12 12:31:12,7.7409,133.8466,0.9996
2025-11-12 12:31:13,7.7401,138.7276,0.9996
2025-11-12 12:31:13,7.7400,141.0213,0.9996
2025-11-12 12:31:13,7.7402,142.4923,0.9996
2025-11-12 12:31:13,7.7314,54.0781,0.9998
2025-11-12 12:31:13,7.7303,56.6680,0.9998
2025-11-12 12:31:13,7.7317,43.4793,0.9999
2025-11-12 12:31:13,7.7265,8.3805,1.0000
2025-11-12 12:31:13,7.7314,52.5215,0.9998
2025-11-12 12:31:14,7.7317,51.1741,0.9998
2025-11-12 12:31:14,7.7300,67.5109,0.9998
2025-11-12 12:31:14,7.7365,103.9560,0.9997
2025-11-12 12:31:14,7.7374,115.0076,0.9997
2025-11-12 12:31:14,7.7391,105.5614,0.9997
2025-11-12 12:31:14,7.7413,73.2238,0.9998
2025-11-12 12:31:14,7.7444,112.6571,0.9997
2025-11-12 12:31:14,7.7436,106.4575,0.9997
2025-11-12 12:31:14,7.7439,103.9927,0.9997
2025-11-12 12:31:14,7.7408,158.6754,0.9995
2025-11-12 12:31:15,7.7415,170.4437,0.9995
2025-11-12 12:31:15,7.7395,159.7612,0.9995
2025-11-12 12:31:15,7.7394,159.8279,0.9995
2025-11-12 12:31:15,7.7393,161.6926,0.9995
2025-11-12 12:31:15,7.7394,162.5233,0.9995
2025-11-12 12:31:15,7.7392,161.9263,0.9995
2025-11-12 12:31:15,7.7392,161.8003,0.9995
2025-11-12 12:31:15,7.7404,139.4026,0.9996
2025-11-12 12:31:15,7.7405,139.7128,0.9996
2025-11-12 12:31:16,7.7416,143.5675,0.9996
2025-11-12 12:31:16,7.7405,149.8538,0.9995
2025-11-12 12:31:16,7.7404,151.6930,0.9995
2025-11-12 12:31:16,7.7407,157.8696,0.9995
2025-11-12 12:31:16,7.7400,154.9104,0.9995
2025-11-12 12:31:16,7.7387,164.8095,0.9995
2025-11-12 12:31:16,7.7390,161.3979,0.9995
2025-11-12 12:31:16,7.7391,164.8841,0.9995
2025-11-12 12:31:16,7.7386,162.9526,0.9995
2025-11-12 12:31:16,7.7370,179.7858,0.9995
2025-11-12 12:31:16,7.7365,187.3234,0.9994
2025-11-12 12:31:17,7.7354,161.1483,0.9995
2025-11-12 12:31:17,7.7328,153.7850,0.9995
2025-11-12 12:31:17,7.7335,148.0867,0.9995
2025-11-12 12:31:17,7.7321,169.7428,0.9995
2025-11-12 12:31:17,7.7321,170.5730,0.9995
2025-11-12 12:31:17,7.7323,170.7352,0.9995
2025-11-12 12:31:17,7.7339,161.7867,0.9995
2025-11-12 12:31:17,7.7349,143.9634,0.9996
2025-11-12 12:31:17,7.7336,116.2030,0.9996
2025-11-12 12:31:17,7.7332,116.1963,0.9996
2025-11-12 12:31:18,7.7347,112.8121,0.9997
2025-11-12 12:31:18,7.7347,113.4491,0.9997
2025-11-12 12:31:18,7.7369,160.1084,0.9995
2025-11-12 12:31:18,7.7388,158.3923,0.9995
2025-11-12 12:31:18,7.7378,162.7253,0.9995
2025-11-12 12:31:18,7.7377,164.5876,0.9995
2025-11-12 12:31:18,7.7363,134.6028,0.9996
2025-11-12 12:31:18,7.7374,138.5311,0.9996
2025-11-12 12:31:18,7.7386,133.6495,0.9996
2025-11-12 12:31:18,7.7403,104.8883,0.9997
2025-11-12 12:31:19,7.7414,125.7443,0.9996
2025-11-12 12:31:19,7.7416,126.0779,0.9996
2025-11-12 12:31:19,7.7393,142.1668,0.9996
2025-11-12 12:31:19,7.7383,156.4030,0.9995
2025-11-12 12:31:19,7.7383,156.3648,0.9995
2025-11-12 12:31:19,7.7382,155.5497,0.9995
2025-11-12 12:31:19,7.7395,145.7643,0.9996
2025-11-12 12:31:19,7.7389,156.3471,0.9995
2025-11-12 12:31:19,7.7389,155.5135,0.9995
2025-11-12 12:31:20,7.7404,163.4984,0.9995
2025-11-12 12:31:20,7.7394,171.2910,0.9995
2025-11-12 12:31:20,7.7398,163.8286,0.9995
2025-11-12 12:31:20,7.7396,160.8312,0.9995
2025-11-12 12:31:20,7.7399,162.3522,0.9995
2025-11-12 12:31:20,7.7378,184.1675,0.9994
2025-11-12 12:31:20,7.7378,184.1499,0.9994
2025-11-12 12:31:21,7.7370,166.7839,0.9995
2025-11-12 12:31:21,7.7369,166.6001,0.9995
2025-11-12 12:31:21,7.7386,149.5177,0.9995
2025-11-12 12:31:21,7.7378,162.6463,0.9995
2025-11-12 12:31:21,7.7377,159.9281,0.9995
2025-11-12 12:31:21,7.7380,162.8814,0.9995
2025-11-12 12:31:21,7.7361,182.7576,0.9994
2025-11-12 12:31:21,7.7363,178.6511,0.9995
2025-11-12 12:31:21,7.7354,162.0483,0.9995
2025-11-12 12:31:22,7.7345,151.9897,0.9995
2025-11-12 12:31:22,7.7361,136.8815,0.9996
2025-11-12 12:31:22,7.7380,107.9330,0.9997
2025-11-12 12:31:22,7.7384,115.4062,0.9996
2025-11-12 12:31:22,7.7382,114.0920,0.9997
2025-11-12 12:31:22,7.7388,109.4058,0.9997
2025-11-12 12:31:22,7.7369,137.7656,0.9996
2025-11-12 12:31:22,7.7381,161.8437,0.9995
2025-11-12 12:31:22,7.7395,172.8907,0.9995
2025-11-12 12:31:23,7.7388,180.0484,0.9995
2025-11-12 12:31:23,7.7396,166.9691,0.9995
2025-11-12 12:31:23,7.7381,139.7103,0.9996
2025-11-12 12:31:23,7.7366,126.7440,0.9996
2025-11-12 12:31:23,7.7381,115.6562,0.9996
2025-11-12 12:31:23,7.7396,92.8639,0.9997
2025-11-12 12:31:23,7.7406,109.8085,0.9997
2025-11-12 12:31:23,7.7426,122.5435,0.9996
2025-11-12 12:31:23,7.7436,113.8682,0.9997
2025-11-12 12:31:23,7.7431,122.3231,0.9996
2025-11-12 12:31:23,7.7411,94.2876,0.9997
2025-11-12 12:31:24,7.7411,94.2876,0.9997
2025-11-12 12:31:24,7.7416,91.6583,0.9997
2025-11-12 12:31:24,7.7399,120.8123,0.9996
2025-11-12 12:31:24,7.7376,97.3449,0.9997
2025-11-12 12:31:24,7.7366,86.6538,0.9997
2025-11-12 12:31:24,7.7366,86.6999,0.9997
2025-11-12 12:31:24,7.7385,58.2371,0.9998
2025-11-12 12:31:24,7.7409,80.7815,0.9998
2025-11-12 12:31:24,7.7351,73.1671,0.9998
2025-11-12 12:31:24,7.7337,75.2994,0.9998
2025-11-12 12:31:24,7.7339,73.9988,0.9998
2025-11-12 12:31:25,7.7321,47.8269,0.9999
2025-11-12 12:31:25,7.7418,117.8624,0.9996
2025-11-12 12:31:25,7.7428,110.3854,0.9997
2025-11-12 12:31:25,7.7423,119.2606,0.9996
2025-11-12 12:31:25,7.7394,109.5860,0.9997
2025-11-12 12:31:25,7.7398,117.8610,0.9996
2025-11-12 12:31:25,7.7398,117.8610,0.9996
2025-11-12 12:31:25,7.7396,121.0135,0.9996
2025-11-12 12:31:25,7.7408,122.8168,0.9996
2025-11-12 12:31:25,7.7407,120.6370,0.9996
2025-11-12 12:31:25,7.7406,121.0865,0.9996
2025-11-12 12:31:25,7.7409,116.8615,0.9996
2025-11-12 12:31:26,7.7412,117.9207,0.9996
2025-11-12 12:31:26,7.7410,113.8730,0.9997
2025-11-12 12:31:26,7.7407,115.2364,0.9997
2025-11-12 12:31:26,7.7388,149.1577,0.9995
2025-11-12 12:31:26,7.7402,158.5601,0.9995
2025-11-12 12:31:26,7.7396,146.9534,0.9996
2025-11-12 12:31:26,7.7364,172.5391,0.9995
2025-11-12 12:31:26,7.7365,170.5690,0.9995
2025-11-12 12:31:27,7.7376,182.7765,0.9994
2025-11-12 12:31:27,7.7375,180.9948,0.9994
2025-11-12 12:31:27,7.7382,173.1730,0.9995
2025-11-12 12:31:27,7.7393,153.7057,0.9995
2025-11-12 12:31:27,7.7413,181.4868,0.9995
2025-11-12 12:31:27,7.7429,208.3839,0.9994
2025-11-12 12:31:27,7.7454,180.6293,0.9995
2025-11-12 12:31:27,7.7444,200.9660,0.9994
2025-11-12 12:31:27,7.7430,184.1123,0.9994
2025-11-12 12:31:27,7.7419,164.7088,0.9995
2025-11-12 12:31:27,7.7424,162.0173,0.9995
2025-11-12 12:31:28,7.7456,105.6847,0.9997
2025-11-12 12:31:28,7.7476,128.2148,0.9996
2025-11-12 12:31:28,7.7486,142.4159,0.9996
2025-11-12 12:31:28,7.7479,149.8180,0.9996
2025-11-12 12:31:28,7.7448,207.9976,0.9994
2025-11-12 12:31:28,7.7452,213.5842,0.9994
2025-11-12 12:31:28,7.7444,199.9970,0.9994
2025-11-12 12:31:28,7.7451,194.2048,0.9994
2025-11-12 12:31:28,7.7453,189.3984,0.9994
2025-11-12 12:31:28,7.7444,175.7415,0.9995
2025-11-12 12:31:28,7.7432,159.7722,0.9995
2025-11-12 12:31:29,7.7415,174.0320,0.9995
2025-11-12 12:31:29,7.7428,149.4105,0.9996
2025-11-12 12:31:29,7.7419,135.9030,0.9996
2025-11-12 12:31:29,7.7425,145.9030,0.9996
2025-11-12 12:31:29,7.7437,135.5948,0.9996
2025-11-12 12:31:29,7.7425,156.5672,0.9995
2025-11-12 12:31:29,7.7426,157.6234,0.9995
2025-11-12 12:31:29,7.7438,178.1775,0.9995
2025-11-12 12:31:30,7.7398,227.3455,0.9993
2025-11-12 12:31:30,7.7408,210.8816,0.9994
2025-11-12 12:31:30,7.7406,208.0179,0.9994
2025-11-12 12:31:30,7.7395,187.8911,0.9994
2025-11-12 12:31:30,7.7403,175.9434,0.9995
2025-11-12 12:31:30,7.7374,228.3580,0.9993
2025-11-12 12:31:30,7.7391,258.4853,0.9992
2025-11-12 12:31:30,7.7381,241.2168,0.9993
2025-11-12 12:31:30,7.7370,256.6169,0.9992
2025-11-12 12:31:30,7.7407,193.4794,0.9994
2025-11-12 12:31:30,7.7398,178.2764,0.9995
2025-11-12 12:31:30,7.7415,206.4907,0.9994
2025-11-12 12:31:31,7.7427,185.8870,0.9994
2025-11-12 12:31:31,7.7413,210.2007,0.9994
2025-11-12 12:31:31,7.7409,204.0273,0.9994
2025-11-12 12:31:31,7.7388,169.8687,0.9995
2025-11-12 12:31:31,7.7402,153.3772,0.9995
2025-11-12 12:31:31,7.7405,149.0817,0.9995
2025-11-12 12:31:31,7.7412,160.6489,0.9995
2025-11-12 12:31:31,7.7431,188.0478,0.9994
2025-11-12 12:31:31,7.7444,173.4477,0.9995
2025-11-12 12:31:31,7.7426,211.9152,0.9994
2025-11-12 12:31:32,7.7427,214.5668,0.9994
2025-11-12 12:31:32,7.7410,188.4746,0.9994
2025-11-12 12:31:32,7.7381,217.9355,0.9993
2025-11-12 12:31:32,7.7382,215.8954,0.9993
2025-11-12 12:31:32,7.7388,227.0707,0.9993
2025-11-12 12:31:32,7.7404,253.7973,0.9992
2025-11-12 12:31:32,7.7436,217.0179,0.9993
2025-11-12 12:31:32,7.7465,158.3425,0.9995
2025-11-12 12:31:32,7.7460,150.6375,0.9995
2025-11-12 12:31:33,7.7467,161.0443,0.9995
2025-11-12 12:31:33,7.7446,186.4990,0.9994
2025-11-12 12:31:33,7.7442,193.6523,0.9994
2025-11-12 12:31:33,7.7424,171.2089,0.9995
2025-11-12 12:31:33,7.7417,158.3658,0.9995
2025-11-12 12:31:33,7.7431,143.0368,0.9996
2025-11-12 12:31:33,7.7430,145.1696,0.9996
2025-11-12 12:31:33,7.7449,169.5439,0.9995
2025-11-12 12:31:33,7.7438,153.6138,0.9995
2025-11-12 12:31:34,7.7429,163.3917,0.9995
2025-11-12 12:31:34,7.7433,156.3268,0.9995
2025-11-12 12:31:34,7.7426,144.8440,0.9996
2025-11-12 12:31:34,7.7442,170.2000,0.9995
2025-11-12 12:31:34,7.7448,162.3508,0.9995
2025-11-12 12:31:34,7.7431,195.0790,0.9994
2025-11-12 12:31:34,7.7437,204.0290,0.9994
2025-11-12 12:31:34,7.7425,184.4461,0.9994
2025-11-12 12:31:34,7.7430,179.8185,0.9995
2025-11-12 12:31:34,7.7424,190.6575,0.9994
2025-11-12 12:31:35,7.7412,172.3797,0.9995
2025-11-12 12:31:35,7.7429,201.9696,0.9994
2025-11-12 12:31:35,7.7430,200.9448,0.9994
2025-11-12 12:31:35,7.7436,188.9155,0.9994
2025-11-12 12:31:35,7.7443,197.4464,0.9994
2025-11-12 12:31:35,7.7418,158.2213,0.9995
2025-11-12 12:31:35,7.7421,156.1035,0.9995
2025-11-12 12:31:35,7.7427,143.7134,0.9996
2025-11-12 12:31:35,7.7431,149.8154,0.9995
2025-11-12 12:31:35,7.7445,169.0566,0.9995
2025-11-12 12:31:35,7.7425,191.0250,0.9994
2025-11-12 12:31:35,7.7416,208.4200,0.9994
2025-11-12 12:31:36,7.7423,221.0817,0.9993
2025-11-12 12:31:36,7.7421,217.2359,0.9993
2025-11-12 12:31:36,7.7404,241.0197,0.9993
2025-11-12 12:31:36,7.7424,206.9862,0.9994
2025-11-12 12:31:36,7.7383,151.8782,0.9995
2025-11-12 12:31:36,7.7394,173.5931,0.9995
2025-11-12 12:31:36,7.7414,147.6137,0.9996
2025-11-12 12:31:36,7.7401,168.5640,0.9995
2025-11-12 12:31:36,7.7415,182.7472,0.9994
2025-11-12 12:31:36,7.7409,169.9533,0.9995
2025-11-12 12:31:36,7.7393,189.3967,0.9994
2025-11-12 12:31:37,7.7365,242.5555,0.9993
2025-11-12 12:31:37,7.7368,247.3476,0.9992
2025-11-12 12:31:37,7.7355,220.7413,0.9993
2025-11-12 12:31:37,7.7370,205.2296,0.9994
2025-11-12 12:31:37,7.7394,158.1097,0.9995
2025-11-12 12:31:37,7.7401,168.5891,0.9995
2025-11-12 12:31:37,7.7390,153.0837,0.9995
2025-11-12 12:31:37,7.7416,134.3111,0.9996
2025-11-12 12:31:37,7.7430,109.7298,0.9997
2025-11-12 12:31:37,7.7432,112.6476,0.9997
2025-11-12 12:31:38,7.7446,128.3093,0.9996
2025-11-12 12:31:38,7.7447,127.5081,0.9996
2025-11-12 12:31:38,7.7449,122.8585,0.9996
2025-11-12 12:31:38,7.7450,123.4684,0.9996
2025-11-12 12:31:38,7.7468,149.6261,0.9996
2025-11-12 12:31:38,7.7461,156.3719,0.9995
2025-11-12 12:31:38,7.7455,166.2555,0.9995
2025-11-12 12:31:38,7.7443,153.2175,0.9995
2025-11-12 12:31:38,7.7439,146.5655,0.9996
2025-11-12 12:31:38,7.7419,166.7514,0.9995
2025-11-12 12:31:38,7.7391,221.4696,0.9993
2025-11-12 12:31:39,7.7413,256.3293,0.9992
2025-11-12 12:31:39,7.7402,236.5929,0.9993
2025-11-12 12:31:39,7.7403,235.2939,0.9993
2025-11-12 12:31:39,7.7424,191.7926,0.9994
2025-11-12 12:31:39,7.7398,154.2853,0.9995
2025-11-12 12:31:39,7.7406,166.7866,0.9995
2025-11-12 12:31:39,7.7412,159.9825,0.9995
2025-11-12 12:31:39,7.7418,150.5800,0.9995
2025-11-12 12:31:39,7.7424,157.1432,0.9995
2025-11-12 12:31:40,7.7401,124.1297,0.9996
2025-11-12 12:31:40,7.7380,146.2705,0.9996
2025-11-12 12:31:40,7.7372,158.7586,0.9995
2025-11-12 12:31:40,7.7363,145.6688,0.9996
2025-11-12 12:31:40,7.7353,131.6787,0.9996
2025-11-12 12:31:40,7.7373,113.8288,0.9997
2025-11-12 12:31:40,7.7369,119.5460,0.9996
2025-11-12 12:31:40,7.7369,119.3173,0.9996
2025-11-12 12:31:40,7.7405,174.2045,0.9995
2025-11-12 12:31:40,7.7418,163.3039,0.9995
2025-11-12 12:31:40,7.7436,130.7453,0.9996
2025-11-12 12:31:40,7.7388,114.8081,0.9997
2025-11-12 12:31:41,7.7348,49.7839,0.9998
2025-11-12 12:31:41,7.7351,49.2660,0.9998
2025-11-12 12:31:41,7.7335,69.2179,0.9998
2025-11-12 12:31:41,7.7354,76.3660,0.9998
2025-11-12 12:31:41,7.7351,73.2578,0.9998
2025-11-12 12:31:41,7.7335,77.7842,0.9998
2025-11-12 12:31:41,7.7350,58.6264,0.9998
2025-11-12 12:31:41,7.7359,64.9803,0.9998
2025-11-12 12:31:41,7.7360,66.2931,0.9998
2025-11-12 12:31:42,7.7358,67.8279,0.9998
2025-11-12 12:31:42,7.7344,85.4289,0.9997
2025-11-12 12:31:42,7.7357,97.8436,0.9997
2025-11-12 12:31:42,7.7343,85.2452,0.9997
2025-11-12 12:31:42,7.7354,80.4407,0.9998
2025-11-12 12:31:42,7.7349,87.8211,0.9997
2025-11-12 12:31:42,7.7364,108.2087,0.9997
2025-11-12 12:31:42,7.7393,136.2313,0.9996
2025-11-12 12:31:43,7.7389,138.8538,0.9996
2025-11-12 12:31:43,7.7389,139.7142,0.9996
2025-11-12 12:31:43,7.7407,168.2966,0.9995
2025-11-12 12:31:43,7.7329,139.5645,0.9996
2025-11-12 12:31:43,7.7325,140.9284,0.9996
2025-11-12 12:31:43,7.7340,121.1080,0.9996
2025-11-12 12:31:43,7.7337,113.5459,0.9997
2025-11-12 12:31:43,7.7373,109.6386,0.9997
2025-11-12 12:31:43,7.7355,125.1398,0.9996
2025-11-12 12:31:43,7.7343,141.3528,0.9996
2025-11-12 12:31:44,7.7328,113.0337,0.9997
2025-11-12 12:31:44,7.7324,111.1898,0.9997
2025-11-12 12:31:44,7.7346,97.8210,0.9997
2025-11-12 12:31:44,7.7323,135.9269,0.9996
2025-11-12 12:31:44,7.7308,111.2504,0.9997
2025-11-12 12:31:44,7.7303,109.0106,0.9997
2025-11-12 12:31:44,7.7281,117.0619,0.9996
2025-11-12 12:31:44,7.7316,71.5646,0.9998
2025-11-12 12:31:44,7.7355,141.5189,0.9996
2025-11-12 12:31:44,7.7352,141.1423,0.9996
2025-11-12 12:31:44,7.7312,195.4144,0.9994
2025-11-12 12:31:44,7.7305,203.2888,0.9994
2025-11-12 12:31:45,7.7305,203.5783,0.9994
2025-11-12 12:31:45,7.7333,222.7348,0.9993
2025-11-12 12:31:45,7.7262,398.8784,0.9988
2025-11-12 12:31:45,7.7257,403.2652,0.9987
2025-11-12 12:31:45,7.7262,416.9723,0.9987
2025-11-12 12:31:45,7.7267,423.9381,0.9987
2025-11-12 12:31:45,7.7302,324.9187,0.9990
2025-11-12 12:31:45,7.7316,309.3198,0.9990
2025-11-12 12:31:45,7.7300,269.0765,0.9992
2025-11-12 12:31:45,7.7293,260.9037,0.9992
2025-11-12 12:31:46,7.7370,123.1860,0.9996
2025-11-12 12:31:46,7.7356,143.4444,0.9996
2025-11-12 12:31:46,7.7364,159.1222,0.9995
2025-11-12 12:31:46,7.7380,172.9918,0.9995
2025-11-12 12:31:46,7.7397,155.7441,0.9995
2025-11-12 12:31:46,7.7373,202.9650,0.9994
2025-11-12 12:31:46,7.7358,175.3331,0.9995
2025-11-12 12:31:46,7.7349,165.1732,0.9995
2025-11-12 12:31:46,7.7331,177.4818,0.9995
2025-11-12 12:31:46,7.7376,108.2875,0.9997
2025-11-12 12:31:47,7.7383,119.7089,0.9996
2025-11-12 12:31:47,7.7396,131.7300,0.9996
2025-11-12 12:31:47,7.7349,212.3918,0.9994
2025-11-12 12:31:47,7.7345,216.2846,0.9993
2025-11-12 12:31:47,7.7336,200.5991,0.9994
2025-11-12 12:31:47,7.7333,196.0434,0.9994
2025-11-12 12:31:47,7.7344,175.5511,0.9995
2025-11-12 12:31:47,7.7322,202.0616,0.9994
2025-11-12 12:31:47,7.7333,222.6330,0.9993
2025-11-12 12:31:47,7.7348,246.3109,0.9992
2025-11-12 12:31:47,7.7345,252.3584,0.9992
2025-11-12 12:31:48,7.7349,247.0807,0.9992
2025-11-12 12:31:48,7.7343,236.1066,0.9993
2025-11-12 12:31:48,7.7359,266.8296,0.9992
2025-11-12 12:31:48,7.7419,177.7228,0.9995
2025-11-12 12:31:48,7.7407,203.2018,0.9994
2025-11-12 12:31:48,7.7397,190.2970,0.9994
2025-11-12 12:31:48,7.7408,211.2922,0.9994
2025-11-12 12:31:48,7.7396,222.5690,0.9993
2025-11-12 12:31:48,7.7429,162.7034,0.9995
2025-11-12 12:31:48,7.7421,155.4678,0.9995
2025-11-12 12:31:48,7.7418,148.3441,0.9996
2025-11-12 12:31:48,7.7447,121.1561,0.9996
2025-11-12 12:31:48,7.7426,159.6462,0.9995
2025-11-12 12:31:49,7.7444,176.8715,0.9995
2025-11-12 12:31:49,7.7435,162.2970,0.9995
2025-11-12 12:31:49,7.7414,177.7728,0.9995
2025-11-12 12:31:49,7.7403,199.9021,0.9994
2025-11-12 12:31:49,7.7408,206.9088,0.9994
2025-11-12 12:31:49,7.7416,220.7372,0.9993
2025-11-12 12:31:49,7.7424,213.4050,0.9994
2025-11-12 12:31:49,7.7447,166.0616,0.9995
2025-11-12 12:31:49,7.7458,182.0893,0.9995
2025-11-12 12:31:50,7.7441,158.4459,0.9995
2025-11-12 12:31:50,7.7442,157.9271,0.9995
2025-11-12 12:31:50,7.7432,177.0076,0.9995
2025-11-12 12:31:50,7.7421,159.2860,0.9995
2025-11-12 12:31:50,7.7422,161.5591,0.9995
2025-11-12 12:31:50,7.7418,164.9194,0.9995
2025-11-12 12:31:50,7.7395,215.6350,0.9993
2025-11-12 12:31:50,7.7405,233.9046,0.9993
2025-11-12 12:31:50,7.7414,248.7569,0.9992
2025-11-12 12:31:51,7.7411,251.1749,0.9992
2025-11-12 12:31:51,7.7436,196.4743,0.9994
2025-11-12 12:31:51,7.7423,176.1944,0.9995
2025-11-12 12:31:51,7.7421,173.4239,0.9995
2025-11-12 12:31:51,7.7426,168.6394,0.9995
2025-11-12 12:31:51,7.7430,161.8223,0.9995
2025-11-12 12:31:51,7.7449,191.6970,0.9994
2025-11-12 12:31:51,7.7438,176.9124,0.9995
2025-11-12 12:31:51,7.7427,188.4344,0.9994
2025-11-12 12:31:51,7.7444,158.1638,0.9995
2025-11-12 12:31:52,7.7408,107.1880,0.9997
2025-11-12 12:31:52,7.7405,104.0545,0.9997
2025-11-12 12:31:52,7.7394,115.9075,0.9996
2025-11-12 12:31:52,7.7391,120.5637,0.9996
2025-11-12 12:31:52,7.7419,161.2292,0.9995
2025-11-12 12:31:52,7.7440,191.9616,0.9994
2025-11-12 12:31:52,7.7421,223.8724,0.9993
2025-11-12 12:31:52,7.7368,328.8699,0.9990
2025-11-12 12:31:52,7.7345,286.4385,0.9991
2025-11-12 12:31:52,7.7337,270.3732,0.9992
2025-11-12 12:31:53,7.7340,267.0387,0.9992
2025-11-12 12:31:53,7.7393,172.2721,0.9995
2025-11-12 12:31:53,7.7390,169.3355,0.9995
2025-11-12 12:31:53,7.7389,166.9561,0.9995
2025-11-12 12:31:53,7.7426,121.9033,0.9996
2025-11-12 12:31:53,7.7423,125.3787,0.9996
2025-11-12 12:31:53,7.7433,135.2270,0.9996
2025-11-12 12:31:53,7.7428,128.9356,0.9996
2025-11-12 12:31:53,7.7412,146.1587,0.9996
2025-11-12 12:31:53,7.7397,171.4622,0.9995
2025-11-12 12:31:54,7.7396,169.8922,0.9995
2025-11-12 12:31:54,7.7402,181.5493,0.9995
2025-11-12 12:31:54,7.7417,166.8408,0.9995
2025-11-12 12:31:54,7.7438,130.8971,0.9996
2025-11-12 12:31:54,7.7428,120.9039,0.9996
2025-11-12 12:31:54,7.7417,104.7544,0.9997
2025-11-12 12:31:54,7.7434,92.6643,0.9997
2025-11-12 12:31:54,7.7408,137.9076,0.9996
2025-11-12 12:31:54,7.7420,151.6411,0.9995
2025-11-12 12:31:55,7.7437,177.9164,0.9995
2025-11-12 12:31:55,7.7431,181.7938,0.9995
2025-11-12 12:31:55,7.7454,137.4752,0.9996
2025-11-12 12:31:55,7.7441,125.3745,0.9996
2025-11-12 12:31:55,7.7435,115.7063,0.9997
2025-11-12 12:31:55,7.7437,114.3420,0.9997
2025-11-12 12:31:55,7.7428,128.0216,0.9996
2025-11-12 12:31:55,7.7408,115.2477,0.9997
2025-11-12 12:31:55,7.7415,127.1048,0.9996
2025-11-12 12:31:55,7.7413,128.0570,0.9996
2025-11-12 12:31:55,7.7399,152.3049,0.9995
2025-11-12 12:31:56,7.7382,146.8843,0.9996
2025-11-12 12:31:56,7.7370,123.3433,0.9996
2025-11-12 12:31:56,7.7351,132.0919,0.9996
2025-11-12 12:31:56,7.7345,141.6241,0.9996
2025-11-12 12:31:56,7.7364,152.1121,0.9995
2025-11-12 12:31:56,7.7371,166.0623,0.9995
2025-11-12 12:31:56,7.7369,167.6888,0.9995
2025-11-12 12:31:56,7.7380,149.2000,0.9995
2025-11-12 12:31:56,7.7396,162.4149,0.9995
2025-11-12 12:31:56,7.7400,171.0254,0.9995
2025-11-12 12:31:57,7.7405,166.5924,0.9995
2025-11-12 12:31:57,7.7422,137.4541,0.9996
2025-11-12 12:31:57,7.7417,133.3691,0.9996
2025-11-12 12:31:57,7.7420,138.2970,0.9996
2025-11-12 12:31:57,7.7406,153.4558,0.9995
2025-11-12 12:31:57,7.7386,184.9878,0.9994
2025-11-12 12:31:57,7.7386,184.2862,0.9994
2025-11-12 12:31:57,7.7381,174.5277,0.9995
2025-11-12 12:31:57,7.7372,185.5358,0.9994
2025-11-12 12:31:57,7.7370,188.6164,0.9994
2025-11-12 12:31:57,7.7368,186.5308,0.9994
2025-11-12 12:31:57,7.7368,186.9340,0.9994
2025-11-12 12:31:58,7.7373,180.9033,0.9994
2025-11-12 12:31:58,7.7395,147.8575,0.9996
2025-11-12 12:31:58,7.7402,154.1428,0.9995
2025-11-12 12:31:58,7.7400,150.7432,0.9995
2025-11-12 12:31:58,7.7421,127.0490,0.9996
2025-11-12 12:31:58,7.7420,128.9333,0.9996
2025-11-12 12:31:58,7.7420,129.4467,0.9996
2025-11-12 12:31:58,7.7415,119.8336,0.9996
2025-11-12 12:31:58,7.7405,129.7580,0.9996
2025-11-12 12:31:58,7.7405,129.9709,0.9996
2025-11-12 12:31:59,7.7402,127.7987,0.9996
2025-11-12 12:31:59,7.7405,132.7616,0.9996
2025-11-12 12:31:59,7.7380,165.5446,0.9995
2025-11-12 12:31:59,7.7363,189.9066,0.9994
2025-11-12 12:31:59,7.7384,217.5148,0.9993
2025-11-12 12:31:59,7.7389,226.6449,0.9993
2025-11-12 12:31:59,7.7407,199.6017,0.9994
2025-11-12 12:31:59,7.7407,200.7471,0.9994
2025-11-12 12:32:00,7.7422,225.3005,0.9993
2025-11-12 12:32:00,7.7431,242.2720,0.9993
2025-11-12 12:32:00,7.7452,216.9336,0.9994
2025-11-12 12:32:00,7.7454,212.1300,0.9994
2025-11-12 12:32:00,7.7453,210.9111,0.9994
2025-11-12 12:32:00,7.7448,201.0223,0.9994
2025-11-12 12:32:00,7.7432,218.8654,0.9993
2025-11-12 12:32:00,7.7450,186.9937,0.9994
2025-11-12 12:32:00,7.7436,167.6009,0.9995
2025-11-12 12:32:01,7.7430,157.5117,0.9995
2025-11-12 12:32:01,7.7445,140.7417,0.9996
2025-11-12 12:32:01,7.7417,192.2666,0.9994
2025-11-12 12:32:01,7.7406,178.3410,0.9995
2025-11-12 12:32:01,7.7394,158.0132,0.9995
2025-11-12 12:32:01,7.7369,180.7765,0.9994
2025-11-12 12:32:01,7.7380,162.0588,0.9995
2025-11-12 12:32:01,7.7404,200.3023,0.9994
2025-11-12 12:32:01,7.7415,217.2903,0.9993
2025-11-12 12:32:01,7.7417,214.6992,0.9994
2025-11-12 12:32:01,7.7432,187.8704,0.9994
2025-11-12 12:32:02,7.7438,196.9038,0.9994
2025-11-12 12:32:02,7.7420,172.3935,0.9995
2025-11-12 12:32:02,7.7422,169.8426,0.9995
2025-11-12 12:32:02,7.7400,206.2487,0.9994
2025-11-12 12:32:02,7.7393,192.5698,0.9994
2025-11-12 12:32:02,7.7411,219.9028,0.9993
2025-11-12 12:32:02,7.7417,212.3276,0.9994
2025-11-12 12:32:02,7.7458,144.9024,0.9996
2025-11-12 12:32:02,7.7449,133.1037,0.9996
2025-11-12 12:32:03,7.7402,86.4963,0.9997
2025-11-12 12:32:03,7.7416,72.8146,0.9998
2025-11-12 12:32:03,7.7360,156.2089,0.9995
2025-11-12 12:32:03,7.7370,176.7436,0.9995
2025-11-12 12:32:03,7.7402,209.1068,0.9994
2025-11-12 12:32:03,7.7401,209.5277,0.9994
2025-11-12 12:32:03,7.7419,171.8100,0.9995
2025-11-12 12:32:03,7.7427,186.7036,0.9994
2025-11-12 12:32:03,7.7403,164.0445,0.9995
2025-11-12 12:32:03,7.7406,161.8876,0.9995
2025-11-12 12:32:03,7.7405,164.6670,0.9995
2025-11-12 12:32:04,7.7397,149.2288,0.9995
2025-11-12 12:32:04,7.7397,149.1093,0.9995
2025-11-12 12:32:04,7.7391,152.8626,0.9995
2025-11-12 12:32:04,7.7387,160.4280,0.9995
2025-11-12 12:32:04,7.7395,175.1582,0.9995
2025-11-12 12:32:04,7.7408,186.9556,0.9994
2025-11-12 12:32:04,7.7391,205.0017,0.9994
2025-11-12 12:32:04,7.7416,162.8829,0.9995
2025-11-12 12:32:04,7.7405,142.7389,0.9996
2025-11-12 12:32:04,7.7417,156.6670,0.9995
2025-11-12 12:32:05,7.7399,184.8109,0.9994
2025-11-12 12:32:05,7.7375,220.8874,0.9993
2025-11-12 12:32:05,7.7365,202.8728,0.9994
2025-11-12 12:32:05,7.7369,209.3737,0.9994
2025-11-12 12:32:05,7.7405,166.4098,0.9995
2025-11-12 12:32:05,7.7430,124.7728,0.9996
2025-11-12 12:32:05,7.7433,128.9492,0.9996
2025-11-12 12:32:05,7.7438,135.8227,0.9996
2025-11-12 12:32:05,7.7362,268.9267,0.9992
2025-11-12 12:32:05,7.7366,265.0857,0.9992
2025-11-12 12:32:05,7.7374,280.5036,0.9991
2025-11-12 12:32:05,7.7364,263.8464,0.9992
2025-11-12 12:32:05,7.7387,212.2486,0.9994
2025-11-12 12:32:06,7.7357,254.8572,0.9992
2025-11-12 12:32:06,7.7357,254.5546,0.9992
2025-11-12 12:32:06,7.7360,260.1522,0.9992
2025-11-12 12:32:06,7.7391,211.0852,0.9994
2025-11-12 12:32:06,7.7398,198.2205,0.9994
2025-11-12 12:32:06,7.7401,204.4667,0.9994
2025-11-12 12:32:06,7.7364,164.3706,0.9995
2025-11-12 12:32:06,7.7284,312.2211,0.9990
2025-11-12 12:32:06,7.7285,312.0606,0.9990
2025-11-12 12:32:06,7.7267,268.2907,0.9992
2025-11-12 12:32:06,7.7302,326.7965,0.9990
2025-11-12 12:32:07,7.7406,145.2185,0.9996
2025-11-12 12:32:07,7.7388,180.1809,0.9995
2025-11-12 12:32:07,7.7388,179.8209,0.9995
2025-11-12 12:32:07,7.7383,173.1927,0.9995
2025-11-12 12:32:07,7.7386,171.5217,0.9995
2025-11-12 12:32:07,7.7398,147.8330,0.9996
2025-11-12 12:32:07,7.7393,141.7500,0.9996
2025-11-12 12:32:07,7.7394,142.7345,0.9996
2025-11-12 12:32:07,7.7404,137.1420,0.9996
2025-11-12 12:32:07,7.7399,147.1420,0.9996
2025-11-12 12:32:08,7.7407,157.4918,0.9995
2025-11-12 12:32:08,7.7418,172.6927,0.9995
2025-11-12 12:32:08,7.7415,174.6982,0.9995
2025-11-12 12:33:04,7.7419,165.1619,0.9995
2025-11-12 12:33:05,7.7397,154.4782,0.9995
2025-11-12 12:33:05,7.7381,126.9409,0.9996
2025-11-12 12:33:05,7.7406,114.0109,0.9997
2025-11-12 12:33:05,7.7406,114.0109,0.9997
2025-11-12 12:33:05,7.7379,97.8502,0.9997
2025-11-12 12:33:05,7.7374,89.4225,0.9997
2025-11-12 12:33:05,7.7356,93.6362,0.9997
2025-11-12 12:33:05,7.7357,91.4018,0.9997
2025-11-12 12:33:06,7.7371,100.3582,0.9997
2025-11-12 12:33:06,7.7315,55.4102,0.9998
2025-11-12 12:33:06,7.7319,54.9811,0.9998
2025-11-12 12:33:06,7.7316,58.9740,0.9998
2025-11-12 12:33:06,7.7305,47.3774,0.9999
2025-11-12 12:33:06,7.7340,69.6765,0.9998
2025-11-12 12:33:06,7.7336,70.5771,0.9998
2025-11-12 12:33:06,7.7331,77.8019,0.9998
2025-11-12 12:33:06,7.7356,102.8912,0.9997
2025-11-12 12:33:07,7.7357,103.4743,0.9997
2025-11-12 12:33:07,7.7333,117.8626,0.9996
2025-11-12 12:33:07,7.7340,108.5879,0.9997
2025-11-12 12:33:07,7.7325,90.3281,0.9997
2025-11-12 12:33:07,7.7313,78.3542,0.9998
2025-11-12 12:33:07,7.7357,66.0689,0.9998
2025-11-12 12:33:07,7.7364,56.0489,0.9998
2025-11-12 12:33:07,7.7361,53.7082,0.9998
2025-11-12 12:33:07,7.7343,47.0955,0.9999
2025-11-12 12:33:08,7.7338,46.1035,0.9999
2025-11-12 12:33:08,7.7337,47.3638,0.9999
2025-11-12 12:33:08,7.7339,49.1392,0.9998
2025-11-12 12:33:08,7.7374,68.4775,0.9998
2025-11-12 12:34:05,7.7258,187.0437,0.9994
2025-11-12 12:34:05,7.7286,149.6834,0.9995
2025-11-12 12:34:05,7.7278,136.7776,0.9996
2025-11-12 12:34:05,7.7298,166.3530,0.9995
2025-11-12 12:34:05,7.7331,119.5994,0.9996
2025-11-12 12:34:05,7.7330,121.1595,0.9996
2025-11-12 12:34:05,7.7363,167.7286,0.9995
2025-11-12 12:34:05,7.7368,173.6216,0.9995
2025-11-12 12:34:05,7.7342,212.8826,0.9993
2025-11-12 12:34:06,7.7367,183.4028,0.9994
2025-11-12 12:34:06,7.7370,190.1398,0.9994
2025-11-12 12:34:06,7.7353,169.9525,0.9995
2025-11-12 12:34:06,7.7371,138.3054,0.9996
2025-11-12 12:34:06,7.7347,168.6971,0.9995
2025-11-12 12:34:06,7.7357,190.7400,0.9994
2025-11-12 12:34:06,7.7402,252.2300,0.9992
2025-11-12 12:34:06,7.7379,297.6629,0.9991
2025-11-12 12:34:06,7.7383,289.8129,0.9991
2025-11-12 12:34:06,7.7377,277.3572,0.9992
2025-11-12 12:34:07,7.7373,269.5194,0.9992
2025-11-12 12:34:07,7.7358,303.8374,0.9991
2025-11-12 12:34:07,7.7366,292.4958,0.9991
2025-11-12 12:34:07,7.7360,281.2412,0.9991
2025-11-12 12:34:07,7.7359,279.1867,0.9991
2025-11-12 12:34:07,7.7306,430.1045,0.9987
2025-11-12 12:34:07,7.7295,440.6692,0.9986
2025-11-12 12:34:07,7.7267,385.4315,0.9988
2025-11-12 12:34:08,7.7263,376.7108,0.9988
2025-11-12 12:34:08,7.7350,179.6162,0.9995
2025-11-12 12:34:08,7.7347,183.7654,0.9994
2025-11-12 12:35:04,7.7371,215.9471,0.9993
2025-11-12 12:35:05,7.7381,298.3211,0.9991
2025-11-12 12:35:05,7.7355,344.8346,0.9989
2025-11-12 12:35:05,7.7398,270.9487,0.9992
2025-11-12 12:35:05,7.7395,264.9489,0.9992
2025-11-12 12:35:05,7.7388,252.4753,0.9992
2025-11-12 12:35:05,7.7383,263.9820,0.9992
2025-11-12 12:35:05,7.7388,257.1870,0.9992
2025-11-12 12:35:05,7.7392,263.7742,0.9992
2025-11-12 12:35:05,7.7403,284.5109,0.9991
2025-11-12 12:35:06,7.7336,486.1150,0.9985
2025-11-12 12:35:06,7.7326,494.8798,0.9985
2025-11-12 12:35:06,7.7325,491.6119,0.9985
2025-11-12 12:35:06,7.7328,501.6143,0.9985
2025-11-12 12:35:06,7.7344,450.2669,0.9986
2025-11-12 12:35:06,7.7343,450.9192,0.9986
2025-11-12 12:35:06,7.7342,448.7496,0.9986
2025-11-12 12:35:06,7.7309,378.3286,0.9988
2025-11-12 12:35:06,7.7433,134.7102,0.9996
2025-11-12 12:35:07,7.7421,156.1309,0.9995
2025-11-12 12:35:07,7.7405,131.9591,0.9996
2025-11-12 12:35:07,7.7430,167.5159,0.9995
2025-11-12 12:35:07,7.7410,188.6038,0.9994
2025-11-12 12:35:07,7.7406,196.1727,0.9994
2025-11-12 12:35:07,7.7404,193.6329,0.9994
2025-11-12 12:35:07,7.7406,197.3120,0.9994
2025-11-12 12:35:07,7.7438,168.7023,0.9995
2025-11-12 12:35:07,7.7446,152.8005,0.9995
2025-11-12 12:35:08,7.7442,148.7180,0.9996
2025-11-12 12:35:08,7.7438,142.4706,0.9996
2025-11-12 12:35:08,7.7425,151.2951,0.9995
2025-11-12 12:35:08,7.7426,149.2426,0.9996
2025-11-12 12:36:05,7.7416,133.9848,0.9996
2025-11-12 12:36:05,7.7408,121.8012,0.9996
2025-11-12 12:36:05,7.7420,115.0553,0.9997
2025-11-12 12:36:05,7.7418,117.4639,0.9996
2025-11-12 12:36:05,7.7422,121.3198,0.9996
2025-11-12 12:36:05,7.7438,144.7308,0.9996
2025-11-12 12:36:05,7.7421,157.0496,0.9995
2025-11-12 12:36:05,7.7429,143.7826,0.9996
2025-11-12 12:36:05,7.7437,152.6452,0.9995
2025-11-12 12:36:06,7.7428,138.4456,0.9996
2025-11-12 12:36:06,7.7440,128.5797,0.9996
2025-11-12 12:36:06,7.7410,187.3994,0.9994
2025-11-12 12:36:06,7.7404,179.2967,0.9995
2025-11-12 12:36:06,7.7348,120.5784,0.9996
2025-11-12 12:36:06,7.7335,123.9183,0.9996
2025-11-12 12:36:06,7.7366,76.9238,0.9998
2025-11-12 12:36:06,7.7364,73.1461,0.9998
2025-11-12 12:36:06,7.7411,114.1966,0.9997
2025-11-12 12:36:07,7.7377,155.2494,0.9995
2025-11-12 12:36:07,7.7379,152.4567,0.9995
2025-11-12 12:36:07,7.7359,130.1745,0.9996
2025-11-12 12:36:07,7.7357,126.8822,0.9996
2025-11-12 12:36:07,7.7406,81.3701,0.9998
2025-11-12 12:36:07,7.7389,108.9593,0.9997
2025-11-12 12:36:07,7.7402,120.0542,0.9996
2025-11-12 12:36:07,7.7380,95.3478,0.9997
2025-11-12 12:36:08,7.7374,97.2938,0.9997
2025-11-12 12:36:08,7.7348,146.9005,0.9996
2025-11-12 12:36:08,7.7347,146.2071,0.9996
2025-11-12 12:36:08,7.7355,154.7565,0.9995
2025-11-12 12:37:05,7.7387,99.0098,0.9997
2025-11-12 12:37:05,7.7379,112.3888,0.9997
2025-11-12 12:37:05,7.7380,114.6571,0.9997
2025-11-12 12:37:05,7.7378,112.5133,0.9997
2025-11-12 12:37:05,7.7367,120.5737,0.9996
2025-11-12 12:37:05,7.7366,121.8199,0.9996
2025-11-12 12:37:05,7.7370,128.3479,0.9996
2025-11-12 12:37:05,7.7377,135.3289,0.9996
2025-11-12 12:37:05,7.7391,124.6950,0.9996
2025-11-12 12:37:05,7.7393,120.6874,0.9996
2025-11-12 12:37:05,7.7396,124.4554,0.9996
2025-11-12 12:37:06,7.7420,153.2588,0.9995
2025-11-12 12:37:06,7.7423,150.1400,0.9995
2025-11-12 12:37:06,7.7418,160.9128,0.9995
2025-11-12 12:37:06,7.7424,169.3776,0.9995
2025-11-12 12:37:06,7.7429,177.2040,0.9995
2025-11-12 12:37:06,7.7439,170.4318,0.9995
2025-11-12 12:37:06,7.7455,137.9907,0.9996
2025-11-12 12:37:06,7.7459,143.2566,0.9996
2025-11-12 12:37:06,7.7457,139.9277,0.9996
2025-11-12 12:37:06,7.7453,142.9781,0.9996
2025-11-12 12:37:06,7.7462,127.4792,0.9996
2025-11-12 12:37:07,7.7471,140.4201,0.9996
2025-11-12 12:37:07,7.7477,148.0047,0.9996
2025-11-12 12:37:07,7.7485,140.6067,0.9996
2025-11-12 12:37:07,7.7465,180.7019,0.9995
2025-11-12 12:37:07,7.7464,180.3042,0.9995
2025-11-12 12:37:07,7.7458,171.7253,0.9995
2025-11-12 12:37:07,7.7450,177.1312,0.9995
2025-11-12 12:37:07,7.7457,163.3945,0.9995
2025-11-12 12:37:09,7.7441,140.1454,0.9996
2025-11-12 12:37:10,7.7378,94.3117,0.9997
2025-11-12 12:37:10,7.7386,92.5941,0.9997
2025-11-12 12:37:10,7.7394,82.0943,0.9998
2025-11-12 12:37:10,7.7408,106.5463,0.9997
2025-11-12 12:37:10,7.7417,106.5076,0.9997
2025-11-12 12:37:10,7.7392,121.9799,0.9996
2025-11-12 12:37:10,7.7374,148.6523,0.9995
2025-11-12 12:37:10,7.7371,143.5852,0.9996
2025-11-12 12:37:10,7.7372,143.7914,0.9996
2025-11-12 12:37:11,7.7380,138.2161,0.9996
2025-11-12 12:37:11,7.7373,151.4243,0.9995
2025-11-12 12:37:11,7.7375,155.3212,0.9995
2025-11-12 12:37:11,7.7306,175.1391,0.9995
2025-11-12 12:37:11,7.7319,175.7737,0.9995
2025-11-12 12:37:11,7.7325,167.5313,0.9995
2025-11-12 12:37:11,7.7329,178.6928,0.9995
2025-11-12 12:37:11,7.7319,191.6186,0.9994
2025-11-12 12:37:11,7.7315,191.1438,0.9994
2025-11-12 12:37:12,7.7334,169.7387,0.9995
2025-11-12 12:37:12,7.7326,151.6905,0.9995
2025-11-12 12:37:12,7.7369,111.7117,0.9997
2025-11-12 12:37:12,7.7371,111.3378,0.9997
2025-11-12 12:37:12,7.7354,134.1709,0.9996
2025-11-12 12:37:12,7.7350,124.9332,0.9996
2025-11-12 12:37:12,7.7246,266.2238,0.9992
2025-11-12 12:37:12,7.7220,257.1791,0.9992
2025-11-12 12:37:12,7.7237,248.1570,0.9992
2025-11-12 12:37:13,7.7239,254.8376,0.9992
2025-11-12 12:37:13,7.7407,134.7780,0.9996
2025-11-12 12:37:13,7.7406,135.2689,0.9996
2025-11-12 12:37:13,7.7394,154.3724,0.9995
2025-11-12 12:37:13,7.7391,150.0259,0.9995
2025-11-12 12:37:13,7.7395,153.4209,0.9995
2025-11-12 12:37:13,7.7387,162.0461,0.9995
2025-11-12 12:37:13,7.7396,147.4778,0.9996
2025-11-12 12:37:14,7.7389,134.3018,0.9996
2025-11-12 12:37:14,7.7378,123.3247,0.9996
2025-11-12 12:37:14,7.7388,112.6600,0.9997
2025-11-12 12:37:14,7.7398,99.4722,0.9997
2025-11-12 12:37:14,7.7396,96.6381,0.9997
2025-11-12 12:37:14,7.7435,142.5064,0.9996
2025-11-12 12:37:14,7.7448,128.6563,0.9996
2025-11-12 12:37:14,7.7440,140.0378,0.9996
2025-11-12 12:37:15,7.7419,119.9446,0.9996
2025-11-12 12:37:15,7.7428,135.9942,0.9996
2025-11-12 12:37:15,7.7442,125.7617,0.9996
2025-11-12 12:37:15,7.7446,118.2200,0.9996
2025-11-12 12:37:15,7.7408,112.0029,0.9997
2025-11-12 12:37:15,7.7406,107.1110,0.9997
2025-11-12 12:37:15,7.7406,107.1783,0.9997
2025-11-12 12:37:15,7.7389,132.1020,0.9996
2025-11-12 12:37:15,7.7419,138.7136,0.9996
2025-11-12 12:37:15,7.7414,129.6950,0.9996
2025-11-12 12:37:16,7.7414,129.6950,0.9996
2025-11-12 12:37:16,7.7405,146.4682,0.9996
2025-11-12 12:37:16,7.7414,152.3726,0.9995
2025-11-12 12:37:16,7.7423,169.0181,0.9995
2025-11-12 12:37:16,7.7419,170.8006,0.9995
2025-11-12 12:37:16,7.7414,182.7054,0.9994
2025-11-12 12:37:16,7.7404,176.2414,0.9995
2025-11-12 12:37:16,7.7388,144.5451,0.9996
2025-11-12 12:37:16,7.7388,144.3981,0.9996
2025-11-12 12:37:16,7.7416,96.0668,0.9997
2025-11-12 12:37:17,7.7445,119.8669,0.9996
2025-11-12 12:37:17,7.7439,112.3783,0.9997
2025-11-12 12:37:17,7.7442,110.5982,0.9997
2025-11-12 12:37:17,7.7408,176.1972,0.9995
2025-11-12 12:37:17,7.7421,195.2406,0.9994
2025-11-12 12:37:17,7.7385,160.5231,0.9995
2025-11-12 12:37:17,7.7385,160.4699,0.9995
2025-11-12 12:37:17,7.7405,121.9681,0.9996
2025-11-12 12:37:18,7.7408,126.4811,0.9996
2025-11-12 12:37:18,7.7434,144.7464,0.9996
2025-11-12 12:37:18,7.7434,144.7464,0.9996
2025-11-12 12:37:18,7.7448,119.2756,0.9996
2025-11-12 12:37:18,7.7433,99.2817,0.9997
2025-11-12 12:37:18,7.7437,102.6049,0.9997
2025-11-12 12:37:18,7.7432,105.3287,0.9997
2025-11-12 12:37:18,7.7412,141.1696,0.9996
2025-11-12 12:37:19,7.7416,147.4622,0.9996
2025-11-12 12:37:19,7.7442,185.3007,0.9994
2025-11-12 12:37:19,7.7448,181.4402,0.9995
2025-11-12 12:37:19,7.7453,169.3549,0.9995
2025-11-12 12:37:19,7.7462,180.2676,0.9995
2025-11-12 12:37:19,7.7448,160.9276,0.9995
2025-11-12 12:37:19,7.7431,174.7128,0.9995
2025-11-12 12:37:19,7.7432,173.4226,0.9995
2025-11-12 12:37:20,7.7431,171.1345,0.9995
2025-11-12 12:37:20,7.7452,206.5548,0.9994
2025-11-12 12:37:20,7.7458,200.2468,0.9994
2025-11-12 12:37:20,7.7443,232.1788,0.9993
2025-11-12 12:37:20,7.7420,203.9627,0.9994
2025-11-12 12:37:20,7.7417,198.0873,0.9994
2025-11-12 12:37:20,7.7408,205.7953,0.9994
2025-11-12 12:37:20,7.7394,236.6672,0.9993
2025-11-12 12:37:21,7.7402,245.5905,0.9993
2025-11-12 12:37:21,7.7409,261.3745,0.9992
2025-11-12 12:37:21,7.7408,261.5959,0.9992
2025-11-12 12:37:21,7.7424,225.7468,0.9993
2025-11-12 12:37:21,7.7431,234.8680,0.9993
2025-11-12 12:37:21,7.7423,216.9414,0.9993
2025-11-12 12:37:21,7.7419,220.7598,0.9993
2025-11-12 12:37:21,7.7437,184.3710,0.9994
2025-11-12 12:37:21,7.7429,173.9716,0.9995
2025-11-12 12:37:22,7.7434,184.0458,0.9994
2025-11-12 12:37:22,7.7445,171.6102,0.9995
2025-11-12 12:37:22,7.7453,157.7860,0.9995
2025-11-12 12:37:22,7.7430,142.0440,0.9996
2025-11-12 12:37:22,7.7428,138.2254,0.9996
2025-11-12 12:37:22,7.7430,136.7589,0.9996
2025-11-12 12:37:22,7.7398,195.5435,0.9994
2025-11-12 12:37:22,7.7408,202.7873,0.9994
2025-11-12 12:37:22,7.7387,162.1821,0.9995
2025-11-12 12:37:22,7.7328,225.9962,0.9993
2025-11-12 12:37:22,7.7344,201.4226,0.9994
2025-11-12 12:37:23,7.7319,175.7139,0.9995
2025-11-12 12:37:23,7.7334,212.2908,0.9993
2025-11-12 12:37:23,7.7342,199.6071,0.9994
2025-11-12 12:37:23,7.7331,216.3095,0.9993
2025-11-12 12:37:23,7.7355,239.1212,0.9993
2025-11-12 12:37:23,7.7355,237.8265,0.9993
2025-11-12 12:37:23,7.7350,245.3214,0.9993
2025-11-12 12:37:23,7.7362,226.1493,0.9993
2025-11-12 12:37:23,7.7337,203.6714,0.9994
2025-11-12 12:37:24,7.7324,173.7473,0.9995
2025-11-12 12:37:24,7.7358,132.9634,0.9996
2025-11-12 12:37:24,7.7370,116.0213,0.9996
2025-11-12 12:37:24,7.7397,133.6619,0.9996
2025-11-12 12:37:24,7.7409,155.5711,0.9995
2025-11-12 12:37:24,7.7425,137.9028,0.9996
2025-11-12 12:37:24,7.7406,172.5801,0.9995
2025-11-12 12:37:25,7.7393,163.2175,0.9995
2025-11-12 12:37:25,7.7387,150.3667,0.9995
2025-11-12 12:37:25,7.7383,153.2239,0.9995
2025-11-12 12:37:25,7.7353,215.2331,0.9993
2025-11-12 12:37:25,7.7359,220.7315,0.9993
2025-11-12 12:37:25,7.7348,199.8966,0.9994
2025-11-12 12:37:25,7.7366,193.9717,0.9994
2025-11-12 12:37:25,7.7403,116.9787,0.9996
2025-11-12 12:37:26,7.7374,104.8319,0.9997
2025-11-12 12:37:26,7.7372,101.1471,0.9997
2025-11-12 12:37:26,7.7373,100.9135,0.9997
2025-11-12 12:37:26,7.7388,79.5711,0.9998
2025-11-12 12:37:26,7.7412,86.7290,0.9997
2025-11-12 12:37:26,7.7438,130.4804,0.9996
2025-11-12 12:37:26,7.7427,138.8383,0.9996
2025-11-12 12:37:26,7.7424,142.5525,0.9996
2025-11-12 12:37:27,7.7430,145.5688,0.9996
2025-11-12 12:37:27,7.7432,150.2103,0.9995
2025-11-12 12:37:27,7.7428,154.2271,0.9995
2025-11-12 12:37:27,7.7415,176.8429,0.9995
2025-11-12 12:37:27,7.7409,173.0878,0.9995
2025-11-12 12:37:27,7.7375,109.6866,0.9997
2025-11-12 12:37:27,7.7344,136.7843,0.9996
2025-11-12 12:37:27,7.7344,136.8221,0.9996
2025-11-12 12:37:27,7.7323,120.7678,0.9996
2025-11-12 12:37:27,7.7331,136.4173,0.9996
2025-11-12 12:37:28,7.7344,124.4934,0.9996
2025-11-12 12:37:28,7.7341,128.2494,0.9996
2025-11-12 12:37:28,7.7378,158.5044,0.9995
2025-11-12 12:37:28,7.7378,159.0448,0.9995
2025-11-12 12:37:28,7.7383,154.0245,0.9995
2025-11-12 12:37:28,7.7384,152.0281,0.9995
2025-11-12 12:37:28,7.7401,174.2457,0.9995
2025-11-12 12:37:28,7.7393,162.9274,0.9995
2025-11-12 12:37:29,7.7421,140.7086,0.9996
2025-11-12 12:37:29,7.7438,109.5732,0.9997
2025-11-12 12:37:29,7.7452,127.9147,0.9996
2025-11-12 12:37:29,7.7447,123.9253,0.9996
2025-11-12 12:37:29,7.7429,140.8828,0.9996
2025-11-12 12:37:29,7.7430,138.8181,0.9996
2025-11-12 12:37:29,7.7435,147.3009,0.9996
2025-11-12 12:37:29,7.7441,153.8570,0.9995
2025-11-12 12:37:30,7.7420,181.5653,0.9995
2025-11-12 12:37:30,7.7416,187.9676,0.9994
2025-11-12 12:37:30,7.7401,160.7202,0.9995
2025-11-12 12:37:30,7.7398,156.6549,0.9995
2025-11-12 12:37:30,7.7433,119.0344,0.9996
2025-11-12 12:37:30,7.7412,156.6918,0.9995
2025-11-12 12:37:30,7.7410,153.4732,0.9995
2025-11-12 12:37:30,7.7425,173.9048,0.9995
2025-11-12 12:37:30,7.7425,174.0614,0.9995
2025-11-12 12:37:30,7.7425,172.3882,0.9995
2025-11-12 12:37:30,7.7437,189.7278,0.9994
2025-11-12 12:37:31,7.7445,202.5868,0.9994
2025-11-12 12:37:31,7.7443,204.4366,0.9994
2025-11-12 12:37:31,7.7449,191.9464,0.9994
2025-11-12 12:37:31,7.7441,180.8540,0.9995
2025-11-12 12:37:31,7.7436,172.1021,0.9995
2025-11-12 12:37:31,7.7444,165.9874,0.9995
2025-11-12 12:37:31,7.7452,150.8409,0.9995
2025-11-12 12:37:31,7.7450,147.9198,0.9996
2025-11-12 12:37:31,7.7457,159.1866,0.9995
2025-11-12 12:37:31,7.7409,216.0796,0.9993
2025-11-12 12:37:31,7.7400,231.4264,0.9993
2025-11-12 12:37:32,7.7397,226.8818,0.9993
2025-11-12 12:37:32,7.7382,199.2992,0.9994
2025-11-12 12:37:32,7.7413,163.1285,0.9995
2025-11-12 12:37:32,7.7430,134.3347,0.9996
2025-11-12 12:37:32,7.7420,122.8559,0.9996
2025-11-12 12:37:32,7.7437,151.0349,0.9995
2025-11-12 12:37:32,7.7451,138.1658,0.9996
2025-11-12 12:37:32,7.7423,193.8690,0.9994
2025-11-12 12:37:32,7.7418,188.4242,0.9994
2025-11-12 12:37:32,7.7403,162.0130,0.9995
2025-11-12 12:37:32,7.7412,158.8315,0.9995
2025-11-12 12:37:32,7.7430,122.7765,0.9996
2025-11-12 12:37:33,7.7439,132.1629,0.9996
2025-11-12 12:37:33,7.7411,100.9267,0.9997
2025-11-12 12:37:33,7.7389,111.6047,0.9997
2025-11-12 12:37:33,7.7385,118.7945,0.9996
2025-11-12 12:37:33,7.7371,100.2850,0.9997
2025-11-12 12:37:33,7.7392,128.7130,0.9996
2025-11-12 12:37:33,7.7372,147.0281,0.9996
2025-11-12 12:37:33,7.7372,147.4390,0.9996
2025-11-12 12:37:34,7.7396,180.0351,0.9995
2025-11-12 12:37:34,7.7401,188.6703,0.9994
2025-11-12 12:37:34,7.7404,185.1609,0.9994
2025-11-12 12:37:34,7.7419,161.0642,0.9995
2025-11-12 12:37:34,7.7412,151.4691,0.9995
2025-11-12 12:37:34,7.7408,145.9969,0.9996
2025-11-12 12:37:34,7.7425,127.1173,0.9996
2025-11-12 12:37:34,7.7408,156.1876,0.9995
2025-11-12 12:37:34,7.7415,166.3671,0.9995
2025-11-12 12:37:35,7.7432,192.1972,0.9994
2025-11-12 12:37:35,7.7449,177.9042,0.9995
2025-11-12 12:37:35,7.7452,171.0102,0.9995
2025-11-12 12:37:35,7.7439,156.1425,0.9995
2025-11-12 12:37:35,7.7435,150.4337,0.9995
2025-11-12 12:37:35,7.7427,156.0675,0.9995
2025-11-12 12:37:35,7.7437,137.9392,0.9996
2025-11-12 12:37:35,7.7437,138.6815,0.9996
2025-11-12 12:37:35,7.7442,146.4688,0.9996
2025-11-12 12:37:36,7.7411,181.3763,0.9995
2025-11-12 12:37:36,7.7414,176.0256,0.9995
2025-11-12 12:37:36,7.7405,165.7853,0.9995
2025-11-12 12:37:36,7.7408,172.0564,0.9995
2025-11-12 12:37:36,7.7417,159.5106,0.9995
2025-11-12 12:37:36,7.7405,179.3580,0.9995
2025-11-12 12:37:36,7.7422,198.4168,0.9994
2025-11-12 12:37:36,7.7410,176.2710,0.9995
2025-11-12 12:37:36,7.7432,155.4837,0.9995
2025-11-12 12:37:37,7.7427,163.7167,0.9995
2025-11-12 12:37:37,7.7444,187.9065,0.9994
2025-11-12 12:37:37,7.7451,198.1433,0.9994
2025-11-12 12:37:37,7.7455,194.2303,0.9994
2025-11-12 12:37:37,7.7455,194.4802,0.9994
2025-11-12 12:37:37,7.7458,199.5147,0.9994
2025-11-12 12:37:37,7.7458,198.1551,0.9994
2025-11-12 12:37:37,7.7457,198.8071,0.9994
2025-11-12 12:37:37,7.7457,197.9380,0.9994
2025-11-12 12:37:37,7.7462,205.5241,0.9994
2025-11-12 12:37:38,7.7469,216.5146,0.9994
2025-11-12 12:37:38,7.7425,274.3582,0.9992
2025-11-12 12:37:38,7.7429,267.2372,0.9992
2025-11-12 12:37:38,7.7428,266.5670,0.9992
2025-11-12 12:37:38,7.7430,270.5558,0.9992
2025-11-12 12:37:38,7.7434,264.8936,0.9992
2025-11-12 12:37:38,7.7449,237.5517,0.9993
2025-11-12 12:37:38,7.7437,217.8746,0.9993
2025-11-12 12:37:39,7.7430,204.9210,0.9994
2025-11-12 12:37:39,7.7429,207.1376,0.9994
2025-11-12 12:37:39,7.7417,225.5939,0.9993
2025-11-12 12:37:39,7.7400,199.8676,0.9994
2025-11-12 12:37:39,7.7407,214.4933,0.9994
2025-11-12 12:37:39,7.7457,159.8766,0.9995
2025-11-12 12:37:39,7.7468,140.1181,0.9996
2025-11-12 12:37:39,7.7462,135.6687,0.9996
2025-11-12 12:37:39,7.7445,108.6706,0.9997
2025-11-12 12:37:40,7.7447,107.6876,0.9997
2025-11-12 12:37:40,7.7454,97.1078,0.9997
2025-11-12 12:37:40,7.7454,97.1078,0.9997
2025-11-12 12:37:40,7.7474,128.9888,0.9996
2025-11-12 12:37:40,7.7436,168.2102,0.9995
2025-11-12 12:37:40,7.7427,182.5368,0.9995
2025-11-12 12:37:40,7.7423,178.8866,0.9995
2025-11-12 12:37:40,7.7417,165.7474,0.9995
2025-11-12 12:37:40,7.7424,156.8165,0.9995
2025-11-12 12:37:41,7.7408,184.4704,0.9994
2025-11-12 12:37:41,7.7418,195.7920,0.9994
2025-11-12 12:37:41,7.7420,198.6580,0.9994
2025-11-12 12:37:41,7.7404,218.2425,0.9993
2025-11-12 12:37:41,7.7369,294.2006,0.9991
2025-11-12 12:37:41,7.7385,321.3082,0.9990
2025-11-12 12:37:41,7.7382,315.5538,0.9990
2025-11-12 12:37:41,7.7382,315.9815,0.9990
2025-11-12 12:37:41,7.7417,237.9753,0.9993
2025-11-12 12:37:42,7.7402,215.6537,0.9993
2025-11-12 12:37:42,7.7392,197.4479,0.9994
2025-11-12 12:37:42,7.7417,170.5305,0.9995
2025-11-12 12:37:42,7.7420,164.4923,0.9995
2025-11-12 12:37:42,7.7426,171.5509,0.9995
2025-11-12 12:37:42,7.7426,173.0620,0.9995
2025-11-12 12:37:42,7.7438,163.5223,0.9995
2025-11-12 12:37:42,7.7454,133.4793,0.9996
2025-11-12 12:37:42,7.7467,150.2333,0.9996
2025-11-12 12:37:42,7.7439,120.1318,0.9996
2025-11-12 12:37:43,7.7438,120.8725,0.9996
2025-11-12 12:37:43,7.7419,156.4177,0.9995
2025-11-12 12:37:43,7.7427,171.2664,0.9995
2025-11-12 12:37:43,7.7442,187.4991,0.9994
2025-11-12 12:37:43,7.7446,184.7529,0.9994
2025-11-12 12:37:43,7.7451,173.9082,0.9995
2025-11-12 12:37:44,7.7439,154.5728,0.9995
2025-11-12 12:37:44,7.7430,143.5422,0.9996
2025-11-12 12:37:44,7.7417,152.4961,0.9995
2025-11-12 12:37:44,7.7426,136.5725,0.9996
2025-11-12 12:37:44,7.7423,131.8879,0.9996
2025-11-12 12:37:44,7.7425,134.6146,0.9996
2025-11-12 12:37:44,7.7438,125.1681,0.9996
2025-11-12 12:37:44,7.7427,145.1053,0.9996
2025-11-12 12:37:45,7.7427,145.1053,0.9996
2025-11-12 12:37:45,7.7429,147.1946,0.9996
2025-11-12 12:37:45,7.7410,161.9968,0.9995
2025-11-12 12:37:45,7.7426,135.0002,0.9996
2025-11-12 12:37:45,7.7416,120.8358,0.9996
2025-11-12 12:37:45,7.7416,120.8523,0.9996
2025-11-12 12:37:45,7.7373,180.0597,0.9995
2025-11-12 12:37:45,7.7365,190.5788,0.9994
2025-11-12 12:37:46,7.7367,194.1153,0.9994
2025-11-12 12:37:46,7.7379,214.6038,0.9993
2025-11-12 12:37:46,7.7404,174.3197,0.9995
2025-11-12 12:37:46,7.7410,165.7899,0.9995
2025-11-12 12:37:46,7.7416,175.3535,0.9995
2025-11-12 12:37:46,7.7416,174.8698,0.9995
2025-11-12 12:37:46,7.7443,142.7428,0.9996
2025-11-12 12:37:46,7.7442,145.0753,0.9996
2025-11-12 12:37:47,7.7455,164.6913,0.9995
2025-11-12 12:37:47,7.7464,176.6374,0.9995
2025-11-12 12:37:47,7.7441,204.6855,0.9994
2025-11-12 12:37:47,7.7442,204.0523,0.9994
2025-11-12 12:37:47,7.7439,198.8227,0.9994
2025-11-12 12:37:47,7.7443,205.3709,0.9994
2025-11-12 12:37:47,7.7457,186.3500,0.9994
2025-11-12 12:37:47,7.7442,214.9870,0.9994
2025-11-12 12:37:47,7.7426,191.7548,0.9994
2025-11-12 12:37:48,7.7430,199.1861,0.9994
2025-11-12 12:37:48,7.7446,185.0439,0.9994
2025-11-12 12:37:48,7.7463,151.9091,0.9995
2025-11-12 12:37:48,7.7479,171.8950,0.9995
2025-11-12 12:37:48,7.7472,161.0683,0.9995
2025-11-12 12:37:48,7.7479,154.9373,0.9995
2025-11-12 12:37:48,7.7482,149.7160,0.9996
2025-11-12 12:37:48,7.7454,118.8952,0.9996
2025-11-12 12:37:48,7.7457,124.1349,0.9996
2025-11-12 12:37:48,7.7457,124.1349,0.9996
2025-11-12 12:37:48,7.7437,161.7968,0.9995
2025-11-12 12:37:49,7.7440,163.9111,0.9995
2025-11-12 12:37:49,7.7444,172.9465,0.9995
2025-11-12 12:37:49,7.7426,186.1717,0.9994
2025-11-12 12:37:49,7.7445,151.3394,0.9995
2025-11-12 12:37:49,7.7454,160.3850,0.9995
2025-11-12 12:37:49,7.7445,144.4744,0.9996
2025-11-12 12:37:49,7.7456,134.4022,0.9996
2025-11-12 12:37:49,7.7438,168.9231,0.9995
2025-11-12 12:37:49,7.7422,152.8336,0.9995
2025-11-12 12:37:49,7.7418,145.9219,0.9996
2025-11-12 12:37:50,7.7421,144.6160,0.9996
2025-11-12 12:37:50,7.7438,114.6377,0.9997
2025-11-12 12:37:50,7.7415,101.6717,0.9997
2025-11-12 12:37:50,7.7413,98.0392,0.9997
2025-11-12 12:37:50,7.7391,112.3802,0.9997
2025-11-12 12:37:50,7.7374,136.7271,0.9996
2025-11-12 12:37:50,7.7402,161.1939,0.9995
2025-11-12 12:37:50,7.7395,150.0966,0.9995
2025-11-12 12:37:51,7.7414,136.8392,0.9996
2025-11-12 12:37:51,7.7413,137.6583,0.9996
2025-11-12 12:37:51,7.7400,124.6645,0.9996
2025-11-12 12:37:51,7.7405,132.9562,0.9996
2025-11-12 12:37:51,7.7404,133.4046,0.9996
2025-11-12 12:37:51,7.7404,133.1318,0.9996
2025-11-12 12:37:51,7.7377,119.2952,0.9996
2025-11-12 12:37:51,7.7382,127.9985,0.9996
2025-11-12 12:37:51,7.7385,126.8616,0.9996
2025-11-12 12:37:52,7.7383,130.0577,0.9996
2025-11-12 12:37:52,7.7417,148.2194,0.9996
2025-11-12 12:37:52,7.7419,151.8795,0.9995
2025-11-12 12:37:52,7.7386,179.5540,0.9995
2025-11-12 12:37:52,7.7390,173.1912,0.9995
2025-11-12 12:37:52,7.7354,148.3899,0.9995
2025-11-12 12:37:52,7.7349,138.2567,0.9996
2025-11-12 12:37:52,7.7379,119.6416,0.9996
2025-11-12 12:37:52,7.7395,95.4306,0.9997
2025-11-12 12:37:53,7.7459,140.9006,0.9996
2025-11-12 12:37:53,7.7461,144.4031,0.9996
2025-11-12 12:37:53,7.7465,141.1930,0.9996
2025-11-12 12:37:53,7.7448,173.8285,0.9995
2025-11-12 12:37:53,7.7449,175.6174,0.9995
2025-11-12 12:37:53,7.7449,175.6455,0.9995
2025-11-12 12:37:53,7.7433,190.1283,0.9994
2025-11-12 12:37:54,7.7433,189.6817,0.9994
2025-11-12 12:37:54,7.7438,197.6396,0.9994
2025-11-12 12:37:54,7.7442,204.8189,0.9994
2025-11-12 12:37:54,7.7460,188.4665,0.9994
2025-11-12 12:37:54,7.7459,191.4693,0.9994
2025-11-12 12:37:54,7.7449,177.1829,0.9995
2025-11-12 12:37:54,7.7449,177.9291,0.9995
2025-11-12 12:37:54,7.7449,177.8614,0.9995
2025-11-12 12:37:54,7.7464,148.4078,0.9996
2025-11-12 12:37:55,7.7468,153.6486,0.9995
2025-11-12 12:37:55,7.7468,152.6487,0.9995
2025-11-12 12:37:55,7.7457,161.7781,0.9995
2025-11-12 12:37:55,7.7446,184.0053,0.9994
2025-11-12 12:37:55,7.7447,186.0198,0.9994
2025-11-12 12:37:55,7.7443,180.0587,0.9995
2025-11-12 12:37:55,7.7448,176.0766,0.9995
2025-11-12 12:37:55,7.7442,188.9451,0.9994
2025-11-12 12:37:55,7.7434,177.8889,0.9995
2025-11-12 12:37:56,7.7439,185.4141,0.9994
2025-11-12 12:37:56,7.7429,194.2726,0.9994
2025-11-12 12:37:56,7.7447,159.4295,0.9995
2025-11-12 12:37:56,7.7444,156.1043,0.9995
2025-11-12 12:37:56,7.7445,157.8269,0.9995
2025-11-12 12:37:56,7.7439,165.2707,0.9995
2025-11-12 12:37:56,7.7448,150.0260,0.9996
2025-11-12 12:37:56,7.7438,138.6434,0.9996
2025-11-12 12:37:57,7.7439,139.6613,0.9996
2025-11-12 12:37:57,7.7455,122.9377,0.9996
2025-11-12 12:37:57,7.7435,157.3073,0.9995
2025-11-12 12:37:57,7.7449,174.1362,0.9995
2025-11-12 12:37:57,7.7449,173.1589,0.9995
2025-11-12 12:37:57,7.7425,198.3466,0.9994
2025-11-12 12:37:57,7.7417,213.6380,0.9994
2025-11-12 12:37:57,7.7427,229.7610,0.9993
2025-11-12 12:37:58,7.7423,221.9895,0.9993
2025-11-12 12:37:58,7.7421,223.8226,0.9993
2025-11-12 12:37:58,7.7441,187.1470,0.9994
2025-11-12 12:37:58,7.7426,165.3579,0.9995
2025-11-12 12:37:58,7.7421,156.5519,0.9995
2025-11-12 12:37:58,7.7428,148.1484,0.9996
2025-11-12 12:37:58,7.7410,178.2952,0.9995
2025-11-12 12:37:58,7.7404,169.6571,0.9995
2025-11-12 12:37:59,7.7410,179.1610,0.9995
2025-11-12 12:37:59,7.7378,221.7219,0.9993
2025-11-12 12:37:59,7.7401,187.4779,0.9994
2025-11-12 12:37:59,7.7413,204.3171,0.9994
2025-11-12 12:37:59,7.7416,210.7289,0.9994
2025-11-12 12:37:59,7.7477,130.7627,0.9996
2025-11-12 12:37:59,7.7472,139.6165,0.9996
2025-11-12 12:37:59,7.7483,153.9434,0.9995
2025-11-12 12:37:59,7.7468,135.3162,0.9996
2025-11-12 12:37:59,7.7442,159.2296,0.9995
2025-11-12 12:38:00,7.7425,190.9256,0.9994
2025-11-12 12:38:00,7.7428,197.0887,0.9994
2025-11-12 12:38:00,7.7441,216.9604,0.9993
2025-11-12 12:38:00,7.7462,197.0252,0.9994
2025-11-12 12:38:00,7.7479,161.9757,0.9995
2025-11-12 12:38:00,7.7461,137.4144,0.9996
2025-11-12 12:38:00,7.7441,111.5190,0.9997
2025-11-12 12:38:00,7.7435,115.5945,0.9997
2025-11-12 12:38:00,7.7417,147.5962,0.9996
2025-11-12 12:38:01,7.7423,157.1032,0.9995
2025-11-12 12:38:01,7.7419,152.7258,0.9995
2025-11-12 12:38:01,7.7356,230.8579,0.9993
2025-11-12 12:38:01,7.7344,252.0554,0.9992
2025-11-12 12:38:01,7.7360,289.3158,0.9991
2025-11-12 12:38:01,7.7381,325.8051,0.9990
2025-11-12 12:38:01,7.7435,245.5249,0.9993
2025-11-12 12:38:01,7.7458,194.9618,0.9994
2025-11-12 12:38:02,7.7445,172.9126,0.9995
2025-11-12 12:38:02,7.7441,167.1842,0.9995
2025-11-12 12:38:02,7.7427,183.6360,0.9994
2025-11-12 12:38:02,7.7433,173.9053,0.9995
2025-11-12 12:38:02,7.7440,185.9653,0.9994
2025-11-12 12:38:02,7.7439,184.7145,0.9994
2025-11-12 12:38:02,7.7454,166.1796,0.9995
2025-11-12 12:38:02,7.7459,156.9031,0.9995
2025-11-12 12:38:03,7.7453,147.0445,0.9996
2025-11-12 12:38:03,7.7460,157.3987,0.9995
2025-11-12 12:38:03,7.7444,179.0927,0.9995
2025-11-12 12:38:03,7.7420,220.2634,0.9993
2025-11-12 12:38:03,7.7412,207.2533,0.9994
2025-11-12 12:38:03,7.7406,196.0131,0.9994
2025-11-12 12:38:03,7.7421,180.2751,0.9995
2025-11-12 12:38:03,7.7438,148.0328,0.9996
2025-11-12 12:38:04,7.7447,161.2969,0.9995
2025-11-12 12:38:04,7.7448,162.4120,0.9995
2025-11-12 12:38:04,7.7462,148.4903,0.9996
2025-11-12 12:38:04,7.7433,209.8621,0.9994
2025-11-12 12:38:04,7.7436,214.4584,0.9994
2025-11-12 12:38:04,7.7434,211.8737,0.9994
2025-11-12 12:38:04,7.7429,215.6868,0.9994
2025-11-12 12:38:04,7.7461,150.3186,0.9996
2025-11-12 12:38:04,7.7458,146.1326,0.9996
2025-11-12 12:38:04,7.7467,158.5372,0.9995
2025-11-12 12:38:05,7.7470,155.7934,0.9995
2025-11-12 12:38:05,7.7465,164.5712,0.9995
2025-11-12 12:38:05,7.7470,172.4933,0.9995
2025-11-12 12:38:05,7.7471,174.1996,0.9995
2025-11-12 12:38:05,7.7473,172.7583,0.9995
2025-11-12 12:38:05,7.7459,200.2946,0.9994
2025-11-12 12:38:05,7.7465,210.3736,0.9994
2025-11-12 12:38:05,7.7461,204.3269,0.9994
2025-11-12 12:38:06,7.7446,219.6205,0.9993
2025-11-12 12:38:06,7.7421,278.4108,0.9992
2025-11-12 12:38:06,7.7423,283.0061,0.9991
2025-11-12 12:38:06,7.7414,268.0348,0.9992
2025-11-12 12:38:06,7.7410,271.6959,0.9992
2025-11-12 12:38:06,7.7438,210.6538,0.9994
2025-11-12 12:38:06,7.7441,216.9983,0.9993
2025-11-12 12:38:06,7.7455,238.0734,0.9993
2025-11-12 12:38:07,7.7467,223.2126,0.9993
2025-11-12 12:38:07,7.7466,226.6709,0.9993
2025-11-12 12:38:07,7.7463,220.6031,0.9993
2025-11-12 12:38:07,7.7469,230.8476,0.9993
2025-11-12 12:38:07,7.7377,408.5466,0.9988
2025-11-12 12:38:07,7.7363,433.4593,0.9987
2025-11-12 12:38:07,7.7369,449.9133,0.9986
2025-11-12 12:38:07,7.7365,440.9833,0.9987
2025-11-12 12:38:07,7.7429,306.6254,0.9991
2025-11-12 12:38:07,7.7430,302.6885,0.9991
2025-11-12 12:38:08,7.7437,317.3010,0.9990
2025-11-12 12:38:08,7.7441,324.6324,0.9990
2025-11-12 12:38:08,7.7398,410.9240,0.9988
2025-11-12 12:38:08,7.7422,366.4160,0.9989
2025-11-12 12:38:08,7.7420,361.8891,0.9989
2025-11-12 12:38:08,7.7410,343.2131,0.9990
2025-11-12 12:38:08,7.7362,480.0794,0.9985
2025-11-12 12:38:08,7.7316,560.3928,0.9983
2025-11-12 12:38:08,7.7320,576.0666,0.9982
2025-11-12 12:38:09,7.7311,553.8263,0.9983
2025-11-12 12:38:09,7.7386,380.0577,0.9988
2025-11-12 12:38:09,7.7406,331.6885,0.9990
2025-11-12 12:38:09,7.7390,292.6194,0.9991
2025-11-12 12:38:09,7.7386,285.1154,0.9991
2025-11-12 12:38:09,7.7410,251.0505,0.9992
2025-11-12 12:38:09,7.7443,187.5106,0.9994
2025-11-12 12:38:09,7.7452,206.7902,0.9994
2025-11-12 12:38:09,7.7457,213.4776,0.9994
2025-11-12 12:38:10,7.7436,251.1620,0.9992
2025-11-12 12:38:10,7.7424,270.1676,0.9992
2025-11-12 12:38:10,7.7425,270.6221,0.9992
2025-11-12 12:38:10,7.7402,242.1404,0.9993
2025-11-12 12:38:10,7.7415,221.6502,0.9993
2025-11-12 12:38:10,7.7411,227.2002,0.9993
2025-11-12 12:38:10,7.7411,227.1692,0.9993
2025-11-12 12:38:11,7.7447,274.5193,0.9992
2025-11-12 12:38:11,7.7483,225.6868,0.9993
2025-11-12 12:38:11,7.7479,235.4604,0.9993
2025-11-12 12:38:11,7.7475,228.5142,0.9993
2025-11-12 12:38:11,7.7474,226.5819,0.9993
2025-11-12 12:38:11,7.7484,218.3199,0.9994
2025-11-12 12:38:11,7.7487,210.5531,0.9994
2025-11-12 12:38:11,7.7484,205.1501,0.9994
2025-11-12 12:38:11,7.7481,200.5918,0.9994
2025-11-12 12:38:11,7.7473,207.4312,0.9994
2025-11-12 12:38:11,7.7477,198.4911,0.9994
2025-11-12 12:38:12,7.7478,201.6248,0.9994
2025-11-12 12:38:12,7.7467,187.8644,0.9994
2025-11-12 12:38:12,7.7456,199.2775,0.9994
2025-11-12 12:38:12,7.7441,229.9804,0.9993
2025-11-12 12:38:12,7.7445,238.2411,0.9993
2025-11-12 12:38:12,7.7449,243.1770,0.9993
2025-11-12 12:38:12,7.7440,253.0567,0.9992
2025-11-12 12:38:12,7.7419,304.0973,0.9991
2025-11-12 12:38:13,7.7419,303.5532,0.9991
2025-11-12 12:38:13,7.7424,311.5990,0.9991
2025-11-12 12:38:13,7.7419,316.5899,0.9990
2025-11-12 12:38:13,7.7444,258.3694,0.9992
2025-11-12 12:38:13,7.7448,268.3219,0.9992
2025-11-12 12:38:13,7.7435,249.8193,0.9992
2025-11-12 12:38:13,7.7386,334.6264,0.9990
2025-11-12 12:38:13,7.7384,338.0496,0.9990
2025-11-12 12:38:13,7.7380,327.8098,0.9990
2025-11-12 12:38:13,7.7385,335.4942,0.9990
2025-11-12 12:38:14,7.7412,283.1501,0.9991
2025-11-12 12:38:14,7.7420,268.0316,0.9992
2025-11-12 12:38:14,7.7402,229.8549,0.9993
2025-11-12 12:38:14,7.7390,212.4626,0.9994
2025-11-12 12:38:14,7.7421,173.9094,0.9995
2025-11-12 12:38:14,7.7410,196.3056,0.9994
2025-11-12 12:38:14,7.7412,199.7526,0.9994
2025-11-12 12:38:14,7.7408,196.2608,0.9994
2025-11-12 12:38:14,7.7427,183.2426,0.9994
2025-11-12 12:38:14,7.7441,153.6667,0.9995
2025-11-12 12:38:15,7.7453,176.0086,0.9995
2025-11-12 12:38:15,7.7404,160.9153,0.9995
2025-11-12 12:38:15,7.7343,218.1718,0.9993
2025-11-12 12:38:15,7.7344,217.6708,0.9993
2025-11-12 12:38:15,7.7330,182.8958,0.9994
2025-11-12 12:38:15,7.7308,181.2371,0.9994
2025-11-12 12:38:15,7.7347,145.1770,0.9996
2025-11-12 12:38:15,7.7332,167.8798,0.9995
2025-11-12 12:38:15,7.7345,202.1593,0.9994
2025-11-12 12:38:16,7.7383,201.5648,0.9994
2025-11-12 12:38:16,7.7372,211.3202,0.9994
2025-11-12 12:38:16,7.7386,187.0448,0.9994
2025-11-12 12:38:16,7.7379,170.8993,0.9995
2025-11-12 12:38:16,7.7400,183.4065,0.9994
2025-11-12 12:38:16,7.7429,157.7670,0.9995
2025-11-12 12:38:16,7.7425,164.2901,0.9995
2025-11-12 12:38:16,7.7421,155.6396,0.9995
2025-11-12 12:38:16,7.7422,156.1729,0.9995
2025-11-12 12:38:17,7.7420,157.3304,0.9995
2025-11-12 12:38:17,7.7438,125.5326,0.9996
2025-11-12 12:38:17,7.7440,128.9519,0.9996
2025-11-12 12:38:17,7.7439,128.5108,0.9996
2025-11-12 12:38:17,7.7448,122.4964,0.9996
2025-11-12 12:38:17,7.7429,157.5780,0.9995
2025-11-12 12:38:17,7.7416,134.0963,0.9996
2025-11-12 12:38:17,7.7404,127.0843,0.9996
2025-11-12 12:38:18,7.7397,129.6006,0.9996
2025-11-12 12:38:18,7.7406,113.5000,0.9997
2025-11-12 12:38:18,7.7405,110.8475,0.9997
2025-11-12 12:38:18,7.7419,119.8702,0.9996
2025-11-12 12:38:18,7.7423,118.0314,0.9996
2025-11-12 12:38:18,7.7415,133.0188,0.9996
2025-11-12 12:38:18,7.7428,156.8823,0.9995
2025-11-12 12:38:18,7.7410,147.3344,0.9996
2025-11-12 12:38:18,7.7382,165.7205,0.9995
2025-11-12 12:38:19,7.7401,137.7668,0.9996
2025-11-12 12:38:19,7.7370,83.0426,0.9997
2025-11-12 12:38:19,7.7436,168.7537,0.9995
2025-11-12 12:38:19,7.7434,172.0434,0.9995
2025-11-12 12:38:19,7.7414,206.9520,0.9994
2025-11-12 12:38:19,7.7429,226.2935,0.9993
2025-11-12 12:38:19,7.7421,212.0644,0.9994
2025-11-12 12:38:19,7.7443,189.0811,0.9994
2025-11-12 12:38:20,7.7439,199.0981,0.9994
2025-11-12 12:38:20,7.7443,204.9963,0.9994
2025-11-12 12:38:20,7.7439,199.1878,0.9994
2025-11-12 12:38:20,7.7446,194.4260,0.9994
2025-11-12 12:38:20,7.7454,175.6406,0.9995
2025-11-12 12:38:20,7.7447,166.4465,0.9995
2025-11-12 12:38:20,7.7455,178.6500,0.9995
2025-11-12 12:38:20,7.7453,180.0528,0.9995
2025-11-12 12:38:21,7.7451,182.9403,0.9995
2025-11-12 12:38:21,7.7455,187.3967,0.9994
2025-11-12 12:38:21,7.7452,182.3355,0.9995
2025-11-12 12:38:21,7.7418,220.3482,0.9993
2025-11-12 12:38:21,7.7419,217.9439,0.9993
2025-11-12 12:38:21,7.7415,212.0905,0.9994
2025-11-12 12:38:21,7.7408,198.7050,0.9994
2025-11-12 12:38:21,7.7432,171.5363,0.9995
2025-11-12 12:38:21,7.7429,176.5471,0.9995
2025-11-12 12:38:22,7.7421,166.6302,0.9995
2025-11-12 12:38:22,7.7433,188.0563,0.9994
2025-11-12 12:38:22,7.7431,189.5948,0.9994
2025-11-12 12:38:22,7.7446,162.3761,0.9995
2025-11-12 12:38:22,7.7443,159.4824,0.9995
2025-11-12 12:38:22,7.7443,159.4023,0.9995
2025-11-12 12:38:22,7.7446,156.0516,0.9995
2025-11-12 12:38:22,7.7449,152.4931,0.9995
2025-11-12 12:38:23,7.7448,152.2250,0.9995
2025-11-12 12:38:23,7.7447,149.0314,0.9996
2025-11-12 12:38:23,7.7456,140.8012,0.9996
2025-11-12 12:38:23,7.7441,169.6848,0.9995
2025-11-12 12:38:23,7.7440,169.4902,0.9995
2025-11-12 12:38:23,7.7425,143.4391,0.9996
2025-11-12 12:38:23,7.7426,142.6471,0.9996
2025-11-12 12:38:23,7.7428,139.4975,0.9996
2025-11-12 12:38:24,7.7430,142.0257,0.9996
2025-11-12 12:38:24,7.7424,132.8663,0.9996
2025-11-12 12:38:24,7.7424,132.8025,0.9996
2025-11-12 12:38:24,7.7398,187.8949,0.9994
2025-11-12 12:38:24,7.7404,196.8603,0.9994
2025-11-12 12:38:24,7.7399,188.6340,0.9994
2025-11-12 12:38:24,7.7390,192.7823,0.9994
2025-11-12 12:38:24,7.7416,138.1527,0.9996
2025-11-12 12:38:24,7.7417,138.5986,0.9996
2025-11-12 12:38:24,7.7353,100.6375,0.9997
2025-11-12 12:38:24,7.7351,101.0102,0.9997
2025-11-12 12:38:25,7.7348,106.4765,0.9997
2025-11-12 12:38:25,7.7356,121.8670,0.9996
2025-11-12 12:38:25,7.7399,137.9491,0.9996
2025-11-12 12:38:25,7.7403,135.8510,0.9996
2025-11-12 12:38:25,7.7406,131.0933,0.9996
2025-11-12 12:38:25,7.7394,112.7602,0.9997
2025-11-12 12:38:25,7.7388,108.3655,0.9997
2025-11-12 12:38:25,7.7392,106.5961,0.9997
2025-11-12 12:38:25,7.7407,83.9639,0.9997
2025-11-12 12:38:25,7.7422,106.4205,0.9997
2025-11-12 12:38:25,7.7433,113.7168,0.9997
2025-11-12 12:38:26,7.7434,113.3589,0.9997
2025-11-12 12:38:26,7.7419,139.3835,0.9996
2025-11-12 12:38:26,7.7397,106.9821,0.9997
2025-11-12 12:38:26,7.7400,110.7872,0.9997
2025-11-12 12:38:26,7.7391,115.2973,0.9997
2025-11-12 12:38:26,7.7407,91.2914,0.9997
2025-11-12 12:38:26,7.7426,117.1666,0.9996
2025-11-12 12:38:26,7.7427,118.2481,0.9996
2025-11-12 12:38:26,7.7436,111.6767,0.9997
2025-11-12 12:38:26,7.7435,114.3251,0.9997
2025-11-12 12:38:26,7.7425,101.1445,0.9997
2025-11-12 12:38:26,7.7439,116.6940,0.9996
2025-11-12 12:38:27,7.7432,121.9493,0.9996
2025-11-12 12:38:27,7.7401,181.1078,0.9995
2025-11-12 12:38:27,7.7422,215.4194,0.9994
2025-11-12 12:38:27,7.7429,225.7775,0.9993
2025-11-12 12:38:27,7.7422,231.6811,0.9993
2025-11-12 12:38:27,7.7453,169.3154,0.9995
2025-11-12 12:38:27,7.7432,139.1535,0.9996
2025-11-12 12:38:27,7.7438,147.4772,0.9996
2025-11-12 12:38:27,7.7449,137.1686,0.9996
2025-11-12 12:38:27,7.7449,136.9199,0.9996
2025-11-12 12:38:27,7.7466,160.1725,0.9995
2025-11-12 12:38:27,7.7466,159.0712,0.9995
2025-11-12 12:38:28,7.7468,156.7569,0.9995
2025-11-12 12:38:28,7.7455,183.9730,0.9994
2025-11-12 12:38:28,7.7449,176.1225,0.9995
2025-11-12 12:38:28,7.7454,182.8655,0.9995
2025-11-12 12:38:28,7.7454,182.8655,0.9995
2025-11-12 12:38:28,7.7471,148.5581,0.9996
2025-11-12 12:38:28,7.7465,140.0242,0.9996
2025-11-12 12:38:28,7.7445,113.9014,0.9997
2025-11-12 12:38:28,7.7445,113.9014,0.9997
2025-11-12 12:38:28,7.7443,116.0275,0.9997
2025-11-12 12:38:28,7.7436,106.7300,0.9997
2025-11-12 12:38:29,7.7445,118.5877,0.9996
2025-11-12 12:38:29,7.7445,118.5877,0.9996
2025-11-12 12:38:29,7.7445,119.8613,0.9996
2025-11-12 12:38:29,7.7419,98.5335,0.9997
2025-11-12 12:38:29,7.7413,89.5532,0.9997
2025-11-12 12:38:29,7.7411,90.4595,0.9997
2025-11-12 12:38:29,7.7411,91.3029,0.9997
2025-11-12 12:38:29,7.7437,115.4997,0.9997
2025-11-12 12:38:29,7.7415,93.0352,0.9997
2025-11-12 12:38:29,7.7417,91.7859,0.9997
2025-11-12 12:38:30,7.7398,123.8729,0.9996
2025-11-12 12:38:30,7.7393,117.2933,0.9996
2025-11-12 12:38:30,7.7430,164.5892,0.9995
2025-11-12 12:38:30,7.7419,172.1612,0.9995
2025-11-12 12:38:30,7.7422,167.6048,0.9995
2025-11-12 12:38:30,7.7402,149.2427,0.9995
2025-11-12 12:38:30,7.7402,147.8236,0.9996
2025-11-12 12:38:30,7.7399,150.0197,0.9995
2025-11-12 12:38:30,7.7406,137.5907,0.9996
2025-11-12 12:38:31,7.7411,142.0189,0.9996
2025-11-12 12:38:31,7.7409,137.2337,0.9996
2025-11-12 12:38:31,7.7401,144.5478,0.9996
2025-11-12 12:38:31,7.7398,148.4712,0.9996
2025-11-12 12:38:31,7.7393,143.6123,0.9996
2025-11-12 12:38:31,7.7385,129.2558,0.9996
2025-11-12 12:38:31,7.7387,127.4994,0.9996
2025-11-12 12:38:31,7.7378,141.1260,0.9996
2025-11-12 12:38:31,7.7414,187.5914,0.9994
2025-11-12 12:38:32,7.7420,196.5905,0.9994
2025-11-12 12:38:32,7.7418,199.1822,0.9994
2025-11-12 12:38:32,7.7419,195.9138,0.9994
2025-11-12 12:38:32,7.7413,185.5090,0.9994
2025-11-12 12:38:32,7.7419,196.0132,0.9994
2025-11-12 12:38:32,7.7419,195.6346,0.9994
2025-11-12 12:38:32,7.7426,183.5446,0.9994
2025-11-12 12:38:32,7.7436,198.8061,0.9994
2025-11-12 12:38:32,7.7431,190.7230,0.9994
2025-11-12 12:38:33,7.7396,242.9878,0.9993
2025-11-12 12:38:33,7.7393,247.6244,0.9993
2025-11-12 12:38:33,7.7386,234.1066,0.9993
2025-11-12 12:38:33,7.7379,221.6512,0.9993
2025-11-12 12:38:33,7.7409,178.0946,0.9995
2025-11-12 12:38:33,7.7416,165.9681,0.9995
2025-11-12 12:38:33,7.7423,177.6235,0.9995
2025-11-12 12:38:33,7.7418,170.7655,0.9995
2025-11-12 12:38:33,7.7443,146.2850,0.9996
2025-11-12 12:38:33,7.7445,143.7962,0.9996
2025-11-12 12:38:34,7.7446,145.0833,0.9996
2025-11-12 12:38:34,7.7453,154.3155,0.9995
2025-11-12 12:38:34,7.7453,154.3155,0.9995
2025-11-12 12:38:34,7.7446,168.2172,0.9995
2025-11-12 12:38:34,7.7439,157.7002,0.9995
2025-11-12 12:38:34,7.7444,163.8815,0.9995
2025-11-12 12:38:34,7.7443,164.6448,0.9995
2025-11-12 12:38:34,7.7456,140.0646,0.9996
2025-11-12 12:38:35,7.7455,139.7649,0.9996
2025-11-12 12:38:35,7.7449,131.8644,0.9996
2025-11-12 12:38:35,7.7458,125.9825,0.9996
2025-11-12 12:38:35,7.7461,120.9055,0.9996
2025-11-12 12:38:35,7.7472,137.3362,0.9996
2025-11-12 12:38:35,7.7485,153.1789,0.9995
2025-11-12 12:38:35,7.7465,173.8731,0.9995
2025-11-12 12:38:35,7.7461,179.8263,0.9995
2025-11-12 12:38:35,7.7450,162.8306,0.9995
2025-11-12 12:38:35,7.7441,149.2212,0.9996
2025-11-12 12:38:36,7.7402,203.0695,0.9994
2025-11-12 12:38:36,7.7401,204.9528,0.9994
2025-11-12 12:38:36,7.7403,208.0153,0.9994
2025-11-12 12:38:36,7.7415,230.5282,0.9993
2025-11-12 12:38:36,7.7467,160.0271,0.9995
2025-11-12 12:38:36,7.7455,183.4234,0.9995
2025-11-12 12:38:36,7.7450,176.0986,0.9995
2025-11-12 12:38:36,7.7446,169.4434,0.9995
2025-11-12 12:38:37,7.7439,174.5687,0.9995
2025-11-12 12:38:37,7.7433,186.5071,0.9994
2025-11-12 12:38:37,7.7439,194.8113,0.9994
2025-11-12 12:38:37,7.7430,180.6534,0.9995
2025-11-12 12:38:37,7.7407,204.2026,0.9994
2025-11-12 12:38:37,7.7385,250.8429,0.9992
2025-11-12 12:38:37,7.7390,259.3073,0.9992
2025-11-12 12:38:37,7.7407,293.4062,0.9991
2025-11-12 12:38:37,7.7414,285.5762,0.9991
2025-11-12 12:38:37,7.7446,214.9149,0.9994
2025-11-12 12:38:38,7.7446,214.7498,0.9994
2025-11-12 12:38:38,7.7449,221.3628,0.9993
2025-11-12 12:38:38,7.7463,204.9133,0.9994
2025-11-12 12:38:38,7.7458,214.9772,0.9994
2025-11-12 12:38:38,7.7449,202.4167,0.9994
2025-11-12 12:38:38,7.7447,199.8632,0.9994
2025-11-12 12:38:38,7.7421,232.0166,0.9993
2025-11-12 12:38:38,7.7417,240.5533,0.9993
2025-11-12 12:38:38,7.7429,259.7659,0.9992
2025-11-12 12:38:39,7.7433,269.2048,0.9992
2025-11-12 12:38:39,7.7409,312.1045,0.9991
2025-11-12 12:38:39,7.7413,304.6882,0.9991
2025-11-12 12:38:39,7.7413,304.5449,0.9991
2025-11-12 12:38:39,7.7422,325.1674,0.9990
2025-11-12 12:38:39,7.7339,556.1511,0.9983
2025-11-12 12:38:39,7.7354,536.9904,0.9984
2025-11-12 12:38:39,7.7351,531.0790,0.9984
2025-11-12 12:38:39,7.7337,490.2578,0.9985
2025-11-12 12:38:40,7.7447,210.6795,0.9994
2025-11-12 12:38:40,7.7432,238.1804,0.9993
2025-11-12 12:38:40,7.7438,247.5130,0.9993
2025-11-12 12:38:40,7.7449,270.7736,0.9992
2025-11-12 12:38:40,7.7431,302.3846,0.9991
2025-11-12 12:38:40,7.7431,301.2437,0.9991
2025-11-12 12:38:40,7.7421,283.4658,0.9991
2025-11-12 12:38:40,7.7404,245.6750,0.9993
2025-11-12 12:38:41,7.7448,187.7435,0.9994
2025-11-12 12:38:41,7.7445,192.4109,0.9994
2025-11-12 12:38:41,7.7436,179.9901,0.9995
2025-11-12 12:38:41,7.7450,206.2445,0.9994
2025-11-12 12:38:41,7.7431,226.4846,0.9993
2025-11-12 12:38:41,7.7456,181.6420,0.9995
2025-11-12 12:38:41,7.7465,192.0956,0.9994
2025-11-12 12:38:41,7.7450,164.7560,0.9995
2025-11-12 12:38:41,7.7432,192.8166,0.9994
2025-11-12 12:38:41,7.7423,206.2472,0.9994
2025-11-12 12:38:41,7.7424,207.3767,0.9994
2025-11-12 12:38:41,7.7426,211.1708,0.9994
2025-11-12 12:38:42,7.7415,230.7650,0.9993
2025-11-12 12:38:42,7.7418,225.9149,0.9993
2025-11-12 12:38:42,7.7423,233.6573,0.9993
2025-11-12 12:38:42,7.7420,228.8533,0.9993
2025-11-12 12:38:42,7.7439,195.2195,0.9994
2025-11-12 12:38:42,7.7430,210.0743,0.9994
2025-11-12 12:38:42,7.7424,199.8863,0.9994
2025-11-12 12:38:42,7.7428,207.1968,0.9994
2025-11-12 12:38:42,7.7409,239.5795,0.9993
2025-11-12 12:38:42,7.7402,250.0214,0.9992
2025-11-12 12:38:43,7.7397,241.2624,0.9993
2025-11-12 12:38:43,7.7380,209.7942,0.9994
2025-11-12 12:38:43,7.7424,154.9180,0.9995
2025-11-12 12:38:43,7.7425,153.7339,0.9995
2025-11-12 12:38:43,7.7431,162.7296,0.9995
2025-11-12 12:38:43,7.7443,180.7623,0.9995
2025-11-12 12:38:43,7.7418,210.7945,0.9994
2025-11-12 12:38:43,7.7415,215.8177,0.9993
2025-11-12 12:38:43,7.7424,230.4054,0.9993
2025-11-12 12:38:43,7.7423,229.7341,0.9993
2025-11-12 12:38:43,7.7458,189.8426,0.9994
2025-11-12 12:38:44,7.7471,164.5251,0.9995
2025-11-12 12:38:44,7.7459,148.8066,0.9996
2025-11-12 12:38:44,7.7450,135.8811,0.9996
2025-11-12 12:38:44,7.7450,135.8811,0.9996
2025-11-12 12:38:44,7.7431,173.8852,0.9995
2025-11-12 12:38:44,7.7436,181.4233,0.9995
2025-11-12 12:38:44,7.7442,191.1288,0.9994
2025-11-12 12:38:44,7.7438,194.1291,0.9994
2025-11-12 12:38:45,7.7446,177.6847,0.9995
2025-11-12 12:38:45,7.7447,179.8217,0.9995
2025-11-12 12:38:45,7.7449,181.9827,0.9995
2025-11-12 12:38:45,7.7453,178.7081,0.9995
2025-11-12 12:38:45,7.7452,179.6828,0.9995
2025-11-12 12:38:45,7.7449,175.3123,0.9995
2025-11-12 12:38:45,7.7458,190.0701,0.9994
2025-11-12 12:38:45,7.7454,193.8602,0.9994
2025-11-12 12:38:45,7.7460,181.4865,0.9995
2025-11-12 12:38:46,7.7457,178.4001,0.9995
2025-11-12 12:38:46,7.7446,159.6885,0.9995
2025-11-12 12:38:46,7.7450,156.1345,0.9995
2025-11-12 12:38:46,7.7433,191.4134,0.9994
2025-11-12 12:38:46,7.7434,192.7504,0.9994
2025-11-12 12:38:46,7.7446,212.3267,0.9994
2025-11-12 12:38:46,7.7437,219.0159,0.9993
2025-11-12 12:38:46,7.7449,194.2628,0.9994
2025-11-12 12:38:46,7.7454,201.2963,0.9994
2025-11-12 12:38:47,7.7459,209.8134,0.9994
2025-11-12 12:38:47,7.7470,199.4647,0.9994
2025-11-12 12:38:47,7.7455,233.1018,0.9993
2025-11-12 12:38:47,7.7453,229.5380,0.9993
2025-11-12 12:38:47,7.7447,219.4885,0.9993
2025-11-12 12:38:47,7.7426,238.1236,0.9993
2025-11-12 12:38:47,7.7440,208.6986,0.9994
2025-11-12 12:38:47,7.7417,180.1259,0.9995
2025-11-12 12:38:48,7.7407,162.2947,0.9995
2025-11-12 12:38:48,7.7418,153.6239,0.9995
2025-11-12 12:38:48,7.7432,127.8294,0.9996
2025-11-12 12:38:48,7.7450,146.0431,0.9996
2025-11-12 12:38:48,7.7406,98.6103,0.9997
2025-11-12 12:38:48,7.7403,100.1905,0.9997
2025-11-12 12:38:48,7.7388,123.6342,0.9996
2025-11-12 12:38:48,7.7360,85.5851,0.9997
2025-11-12 12:38:49,7.7361,85.9787,0.9997
2025-11-12 12:38:49,7.7361,85.7269,0.9997
2025-11-12 12:38:49,7.7343,116.4393,0.9996
2025-11-12 12:38:49,7.7375,164.9276,0.9995
2025-11-12 12:38:49,7.7348,150.0276,0.9995
2025-11-12 12:38:49,7.7348,150.2454,0.9995
2025-11-12 12:38:49,7.7356,135.1036,0.9996
2025-11-12 12:38:50,7.7349,121.4849,0.9996
2025-11-12 12:38:50,7.7288,140.0964,0.9996
2025-11-12 12:38:50,7.7275,141.2625,0.9996
2025-11-12 12:38:50,7.7301,116.1297,0.9996
2025-11-12 12:38:50,7.7312,139.6995,0.9996
2025-11-12 12:38:50,7.7413,133.6068,0.9996
2025-11-12 12:38:50,7.7427,120.1466,0.9996
2025-11-12 12:38:50,7.7414,141.6444,0.9996
2025-11-12 12:38:50,7.7402,123.3435,0.9996
2025-11-12 12:38:50,7.7428,156.2756,0.9995
2025-11-12 12:38:51,7.7366,244.2883,0.9993
2025-11-12 12:38:51,7.7370,238.4654,0.9993
2025-11-12 12:38:51,7.7391,278.3905,0.9992
2025-11-12 12:38:51,7.7391,278.3905,0.9992
2025-11-12 12:38:51,7.7417,229.5256,0.9993
2025-11-12 12:38:51,7.7423,219.5677,0.9993
2025-11-12 12:38:51,7.7416,207.0678,0.9994
2025-11-12 12:38:51,7.7406,191.4020,0.9994
2025-11-12 12:38:51,7.7442,144.9140,0.9996
2025-11-12 12:38:51,7.7414,198.8462,0.9994
2025-11-12 12:38:52,7.7419,207.1950,0.9994
2025-11-12 12:38:52,7.7429,221.8114,0.9993
2025-11-12 12:38:52,7.7424,225.9034,0.9993
2025-11-12 12:38:52,7.7442,189.5404,0.9994
2025-11-12 12:38:52,7.7435,178.5511,0.9995
2025-11-12 12:38:52,7.7430,170.8127,0.9995
2025-11-12 12:38:52,7.7369,264.7120,0.9992
2025-11-12 12:38:52,7.7381,248.5121,0.9992
2025-11-12 12:38:53,7.7391,268.7314,0.9992
2025-11-12 12:38:53,7.7363,231.2567,0.9993
2025-11-12 12:38:53,7.7396,173.5645,0.9995
2025-11-12 12:38:53,7.7381,196.0435,0.9994
2025-11-12 12:38:53,7.7365,164.2310,0.9995
2025-11-12 12:38:53,7.7371,169.9738,0.9995
2025-11-12 12:38:53,7.7414,131.0151,0.9996
2025-11-12 12:38:53,7.7414,130.2414,0.9996
2025-11-12 12:38:53,7.7411,125.5470,0.9996
2025-11-12 12:38:54,7.7407,121.4481,0.9996
2025-11-12 12:38:54,7.7390,130.9616,0.9996
2025-11-12 12:38:54,7.7407,105.5633,0.9997
2025-11-12 12:38:54,7.7424,134.4146,0.9996
2025-11-12 12:38:54,7.7431,139.4573,0.9996
2025-11-12 12:38:54,7.7447,125.6785,0.9996
2025-11-12 12:38:54,7.7427,162.1909,0.9995
2025-11-12 12:38:54,7.7417,144.8647,0.9996
2025-11-12 12:38:54,7.7419,147.2037,0.9996
2025-11-12 12:38:54,7.7417,148.5022,0.9996
2025-11-12 12:38:55,7.7418,146.8107,0.9996
2025-11-12 12:38:55,7.7413,139.3999,0.9996
2025-11-12 12:38:55,7.7405,131.6697,0.9996
2025-11-12 12:38:55,7.7401,133.7091,0.9996
2025-11-12 12:38:55,7.7419,103.6100,0.9997
2025-11-12 12:38:55,7.7425,112.4145,0.9997
2025-11-12 12:38:55,7.7419,108.6594,0.9997
2025-11-12 12:38:55,7.7409,116.5342,0.9996
2025-11-12 12:38:55,7.7405,121.5916,0.9996
2025-11-12 12:38:56,7.7400,113.5016,0.9997
2025-11-12 12:38:56,7.7412,123.4686,0.9996
2025-11-12 12:38:56,7.7428,111.9724,0.9997
2025-11-12 12:38:56,7.7420,124.6299,0.9996
2025-11-12 12:38:56,7.7433,144.7298,0.9996
2025-11-12 12:38:56,7.7419,135.3945,0.9996
2025-11-12 12:38:56,7.7371,182.5676,0.9994
2025-11-12 12:38:56,7.7365,192.5811,0.9994
2025-11-12 12:38:56,7.7367,197.8226,0.9994
2025-11-12 12:38:57,7.7381,211.7128,0.9994
2025-11-12 12:38:57,7.7397,189.5901,0.9994
2025-11-12 12:38:57,7.7414,161.7889,0.9995
2025-11-12 12:38:57,7.7417,167.0370,0.9995
2025-11-12 12:38:57,7.7449,208.0152,0.9994
2025-11-12 12:38:57,7.7430,241.6098,0.9993
2025-11-12 12:38:57,7.7413,269.7693,0.9992
2025-11-12 12:38:57,7.7407,257.6323,0.9992
2025-11-12 12:38:57,7.7410,262.9432,0.9992
2025-11-12 12:38:57,7.7398,284.9579,0.9991
2025-11-12 12:38:57,7.7391,297.4554,0.9991
2025-11-12 12:38:58,7.7385,285.3421,0.9991
2025-11-12 12:38:58,7.7375,263.9917,0.9992
2025-11-12 12:38:58,7.7394,232.3138,0.9993
2025-11-12 12:38:58,7.7401,219.4285,0.9993
2025-11-12 12:38:58,7.7394,207.8829,0.9994
2025-11-12 12:38:58,7.7406,230.0227,0.9993
2025-11-12 12:38:58,7.7402,235.5809,0.9993
2025-11-12 12:38:58,7.7417,210.8035,0.9994
2025-11-12 12:38:59,7.7429,229.4395,0.9993
2025-11-12 12:38:59,7.7418,211.5639,0.9994
2025-11-12 12:38:59,7.7428,196.3616,0.9994
2025-11-12 12:38:59,7.7426,199.6168,0.9994
2025-11-12 12:38:59,7.7419,188.9782,0.9994
2025-11-12 12:38:59,7.7405,167.9805,0.9995
2025-11-12 12:38:59,7.7438,132.1961,0.9996
2025-11-12 12:38:59,7.7438,131.3397,0.9996
2025-11-12 12:39:00,7.7414,101.6948,0.9997
2025-11-12 12:39:00,7.7439,140.2982,0.9996
2025-11-12 12:39:00,7.7411,170.7741,0.9995
2025-11-12 12:39:00,7.7409,172.9333,0.9995
2025-11-12 12:39:00,7.7420,184.5818,0.9994
2025-11-12 12:39:00,7.7423,190.5928,0.9994
2025-11-12 12:39:00,7.7405,218.1069,0.9993
2025-11-12 12:39:00,7.7408,214.7478,0.9994
2025-11-12 12:39:00,7.7406,212.2946,0.9994
2025-11-12 12:39:01,7.7407,214.4965,0.9994
2025-11-12 12:39:01,7.7436,171.1187,0.9995
2025-11-12 12:39:01,7.7440,165.0014,0.9995
2025-11-12 12:39:01,7.7437,162.5811,0.9995
2025-11-12 12:39:01,7.7429,146.5049,0.9996
2025-11-12 12:39:01,7.7431,144.2400,0.9996
2025-11-12 12:39:01,7.7409,182.5290,0.9994
2025-11-12 12:39:01,7.7419,195.6234,0.9994
2025-11-12 12:39:02,7.7414,187.3827,0.9994
2025-11-12 12:39:02,7.7427,175.7824,0.9995
2025-11-12 12:39:02,7.7429,171.3592,0.9995
2025-11-12 12:39:02,7.7387,133.7819,0.9996
2025-11-12 12:39:02,7.7395,151.2060,0.9995
2025-11-12 12:39:02,7.7352,193.4799,0.9994
2025-11-12 12:39:02,7.7352,192.6509,0.9994
2025-11-12 12:39:02,7.7357,195.7819,0.9994
2025-11-12 12:39:02,7.7352,185.8482,0.9994
2025-11-12 12:39:03,7.7358,178.5665,0.9995
2025-11-12 12:39:03,7.7391,137.2334,0.9996
2025-11-12 12:39:03,7.7436,182.1033,0.9995
2025-11-12 12:39:03,7.7436,181.6001,0.9995
2025-11-12 12:39:03,7.7425,201.9679,0.9994
2025-11-12 12:39:03,7.7410,221.3120,0.9993
2025-11-12 12:39:03,7.7412,224.7216,0.9993
2025-11-12 12:39:03,7.7422,243.3632,0.9993
2025-11-12 12:39:03,7.7438,213.8333,0.9994
2025-11-12 12:39:03,7.7428,231.5071,0.9993
2025-11-12 12:39:04,7.7416,214.7305,0.9994
2025-11-12 12:39:04,7.7403,188.9073,0.9994
2025-11-12 12:39:04,7.7427,160.0677,0.9995
2025-11-12 12:39:04,7.7414,183.7277,0.9994
2025-11-12 12:39:04,7.7415,184.2390,0.9994
2025-11-12 12:39:04,7.7432,217.6548,0.9993
2025-11-12 12:39:04,7.7422,229.5661,0.9993
2025-11-12 12:39:04,7.7406,263.3829,0.9992
2025-11-12 12:39:04,7.7420,284.5638,0.9991
2025-11-12 12:39:04,7.7422,289.3851,0.9991
2025-11-12 12:39:04,7.7380,358.7904,0.9989
2025-11-12 12:39:05,7.7418,288.5444,0.9991
2025-11-12 12:39:05,7.7412,278.1233,0.9992
2025-11-12 12:39:05,7.7396,244.1737,0.9993
2025-11-12 12:39:05,7.7360,329.4579,0.9990
2025-11-12 12:39:05,7.7305,418.9744,0.9987
2025-11-12 12:39:05,7.7290,386.9868,0.9988
2025-11-12 12:39:05,7.7311,447.9309,0.9986
2025-11-12 12:39:05,7.7279,534.1057,0.9983
2025-11-12 12:39:05,7.7316,473.4121,0.9985
2025-11-12 12:39:06,7.7323,485.6044,0.9985
2025-11-12 12:39:06,7.7325,490.7568,0.9985
2025-11-12 12:39:06,7.7287,624.2650,0.9981
2025-11-12 12:39:06,7.7289,622.1747,0.9981
2025-11-12 12:39:06,7.7301,650.0090,0.9980
2025-11-12 12:39:06,7.7299,643.1745,0.9980
2025-11-12 12:39:06,7.7394,344.7362,0.9990
2025-11-12 12:39:06,7.7407,323.6840,0.9990
2025-11-12 12:39:06,7.7414,335.7276,0.9990
2025-11-12 12:39:06,7.7404,312.9226,0.9991
2025-11-12 12:39:06,7.7442,234.8395,0.9993
2025-11-12 12:39:07,7.7444,230.2165,0.9993
2025-11-12 12:39:07,7.7430,208.8819,0.9994
2025-11-12 12:39:07,7.7430,208.7446,0.9994
2025-11-12 12:39:07,7.7449,180.5803,0.9995
2025-11-12 12:39:07,7.7428,220.8086,0.9993
2025-11-12 12:39:07,7.7423,214.7205,0.9994
2025-11-12 12:39:07,7.7429,226.9554,0.9993
2025-11-12 12:39:07,7.7412,249.2059,0.9992
2025-11-12 12:39:07,7.7402,269.1164,0.9992
2025-11-12 12:39:08,7.7421,298.2948,0.9991
2025-11-12 12:39:08,7.7419,294.4797,0.9991
2025-11-12 12:39:08,7.7433,274.8657,0.9992
2025-11-12 12:39:08,7.7441,256.5687,0.9992
2025-11-12 12:39:08,7.7439,253.0471,0.9992
2025-11-12 12:39:08,7.7428,231.8646,0.9993
2025-11-12 12:39:08,7.7415,250.1406,0.9992
2025-11-12 12:39:08,7.7424,232.4415,0.9993
2025-11-12 12:39:08,7.7417,220.6752,0.9993
2025-11-12 12:39:09,7.7423,232.9963,0.9993
2025-11-12 12:39:09,7.7459,189.5187,0.9994
2025-11-12 12:39:09,7.7440,232.2745,0.9993
2025-11-12 12:39:09,7.7439,230.3930,0.9993
2025-11-12 12:39:09,7.7446,244.6184,0.9993
2025-11-12 12:39:09,7.7454,238.5968,0.9993
2025-11-12 12:39:09,7.7475,189.1987,0.9994
2025-11-12 12:39:09,7.7486,202.5558,0.9994
2025-11-12 12:39:09,7.7479,190.2556,0.9994
2025-11-12 12:39:10,7.7482,187.8317,0.9994
2025-11-12 12:39:10,7.7494,163.3648,0.9995
2025-11-12 12:39:10,7.7479,146.1247,0.9996
2025-11-12 12:39:10,7.7462,120.9575,0.9996
2025-11-12 12:39:10,7.7450,129.1274,0.9996
2025-11-12 12:39:10,7.7452,126.7353,0.9996
2025-11-12 12:39:10,7.7439,113.1292,0.9997
2025-11-12 12:39:10,7.7448,127.8582,0.9996
2025-11-12 12:39:10,7.7445,130.5162,0.9996
2025-11-12 12:39:10,7.7424,167.3199,0.9995
2025-11-12 12:39:10,7.7430,172.8655,0.9995
2025-11-12 12:39:11,7.7429,171.0936,0.9995
2025-11-12 12:39:11,7.7415,182.9947,0.9994
2025-11-12 12:39:11,7.7430,156.1261,0.9995
2025-11-12 12:53:17,7.6967,68.0985,0.9998
2025-11-12 12:53:18,7.7087,256.4370,0.9992
2025-11-12 12:53:18,7.7208,285.7128,0.9991
2025-11-12 12:53:18,7.7400,70.9531,0.9998
2025-11-12 12:53:18,7.7391,86.5881,0.9997
2025-11-12 12:53:18,7.7422,122.5074,0.9996
2025-11-12 12:53:18,7.7356,161.8469,0.9995
2025-11-12 12:53:18,7.7401,225.7943,0.9993
2025-11-12 12:53:18,7.7443,164.3163,0.9995
2025-11-12 12:53:18,7.7450,173.9404,0.9995
2025-11-12 12:53:19,7.7394,302.6286,0.9991
2025-11-12 12:53:19,7.7373,265.7957,0.9992
2025-11-12 12:53:19,7.7409,256.3518,0.9992
2025-11-12 12:53:19,7.7401,243.3662,0.9993
2025-11-12 12:53:19,7.7392,269.3069,0.9992
2025-11-12 12:53:19,7.7405,288.5486,0.9991
2025-11-12 12:53:19,7.7424,294.4529,0.9991
2025-11-12 12:53:19,7.7428,299.4040,0.9991
2025-11-12 12:53:19,7.7353,583.3223,0.9982
2025-11-12 12:53:19,7.7360,595.7883,0.9982
2025-11-12 12:53:20,7.7342,582.9155,0.9982
2025-11-12 12:53:20,7.7345,589.7977,0.9982
2025-11-12 12:53:20,7.7487,133.7371,0.9996
2025-11-12 12:53:20,7.7483,128.5400,0.9996
2025-11-12 12:53:20,7.7485,127.9624,0.9996
2025-11-12 12:53:20,7.7461,105.3383,0.9997
2025-11-12 12:53:20,7.7465,99.0186,0.9997
2025-11-12 12:53:20,7.7456,87.7600,0.9997
2025-11-12 12:53:20,7.7442,91.3980,0.9997
2025-11-12 12:53:21,7.7446,95.1179,0.9997
2025-11-12 12:53:21,7.7447,92.9865,0.9997
2025-11-12 12:53:21,7.7392,60.3629,0.9998
2025-11-12 12:53:21,7.7377,63.7272,0.9998
2025-11-12 12:53:21,7.7381,69.9810,0.9998
2025-11-12 12:53:21,7.7402,50.0412,0.9998
2025-11-12 12:53:21,7.7441,64.1256,0.9998
2025-11-12 12:53:21,7.7437,66.9643,0.9998
2025-11-12 12:53:21,7.7323,71.2957,0.9998
2025-11-12 12:53:21,7.7318,72.5468,0.9998
2025-11-12 12:53:21,7.7317,70.8325,0.9998
2025-11-12 12:53:22,7.7311,71.6860,0.9998
2025-11-12 12:53:22,7.7355,43.0078,0.9999
2025-11-12 12:53:22,7.7364,38.5173,0.9999
2025-11-12 12:53:22,7.7371,46.4282,0.9999
2025-11-12 12:53:22,7.7380,41.9848,0.9999
2025-11-12 12:53:22,7.7410,38.9972,0.9999
2025-11-12 12:53:22,7.7408,40.3101,0.9999
2025-11-12 12:53:22,7.7424,60.6242,0.9998
2025-11-12 12:53:22,7.7462,48.0881,0.9999
2025-11-12 12:53:22,7.7464,47.8162,0.9999
2025-11-12 12:53:23,7.7454,59.5830,0.9998
2025-11-12 12:53:23,7.7457,63.0463,0.9998
2025-11-12 12:53:23,7.7454,62.9397,0.9998
2025-11-12 12:53:23,7.7401,91.8744,0.9997
2025-11-12 12:53:23,7.7403,89.5945,0.9997
2025-11-12 12:53:23,7.7340,26.0450,0.9999
2025-11-12 12:53:23,7.7344,29.5440,0.9999
2025-11-12 12:53:23,7.7364,19.7240,0.9999
2025-11-12 12:53:23,7.7380,12.4409,1.0000
2025-11-12 12:53:23,7.7410,24.1542,0.9999
2025-11-12 12:53:24,7.7404,22.0370,0.9999
2025-11-12 12:53:24,7.7433,14.0478,1.0000
2025-11-12 12:53:24,7.7423,21.0041,0.9999
2025-11-12 12:53:24,7.7414,16.4512,1.0000
2025-11-12 12:53:24,7.7422,18.8536,0.9999
2025-11-12 12:53:24,7.7388,27.9843,0.9999
2025-11-12 12:53:24,7.7390,26.8766,0.9999
2025-11-12 12:53:24,7.7385,24.0802,0.9999
2025-11-12 12:53:24,7.7400,36.4528,0.9999
2025-11-12 12:53:24,7.7429,24.9446,0.9999
2025-11-12 12:53:25,7.7378,91.0935,0.9997
2025-11-12 12:53:25,7.7382,93.3491,0.9997
2025-11-12 12:53:25,7.7377,88.1844,0.9997
2025-11-12 12:53:25,7.7364,87.0224,0.9997
2025-11-12 12:53:25,7.7383,58.2163,0.9998
2025-11-12 12:53:25,7.7395,67.1395,0.9998
2025-11-12 12:53:25,7.7361,49.9663,0.9998
2025-11-12 12:53:25,7.7398,63.1321,0.9998
2025-11-12 12:53:25,7.7426,31.0676,0.9999
2025-11-12 12:53:25,7.7457,61.4459,0.9998
2025-11-12 12:53:26,7.7427,84.2193,0.9997
2025-11-12 12:53:26,7.7433,88.0068,0.9997
2025-11-12 12:53:26,7.7423,99.3610,0.9997
2025-11-12 12:53:26,7.7427,105.9719,0.9997
2025-11-12 12:53:26,7.7432,100.8604,0.9997
2025-11-12 12:53:26,7.7378,93.9616,0.9997
2025-11-12 12:53:26,7.7388,85.7612,0.9997
2025-11-12 12:53:26,7.7376,64.4750,0.9998
2025-11-12 12:53:26,7.7423,58.7359,0.9998
2025-11-12 12:53:27,7.7445,47.9155,0.9999
2025-11-12 12:53:27,7.7449,43.9720,0.9999
2025-11-12 12:53:27,7.7442,36.6642,0.9999
2025-11-12 12:53:27,7.7447,37.8555,0.9999
2025-11-12 12:53:27,7.7440,40.3397,0.9999
2025-11-12 12:53:27,7.7440,39.7556,0.9999
2025-11-12 12:53:27,7.7455,56.8048,0.9998
2025-11-12 12:53:27,7.7427,57.4122,0.9998
2025-11-12 12:53:27,7.7453,55.1218,0.9998
2025-11-12 12:53:28,7.7473,39.2573,0.9999
2025-11-12 12:53:28,7.7475,41.3185,0.9999
2025-11-12 12:53:28,7.7499,32.4141,0.9999
2025-11-12 12:53:28,7.7483,36.9309,0.9999
2025-11-12 12:53:28,7.7447,73.4752,0.9998
2025-11-12 12:53:28,7.7441,65.1524,0.9998
2025-11-12 12:53:28,7.7437,64.4154,0.9998
2025-11-12 12:53:28,7.7419,70.5121,0.9998
2025-11-12 12:53:28,7.7422,66.7738,0.9998
2025-11-12 12:53:28,7.7433,84.3633,0.9997
2025-11-12 12:53:29,7.7450,90.7546,0.9997
2025-11-12 12:53:29,7.7458,85.9890,0.9997
2025-11-12 12:53:29,7.7451,94.9904,0.9997
2025-11-12 12:53:29,7.7448,90.2029,0.9997
2025-11-12 12:53:29,7.7443,87.4691,0.9997
2025-11-12 12:53:29,7.7476,82.4739,0.9998
2025-11-12 12:53:29,7.7484,70.5499,0.9998
2025-11-12 12:53:29,7.7490,78.1923,0.9998
2025-11-12 12:53:29,7.7509,84.6683,0.9997
2025-11-12 12:53:30,7.7452,119.2829,0.9996
2025-11-12 12:53:30,7.7458,112.2770,0.9997
2025-11-12 12:53:30,7.7456,109.3985,0.9997
2025-11-12 12:53:30,7.7406,90.2333,0.9997
2025-11-12 12:53:30,7.7257,416.5277,0.9987
2025-11-12 12:53:30,7.7252,416.2517,0.9987
2025-11-12 12:53:30,7.7259,437.2522,0.9986
2025-11-12 12:53:30,7.7283,462.9930,0.9986
2025-11-12 12:53:30,7.7372,206.8608,0.9994
2025-11-12 12:53:31,7.7387,197.8290,0.9994
2025-11-12 12:53:31,7.7391,207.5728,0.9994
2025-11-12 12:53:31,7.7356,198.0553,0.9994
2025-11-12 12:53:31,7.7344,223.3239,0.9993
2025-11-12 12:53:31,7.7340,224.3273,0.9993
2025-11-12 12:53:31,7.7348,245.3284,0.9993
2025-11-12 12:53:31,7.7351,245.3684,0.9993
2025-11-12 12:53:31,7.7415,136.2065,0.9996
2025-11-12 12:53:31,7.7408,142.5012,0.9996
2025-11-12 12:53:31,7.7403,130.9293,0.9996
2025-11-12 12:53:31,7.7406,130.1956,0.9996
2025-11-12 12:53:31,7.7404,132.5971,0.9996
2025-11-12 12:53:32,7.7412,125.9867,0.9996
2025-11-12 12:53:32,7.7405,111.1458,0.9997
2025-11-12 12:53:32,7.7426,111.0249,0.9997
2025-11-12 12:53:32,7.7499,71.1540,0.9998
2025-11-12 12:53:32,7.7500,69.8177,0.9998
2025-11-12 12:53:32,7.7488,54.3376,0.9998
2025-11-12 12:53:32,7.7444,82.3991,0.9998
2025-11-12 12:53:32,7.7449,85.5257,0.9997
2025-11-12 12:53:32,7.7425,113.3526,0.9997
2025-11-12 12:53:32,7.7437,133.7534,0.9996
2025-11-12 12:53:33,7.7394,194.1767,0.9994
2025-11-12 12:53:33,7.7422,230.5821,0.9993
2025-11-12 12:53:33,7.7456,194.6343,0.9994
2025-11-12 12:53:33,7.7412,139.5344,0.9996
2025-11-12 12:53:33,7.7365,251.1873,0.9992
2025-11-12 12:53:33,7.7356,235.2951,0.9993
2025-11-12 12:53:33,7.7353,235.6223,0.9993
2025-11-12 12:53:33,7.7367,253.9009,0.9992
2025-11-12 12:53:33,7.7406,160.1912,0.9995
2025-11-12 12:53:33,7.7406,161.3882,0.9995
2025-11-12 12:53:34,7.7390,171.4859,0.9995
2025-11-12 12:53:34,7.7365,144.2425,0.9996
2025-11-12 12:53:34,7.7269,398.6669,0.9988
2025-11-12 12:53:34,7.7282,432.2067,0.9987
2025-11-12 12:53:34,7.7271,434.7542,0.9987
2025-11-12 12:53:34,7.7280,448.0321,0.9986
2025-11-12 12:53:34,7.7347,247.5794,0.9992
2025-11-12 12:53:34,7.7323,200.1337,0.9994
2025-11-12 12:53:34,7.7345,190.5686,0.9994
2025-11-12 12:53:34,7.7387,256.4373,0.9992
2025-11-12 12:53:35,7.7424,169.5272,0.9995
2025-11-12 12:53:35,7.7421,166.6947,0.9995
2025-11-12 12:53:35,7.7419,168.4168,0.9995
2025-11-12 12:53:35,7.7424,178.0481,0.9995
2025-11-12 12:53:35,7.7496,81.9209,0.9998
2025-11-12 12:53:35,7.7465,75.3490,0.9998
2025-11-12 12:53:35,7.7447,97.2115,0.9997
2025-11-12 12:53:35,7.7415,50.5863,0.9998
2025-11-12 12:53:35,7.7407,52.1561,0.9998
2025-11-12 12:53:36,7.7444,77.5425,0.9998
2025-11-12 12:53:36,7.7428,101.6818,0.9997
2025-11-12 12:53:36,7.7453,132.9174,0.9996
2025-11-12 12:53:36,7.7463,128.0780,0.9996
2025-11-12 12:53:36,7.7373,125.9772,0.9996
2025-11-12 12:53:36,7.7399,98.6177,0.9997
2025-11-12 12:53:36,7.7388,79.4769,0.9998
2025-11-12 12:53:36,7.7348,90.6356,0.9997
2025-11-12 12:53:36,7.7393,79.1444,0.9998
2025-11-12 12:53:36,7.7409,68.5900,0.9998
2025-11-12 12:53:36,7.7417,81.8113,0.9998
2025-11-12 12:53:37,7.7423,76.2196,0.9998
2025-11-12 12:53:37,7.7413,77.2763,0.9998
2025-11-12 12:53:37,7.7406,81.1194,0.9998
2025-11-12 12:53:37,7.7373,33.7850,0.9999
2025-11-12 12:53:37,7.7421,23.0528,0.9999
2025-11-12 12:53:37,7.7436,21.5610,0.9999
2025-11-12 12:53:37,7.7426,30.8753,0.9999
2025-11-12 12:53:37,7.7438,40.4983,0.9999
2025-11-12 12:53:37,7.7483,67.5743,0.9998
2025-11-12 12:53:37,7.7469,73.4153,0.9998
2025-11-12 12:53:37,7.7490,50.2976,0.9999
2025-11-12 12:53:38,7.7419,57.5959,0.9998
2025-11-12 12:53:38,7.7377,12.7022,1.0000
2025-11-12 12:53:38,7.7372,12.6119,1.0000
2025-11-12 12:53:38,7.7368,13.2118,1.0000
2025-11-12 12:53:38,7.7419,15.5053,1.0000
2025-11-12 12:53:38,7.7473,62.2768,0.9998
2025-11-12 12:53:38,7.7502,50.2336,0.9999
2025-11-12 12:53:38,7.7483,74.3406,0.9998
2025-11-12 12:53:38,7.7445,84.5999,0.9997
2025-11-12 12:53:39,7.7437,72.8832,0.9998
2025-11-12 12:53:39,7.7437,72.7229,0.9998
2025-11-12 12:53:39,7.7382,161.5680,0.9995
2025-11-12 12:53:39,7.7307,234.1511,0.9993
2025-11-12 12:53:39,7.7303,226.5101,0.9993
2025-11-12 12:53:39,7.7282,205.3681,0.9994
2025-11-12 12:53:39,7.7354,145.4800,0.9996
2025-11-12 12:53:39,7.7467,43.8004,0.9999
2025-11-12 12:53:39,7.7455,31.5683,0.9999
2025-11-12 12:53:40,7.7476,27.9353,0.9999
2025-11-12 12:53:40,7.7471,32.3926,0.9999
2025-11-12 12:53:40,7.7462,31.8177,0.9999
2025-11-12 12:53:40,7.7489,64.2588,0.9998
2025-11-12 12:53:40,7.7484,64.9810,0.9998
2025-11-12 12:53:40,7.7467,86.2770,0.9997
2025-11-12 12:53:40,7.7474,86.2966,0.9997
2025-11-12 12:53:40,7.7448,53.0548,0.9998
2025-11-12 12:53:40,7.7457,54.2635,0.9998
2025-11-12 12:53:40,7.7470,38.5901,0.9999
2025-11-12 12:53:40,7.7453,39.5509,0.9999
2025-11-12 12:53:41,7.7472,62.8192,0.9998
2025-11-12 12:53:41,7.7443,67.5605,0.9998
2025-11-12 12:53:41,7.7444,66.8795,0.9998
2025-11-12 12:53:41,7.7496,85.5514,0.9997
2025-11-12 12:53:41,7.7491,79.4897,0.9998
2025-11-12 12:53:41,7.7511,68.1778,0.9998
2025-11-12 12:53:41,7.7495,91.8737,0.9997
2025-11-12 12:53:41,7.7506,103.0359,0.9997
2025-11-12 12:53:41,7.7513,111.1110,0.9997
2025-11-12 12:53:41,7.7498,119.9012,0.9996
2025-11-12 12:53:42,7.7504,109.2906,0.9997
2025-11-12 12:53:42,7.7492,96.4234,0.9997
2025-11-12 12:53:42,7.7457,62.8574,0.9998
2025-11-12 12:53:42,7.7469,59.0328,0.9998
2025-11-12 12:53:42,7.7471,56.5687,0.9998
2025-11-12 12:53:42,7.7468,53.7933,0.9998
2025-11-12 12:53:42,7.7494,74.9159,0.9998
2025-11-12 12:53:42,7.7405,183.3756,0.9994
2025-11-12 12:53:42,7.7400,187.9887,0.9994
2025-11-12 12:53:43,7.7417,213.6979,0.9994
2025-11-12 12:53:43,7.7372,163.5147,0.9995
2025-11-12 12:53:43,7.7431,87.4440,0.9997
2025-11-12 12:53:43,7.7428,91.4632,0.9997
2025-11-12 12:53:43,7.7410,64.3431,0.9998
2025-11-12 12:53:43,7.7442,88.7848,0.9997
2025-11-12 12:53:43,7.7349,244.0280,0.9993
2025-11-12 12:53:43,7.7358,238.1971,0.9993
2025-11-12 12:53:43,7.7393,307.7620,0.9991
2025-11-12 12:53:43,7.7374,285.2555,0.9991
2025-11-12 12:53:43,7.7380,268.2314,0.9992
2025-11-12 12:53:44,7.7322,340.3980,0.9990
2025-11-12 12:53:44,7.7324,345.9784,0.9989
2025-11-12 12:53:44,7.7346,380.0623,0.9988
2025-11-12 12:53:44,7.7384,303.2232,0.9991
2025-11-12 12:53:44,7.7385,300.8843,0.9991
2025-11-12 12:53:44,7.7382,292.0165,0.9991
2025-11-12 12:53:44,7.7359,261.7265,0.9992
2025-11-12 12:53:44,7.7340,292.2221,0.9991
2025-11-12 12:53:45,7.7336,299.8602,0.9991
2025-11-12 12:53:45,7.7322,263.1019,0.9992
2025-11-12 12:53:45,7.7349,307.6208,0.9991
2025-11-12 12:53:45,7.7407,229.7860,0.9993
2025-11-12 12:53:45,7.7467,120.4482,0.9996
2025-11-12 12:53:45,7.7479,139.8622,0.9996
2025-11-12 12:53:45,7.7429,113.1181,0.9997
2025-11-12 12:53:45,7.7441,102.7062,0.9997
2025-11-12 12:53:45,7.7452,92.4531,0.9997
2025-11-12 12:53:45,7.7457,102.2118,0.9997
2025-11-12 12:53:45,7.7511,124.1612,0.9996
2025-11-12 12:53:45,7.7538,99.8794,0.9997
2025-11-12 12:53:46,7.7521,126.8211,0.9996
2025-11-12 12:53:46,7.7523,130.2244,0.9996
2025-11-12 12:53:46,7.7502,115.9909,0.9997
2025-11-12 12:53:46,7.7498,117.5116,0.9997
2025-11-12 12:53:46,7.7516,91.1734,0.9997
2025-11-12 12:53:46,7.7514,87.6568,0.9997
2025-11-12 12:53:46,7.7531,96.5096,0.9997
2025-11-12 12:53:46,7.7537,92.3637,0.9997
2025-11-12 12:53:46,7.7511,136.0287,0.9996
2025-11-12 12:53:46,7.7508,129.9507,0.9996
2025-11-12 12:53:46,7.7436,120.9773,0.9996
2025-11-12 12:53:47,7.7437,121.0293,0.9996
2025-11-12 12:53:47,7.7459,93.4858,0.9997
2025-11-12 12:53:47,7.7463,100.8629,0.9997
2025-11-12 12:53:47,7.7490,87.3518,0.9997
2025-11-12 12:53:47,7.7506,85.8403,0.9997
2025-11-12 12:53:47,7.7514,75.6862,0.9998
2025-11-12 12:53:47,7.7512,72.9731,0.9998
2025-11-12 12:53:47,7.7472,103.9830,0.9997
2025-11-12 12:53:47,7.7457,101.8636,0.9997
2025-11-12 12:53:47,7.7450,108.1249,0.9997
2025-11-12 12:53:47,7.7456,120.3651,0.9996
2025-11-12 12:53:47,7.7461,115.2823,0.9997
2025-11-12 12:53:48,7.7282,421.0604,0.9987
2025-11-12 12:53:48,7.7281,420.9434,0.9987
2025-11-12 12:53:48,7.7275,401.7735,0.9988
2025-11-12 12:53:48,7.7254,401.1224,0.9988
2025-11-12 12:53:48,7.7348,185.6347,0.9994
2025-11-12 12:53:48,7.7356,183.7362,0.9994
2025-11-12 12:53:48,7.7349,166.6869,0.9995
2025-11-12 12:53:48,7.7378,152.9667,0.9995
2025-11-12 12:53:48,7.7266,450.1669,0.9986
2025-11-12 12:53:48,7.7242,446.0295,0.9986
2025-11-12 12:53:49,7.7247,459.8004,0.9986
2025-11-12 12:53:49,7.7260,469.7311,0.9985
2025-11-12 12:53:49,7.7278,406.8810,0.9987
2025-11-12 12:53:49,7.7296,404.9145,0.9988
2025-11-12 12:53:49,7.7301,420.8944,0.9987
2025-11-12 12:53:49,7.7287,414.0871,0.9987
2025-11-12 12:53:49,7.7417,129.4071,0.9996
2025-11-12 12:53:49,7.7417,129.1149,0.9996
2025-11-12 12:53:49,7.7410,112.7242,0.9997
2025-11-12 12:53:49,7.7421,109.2302,0.9997
2025-11-12 12:53:49,7.7475,79.7877,0.9998
2025-11-12 12:53:50,7.7459,99.9290,0.9997
2025-11-12 12:53:50,7.7448,81.7200,0.9998
2025-11-12 12:53:50,7.7461,78.1864,0.9998
2025-11-12 12:53:50,7.7430,85.0462,0.9997
2025-11-12 12:53:50,7.7433,81.5309,0.9998
2025-11-12 12:53:50,7.7450,112.1064,0.9997
2025-11-12 12:53:50,7.7448,112.2123,0.9997
2025-11-12 12:53:50,7.7474,101.9744,0.9997
2025-11-12 12:53:50,7.7485,87.8046,0.9997
2025-11-12 12:53:50,7.7480,78.4358,0.9998
2025-11-12 12:53:51,7.7494,76.2968,0.9998
2025-11-12 12:53:51,7.7296,485.5209,0.9985
2025-11-12 12:53:51,7.7279,488.6345,0.9985
2025-11-12 12:53:51,7.7279,490.9230,0.9985
2025-11-12 12:53:51,7.7271,480.1308,0.9985
2025-11-12 12:53:51,7.7342,265.3512,0.9992
2025-11-12 12:53:51,7.7365,253.4486,0.9992
2025-11-12 12:53:51,7.7371,267.8034,0.9992
2025-11-12 12:53:51,7.7390,281.7505,0.9991
2025-11-12 12:53:51,7.7443,161.0412,0.9995
2025-11-12 12:53:52,7.7433,169.7970,0.9995
2025-11-12 12:53:52,7.7429,160.3153,0.9995
2025-11-12 12:53:52,7.7405,149.8106,0.9995
2025-11-12 12:53:52,7.7481,86.5350,0.9997
2025-11-12 12:53:52,7.7476,92.2473,0.9997
2025-11-12 12:53:52,7.7478,94.5642,0.9997
2025-11-12 12:53:52,7.7479,94.2996,0.9997
2025-11-12 12:53:52,7.7517,105.6085,0.9997
2025-11-12 12:53:52,7.7514,109.9315,0.9997
2025-11-12 12:53:53,7.7487,76.1803,0.9998
2025-11-12 12:53:53,7.7529,81.5904,0.9998
2025-11-12 12:53:53,7.7543,92.1192,0.9997
2025-11-12 12:53:53,7.7555,72.3405,0.9998
2025-11-12 12:53:53,7.7548,69.6583,0.9998
2025-11-12 12:53:53,7.7541,67.0390,0.9998
2025-11-12 12:53:53,7.7545,71.3252,0.9998
2025-11-12 12:53:53,7.7536,86.7640,0.9997
2025-11-12 12:53:53,7.7535,86.2368,0.9997
2025-11-12 12:53:53,7.7482,98.0801,0.9997
2025-11-12 12:53:53,7.7475,88.7708,0.9997
2025-11-12 12:53:54,7.7484,77.0548,0.9998
2025-11-12 12:53:54,7.7496,87.7225,0.9997
2025-11-12 12:53:54,7.7515,75.0869,0.9998
2025-11-12 12:53:54,7.7507,67.0225,0.9998
2025-11-12 12:53:54,7.7507,67.0225,0.9998
2025-11-12 12:53:54,7.7443,48.2669,0.9999
2025-11-12 12:53:54,7.7429,50.0939,0.9998
2025-11-12 12:53:54,7.7421,39.8440,0.9999
2025-11-12 12:53:54,7.7421,39.8440,0.9999
2025-11-12 12:53:54,7.7413,42.0767,0.9999
2025-11-12 12:53:54,7.7421,41.4142,0.9999
2025-11-12 12:53:54,7.7371,6.6355,1.0000
2025-11-12 12:53:55,7.7327,44.7663,0.9999
2025-11-12 12:53:55,7.7237,103.2319,0.9997
2025-11-12 12:53:55,7.7143,78.4499,0.9997
2025-11-12 12:53:55,7.7182,160.3027,0.9995
2025-11-12 12:53:55,7.7181,160.5727,0.9995
2025-11-12 12:53:55,7.7212,133.8758,0.9996
2025-11-12 12:53:55,7.7270,102.8025,0.9997
2025-11-12 12:53:55,7.7261,86.6792,0.9997
2025-11-12 12:53:55,7.7302,66.4692,0.9998
2025-11-12 12:53:55,7.7388,39.9157,0.9999
2025-11-12 12:53:55,7.7439,26.6559,0.9999
2025-11-12 12:53:56,7.7463,46.4031,0.9999
2025-11-12 12:53:56,7.7448,64.8650,0.9998
2025-11-12 12:53:56,7.7471,73.2159,0.9998
2025-11-12 12:53:56,7.7489,76.8351,0.9998
2025-11-12 12:53:56,7.7451,58.0391,0.9998
2025-11-12 12:53:56,7.7468,36.2882,0.9999
2025-11-12 12:53:56,7.7467,35.2330,0.9999
2025-11-12 12:53:56,7.7443,28.1220,0.9999
2025-11-12 12:53:56,7.7475,43.1444,0.9999
2025-11-12 12:53:56,7.7476,41.6375,0.9999
2025-11-12 12:53:57,7.7457,35.4396,0.9999
2025-11-12 12:53:57,7.7463,35.6344,0.9999
2025-11-12 12:53:57,7.7413,16.9562,0.9999
2025-11-12 12:53:57,7.7407,21.3289,0.9999
2025-11-12 12:53:57,7.7278,121.5920,0.9996
2025-11-12 12:53:57,7.7286,131.7884,0.9996
2025-11-12 12:53:57,7.7307,151.7180,0.9995
2025-11-12 12:53:57,7.7311,151.1399,0.9995
2025-11-12 12:53:57,7.7377,46.9626,0.9999
2025-11-12 12:53:57,7.7391,61.2094,0.9998
2025-11-12 12:53:58,7.7348,54.2015,0.9998
2025-11-12 12:53:58,7.7343,56.0538,0.9998
2025-11-12 12:53:58,7.7346,54.2010,0.9998
2025-11-12 12:53:58,7.7339,44.5697,0.9999
2025-11-12 12:53:58,7.7380,52.8132,0.9998
2025-11-12 12:53:58,7.7389,47.5328,0.9999
2025-11-12 12:53:58,7.7358,87.1823,0.9997
2025-11-12 12:53:58,7.7340,68.9302,0.9998
2025-11-12 12:53:58,7.7164,208.8436,0.9993
2025-11-12 12:53:58,7.7165,209.9260,0.9993
2025-11-12 12:53:58,7.7164,210.4061,0.9993
2025-11-12 12:53:59,7.7192,273.1942,0.9991
2025-11-12 12:53:59,7.7266,132.5336,0.9996
2025-11-12 12:53:59,7.7254,130.0592,0.9996
2025-11-12 12:53:59,7.7266,119.5951,0.9996
2025-11-12 12:53:59,7.7266,118.8732,0.9996
2025-11-12 12:53:59,7.7300,86.5969,0.9997
2025-11-12 12:53:59,7.7236,138.2742,0.9996
2025-11-12 12:53:59,7.7225,144.9905,0.9995
2025-11-12 12:53:59,7.7245,195.6522,0.9994
2025-11-12 12:53:59,7.7147,312.7079,0.9990
2025-11-12 12:53:59,7.7165,300.2319,0.9990
2025-11-12 12:53:59,7.7181,297.0017,0.9991
2025-11-12 12:53:59,7.7188,321.7053,0.9990
2025-11-12 12:54:00,7.7371,201.2657,0.9994
2025-11-12 12:54:00,7.7330,291.0717,0.9991
2025-11-12 12:54:00,7.7319,303.4491,0.9991
2025-11-12 12:54:00,7.7289,240.0885,0.9993
2025-11-12 12:54:00,7.7293,246.4788,0.9992
2025-11-12 12:54:00,7.7369,122.8961,0.9996
2025-11-12 12:54:00,7.7363,131.0504,0.9996
2025-11-12 12:54:00,7.7371,141.4135,0.9996
2025-11-12 12:54:00,7.7360,129.3159,0.9996
2025-11-12 12:54:01,7.7370,121.1360,0.9996
2025-11-12 12:54:01,7.7388,94.7086,0.9997
2025-11-12 12:54:01,7.7355,60.4085,0.9998
2025-11-12 12:54:01,7.7365,71.9446,0.9998
2025-11-12 12:54:01,7.7336,99.5673,0.9997
2025-11-12 12:54:01,7.7336,99.1752,0.9997
2025-11-12 12:54:01,7.7380,155.5528,0.9995
2025-11-12 12:54:01,7.7350,130.3879,0.9996
2025-11-12 12:54:01,7.7384,96.4523,0.9997
2025-11-12 12:54:01,7.7376,107.4385,0.9997
2025-11-12 12:54:01,7.7356,75.3631,0.9998
2025-11-12 12:54:02,7.7351,73.3635,0.9998
2025-11-12 12:54:02,7.7328,88.9375,0.9997
2025-11-12 12:54:02,7.7320,97.7374,0.9997
2025-11-12 12:54:02,7.7338,129.0181,0.9996
2025-11-12 12:54:02,7.7362,146.3304,0.9996
2025-11-12 12:54:02,7.7397,118.9776,0.9996
2025-11-12 12:54:02,7.7405,106.3900,0.9997
2025-11-12 12:54:02,7.7399,98.3209,0.9997
2025-11-12 12:54:02,7.7354,86.0494,0.9997
2025-11-12 12:54:03,7.7343,89.2469,0.9997
2025-11-12 12:54:03,7.7340,92.5993,0.9997
2025-11-12 12:54:03,7.7334,81.7685,0.9997
2025-11-12 12:54:03,7.7365,90.3289,0.9997
2025-11-12 12:54:03,7.7364,90.8129,0.9997
2025-11-12 12:54:03,7.7373,79.0747,0.9998
2025-11-12 12:54:03,7.7385,98.2123,0.9997
2025-11-12 12:54:03,7.7368,93.4071,0.9997
2025-11-12 12:54:03,7.7348,108.1881,0.9997
2025-11-12 12:54:04,7.7321,145.5299,0.9996
2025-11-12 12:54:04,7.7333,171.6258,0.9995
2025-11-12 12:54:04,7.7342,175.4913,0.9995
2025-11-12 12:54:04,7.7354,165.7490,0.9995
2025-11-12 12:54:04,7.7385,118.3330,0.9996
2025-11-12 12:54:04,7.7376,101.7519,0.9997
2025-11-12 12:54:04,7.7357,99.8601,0.9997
2025-11-12 12:54:04,7.7349,105.6441,0.9997
2025-11-12 12:54:04,7.7327,132.5556,0.9996
2025-11-12 12:54:05,7.7339,159.6860,0.9995
2025-11-12 12:54:05,7.7367,167.8930,0.9995
2025-11-12 12:54:05,7.7388,152.3148,0.9995
2025-11-12 12:54:05,7.7393,143.6815,0.9996
2025-11-12 12:54:05,7.7395,148.1557,0.9996
2025-11-12 12:54:05,7.7359,146.8208,0.9996
2025-11-12 12:54:05,7.7341,156.6929,0.9995
2025-11-12 12:54:05,7.7362,131.9206,0.9996
2025-11-12 12:54:05,7.7370,152.7324,0.9995
2025-11-12 12:54:05,7.7424,160.4315,0.9995
2025-11-12 12:54:06,7.7436,146.8947,0.9996
2025-11-12 12:54:06,7.7415,182.1104,0.9995
2025-11-12 12:54:06,7.7408,167.0231,0.9995
2025-11-12 12:54:06,7.7396,158.8154,0.9995
2025-11-12 12:54:06,7.7399,156.0213,0.9995
2025-11-12 12:54:06,7.7424,117.8844,0.9996
2025-11-12 12:54:06,7.7423,116.4295,0.9996
2025-11-12 12:54:06,7.7451,134.2866,0.9996
2025-11-12 12:54:06,7.7442,144.2335,0.9996
2025-11-12 12:54:06,7.7433,157.2317,0.9995
2025-11-12 12:54:06,7.7429,149.4081,0.9996
2025-11-12 12:54:07,7.7433,153.5785,0.9995
2025-11-12 12:54:07,7.7453,134.1790,0.9996
2025-11-12 12:54:07,7.7444,150.3114,0.9995
2025-11-12 12:54:07,7.7449,157.7086,0.9995
2025-11-12 12:54:07,7.7467,180.9113,0.9995
2025-11-12 12:54:07,7.7458,189.5464,0.9994
2025-11-12 12:54:07,7.7459,187.7893,0.9994
2025-11-12 12:54:07,7.7447,169.9188,0.9995
2025-11-12 12:54:07,7.7440,158.5588,0.9995
2025-11-12 12:54:07,7.7452,148.8990,0.9996
2025-11-12 12:54:07,7.7456,141.7988,0.9996
2025-11-12 12:54:08,7.7460,147.5726,0.9996
2025-11-12 12:54:08,7.7470,161.5635,0.9995
2025-11-12 12:54:08,7.7458,172.6885,0.9995
2025-11-12 12:54:08,7.7462,164.2174,0.9995
2025-11-12 12:54:08,7.7436,134.1797,0.9996
2025-11-12 12:54:08,7.7425,116.5405,0.9996
2025-11-12 12:54:08,7.7420,121.3048,0.9996
2025-11-12 12:54:08,7.7427,110.1621,0.9997
2025-11-12 12:54:09,7.7441,125.0182,0.9996
2025-11-12 12:54:09,7.7419,98.9358,0.9997
2025-11-12 12:54:09,7.7424,94.2282,0.9997
2025-11-12 12:54:09,7.7416,106.0417,0.9997
2025-11-12 12:54:09,7.7421,113.4764,0.9997
2025-11-12 12:54:09,7.7447,143.9468,0.9996
2025-11-12 12:54:09,7.7447,143.9468,0.9996
2025-11-12 12:54:09,7.7428,178.9180,0.9995
2025-11-12 12:54:09,7.7438,194.2533,0.9994
2025-11-12 12:54:09,7.7431,184.3844,0.9994
2025-11-12 12:54:09,7.7439,178.1315,0.9995
2025-11-12 12:54:10,7.7443,170.2906,0.9995
2025-11-12 12:54:10,7.7415,133.3262,0.9996
2025-11-12 12:54:10,7.7416,133.9808,0.9996
2025-11-12 12:54:10,7.7415,134.4112,0.9996
2025-11-12 12:54:10,7.7432,106.1098,0.9997
2025-11-12 12:54:10,7.7432,106.7371,0.9997
2025-11-12 12:54:10,7.7431,104.4054,0.9997
2025-11-12 12:54:10,7.7421,111.5386,0.9997
2025-11-12 12:54:10,7.7415,121.2832,0.9996
2025-11-12 12:54:10,7.7417,124.1050,0.9996
2025-11-12 12:54:11,7.7435,152.5640,0.9995
2025-11-12 12:54:11,7.7434,153.0916,0.9995
2025-11-12 12:54:11,7.7422,175.1067,0.9995
2025-11-12 12:54:11,7.7425,178.1789,0.9995
2025-11-12 12:54:11,7.7421,170.0761,0.9995
2025-11-12 12:54:11,7.7424,167.7066,0.9995
2025-11-12 12:54:11,7.7442,135.0987,0.9996
2025-11-12 12:54:11,7.7423,119.4055,0.9996
2025-11-12 12:54:11,7.7427,126.5097,0.9996
2025-11-12 12:54:12,7.7426,127.6020,0.9996
2025-11-12 12:54:12,7.7410,154.2835,0.9995
2025-11-12 12:54:12,7.7436,180.9326,0.9995
2025-11-12 12:54:12,7.7440,187.5118,0.9994
2025-11-12 12:54:12,7.7431,196.1161,0.9994
2025-11-12 12:54:12,7.7425,209.6930,0.9994
2025-11-12 12:54:12,7.7386,173.0639,0.9995
2025-11-12 12:54:12,7.7379,157.9384,0.9995
2025-11-12 12:54:12,7.7394,148.8199,0.9995
2025-11-12 12:54:13,7.7395,147.8197,0.9996
2025-11-12 12:54:13,7.7431,180.1222,0.9995
2025-11-12 12:54:13,7.7390,127.8017,0.9996
2025-11-12 12:54:13,7.7382,131.5905,0.9996
2025-11-12 12:54:13,7.7401,101.3202,0.9997
2025-11-12 12:54:13,7.7396,94.4894,0.9997
2025-11-12 12:54:13,7.7415,112.6305,0.9997
2025-11-12 12:54:13,7.7425,105.6246,0.9997
2025-11-12 12:54:13,7.7412,128.2293,0.9996
2025-11-12 12:54:13,7.7427,150.1530,0.9995
2025-11-12 12:54:13,7.7453,185.6088,0.9994
2025-11-12 12:54:14,7.7449,188.6923,0.9994
2025-11-12 12:54:14,7.7442,205.1535,0.9994
2025-11-12 12:54:14,7.7432,191.9020,0.9994
2025-11-12 12:54:14,7.7423,176.7706,0.9995
2025-11-12 12:54:14,7.7405,192.9242,0.9994
2025-11-12 12:54:14,7.7409,185.3930,0.9994
2025-11-12 12:54:14,7.7392,164.4731,0.9995
2025-11-12 12:54:14,7.7374,134.7333,0.9996
2025-11-12 12:54:14,7.7377,131.8916,0.9996
2025-11-12 12:54:14,7.7364,155.7697,0.9995
2025-11-12 12:54:14,7.7379,176.8516,0.9995
2025-11-12 12:54:14,7.7391,195.4101,0.9994
2025-11-12 12:54:15,7.7414,180.4321,0.9995
2025-11-12 12:54:15,7.7445,118.8275,0.9996
2025-11-12 12:54:15,7.7444,117.8133,0.9996
2025-11-12 12:54:15,7.7454,130.8671,0.9996
2025-11-12 12:54:15,7.7438,143.3550,0.9996
2025-11-12 12:54:15,7.7422,173.2304,0.9995
2025-11-12 12:54:15,7.7409,157.9077,0.9995
2025-11-12 12:54:15,7.7398,139.9838,0.9996
2025-11-12 12:54:15,7.7403,136.8101,0.9996
2025-11-12 12:54:15,7.7371,202.9227,0.9994
2025-11-12 12:54:15,7.7387,224.2174,0.9993
2025-11-12 12:54:16,7.7405,258.4342,0.9992
2025-11-12 12:54:16,7.7399,262.9961,0.9992
2025-11-12 12:54:16,7.7448,158.0436,0.9995
2025-11-12 12:54:16,7.7436,146.0605,0.9996
2025-11-12 12:54:16,7.7433,140.4058,0.9996
2025-11-12 12:54:16,7.7437,137.1059,0.9996
2025-11-12 12:54:16,7.7434,142.1163,0.9996
2025-11-12 12:54:16,7.7455,166.6144,0.9995
2025-11-12 12:54:16,7.7419,122.6113,0.9996
2025-11-12 12:54:17,7.7418,123.5431,0.9996
2025-11-12 12:54:17,7.7418,124.1563,0.9996
2025-11-12 12:54:17,7.7404,104.2788,0.9997
2025-11-12 12:54:17,7.7424,127.1000,0.9996
2025-11-12 12:54:17,7.7430,122.4363,0.9996
2025-11-12 12:54:17,7.7432,119.0225,0.9996
2025-11-12 12:54:17,7.7449,141.8454,0.9996
2025-11-12 12:54:17,7.7428,121.4189,0.9996
2025-11-12 12:54:18,7.7432,118.2367,0.9996
2025-11-12 12:54:18,7.7418,144.4480,0.9996
2025-11-12 12:54:18,7.7394,109.0143,0.9997
2025-11-12 12:54:18,7.7391,106.4537,0.9997
2025-11-12 12:54:18,7.7378,113.0646,0.9997
2025-11-12 12:54:18,7.7395,87.3878,0.9997
2025-11-12 12:54:18,7.7422,128.6226,0.9996
2025-11-12 12:54:18,7.7445,150.0754,0.9995
2025-11-12 12:54:18,7.7449,145.6279,0.9996
2025-11-12 12:54:18,7.7431,179.4285,0.9995
2025-11-12 12:54:19,7.7416,155.3519,0.9995
2025-11-12 12:54:19,7.7400,136.2638,0.9996
2025-11-12 12:54:19,7.7410,130.8414,0.9996
2025-11-12 12:54:19,7.7401,148.3848,0.9996
2025-11-12 12:54:19,7.7414,170.7705,0.9995
2025-11-12 12:54:19,7.7387,152.2752,0.9995
2025-11-12 12:54:19,7.7387,152.3536,0.9995
2025-11-12 12:54:19,7.7397,133.9592,0.9996
2025-11-12 12:54:19,7.7368,87.5376,0.9997
2025-11-12 12:54:19,7.7390,104.3178,0.9997
2025-11-12 12:54:20,7.7397,102.3097,0.9997
2025-11-12 12:54:20,7.7398,100.4309,0.9997
2025-11-12 12:54:20,7.7417,124.6759,0.9996
2025-11-12 12:54:20,7.7449,161.8539,0.9995
2025-11-12 12:54:20,7.7434,172.8899,0.9995
2025-11-12 12:54:20,7.7449,144.2240,0.9996
2025-11-12 12:54:20,7.7439,131.8609,0.9996
2025-11-12 12:54:20,7.7407,93.4460,0.9997
2025-11-12 12:54:20,7.7422,85.6072,0.9997
2025-11-12 12:54:20,7.7404,115.1022,0.9997
2025-11-12 12:54:20,7.7399,108.8561,0.9997
2025-11-12 12:54:20,7.7411,122.2837,0.9996
2025-11-12 12:54:21,7.7405,124.8038,0.9996
2025-11-12 12:54:21,7.7422,96.8206,0.9997
2025-11-12 12:54:21,7.7436,114.2823,0.9997
2025-11-12 12:54:21,7.7443,121.6409,0.9996
2025-11-12 12:54:21,7.7438,125.1426,0.9996
2025-11-12 12:54:21,7.7438,125.5941,0.9996
2025-11-12 12:54:21,7.7442,131.5023,0.9996
2025-11-12 12:54:21,7.7447,137.1440,0.9996
2025-11-12 12:54:21,7.7443,140.2413,0.9996
2025-11-12 12:54:21,7.7453,125.5002,0.9996
2025-11-12 12:54:22,7.7417,90.4690,0.9997
2025-11-12 12:54:22,7.7418,92.1432,0.9997
2025-11-12 12:54:22,7.7414,95.2861,0.9997
2025-11-12 12:54:22,7.7399,115.6990,0.9996
2025-11-12 12:54:22,7.7438,158.4176,0.9995
2025-11-12 12:54:22,7.7430,148.5406,0.9996
2025-11-12 12:54:22,7.7439,140.9893,0.9996
2025-11-12 12:54:22,7.7433,152.2151,0.9995
2025-11-12 12:54:22,7.7415,128.3820,0.9996
2025-11-12 12:54:23,7.7416,128.8052,0.9996
2025-11-12 12:54:23,7.7419,126.9065,0.9996
2025-11-12 12:54:23,7.7416,131.6257,0.9996
2025-11-12 12:54:23,7.7421,137.8217,0.9996
2025-11-12 12:54:23,7.7418,133.6201,0.9996
2025-11-12 12:54:23,7.7403,143.6712,0.9996
2025-11-12 12:54:23,7.7398,152.7711,0.9995
2025-11-12 12:54:23,7.7390,141.1579,0.9996
2025-11-12 12:54:23,7.7399,155.2771,0.9995
2025-11-12 12:54:23,7.7399,155.2502,0.9995
2025-11-12 12:54:23,7.7416,126.9178,0.9996
2025-11-12 12:54:24,7.7425,138.1584,0.9996
2025-11-12 12:54:24,7.7428,142.0358,0.9996
2025-11-12 12:54:24,7.7407,166.1035,0.9995
2025-11-12 12:54:24,7.7392,190.9216,0.9994
2025-11-12 12:54:24,7.7381,175.2140,0.9995
2025-11-12 12:54:24,7.7388,187.4447,0.9994
2025-11-12 12:54:24,7.7386,189.9744,0.9994
2025-11-12 12:54:24,7.7389,184.7703,0.9994
2025-11-12 12:54:24,7.7377,172.4083,0.9995
2025-11-12 12:54:25,7.7382,182.9546,0.9994
2025-11-12 12:54:25,7.7423,147.0768,0.9996
2025-11-12 12:54:25,7.7430,135.5085,0.9996
2025-11-12 12:54:25,7.7442,144.8205,0.9996
2025-11-12 12:54:25,7.7426,120.3967,0.9996
2025-11-12 12:54:25,7.7434,117.1460,0.9996
2025-11-12 12:54:25,7.7431,122.1065,0.9996
2025-11-12 12:54:25,7.7432,122.9957,0.9996
2025-11-12 12:54:25,7.7440,133.7377,0.9996
2025-11-12 12:54:26,7.7412,152.3875,0.9995
2025-11-12 12:54:26,7.7424,132.2848,0.9996
2025-11-12 12:54:26,7.7408,118.4994,0.9996
2025-11-12 12:54:26,7.7402,108.6204,0.9997
2025-11-12 12:54:26,7.7420,96.0755,0.9997
2025-11-12 12:54:26,7.7401,127.3986,0.9996
2025-11-12 12:54:26,7.7411,135.6219,0.9996
2025-11-12 12:54:26,7.7407,130.0667,0.9996
2025-11-12 12:54:26,7.7389,141.3900,0.9996
2025-11-12 12:54:26,7.7393,135.2080,0.9996
2025-11-12 12:54:26,7.7403,146.9333,0.9996
2025-11-12 12:54:27,7.7413,164.0401,0.9995
2025-11-12 12:54:27,7.7390,191.5768,0.9994
2025-11-12 12:54:27,7.7388,193.9511,0.9994
2025-11-12 12:54:27,7.7401,212.2041,0.9994
2025-11-12 12:54:27,7.7403,217.1567,0.9993
2025-11-12 12:54:27,7.7415,201.2317,0.9994
2025-11-12 12:54:27,7.7433,170.7432,0.9995
2025-11-12 12:54:27,7.7395,132.4390,0.9996
2025-11-12 12:54:27,7.7395,133.1984,0.9996
2025-11-12 12:54:27,7.7426,107.4208,0.9997
2025-11-12 12:54:27,7.7407,138.6836,0.9996
2025-11-12 12:54:27,7.7408,139.0635,0.9996
2025-11-12 12:54:28,7.7397,120.3757,0.9996
2025-11-12 12:54:28,7.7384,127.0598,0.9996
2025-11-12 12:54:28,7.7370,151.2850,0.9995
2025-11-12 12:54:28,7.7383,163.4163,0.9995
2025-11-12 12:54:28,7.7393,181.8260,0.9994
2025-11-12 12:54:28,7.7410,173.0039,0.9995
2025-11-12 12:54:28,7.7441,114.3023,0.9997
2025-11-12 12:54:28,7.7443,115.8983,0.9997
2025-11-12 12:54:28,7.7423,88.9781,0.9997
2025-11-12 12:54:28,7.7417,92.3580,0.9997
2025-11-12 12:54:29,7.7418,90.2494,0.9997
2025-11-12 12:54:29,7.7384,71.0080,0.9998
2025-11-12 12:54:29,7.7390,81.0296,0.9998
2025-11-12 12:54:29,7.7389,81.4653,0.9998
2025-11-12 12:54:29,7.7359,129.1352,0.9996
2025-11-12 12:54:29,7.7360,129.6733,0.9996
2025-11-12 12:54:29,7.7366,141.5262,0.9996
2025-11-12 12:54:29,7.7369,140.8757,0.9996
2025-11-12 12:54:29,7.7381,118.6540,0.9996
2025-11-12 12:54:30,7.7418,141.6019,0.9996
2025-11-12 12:54:30,7.7431,163.4376,0.9995
2025-11-12 12:54:30,7.7423,169.2184,0.9995
2025-11-12 12:54:30,7.7423,169.0506,0.9995
2025-11-12 12:54:30,7.7416,162.8354,0.9995
2025-11-12 12:54:30,7.7410,151.8921,0.9995
2025-11-12 12:54:30,7.7407,154.1909,0.9995
2025-11-12 12:54:30,7.7396,174.7214,0.9995
2025-11-12 12:54:30,7.7410,190.4679,0.9994
2025-11-12 12:54:31,7.7408,186.8451,0.9994
2025-11-12 12:54:31,7.7423,177.4526,0.9995
2025-11-12 12:54:31,7.7450,125.1863,0.9996
2025-11-12 12:54:31,7.7417,103.7259,0.9997
2025-11-12 12:54:31,7.7418,105.8181,0.9997
2025-11-12 12:54:31,7.7419,105.4889,0.9997
2025-11-12 12:54:31,7.7392,152.5213,0.9995
2025-11-12 12:54:31,7.7389,150.9102,0.9995
2025-11-12 12:54:31,7.7398,170.2715,0.9995
2025-11-12 12:54:31,7.7392,172.5670,0.9995
2025-11-12 12:54:32,7.7406,145.4308,0.9996
2025-11-12 12:54:32,7.7412,147.4097,0.9996
2025-11-12 12:54:32,7.7390,107.7377,0.9997
2025-11-12 12:54:32,7.7381,112.1992,0.9997
2025-11-12 12:54:32,7.7398,88.8480,0.9997
2025-11-12 12:54:32,7.7415,100.7474,0.9997
2025-11-12 12:54:32,7.7431,126.0183,0.9996
2025-11-12 12:54:32,7.7443,116.2138,0.9997
2025-11-12 12:54:32,7.7416,166.1492,0.9995
2025-11-12 12:54:33,7.7408,159.8321,0.9995
2025-11-12 12:54:33,7.7395,137.1990,0.9996
2025-11-12 12:54:33,7.7405,134.4797,0.9996
2025-11-12 12:54:33,7.7414,118.6374,0.9996
2025-11-12 12:54:33,7.7373,109.1272,0.9997
2025-11-12 12:54:33,7.7358,85.0690,0.9997
2025-11-12 12:54:33,7.7335,86.6888,0.9997
2025-11-12 12:54:33,7.7332,90.3643,0.9997
2025-11-12 12:54:33,7.7374,111.7878,0.9997
2025-11-12 12:54:33,7.7399,151.6940,0.9995
2025-11-12 12:54:33,7.7404,148.1484,0.9996
2025-11-12 12:54:34,7.7400,156.3724,0.9995
2025-11-12 12:54:34,7.7385,147.1501,0.9996
2025-11-12 12:54:34,7.7359,102.8034,0.9997
2025-11-12 12:54:34,7.7351,105.6971,0.9997
2025-11-12 12:54:34,7.7370,78.8870,0.9998
2025-11-12 12:54:34,7.7313,78.7701,0.9998
2025-11-12 12:54:34,7.7326,102.4010,0.9997
2025-11-12 12:54:34,7.7333,100.8886,0.9997
2025-11-12 12:54:34,7.7309,130.6692,0.9996
2025-11-12 12:54:34,7.7353,126.3698,0.9996
2025-11-12 12:54:35,7.7355,130.2796,0.9996
2025-11-12 12:54:35,7.7340,137.1309,0.9996
2025-11-12 12:54:35,7.7351,119.6847,0.9996
2025-11-12 12:54:35,7.7349,118.9820,0.9996
2025-11-12 12:54:35,7.7354,128.6483,0.9996
2025-11-12 12:54:35,7.7353,128.9751,0.9996
2025-11-12 12:54:35,7.7366,111.8614,0.9997
2025-11-12 12:54:35,7.7369,112.5334,0.9997
2025-11-12 12:54:35,7.7355,89.1352,0.9997
2025-11-12 12:54:35,7.7350,92.9729,0.9997
2025-11-12 12:54:36,7.7349,94.8562,0.9997
2025-11-12 12:54:36,7.7355,97.7036,0.9997
2025-11-12 12:54:36,7.7366,117.4223,0.9996
2025-11-12 12:54:36,7.7379,107.3191,0.9997
2025-11-12 12:54:36,7.7372,118.0544,0.9996
2025-11-12 12:54:36,7.7393,130.6540,0.9996
2025-11-12 12:54:36,7.7403,150.5566,0.9995
2025-11-12 12:54:36,7.7410,145.7679,0.9996
2025-11-12 12:54:36,7.7404,155.7659,0.9995
2025-11-12 12:54:36,7.7397,150.9311,0.9995
2025-11-12 12:54:37,7.7370,105.3676,0.9997
2025-11-12 12:54:37,7.7364,108.1947,0.9997
2025-11-12 12:54:37,7.7362,111.7033,0.9997
2025-11-12 12:54:37,7.7367,116.3197,0.9996
2025-11-12 12:54:37,7.7353,97.6995,0.9997
2025-11-12 12:54:37,7.7361,94.4319,0.9997
2025-11-12 12:54:37,7.7382,64.3965,0.9998
2025-11-12 12:54:37,7.7384,66.0529,0.9998
2025-11-12 12:54:37,7.7386,68.7560,0.9998
2025-11-12 12:54:38,7.7397,64.7866,0.9998
2025-11-12 12:54:38,7.7383,84.2472,0.9997
2025-11-12 12:54:38,7.7370,74.4081,0.9998
2025-11-12 12:54:38,7.7375,79.3719,0.9998
2025-11-12 12:54:38,7.7361,83.1144,0.9997
2025-11-12 12:54:38,7.7351,99.7742,0.9997
2025-11-12 12:54:38,7.7319,86.3936,0.9997
2025-11-12 12:54:38,7.7335,113.0230,0.9997
2025-11-12 12:54:38,7.7337,112.4675,0.9997
2025-11-12 12:54:38,7.7344,102.3667,0.9997
2025-11-12 12:54:38,7.7270,157.5947,0.9995
2025-11-12 12:54:39,7.7282,185.4923,0.9994
2025-11-12 12:54:39,7.7282,185.5925,0.9994
2025-11-12 12:54:39,7.7273,195.9602,0.9994
2025-11-12 12:54:39,7.7327,144.5257,0.9996
2025-11-12 12:54:39,7.7331,155.2160,0.9995
2025-11-12 12:54:39,7.7337,154.7552,0.9995
2025-11-12 12:54:39,7.7347,139.1946,0.9996
2025-11-12 12:54:39,7.7268,242.3779,0.9992
2025-11-12 12:54:39,7.7266,236.8889,0.9993
2025-11-12 12:54:39,7.7248,232.6773,0.9993
2025-11-12 12:54:39,7.7207,280.1928,0.9991
2025-11-12 12:54:39,7.7257,220.8752,0.9993
2025-11-12 12:54:39,7.7234,162.1608,0.9995
2025-11-12 12:54:40,7.7251,167.5186,0.9995
2025-11-12 12:54:40,7.7295,105.5890,0.9997
2025-11-12 12:54:40,7.7281,121.5682,0.9996
2025-11-12 12:54:40,7.7272,106.1903,0.9997
2025-11-12 12:54:40,7.7277,107.8008,0.9997
2025-11-12 12:54:40,7.7255,132.0059,0.9996
2025-11-12 12:54:40,7.7251,136.1500,0.9996
2025-11-12 12:54:40,7.7212,76.8721,0.9998
2025-11-12 12:54:40,7.7212,76.5517,0.9998
2025-11-12 12:54:40,7.7230,61.3290,0.9998
2025-11-12 12:54:41,7.7241,51.1043,0.9998
2025-11-12 12:54:41,7.7231,42.3646,0.9999
2025-11-12 12:54:41,7.7238,48.1304,0.9998
2025-11-12 12:54:41,7.7241,46.1756,0.9999
2025-11-12 12:54:41,7.7099,334.8208,0.9989
2025-11-12 12:54:41,7.7146,431.9809,0.9986
2025-11-12 12:54:41,7.7137,420.0552,0.9987
2025-11-12 12:54:41,7.7154,421.0888,0.9987
2025-11-12 12:54:41,7.7225,209.5251,0.9993
2025-11-12 12:54:41,7.7228,215.2835,0.9993
2025-11-12 12:54:41,7.7207,205.5236,0.9994
2025-11-12 12:54:42,7.7182,213.7674,0.9993
2025-11-12 12:54:42,7.7255,104.7736,0.9997
2025-11-12 12:54:42,7.7254,102.9802,0.9997
2025-11-12 12:54:42,7.7250,103.2377,0.9997
2025-11-12 12:54:42,7.7239,114.6118,0.9996
2025-11-12 12:54:42,7.7199,159.5163,0.9995
2025-11-12 12:54:42,7.7195,150.7325,0.9995
2025-11-12 12:54:42,7.7201,152.5016,0.9995
2025-11-12 12:54:43,7.7212,143.1336,0.9996
2025-11-12 12:54:43,7.7221,129.4298,0.9996
2025-11-12 12:54:43,7.7224,134.6510,0.9996
2025-11-12 12:54:43,7.7227,135.2974,0.9996
2025-11-12 12:54:43,7.7232,130.9110,0.9996
2025-11-12 12:54:43,7.7221,148.2284,0.9995
2025-11-12 12:54:43,7.7185,84.8145,0.9997
2025-11-12 12:54:43,7.7174,80.1814,0.9997
2025-11-12 12:54:43,7.7169,82.1725,0.9997
2025-11-12 12:54:44,7.7198,51.1839,0.9998
2025-11-12 12:54:44,7.7253,152.6752,0.9995
2025-11-12 12:54:44,7.7269,152.2504,0.9995
2025-11-12 12:54:44,7.7288,135.4389,0.9996
2025-11-12 12:54:44,7.7231,241.8658,0.9992
2025-11-12 12:54:44,7.7232,244.8332,0.9992
2025-11-12 12:54:44,7.7226,243.1547,0.9992
2025-11-12 12:54:44,7.7212,250.2163,0.9992
2025-11-12 12:54:44,7.7211,252.4670,0.9992
2025-11-12 12:54:44,7.7205,237.6201,0.9993
2025-11-12 12:54:44,7.7214,241.6530,0.9992
2025-11-12 12:54:45,7.7213,242.1518,0.9992
2025-11-12 12:54:45,7.7213,242.1518,0.9992
2025-11-12 12:54:45,7.7226,277.8606,0.9991
2025-11-12 12:54:45,7.7239,285.1866,0.9991
2025-11-12 12:54:45,7.7245,280.5109,0.9991
2025-11-12 12:54:45,7.7242,287.3574,0.9991
2025-11-12 12:54:45,7.7260,339.1823,0.9989
2025-11-12 12:54:45,7.7254,336.0002,0.9990
2025-11-12 12:54:45,7.7268,327.2438,0.9990
2025-11-12 12:54:45,7.7270,319.9583,0.9990
2025-11-12 12:54:46,7.7271,322.7847,0.9990
2025-11-12 12:54:46,7.7250,320.0362,0.9990
2025-11-12 12:54:46,7.7222,338.6755,0.9989
2025-11-12 12:54:46,7.7219,345.1444,0.9989
2025-11-12 12:54:46,7.7209,312.9503,0.9990
2025-11-12 12:54:46,7.7212,313.5744,0.9990
2025-11-12 12:54:46,7.7246,295.2831,0.9991
2025-11-12 12:54:46,7.7249,288.3712,0.9991
2025-11-12 12:54:46,7.7256,308.9579,0.9990
2025-11-12 12:54:46,7.7249,309.5372,0.9990
2025-11-12 12:54:46,7.7245,310.6802,0.9990
2025-11-12 12:54:47,7.7245,310.6802,0.9990
2025-11-12 12:54:47,7.7247,316.2373,0.9990
2025-11-12 12:54:47,7.7264,316.7255,0.9990
2025-11-12 12:54:47,7.7245,328.4210,0.9990
2025-11-12 12:54:47,7.7245,328.4210,0.9990
2025-11-12 12:54:47,7.7247,334.0184,0.9990
2025-11-12 12:54:47,7.7243,332.9993,0.9990
2025-11-12 12:54:47,7.7244,332.0742,0.9990
2025-11-12 12:54:47,7.7244,332.0742,0.9990
2025-11-12 12:54:47,7.7237,307.8399,0.9990
2025-11-12 12:54:47,7.7250,312.9762,0.9990
2025-11-12 12:54:48,7.7266,302.6603,0.9991
2025-11-12 12:54:48,7.7266,302.6603,0.9991
2025-11-12 12:54:48,7.7271,317.1649,0.9990
2025-11-12 12:54:48,7.7263,314.6565,0.9990
2025-11-12 12:54:48,7.7235,334.5459,0.9990
2025-11-12 12:54:48,7.7235,334.5459,0.9990
2025-11-12 12:54:48,7.7226,304.2172,0.9990
2025-11-12 12:54:48,7.7240,312.9381,0.9990
2025-11-12 12:54:48,7.7250,303.5377,0.9991
2025-11-12 12:54:49,7.7253,297.7377,0.9991
2025-11-12 12:54:49,7.7257,311.3556,0.9990
2025-11-12 12:54:49,7.7257,311.3556,0.9990
2025-11-12 12:54:49,7.7257,311.4178,0.9990
2025-11-12 12:54:49,7.7256,314.2005,0.9990
2025-11-12 12:54:49,7.7254,308.6913,0.9990
2025-11-12 12:54:49,7.7233,299.0192,0.9991
2025-11-12 12:54:49,7.7244,292.1779,0.9991
2025-11-12 12:54:49,7.7243,295.1705,0.9991
2025-11-12 12:54:49,7.7251,320.0505,0.9990
2025-11-12 12:54:49,7.7247,319.7506,0.9990
2025-11-12 12:54:49,7.7227,333.6143,0.9990
2025-11-12 12:54:50,7.7227,333.6143,0.9990
2025-11-12 12:54:50,7.7215,294.9086,0.9991
2025-11-12 12:54:50,7.7226,298.8643,0.9991
2025-11-12 12:54:50,7.7251,282.7764,0.9991
2025-11-12 12:54:50,7.7249,288.6521,0.9991
2025-11-12 12:54:50,7.7250,292.8290,0.9991
2025-11-12 12:54:50,7.7250,292.5799,0.9991
2025-11-12 12:54:50,7.7226,307.2491,0.9990
2025-11-12 12:54:50,7.7228,301.6975,0.9991
2025-11-12 12:54:50,7.7233,316.8308,0.9990
2025-11-12 12:54:51,7.7237,318.7211,0.9990
2025-11-12 12:54:51,7.7252,307.5654,0.9990
2025-11-12 12:54:51,7.7252,307.5654,0.9990
2025-11-12 12:54:51,7.7241,276.7365,0.9991
2025-11-12 12:54:51,7.7241,276.7365,0.9991
2025-11-12 12:54:51,7.7228,286.0540,0.9991
2025-11-12 12:54:51,7.7228,286.0540,0.9991
2025-11-12 12:54:51,7.7243,332.8728,0.9990
2025-11-12 12:54:52,7.7239,331.0932,0.9990
2025-11-12 12:54:52,7.7244,326.7670,0.9990
2025-11-12 12:54:52,7.7244,326.7670,0.9990
2025-11-12 12:54:52,7.7251,350.5790,0.9989
2025-11-12 12:54:52,7.7234,348.6950,0.9989
2025-11-12 12:54:52,7.7230,351.6819,0.9989
2025-11-12 12:54:52,7.7230,351.6819,0.9989
2025-11-12 12:54:52,7.7219,315.1772,0.9990
2025-11-12 12:54:52,7.7246,322.9266,0.9990
2025-11-12 12:54:52,7.7253,316.9625,0.9990
2025-11-12 12:54:52,7.7253,316.9625,0.9990
2025-11-12 12:54:53,7.7252,314.4511,0.9990
2025-11-12 12:54:53,7.7252,314.4511,0.9990
2025-11-12 12:54:53,7.7249,316.6615,0.9990
2025-11-12 12:54:53,7.7249,316.6615,0.9990
2025-11-12 12:54:53,7.7268,377.0016,0.9988
2025-11-12 12:54:53,7.7257,373.7675,0.9988
2025-11-12 12:54:53,7.7260,370.6869,0.9988
2025-11-12 12:54:53,7.7260,370.6869,0.9988
2025-11-12 12:54:53,7.7262,376.3255,0.9988
2025-11-12 12:54:53,7.7276,380.3770,0.9988
2025-11-12 12:54:53,7.7290,369.1552,0.9989
2025-11-12 12:54:53,7.7290,369.1552,0.9989
2025-11-12 12:54:54,7.7287,357.5621,0.9989
2025-11-12 12:54:54,7.7264,354.4062,0.9989
2025-11-12 12:54:54,7.7239,372.5463,0.9988
2025-11-12 12:54:54,7.7239,372.5463,0.9988
2025-11-12 12:54:54,7.7235,359.5602,0.9989
2025-11-12 12:54:54,7.7242,360.6440,0.9989
2025-11-12 12:54:54,7.7246,356.5937,0.9989
2025-11-12 12:54:54,7.7246,356.5937,0.9989
2025-11-12 12:54:54,7.7230,302.8239,0.9991
2025-11-12 12:54:54,7.7239,306.8773,0.9990
2025-11-12 12:54:54,7.7244,302.9697,0.9991
2025-11-12 12:54:55,7.7244,302.9697,0.9991
2025-11-12 12:54:55,7.7258,346.1063,0.9989
2025-11-12 12:54:55,7.7253,344.4745,0.9989
2025-11-12 12:54:55,7.7263,337.1928,0.9990
2025-11-12 12:54:55,7.7263,337.1928,0.9990
2025-11-12 12:54:55,7.7270,358.9556,0.9989
2025-11-12 12:54:55,7.7270,358.9556,0.9989
2025-11-12 12:54:55,7.7274,356.6310,0.9989
2025-11-12 12:54:55,7.7274,356.6310,0.9989
2025-11-12 12:54:56,7.7265,327.7037,0.9990
2025-11-12 12:54:56,7.7270,329.0824,0.9990
2025-11-12 12:54:56,7.7271,328.5027,0.9990
2025-11-12 12:54:56,7.7271,328.5027,0.9990
2025-11-12 12:54:56,7.7281,359.7949,0.9989
2025-11-12 12:54:56,7.7278,359.1882,0.9989
2025-11-12 12:54:56,7.7277,359.5760,0.9989
2025-11-12 12:54:56,7.7275,366.9907,0.9989
2025-11-12 12:54:56,7.7280,386.3219,0.9988
2025-11-12 12:54:56,7.7252,389.2854,0.9988
2025-11-12 12:54:57,7.7256,387.4578,0.9988
2025-11-12 12:54:57,7.7259,380.3501,0.9988
2025-11-12 12:54:57,7.7259,379.3111,0.9988
2025-11-12 12:54:57,7.7291,375.6071,0.9988
2025-11-12 12:54:57,7.7272,389.7472,0.9988
2025-11-12 12:54:57,7.7272,389.7472,0.9988
2025-11-12 12:54:57,7.7268,376.7280,0.9988
2025-11-12 12:54:57,7.7270,377.3905,0.9988
2025-11-12 12:54:57,7.7270,377.5127,0.9988
2025-11-12 12:54:58,7.7270,377.5127,0.9988
2025-11-12 12:54:58,7.7260,344.5578,0.9989
2025-11-12 12:54:58,7.7260,344.6347,0.9989
2025-11-12 12:54:58,7.7274,334.6489,0.9990
2025-11-12 12:54:58,7.7271,341.9991,0.9989
2025-11-12 12:54:58,7.7272,343.8080,0.9989
2025-11-12 12:54:58,7.7267,342.2811,0.9989
2025-11-12 12:54:58,7.7249,355.6043,0.9989
2025-11-12 12:54:58,7.7251,348.6328,0.9989
2025-11-12 12:54:58,7.7251,349.0080,0.9989
2025-11-12 12:54:58,7.7255,350.6948,0.9989
2025-11-12 12:54:58,7.7235,372.9817,0.9988
2025-11-12 12:54:59,7.7235,372.9817,0.9988
2025-11-12 12:54:59,7.7223,333.3090,0.9990
2025-11-12 12:54:59,7.7222,332.0793,0.9990
2025-11-12 12:54:59,7.7260,299.1500,0.9991
2025-11-12 12:54:59,7.7260,299.1500,0.9991
2025-11-12 12:54:59,7.7260,298.9914,0.9991
2025-11-12 12:54:59,7.7234,295.5868,0.9991
2025-11-12 12:54:59,7.7231,296.5405,0.9991
2025-11-12 12:54:59,7.7231,296.5405,0.9991
2025-11-12 12:55:00,7.7224,274.5906,0.9991
2025-11-12 12:55:00,7.7236,275.3656,0.9991
2025-11-12 12:55:00,7.7227,280.0874,0.9991
2025-11-12 12:55:00,7.7227,280.0874,0.9991
2025-11-12 12:55:00,7.7234,300.6329,0.9991
2025-11-12 12:55:00,7.7250,306.6093,0.9990
2025-11-12 12:55:00,7.7246,310.2933,0.9990
2025-11-12 12:55:00,7.7248,304.5560,0.9991
2025-11-12 12:55:00,7.7246,298.2526,0.9991
2025-11-12 12:55:00,7.7246,298.2526,0.9991
2025-11-12 12:55:01,7.7247,297.2761,0.9991
2025-11-12 12:55:01,7.7246,299.9889,0.9991
2025-11-12 12:55:01,7.7236,270.9974,0.9992
2025-11-12 12:55:01,7.7222,264.3829,0.9992
2025-11-12 12:55:01,7.7219,266.5260,0.9992
2025-11-12 12:55:01,7.7218,269.3283,0.9992
2025-11-12 12:55:01,7.7224,287.8748,0.9991
2025-11-12 12:55:01,7.7216,285.6793,0.9991
2025-11-12 12:55:01,7.7222,281.7641,0.9991
2025-11-12 12:55:01,7.7222,281.7641,0.9991
2025-11-12 12:55:01,7.7207,240.2714,0.9992
2025-11-12 12:55:01,7.7229,250.1732,0.9992
2025-11-12 12:55:02,7.7244,243.3061,0.9992
2025-11-12 12:55:02,7.7244,243.3061,0.9992
2025-11-12 12:55:02,7.7264,296.9855,0.9991
2025-11-12 12:55:02,7.7256,294.1156,0.9991
2025-11-12 12:55:02,7.7243,300.9952,0.9991
2025-11-12 12:55:02,7.7243,300.9952,0.9991
2025-11-12 12:55:02,7.7225,248.5628,0.9992
2025-11-12 12:55:02,7.7205,242.8863,0.9992
2025-11-12 12:55:02,7.7199,245.8915,0.9992
2025-11-12 12:55:02,7.7199,245.8915,0.9992
2025-11-12 12:55:03,7.7207,268.1224,0.9992
2025-11-12 12:55:03,7.7213,269.1322,0.9992
2025-11-12 12:55:03,7.7221,264.6171,0.9992
2025-11-12 12:55:03,7.7221,264.6171,0.9992
2025-11-12 12:55:03,7.7222,266.6768,0.9992
2025-11-12 12:55:03,7.7205,266.7537,0.9992
2025-11-12 12:55:03,7.7200,268.6058,0.9992
2025-11-12 12:55:03,7.7197,274.6935,0.9991
2025-11-12 12:55:03,7.7201,286.7542,0.9991
2025-11-12 12:55:03,7.7201,286.7848,0.9991
2025-11-12 12:55:03,7.7209,283.6715,0.9991
2025-11-12 12:55:04,7.7212,277.3818,0.9991
2025-11-12 12:55:04,7.7210,272.7109,0.9991
2025-11-12 12:55:04,7.7249,278.7818,0.9991
2025-11-12 12:55:04,7.7233,290.5869,0.9991
2025-11-12 12:55:04,7.7233,290.5869,0.9991
2025-11-12 12:55:04,7.7245,327.5839,0.9990
2025-11-12 12:55:04,7.7237,323.7395,0.9990
2025-11-12 12:55:04,7.7258,308.7996,0.9990
2025-11-12 12:55:04,7.7258,308.7996,0.9990
2025-11-12 12:55:04,7.7247,275.8861,0.9991
2025-11-12 12:55:04,7.7236,273.3767,0.9991
2025-11-12 12:55:05,7.7216,284.1833,0.9991
2025-11-12 12:55:05,7.7216,284.1833,0.9991
2025-11-12 12:55:05,7.7235,343.6569,0.9989
2025-11-12 12:55:05,7.7230,343.2658,0.9989
2025-11-12 12:55:05,7.7248,331.1931,0.9990
2025-11-12 12:55:05,7.7248,331.1931,0.9990
2025-11-12 12:55:05,7.7219,244.1946,0.9992
2025-11-12 12:55:05,7.7224,244.9569,0.9992
2025-11-12 12:55:05,7.7227,244.2021,0.9992
2025-11-12 12:55:05,7.7229,238.7488,0.9993
2025-11-12 12:55:05,7.7257,320.7586,0.9990
2025-11-12 12:55:05,7.7268,321.7219,0.9990
2025-11-12 12:55:05,7.7264,324.3585,0.9990
2025-11-12 12:55:06,7.7263,327.1874,0.9990
2025-11-12 12:55:06,7.7252,295.1688,0.9991
2025-11-12 12:55:06,7.7260,298.2358,0.9991
2025-11-12 12:55:06,7.7258,299.5763,0.9991
2025-11-12 12:55:06,7.7257,302.6762,0.9991
2025-11-12 12:55:06,7.7245,270.2929,0.9992
2025-11-12 12:55:06,7.7254,275.7516,0.9991
2025-11-12 12:55:06,7.7243,283.4944,0.9991
2025-11-12 12:55:06,7.7243,283.4944,0.9991
2025-11-12 12:55:06,7.7094,111.8495,0.9996
2025-11-12 12:55:06,7.7076,83.2557,0.9997
2025-11-12 12:55:06,7.7072,82.3389,0.9997
2025-11-12 12:55:07,7.7069,86.2337,0.9997
2025-11-12 12:55:07,7.6961,205.3779,0.9993
2025-11-12 12:55:07,7.6962,208.3601,0.9993
2025-11-12 12:55:07,7.6984,231.8501,0.9992
2025-11-12 12:55:07,7.6987,229.3158,0.9992
2025-11-12 12:55:07,7.7055,119.8544,0.9996
2025-11-12 12:55:07,7.7063,132.5972,0.9996
2025-11-12 12:55:07,7.7044,120.9630,0.9996
2025-11-12 12:55:08,7.7044,120.9630,0.9996
2025-11-12 12:55:08,7.7044,120.9248,0.9996
2025-11-12 12:55:08,7.7040,114.2047,0.9996
2025-11-12 12:55:08,7.7055,123.1627,0.9996
2025-11-12 12:55:08,7.7052,126.7928,0.9996
2025-11-12 12:55:08,7.7113,98.4424,0.9997
2025-11-12 12:55:08,7.7112,96.1578,0.9997
2025-11-12 12:55:08,7.7109,95.3690,0.9997
2025-11-12 12:55:08,7.7106,101.4802,0.9997
2025-11-12 12:55:09,7.7074,106.4937,0.9997
2025-11-12 12:55:09,7.7079,114.4069,0.9996
2025-11-12 12:55:09,7.7066,109.1511,0.9996
2025-11-12 12:55:09,7.7073,99.9718,0.9997
2025-11-12 12:55:09,7.7040,123.6423,0.9996
2025-11-12 12:55:09,7.7035,113.7448,0.9996
2025-11-12 12:55:09,7.7035,113.6071,0.9996
2025-11-12 12:55:09,7.7032,116.8959,0.9996
2025-11-12 12:55:09,7.7064,94.9899,0.9997
2025-11-12 12:55:09,7.7066,98.4819,0.9997
2025-11-12 12:55:09,7.7062,97.5176,0.9997
2025-11-12 12:55:09,7.7065,93.7266,0.9997
2025-11-12 12:55:09,7.7131,107.5024,0.9997
2025-11-12 12:55:10,7.7128,104.0632,0.9997
2025-11-12 12:55:10,7.7111,109.5468,0.9996
2025-11-12 12:55:10,7.7111,109.5468,0.9996
2025-11-12 12:55:10,7.7043,88.5859,0.9997
2025-11-12 12:55:10,7.7037,77.8882,0.9997
2025-11-12 12:55:10,7.7065,84.9945,0.9997
2025-11-12 12:55:10,7.7065,84.9945,0.9997
2025-11-12 12:55:10,7.7189,172.8712,0.9995
2025-11-12 12:55:10,7.7194,176.3050,0.9994
2025-11-12 12:55:10,7.7190,177.8873,0.9994
2025-11-12 12:55:10,7.7190,177.8873,0.9994
2025-11-12 12:55:11,7.7181,161.8622,0.9995
2025-11-12 12:55:11,7.7176,158.4670,0.9995
2025-11-12 12:55:11,7.7173,159.4169,0.9995
2025-11-12 12:55:11,7.7175,155.4604,0.9995
2025-11-12 12:55:11,7.7185,173.3790,0.9995
2025-11-12 12:55:11,7.7192,178.0891,0.9994
2025-11-12 12:55:11,7.7187,180.5732,0.9994
2025-11-12 12:55:11,7.7165,230.6443,0.9993
2025-11-12 12:55:11,7.7158,216.4090,0.9993
2025-11-12 12:55:11,7.7159,217.7843,0.9993
2025-11-12 12:55:12,7.7160,217.2641,0.9993
2025-11-12 12:55:12,7.7177,180.0398,0.9994
2025-11-12 12:55:12,7.7199,226.4093,0.9993
2025-11-12 12:55:12,7.7194,223.0479,0.9993
2025-11-12 12:55:12,7.7215,215.0884,0.9993
2025-11-12 12:55:12,7.7216,212.3457,0.9993
2025-11-12 12:55:12,7.7191,163.4478,0.9995
2025-11-12 12:55:12,7.7164,152.4809,0.9995
2025-11-12 12:55:12,7.7166,152.6845,0.9995
2025-11-12 12:55:13,7.7168,147.1607,0.9995
2025-11-12 12:55:13,7.7214,254.0693,0.9992
2025-11-12 12:55:13,7.7254,262.1712,0.9992
2025-11-12 12:55:13,7.7248,264.7171,0.9992
2025-11-12 12:55:13,7.7248,264.7171,0.9992
2025-11-12 12:55:13,7.7266,313.6311,0.9990
2025-11-12 12:55:13,7.7241,307.0607,0.9990
2025-11-12 12:55:13,7.7222,319.4648,0.9990
2025-11-12 12:55:13,7.7222,319.4648,0.9990
2025-11-12 12:55:13,7.7202,258.7179,0.9992
2025-11-12 12:55:13,7.7207,260.5249,0.9992
2025-11-12 12:55:13,7.7212,257.4523,0.9992
2025-11-12 12:55:14,7.7209,263.7329,0.9992
2025-11-12 12:55:14,7.7198,235.6823,0.9993
2025-11-12 12:55:14,7.7206,239.5928,0.9992
2025-11-12 12:55:14,7.7204,241.1022,0.9992
2025-11-12 12:55:14,7.7204,241.1022,0.9992
2025-11-12 12:55:14,7.7218,279.1362,0.9991
2025-11-12 12:55:14,7.7209,275.4332,0.9991
2025-11-12 12:55:14,7.7206,277.5379,0.9991
2025-11-12 12:55:15,7.7212,264.9572,0.9992
2025-11-12 12:55:15,7.7198,226.8629,0.9993
2025-11-12 12:55:15,7.7155,226.6272,0.9993
2025-11-12 12:55:15,7.7179,221.9477,0.9993
2025-11-12 12:55:15,7.7177,227.7146,0.9993
2025-11-12 12:55:15,7.7086,68.0763,0.9998
2025-11-12 12:55:15,7.7108,74.1824,0.9998
2025-11-12 12:55:15,7.7097,69.8790,0.9998
2025-11-12 12:55:16,7.7089,83.3206,0.9997
2025-11-12 12:55:16,7.7120,118.3679,0.9996
2025-11-12 12:55:16,7.7142,132.0747,0.9996
2025-11-12 12:55:16,7.7120,136.6492,0.9996
2025-11-12 12:55:16,7.7117,142.3258,0.9995
2025-11-12 12:55:16,7.7136,173.5501,0.9994
2025-11-12 12:55:16,7.7077,155.9249,0.9995
2025-11-12 12:55:16,7.7090,155.6365,0.9995
2025-11-12 12:55:16,7.7097,142.9610,0.9995
2025-11-12 12:55:16,7.7096,140.3051,0.9995
2025-11-12 12:55:17,7.7157,152.0414,0.9995
2025-11-12 12:55:17,7.7176,149.3175,0.9995
2025-11-12 12:55:17,7.7177,148.0822,0.9995
2025-11-12 12:55:17,7.7197,183.1166,0.9994
2025-11-12 12:55:17,7.7210,191.4249,0.9994
2025-11-12 12:55:17,7.7208,191.8173,0.9994
2025-11-12 12:55:17,7.7211,184.3916,0.9994
2025-11-12 12:55:17,7.7221,203.2727,0.9994
2025-11-12 12:55:17,7.7207,195.4875,0.9994
2025-11-12 12:55:17,7.7215,194.4199,0.9994
2025-11-12 12:55:17,7.7212,200.7400,0.9994
2025-11-12 12:55:17,7.7217,210.0865,0.9993
2025-11-12 12:55:18,7.7233,218.5510,0.9993
2025-11-12 12:55:18,7.7234,218.3310,0.9993
2025-11-12 12:55:18,7.7237,211.6395,0.9993
2025-11-12 12:55:18,7.7180,126.9045,0.9996
2025-11-12 12:55:18,7.7181,128.4271,0.9996
2025-11-12 12:55:18,7.7175,127.5544,0.9996
2025-11-12 12:55:18,7.7175,127.5544,0.9996
2025-11-12 12:55:18,7.7260,280.5237,0.9991
2025-11-12 12:55:18,7.7255,277.9066,0.9991
2025-11-12 12:55:18,7.7254,278.0296,0.9991
2025-11-12 12:55:18,7.7254,278.0296,0.9991
2025-11-12 12:55:18,7.7250,265.5952,0.9992
2025-11-12 12:55:18,7.7243,263.0197,0.9992
2025-11-12 12:55:19,7.7224,273.7122,0.9991
2025-11-12 12:55:19,7.7224,273.7122,0.9991
2025-11-12 12:55:19,7.7233,299.5183,0.9991
2025-11-12 12:55:19,7.7238,302.0653,0.9991
2025-11-12 12:55:19,7.7253,291.8620,0.9991
2025-11-12 12:55:19,7.7253,291.8620,0.9991
2025-11-12 12:55:19,7.7253,291.2010,0.9991
2025-11-12 12:55:19,7.7255,292.3302,0.9991
2025-11-12 12:55:19,7.7246,298.6764,0.9991
2025-11-12 12:55:19,7.7246,298.6764,0.9991
2025-11-12 12:55:19,7.7254,322.6871,0.9990
2025-11-12 12:55:19,7.7232,316.8367,0.9990
2025-11-12 12:55:19,7.7238,313.3948,0.9990
2025-11-12 12:55:20,7.7238,313.3948,0.9990
2025-11-12 12:55:20,7.7225,274.0767,0.9991
2025-11-12 12:55:20,7.7227,274.4397,0.9991
2025-11-12 12:55:20,7.7214,282.8305,0.9991
2025-11-12 12:55:20,7.7211,288.1687,0.9991
2025-11-12 12:55:20,7.7206,272.4372,0.9991
2025-11-12 12:55:20,7.7227,283.3526,0.9991
2025-11-12 12:55:20,7.7231,280.4320,0.9991
2025-11-12 12:55:20,7.7233,274.8124,0.9991
2025-11-12 12:55:20,7.7234,274.9381,0.9991
2025-11-12 12:55:20,7.7239,278.7249,0.9991
2025-11-12 12:55:21,7.7238,279.6534,0.9991
2025-11-12 12:55:21,7.7238,279.6534,0.9991
2025-11-12 12:55:21,7.7239,284.3372,0.9991
2025-11-12 12:55:21,7.7244,288.4248,0.9991
2025-11-12 12:55:21,7.7247,285.7451,0.9991
2025-11-12 12:55:21,7.7241,301.7459,0.9991
2025-11-12 12:55:21,7.7246,315.8526,0.9990
2025-11-12 12:55:21,7.7222,300.7014,0.9991
2025-11-12 12:55:21,7.7225,298.7041,0.9991
2025-11-12 12:55:21,7.7231,283.3285,0.9991
2025-11-12 12:55:21,7.7223,259.5661,0.9992
2025-11-12 12:55:22,7.7237,266.6841,0.9992
2025-11-12 12:55:22,7.7226,275.2614,0.9991
2025-11-12 12:55:22,7.7221,286.1434,0.9991
2025-11-12 12:55:22,7.7226,300.8766,0.9991
2025-11-12 12:55:22,7.7222,298.0132,0.9991
2025-11-12 12:55:22,7.7231,291.4951,0.9991
2025-11-12 12:55:22,7.7235,280.3460,0.9991
2025-11-12 12:55:22,7.7225,253.0740,0.9992
2025-11-12 12:55:22,7.7227,254.0734,0.9992
2025-11-12 12:55:22,7.7241,246.3264,0.9992
2025-11-12 12:55:22,7.7241,246.3264,0.9992
2025-11-12 12:55:22,7.7251,270.5773,0.9992
2025-11-12 12:55:22,7.7252,271.0681,0.9992
2025-11-12 12:55:22,7.7255,269.7943,0.9992
2025-11-12 12:55:23,7.7255,269.7943,0.9992
2025-11-12 12:55:23,7.7242,237.5570,0.9993
2025-11-12 12:55:23,7.7233,233.2451,0.9993
2025-11-12 12:55:23,7.7204,248.2891,0.9992
2025-11-12 12:55:23,7.7204,248.2891,0.9992
2025-11-12 12:55:23,7.7186,204.3689,0.9994
2025-11-12 12:55:23,7.7198,214.4176,0.9993
2025-11-12 12:55:23,7.7207,208.5880,0.9993
2025-11-12 12:55:23,7.7207,208.5880,0.9993
2025-11-12 12:55:24,7.7244,299.1652,0.9991
2025-11-12 12:55:24,7.7244,299.7051,0.9991
2025-11-12 12:55:24,7.7241,302.1922,0.9991
2025-11-12 12:55:24,7.7241,302.1922,0.9991
2025-11-12 12:55:24,7.7235,284.2339,0.9991
2025-11-12 12:55:24,7.7243,290.7286,0.9991
2025-11-12 12:55:24,7.7245,288.7465,0.9991
2025-11-12 12:55:24,7.7245,288.7465,0.9991
2025-11-12 12:55:24,7.7253,308.3342,0.9990
2025-11-12 12:55:24,7.7233,295.8493,0.9991
2025-11-12 12:55:24,7.7252,284.1712,0.9991
2025-11-12 12:55:25,7.7252,284.1712,0.9991
2025-11-12 12:55:25,7.7251,279.5884,0.9991
2025-11-12 12:55:25,7.7229,277.4483,0.9991
2025-11-12 12:55:25,7.7208,286.8598,0.9991
2025-11-12 12:55:25,7.7208,286.8598,0.9991
2025-11-12 12:55:25,7.7187,227.2195,0.9993
2025-11-12 12:55:25,7.7195,228.9878,0.9993
2025-11-12 12:55:25,7.7185,235.2218,0.9993
2025-11-12 12:55:25,7.7182,241.0495,0.9992
2025-11-12 12:55:25,7.7195,276.0424,0.9991
2025-11-12 12:55:26,7.7167,275.1206,0.9991
2025-11-12 12:55:26,7.7200,264.6631,0.9992
2025-11-12 12:55:26,7.7202,258.5385,0.9992
2025-11-12 12:55:26,7.7221,316.1079,0.9990
2025-11-12 12:55:26,7.7245,307.6333,0.9990
2025-11-12 12:55:26,7.7249,306.5943,0.9990
2025-11-12 12:55:26,7.7257,287.1499,0.9991
2025-11-12 12:55:26,7.7255,279.4075,0.9991
2025-11-12 12:55:26,7.7240,284.1899,0.9991
2025-11-12 12:55:26,7.7216,293.0950,0.9991
2025-11-12 12:55:26,7.7210,307.8054,0.9990
2025-11-12 12:55:27,7.7213,318.8964,0.9990
2025-11-12 12:55:27,7.7254,322.7699,0.9990
2025-11-12 12:55:27,7.7262,316.4997,0.9990
2025-11-12 12:55:27,7.7261,319.6313,0.9990
2025-11-12 12:55:27,7.7259,313.2449,0.9990
2025-11-12 12:55:27,7.7254,311.4305,0.9990
2025-11-12 12:55:27,7.7237,325.0077,0.9990
2025-11-12 12:55:27,7.7237,325.0077,0.9990
2025-11-12 12:55:27,7.7229,298.6243,0.9991
2025-11-12 12:55:27,7.7233,301.3328,0.9991
2025-11-12 12:55:27,7.7241,294.5066,0.9991
2025-11-12 12:55:28,7.7241,294.5066,0.9991
2025-11-12 12:55:28,7.7234,274.0892,0.9991
2025-11-12 12:55:28,7.7234,274.0892,0.9991
2025-11-12 12:55:28,7.7234,274.3746,0.9991
2025-11-12 12:55:28,7.7227,289.8359,0.9991
2025-11-12 12:55:28,7.7227,288.2127,0.9991
2025-11-12 12:55:28,7.7220,283.9239,0.9991
2025-11-12 12:55:28,7.7236,275.8790,0.9991
2025-11-12 12:55:28,7.7242,260.1021,0.9992
2025-11-12 12:55:28,7.7257,302.4842,0.9991
2025-11-12 12:55:28,7.7241,300.2514,0.9991
2025-11-12 12:55:29,7.7224,309.7899,0.9990
2025-11-12 12:55:29,7.7224,309.7899,0.9990
2025-11-12 12:55:29,7.7213,274.6469,0.9991
2025-11-12 12:55:29,7.7229,279.9428,0.9991
2025-11-12 12:55:29,7.7232,277.9025,0.9991
2025-11-12 12:55:29,7.7232,277.9025,0.9991
2025-11-12 12:55:29,7.7247,324.1995,0.9990
2025-11-12 12:55:29,7.7255,327.5928,0.9990
2025-11-12 12:55:29,7.7260,323.2931,0.9990
2025-11-12 12:55:30,7.7260,323.2931,0.9990
2025-11-12 12:55:30,7.7262,328.2781,0.9990
2025-11-12 12:55:30,7.7247,323.5372,0.9990
2025-11-12 12:55:30,7.7244,325.7630,0.9990
2025-11-12 12:55:30,7.7244,325.7630,0.9990
2025-11-12 12:55:30,7.7225,268.7658,0.9992
2025-11-12 12:55:30,7.7239,275.3920,0.9991
2025-11-12 12:55:30,7.7235,278.5040,0.9991
2025-11-12 12:55:30,7.7229,294.0177,0.9991
2025-11-12 12:55:31,7.7237,317.9772,0.9990
2025-11-12 12:55:31,7.7239,319.5147,0.9990
2025-11-12 12:55:31,7.7241,318.5646,0.9990
2025-11-12 12:55:31,7.7247,302.5758,0.9991
2025-11-12 12:55:31,7.7226,247.2579,0.9992
2025-11-12 12:55:31,7.7233,252.5381,0.9992
2025-11-12 12:55:31,7.7250,243.1159,0.9992
2025-11-12 12:55:32,7.7250,243.1159,0.9992
2025-11-12 12:55:32,7.7258,263.8760,0.9992
2025-11-12 12:55:32,7.7241,254.3315,0.9992
2025-11-12 12:55:32,7.7216,268.4820,0.9992
2025-11-12 12:55:32,7.7213,274.8400,0.9991
2025-11-12 12:55:32,7.7169,172.5154,0.9995
2025-11-12 12:55:32,7.7166,169.7042,0.9995
2025-11-12 12:55:32,7.7176,165.8405,0.9995
2025-11-12 12:55:32,7.7179,160.1409,0.9995
2025-11-12 12:55:32,7.7152,120.1087,0.9996
2025-11-12 12:55:32,7.7137,109.3553,0.9997
2025-11-12 12:55:32,7.7132,109.8833,0.9996
2025-11-12 12:55:33,7.7132,109.8833,0.9996
2025-11-12 12:55:33,7.7147,133.5174,0.9996
2025-11-12 12:55:33,7.7165,146.1770,0.9995
2025-11-12 12:55:33,7.7166,145.9467,0.9995
2025-11-12 12:55:33,7.7159,159.5411,0.9995
2025-11-12 12:55:33,7.7170,178.5067,0.9994
2025-11-12 12:55:33,7.7168,176.6824,0.9994
2025-11-12 12:55:33,7.7164,178.4771,0.9994
2025-11-12 12:55:33,7.7164,177.6461,0.9994
2025-11-12 12:55:33,7.7154,159.3627,0.9995
2025-11-12 12:55:33,7.7164,169.6178,0.9995
2025-11-12 12:55:34,7.7161,171.1180,0.9995
2025-11-12 12:55:34,7.7167,158.2888,0.9995
2025-11-12 12:55:34,7.7176,172.2289,0.9995
2025-11-12 12:55:34,7.7171,167.8607,0.9995
2025-11-12 12:55:34,7.7160,175.3257,0.9994
2025-11-12 12:55:34,7.7160,175.3257,0.9994
2025-11-12 12:55:34,7.7163,180.2210,0.9994
2025-11-12 12:55:34,7.7164,181.4770,0.9994
2025-11-12 12:55:34,7.7184,169.1885,0.9995
2025-11-12 12:55:34,7.7184,169.1885,0.9995
2025-11-12 12:55:34,7.7189,177.7734,0.9994
2025-11-12 12:55:35,7.7199,188.0983,0.9994
2025-11-12 12:55:35,7.7196,190.2487,0.9994
2025-11-12 12:55:35,7.7196,190.2487,0.9994
2025-11-12 12:55:35,7.7221,243.4045,0.9992
2025-11-12 12:55:35,7.7213,237.0188,0.9993
2025-11-12 12:55:35,7.7225,230.0685,0.9993
2025-11-12 12:55:35,7.7225,230.0685,0.9993
2025-11-12 12:55:35,7.7238,263.6296,0.9992
2025-11-12 12:55:35,7.7232,260.4375,0.9992
2025-11-12 12:55:35,7.7228,263.2678,0.9992
2025-11-12 12:55:36,7.7228,263.2678,0.9992
2025-11-12 12:55:36,7.7239,296.3014,0.9991
2025-11-12 12:55:36,7.7234,294.2532,0.9991
2025-11-12 12:55:36,7.7249,285.9966,0.9991
2025-11-12 12:55:36,7.7249,285.9966,0.9991
2025-11-12 12:55:36,7.7247,279.0326,0.9991
2025-11-12 12:55:36,7.7209,282.7122,0.9991
2025-11-12 12:55:36,7.7191,288.6505,0.9991
2025-11-12 12:55:36,7.7191,288.6505,0.9991
2025-11-12 12:55:36,7.7190,284.9607,0.9991
2025-11-12 12:55:36,7.7226,285.2650,0.9991
2025-11-12 12:55:37,7.7243,275.6939,0.9991
2025-11-12 12:55:37,7.7243,275.6939,0.9991
2025-11-12 12:55:37,7.7239,263.8925,0.9992
2025-11-12 12:55:37,7.7244,265.3472,0.9992
2025-11-12 12:55:37,7.7240,266.6503,0.9992
2025-11-12 12:55:37,7.7240,266.6503,0.9992
2025-11-12 12:55:37,7.7236,254.6634,0.9992
2025-11-12 12:55:37,7.7236,254.6282,0.9992
2025-11-12 12:55:37,7.7222,262.0741,0.9992
2025-11-12 12:55:37,7.7220,268.5328,0.9992
2025-11-12 12:55:38,7.7218,264.2288,0.9992
2025-11-12 12:55:38,7.7218,264.2738,0.9992
2025-11-12 12:55:38,7.7217,265.2627,0.9992
2025-11-12 12:55:38,7.7219,258.8552,0.9992
2025-11-12 12:55:38,7.7225,275.5794,0.9991
2025-11-12 12:55:38,7.7233,280.0614,0.9991
2025-11-12 12:55:38,7.7220,291.7878,0.9991
2025-11-12 12:55:38,7.7220,291.7878,0.9991
2025-11-12 12:55:38,7.7216,279.8057,0.9991
2025-11-12 12:55:38,7.7216,279.5320,0.9991
2025-11-12 12:55:38,7.7223,273.2498,0.9991
2025-11-12 12:55:38,7.7223,273.2498,0.9991
2025-11-12 12:55:38,7.7240,325.7100,0.9990
2025-11-12 12:55:39,7.7239,324.8206,0.9990
2025-11-12 12:55:39,7.7258,309.3422,0.9990
2025-11-12 12:55:39,7.7258,309.3422,0.9990
2025-11-12 12:55:39,7.7261,318.2604,0.9990
2025-11-12 12:55:39,7.7262,318.5057,0.9990
2025-11-12 12:55:39,7.7252,325.9250,0.9990
2025-11-12 12:55:39,7.7252,325.9250,0.9990
2025-11-12 12:55:39,7.7257,342.9163,0.9989
2025-11-12 12:55:39,7.7258,343.5302,0.9989
2025-11-12 12:55:39,7.7246,355.9015,0.9989
2025-11-12 12:55:40,7.7246,355.9015,0.9989
2025-11-12 12:55:40,7.7242,344.5698,0.9989
2025-11-12 12:55:40,7.7242,344.5698,0.9989
2025-11-12 12:55:40,7.7255,332.8441,0.9990
2025-11-12 12:55:40,7.7255,332.8441,0.9990
2025-11-12 12:55:40,7.7256,337.7335,0.9989
2025-11-12 12:55:40,7.7256,337.5570,0.9989
2025-11-12 12:55:40,7.7247,345.3009,0.9989
2025-11-12 12:55:40,7.7247,345.3009,0.9989
2025-11-12 12:55:41,7.7244,334.4170,0.9990
2025-11-12 12:55:41,7.7247,336.3350,0.9990
2025-11-12 12:55:41,7.7272,316.8764,0.9990
2025-11-12 12:55:41,7.7266,333.8561,0.9990
2025-11-12 12:55:41,7.7265,330.0275,0.9990
2025-11-12 12:55:41,7.7257,326.7867,0.9990
2025-11-12 12:55:41,7.7251,330.1702,0.9990
2025-11-12 12:55:41,7.7257,313.7862,0.9990
2025-11-12 12:55:41,7.7256,310.7214,0.9990
2025-11-12 12:55:41,7.7252,309.3601,0.9990
2025-11-12 12:55:41,7.7257,306.3055,0.9990
2025-11-12 12:55:42,7.7257,306.3055,0.9990
2025-11-12 12:55:42,7.7258,309.3602,0.9990
2025-11-12 12:55:42,7.7269,313.1347,0.9990
2025-11-12 12:55:42,7.7271,312.0170,0.9990
2025-11-12 12:55:42,7.7271,312.0170,0.9990
2025-11-12 12:55:42,7.7270,306.9124,0.9990
2025-11-12 12:55:42,7.7269,306.6632,0.9990
2025-11-12 12:55:42,7.7253,316.7901,0.9990
2025-11-12 12:55:42,7.7253,316.7901,0.9990
2025-11-12 12:55:42,7.7261,341.3304,0.9989
2025-11-12 12:55:43,7.7267,344.4790,0.9989
2025-11-12 12:55:43,7.7271,341.5789,0.9989
2025-11-12 12:55:43,7.7271,341.5789,0.9989
2025-11-12 12:55:43,7.7260,308.7541,0.9990
2025-11-12 12:55:43,7.7263,311.0034,0.9990
2025-11-12 12:55:43,7.7259,314.0100,0.9990
2025-11-12 12:55:43,7.7250,339.2100,0.9989
2025-11-12 12:55:43,7.7245,324.9220,0.9990
2025-11-12 12:55:43,7.7234,317.1954,0.9990
2025-11-12 12:55:43,7.7232,318.4607,0.9990
2025-11-12 12:55:44,7.7242,294.2923,0.9991
2025-11-12 12:55:44,7.7234,271.1524,0.9992
2025-11-12 12:55:44,7.7242,277.2536,0.9991
2025-11-12 12:55:44,7.7245,274.9900,0.9991
2025-11-12 12:55:44,7.7245,274.9900,0.9991
2025-11-12 12:55:44,7.7237,255.4249,0.9992
2025-11-12 12:55:44,7.7227,248.0413,0.9992
2025-11-12 12:55:44,7.7222,251.2674,0.9992
2025-11-12 12:55:44,7.7222,251.2674,0.9992
2025-11-12 12:55:45,7.7245,316.1201,0.9990
2025-11-12 12:55:45,7.7254,321.4264,0.9990
2025-11-12 12:55:45,7.7255,321.2181,0.9990
2025-11-12 12:55:45,7.7255,321.2181,0.9990
2025-11-12 12:55:45,7.7254,318.1708,0.9990
2025-11-12 12:55:45,7.7246,313.6419,0.9990
2025-11-12 12:55:45,7.7250,310.8433,0.9990
2025-11-12 12:55:45,7.7250,310.8433,0.9990
2025-11-12 12:55:45,7.7243,290.8743,0.9991
2025-11-12 12:55:46,7.7227,284.3708,0.9991
2025-11-12 12:55:46,7.7246,275.7483,0.9991
2025-11-12 12:55:46,7.7246,275.7483,0.9991
2025-11-12 12:55:46,7.7251,289.0651,0.9991
2025-11-12 12:55:46,7.7257,290.0568,0.9991
2025-11-12 12:55:46,7.7194,348.6329,0.9989
2025-11-12 12:55:46,7.7194,348.6329,0.9989
2025-11-12 12:55:46,7.7173,284.4506,0.9991
2025-11-12 12:55:46,7.7182,292.8937,0.9991
2025-11-12 12:55:46,7.7246,238.9251,0.9993
2025-11-12 12:55:47,7.7246,238.9251,0.9993
2025-11-12 12:55:47,7.7279,329.4481,0.9990
2025-11-12 12:55:47,7.7279,329.3256,0.9990
2025-11-12 12:55:47,7.7258,343.0494,0.9989
2025-11-12 12:55:47,7.7249,368.2175,0.9989
2025-11-12 12:55:47,7.7249,368.3794,0.9989
2025-11-12 12:55:47,7.7251,369.5625,0.9988
2025-11-12 12:55:47,7.7267,358.8959,0.9989
2025-11-12 12:55:47,7.7276,332.6769,0.9990
2025-11-12 12:55:47,7.7272,320.5074,0.9990
2025-11-12 12:55:48,7.7266,318.2027,0.9990
2025-11-12 12:55:48,7.7222,359.0086,0.9989
2025-11-12 12:55:48,7.7222,359.0086,0.9989
2025-11-12 12:55:48,7.7218,346.6321,0.9989
2025-11-12 12:55:48,7.7216,345.5354,0.9989
2025-11-12 12:55:48,7.7260,306.7197,0.9990
2025-11-12 12:55:48,7.7260,306.7197,0.9990
2025-11-12 12:55:49,7.7257,297.9802,0.9991
2025-11-12 12:55:49,7.7259,298.8890,0.9991
2025-11-12 12:55:49,7.7245,307.8270,0.9990
2025-11-12 12:55:49,7.7236,332.1943,0.9990
2025-11-12 12:55:49,7.7241,350.4545,0.9989
2025-11-12 12:55:49,7.7232,346.9640,0.9989
2025-11-12 12:55:49,7.7267,334.5715,0.9990
2025-11-12 12:55:49,7.7270,325.5109,0.9990
2025-11-12 12:55:49,7.7275,341.1663,0.9989
2025-11-12 12:55:49,7.7290,343.7508,0.9989
2025-11-12 12:55:49,7.7272,350.0662,0.9989
2025-11-12 12:55:50,7.7278,332.8466,0.9990
2025-11-12 12:55:50,7.7267,300.2553,0.9991
2025-11-12 12:55:50,7.7268,300.6559,0.9991
2025-11-12 12:55:50,7.7268,300.5778,0.9991
2025-11-12 12:55:50,7.7262,317.3945,0.9990
2025-11-12 12:55:50,7.7266,329.3515,0.9990
2025-11-12 12:55:50,7.7263,327.9875,0.9990
2025-11-12 12:55:50,7.7267,326.4288,0.9990
2025-11-12 12:55:50,7.7273,309.4219,0.9990
2025-11-12 12:55:51,7.7273,308.0707,0.9990
2025-11-12 12:55:51,7.7265,305.6526,0.9991
2025-11-12 12:55:51,7.7245,316.2271,0.9990
2025-11-12 12:55:51,7.7245,316.2271,0.9990
2025-11-12 12:55:51,7.7244,313.1538,0.9990
2025-11-12 12:55:51,7.7238,311.3905,0.9990
2025-11-12 12:55:51,7.7255,302.6257,0.9991
2025-11-12 12:55:51,7.7248,318.9201,0.9990
2025-11-12 12:55:51,7.7249,320.2835,0.9990
2025-11-12 12:55:51,7.7247,320.0697,0.9990
2025-11-12 12:55:52,7.7231,328.0395,0.9990
2025-11-12 12:55:52,7.7235,319.1367,0.9990
2025-11-12 12:55:52,7.7224,285.6392,0.9991
2025-11-12 12:55:52,7.7212,283.5916,0.9991
2025-11-12 12:55:52,7.7196,294.3053,0.9991
2025-11-12 12:55:52,7.7199,288.2344,0.9991
2025-11-12 12:55:52,7.7217,347.9980,0.9989
2025-11-12 12:55:52,7.7218,348.0615,0.9989
2025-11-12 12:55:52,7.7244,329.7633,0.9990
2025-11-12 12:55:52,7.7244,329.7633,0.9990
2025-11-12 12:55:53,7.7242,323.8011,0.9990
2025-11-12 12:55:53,7.7266,327.4670,0.9990
2025-11-12 12:55:53,7.7250,340.7299,0.9989
2025-11-12 12:55:53,7.7250,340.7299,0.9989
2025-11-12 12:55:53,7.7247,331.4564,0.9990
2025-11-12 12:55:53,7.7199,328.9290,0.9990
2025-11-12 12:55:53,7.7210,323.0450,0.9990
2025-11-12 12:55:53,7.7208,329.3188,0.9990
2025-11-12 12:55:53,7.7200,302.7196,0.9990
2025-11-12 12:55:54,7.7227,298.7373,0.9991
2025-11-12 12:55:54,7.7211,309.1862,0.9990
2025-11-12 12:55:54,7.7214,302.8626,0.9990
2025-11-12 12:55:54,7.7219,321.5990,0.9990
2025-11-12 12:55:54,7.7239,328.0716,0.9990
2025-11-12 12:55:54,7.7264,308.8101,0.9990
2025-11-12 12:55:54,7.7258,325.4762,0.9990
2025-11-12 12:55:54,7.7250,300.9438,0.9991
2025-11-12 12:55:54,7.7225,295.6080,0.9991
2025-11-12 12:55:54,7.7221,296.8786,0.9991
2025-11-12 12:55:54,7.7227,281.6686,0.9991
2025-11-12 12:55:54,7.7222,267.3244,0.9992
2025-11-12 12:55:55,7.7240,270.5400,0.9992
2025-11-12 12:55:55,7.7230,276.2337,0.9991
2025-11-12 12:55:55,7.7230,276.2337,0.9991
2025-11-12 12:55:55,7.7229,271.6269,0.9992
2025-11-12 12:55:55,7.7238,276.3211,0.9991
2025-11-12 12:55:55,7.7250,269.0879,0.9992
2025-11-12 12:55:55,7.7250,269.0879,0.9992
2025-11-12 12:55:55,7.7262,303.6523,0.9991
2025-11-12 12:55:55,7.7251,299.9242,0.9991
2025-11-12 12:55:55,7.7205,342.4896,0.9989
2025-11-12 12:55:56,7.7205,342.4896,0.9989
2025-11-12 12:55:56,7.7193,306.6689,0.9990
2025-11-12 12:55:56,7.7200,310.9670,0.9990
2025-11-12 12:55:56,7.7238,274.7426,0.9991
2025-11-12 12:55:56,7.7238,274.7426,0.9991
2025-11-12 12:55:56,7.7258,336.4608,0.9990
2025-11-12 12:55:56,7.7270,341.9441,0.9989
2025-11-12 12:55:56,7.7252,359.6962,0.9989
2025-11-12 12:55:56,7.7252,359.6962,0.9989
2025-11-12 12:55:57,7.7247,344.4837,0.9989
2025-11-12 12:55:57,7.7247,344.4837,0.9989
2025-11-12 12:55:57,7.7277,319.4436,0.9990
2025-11-12 12:55:57,7.7277,319.4436,0.9990
2025-11-12 12:55:57,7.7283,339.6578,0.9989
2025-11-12 12:55:57,7.7268,334.3927,0.9990
2025-11-12 12:55:57,7.7249,347.3470,0.9989
2025-11-12 12:55:58,7.7249,347.3470,0.9989
2025-11-12 12:55:58,7.7238,311.4716,0.9990
2025-11-12 12:55:58,7.7237,311.1144,0.9990
2025-11-12 12:55:58,7.7239,309.4809,0.9990
2025-11-12 12:55:58,7.7239,309.4809,0.9990
2025-11-12 12:55:58,7.7259,373.9499,0.9988
2025-11-12 12:55:58,7.7267,376.3646,0.9988
2025-11-12 12:55:58,7.7272,372.0949,0.9988
2025-11-12 12:55:58,7.7262,399.2581,0.9988
2025-11-12 12:55:59,7.7258,385.2705,0.9988
2025-11-12 12:55:59,7.7252,383.0745,0.9988
2025-11-12 12:55:59,7.7235,398.2311,0.9988
2025-11-12 12:55:59,7.7242,379.5867,0.9988
2025-11-12 12:55:59,7.7233,348.8896,0.9989
2025-11-12 12:55:59,7.7225,346.0344,0.9989
2025-11-12 12:55:59,7.7235,337.3057,0.9989
2025-11-12 12:55:59,7.7238,330.5616,0.9990
2025-11-12 12:55:59,7.7244,351.6758,0.9989
2025-11-12 12:55:59,7.7262,357.7373,0.9989
2025-11-12 12:55:59,7.7278,344.7994,0.9989
2025-11-12 12:56:00,7.7278,344.7994,0.9989
2025-11-12 12:56:00,7.7281,354.9677,0.9989
2025-11-12 12:56:00,7.7287,357.9232,0.9989
2025-11-12 12:56:00,7.7278,365.7104,0.9989
2025-11-12 12:56:00,7.7278,365.7104,0.9989
2025-11-12 12:56:00,7.7272,347.8838,0.9989
2025-11-12 12:56:00,7.7258,341.1568,0.9989
2025-11-12 12:56:00,7.7230,370.5627,0.9988
2025-11-12 12:56:00,7.7216,404.6968,0.9987
2025-11-12 12:56:00,7.7207,373.3377,0.9988
2025-11-12 12:56:00,7.7200,369.0258,0.9988
2025-11-12 12:56:01,7.7219,351.4531,0.9989
2025-11-12 12:56:01,7.7232,317.1827,0.9990
2025-11-12 12:56:01,7.7245,359.9551,0.9989
2025-11-12 12:56:01,7.7252,361.9471,0.9989
2025-11-12 12:56:01,7.7266,350.1886,0.9989
2025-11-12 12:56:01,7.7266,350.1886,0.9989
2025-11-12 12:56:01,7.7245,287.7179,0.9991
2025-11-12 12:56:01,7.7229,283.4065,0.9991
2025-11-12 12:56:01,7.7215,291.4237,0.9991
2025-11-12 12:56:01,7.7215,291.4237,0.9991
2025-11-12 12:56:01,7.7226,324.7661,0.9990
2025-11-12 12:56:02,7.7248,331.8192,0.9990
2025-11-12 12:56:02,7.7264,319.3770,0.9990
2025-11-12 12:56:02,7.7264,319.3770,0.9990
2025-11-12 12:56:02,7.7237,247.0891,0.9992
2025-11-12 12:56:02,7.7237,247.0891,0.9992
2025-11-12 12:56:02,7.7222,256.6783,0.9992
2025-11-12 12:56:02,7.7224,251.2963,0.9992
2025-11-12 12:56:02,7.7163,134.5713,0.9996
2025-11-12 12:56:02,7.7163,134.1675,0.9996
2025-11-12 12:56:02,7.7144,144.5252,0.9995
2025-11-12 12:56:03,7.7143,146.5222,0.9995
2025-11-12 12:56:03,7.7173,197.3726,0.9994
2025-11-12 12:56:03,7.7160,186.3102,0.9994
2025-11-12 12:56:03,7.7207,167.7238,0.9995
2025-11-12 12:56:03,7.7205,170.4212,0.9995
2025-11-12 12:56:03,7.7200,160.4332,0.9995
2025-11-12 12:56:03,7.7217,172.8036,0.9995
2025-11-12 12:56:03,7.7196,177.8355,0.9994
2025-11-12 12:56:03,7.7196,177.8355,0.9994
2025-11-12 12:56:03,7.7198,181.1303,0.9994
2025-11-12 12:56:04,7.7193,176.4588,0.9994
2025-11-12 12:56:04,7.7206,172.6260,0.9995
2025-11-12 12:56:04,7.7206,172.6260,0.9995
2025-11-12 12:56:04,7.7213,185.2432,0.9994
2025-11-12 12:56:04,7.7213,185.2432,0.9994
2025-11-12 12:56:04,7.7199,190.3982,0.9994
2025-11-12 12:56:04,7.7199,190.3982,0.9994
2025-11-12 12:56:04,7.7179,155.9160,0.9995
2025-11-12 12:56:04,7.7160,140.8310,0.9996
2025-11-12 12:56:04,7.7154,142.6792,0.9995
2025-11-12 12:56:05,7.7154,142.6792,0.9995
2025-11-12 12:56:05,7.7220,299.5350,0.9991
2025-11-12 12:56:05,7.7222,300.0024,0.9991
2025-11-12 12:56:05,7.7216,304.7193,0.9990
2025-11-12 12:56:05,7.7203,335.9860,0.9989
2025-11-12 12:56:05,7.7211,362.1821,0.9989
2025-11-12 12:56:05,7.7215,363.7200,0.9989
2025-11-12 12:56:05,7.7240,347.0068,0.9989
2025-11-12 12:56:05,7.7253,312.7778,0.9990
2025-11-12 12:56:06,7.7248,297.9821,0.9991
2025-11-12 12:56:06,7.7255,299.8297,0.9991
2025-11-12 12:56:06,7.7256,299.1286,0.9991
2025-11-12 12:56:06,7.7256,299.1286,0.9991
2025-11-12 12:56:06,7.7263,320.5697,0.9990
2025-11-12 12:56:06,7.7276,325.7514,0.9990
2025-11-12 12:56:06,7.7263,335.4019,0.9990
2025-11-12 12:56:06,7.7263,335.4019,0.9990
2025-11-12 12:56:06,7.7255,310.4875,0.9990
2025-11-12 12:56:06,7.7247,305.9442,0.9990
2025-11-12 12:56:06,7.7264,295.9616,0.9991
2025-11-12 12:56:07,7.7264,295.9616,0.9991
2025-11-12 12:56:07,7.7275,330.8366,0.9990
2025-11-12 12:56:07,7.7270,329.3778,0.9990
2025-11-12 12:56:07,7.7269,329.8874,0.9990
2025-11-12 12:56:07,7.7269,329.8874,0.9990
2025-11-12 12:56:07,7.7261,305.0999,0.9991
2025-11-12 12:56:07,7.7262,305.5210,0.9991
2025-11-12 12:56:07,7.7251,311.9945,0.9990
2025-11-12 12:56:08,7.7251,311.9945,0.9990
2025-11-12 12:56:08,7.7257,329.7479,0.9990
2025-11-12 12:56:08,7.7261,331.1044,0.9990
2025-11-12 12:56:08,7.7267,326.8637,0.9990
2025-11-12 12:56:08,7.7262,338.9181,0.9989
2025-11-12 12:56:08,7.7256,318.9719,0.9990
2025-11-12 12:56:08,7.7254,318.3025,0.9990
2025-11-12 12:56:08,7.7235,332.1523,0.9990
2025-11-12 12:56:08,7.7240,320.8568,0.9990
2025-11-12 12:56:09,7.7245,336.1523,0.9990
2025-11-12 12:56:09,7.7236,332.6682,0.9990
2025-11-12 12:56:09,7.7243,326.5276,0.9990
2025-11-12 12:56:09,7.7243,326.5276,0.9990
2025-11-12 12:56:09,7.7233,295.1702,0.9991
2025-11-12 12:56:09,7.7231,294.5990,0.9991
2025-11-12 12:56:09,7.7248,285.4307,0.9991
2025-11-12 12:56:09,7.7248,285.4307,0.9991
2025-11-12 12:56:09,7.7265,337.7475,0.9990
2025-11-12 12:56:10,7.7283,342.3563,0.9989
2025-11-12 12:56:10,7.7281,343.6617,0.9989
2025-11-12 12:56:10,7.7281,343.6617,0.9989
2025-11-12 12:56:10,7.7276,328.2001,0.9990
2025-11-12 12:56:10,7.7276,328.2001,0.9990
2025-11-12 12:56:10,7.7276,328.2708,0.9990
2025-11-12 12:56:10,7.7276,328.2708,0.9990
2025-11-12 12:56:10,7.7266,299.0506,0.9991
2025-11-12 12:56:10,7.7248,292.3118,0.9991
2025-11-12 12:56:10,7.7231,302.5097,0.9991
2025-11-12 12:56:11,7.7228,309.1191,0.9990
2025-11-12 12:56:11,7.7229,311.8808,0.9990
2025-11-12 12:56:11,7.7207,309.6400,0.9990
2025-11-12 12:56:11,7.7226,301.6258,0.9991
2025-11-12 12:56:11,7.7219,318.4319,0.9990
2025-11-12 12:56:11,7.7239,389.1114,0.9988
2025-11-12 12:56:11,7.7248,387.1470,0.9988
2025-11-12 12:56:11,7.7244,388.5563,0.9988
2025-11-12 12:56:11,7.7249,375.3320,0.9988
2025-11-12 12:56:11,7.7257,402.8343,0.9987
2025-11-12 12:56:11,7.7260,402.3142,0.9987
2025-11-12 12:56:12,7.7259,402.4283,0.9987
2025-11-12 12:56:12,7.7264,390.4246,0.9988
2025-11-12 12:56:12,7.7258,367.5571,0.9989
2025-11-12 12:56:12,7.7275,367.7593,0.9989
2025-11-12 12:56:12,7.7253,387.4047,0.9988
2025-11-12 12:56:12,7.7253,387.4047,0.9988
2025-11-12 12:56:12,7.7253,390.0661,0.9988
2025-11-12 12:56:12,7.7233,387.6076,0.9988
2025-11-12 12:56:12,7.7251,373.0679,0.9988
2025-11-12 12:56:12,7.7251,373.0679,0.9988
2025-11-12 12:56:13,7.7252,375.3660,0.9988
2025-11-12 12:56:13,7.7282,378.0875,0.9988
2025-11-12 12:56:13,7.7291,371.4830,0.9989
2025-11-12 12:56:13,7.7291,371.4830,0.9989
2025-11-12 12:56:13,7.7289,362.4623,0.9989
2025-11-12 12:56:13,7.7285,361.3655,0.9989
2025-11-12 12:56:13,7.7291,358.4254,0.9989
2025-11-12 12:56:13,7.7291,358.4254,0.9989
2025-11-12 12:56:13,7.7296,375.5362,0.9988
2025-11-12 12:56:14,7.7275,375.3227,0.9988
2025-11-12 12:56:14,7.7270,377.9589,0.9988
2025-11-12 12:56:14,7.7263,394.8733,0.9988
2025-11-12 12:56:14,7.7258,376.9954,0.9988
2025-11-12 12:56:14,7.7283,381.0752,0.9988
2025-11-12 12:56:14,7.7285,379.9764,0.9988
2025-11-12 12:56:14,7.7272,418.8110,0.9987
2025-11-12 12:56:15,7.7274,426.1945,0.9987
2025-11-12 12:56:15,7.7277,427.8379,0.9987
2025-11-12 12:56:15,7.7264,436.4241,0.9986
2025-11-12 12:56:15,7.7283,380.7455,0.9988
2025-11-12 12:56:15,7.7266,325.2129,0.9990
2025-11-12 12:56:15,7.7246,317.0131,0.9990
2025-11-12 12:56:15,7.7253,313.1255,0.9990
2025-11-12 12:56:15,7.7242,343.4323,0.9989
2025-11-12 12:56:15,7.7246,357.6842,0.9989
2025-11-12 12:56:15,7.7258,361.9447,0.9989
2025-11-12 12:56:15,7.7258,361.9052,0.9989
2025-11-12 12:56:16,7.7270,330.3786,0.9990
2025-11-12 12:56:16,7.7265,316.3472,0.9990
2025-11-12 12:56:16,7.7258,313.7074,0.9990
2025-11-12 12:56:16,7.7247,320.5115,0.9990
2025-11-12 12:56:16,7.7247,320.5115,0.9990
2025-11-12 12:56:16,7.7240,297.7067,0.9991
2025-11-12 12:56:16,7.7210,294.6890,0.9991
2025-11-12 12:56:16,7.7208,295.4029,0.9991
2025-11-12 12:56:17,7.7208,295.4029,0.9991
2025-11-12 12:56:17,7.7204,281.5611,0.9991
2025-11-12 12:56:17,7.7254,297.8444,0.9991
2025-11-12 12:56:17,7.7255,297.0636,0.9991
2025-11-12 12:56:17,7.7255,297.0636,0.9991
2025-11-12 12:56:17,7.7259,309.9518,0.9990
2025-11-12 12:56:17,7.7259,309.9518,0.9990
2025-11-12 12:56:17,7.7257,311.9142,0.9990
2025-11-12 12:56:17,7.7257,311.9142,0.9990
2025-11-12 12:56:17,7.7262,327.0435,0.9990
2025-11-12 12:56:17,7.7262,327.0435,0.9990
2025-11-12 12:56:17,7.7262,327.3470,0.9990
2025-11-12 12:56:18,7.7262,327.3470,0.9990
2025-11-12 12:56:18,7.7239,264.7765,0.9992
2025-11-12 12:56:18,7.7220,251.0692,0.9992
2025-11-12 12:56:18,7.7219,251.6964,0.9992
2025-11-12 12:56:18,7.7219,251.6964,0.9992
2025-11-12 12:56:18,7.7186,177.0279,0.9994
2025-11-12 12:56:18,7.7188,178.8764,0.9994
2025-11-12 12:56:18,7.7187,179.7262,0.9994
2025-11-12 12:56:18,7.7187,179.7262,0.9994
2025-11-12 12:56:18,7.7222,260.5698,0.9992
2025-11-12 12:56:18,7.7227,263.4961,0.9992
2025-11-12 12:56:19,7.7240,255.1899,0.9992
2025-11-12 12:56:19,7.7240,255.1899,0.9992
2025-11-12 12:56:19,7.7226,221.4438,0.9993
2025-11-12 12:56:19,7.7226,221.4438,0.9993
2025-11-12 12:56:19,7.7232,219.2115,0.9993
2025-11-12 12:56:19,7.7232,219.2115,0.9993
2025-11-12 12:56:19,7.7214,183.4277,0.9994
2025-11-12 12:56:19,7.7223,190.6610,0.9994
2025-11-12 12:56:19,7.7205,197.5793,0.9994
2025-11-12 12:56:20,7.7205,197.5793,0.9994
2025-11-12 12:56:20,7.7213,213.2431,0.9993
2025-11-12 12:56:20,7.7205,205.5082,0.9994
2025-11-12 12:56:20,7.7207,204.5829,0.9994
2025-11-12 12:56:20,7.7207,204.5829,0.9994
2025-11-12 12:56:20,7.7220,234.7788,0.9993
2025-11-12 12:56:20,7.7211,228.8354,0.9993
2025-11-12 12:56:20,7.7211,228.7191,0.9993
2025-11-12 12:56:20,7.7211,228.7191,0.9993
2025-11-12 12:56:20,7.7214,236.3794,0.9993
2025-11-12 12:56:21,7.7228,245.3468,0.9992
2025-11-12 12:56:21,7.7226,246.4495,0.9992
2025-11-12 12:56:21,7.7220,261.5960,0.9992
2025-11-12 12:56:21,7.7238,311.6390,0.9990
2025-11-12 12:56:21,7.7211,299.5620,0.9991
2025-11-12 12:56:21,7.7207,302.4824,0.9990
2025-11-12 12:56:21,7.7213,287.8047,0.9991
2025-11-12 12:56:21,7.7230,342.5115,0.9989
2025-11-12 12:56:21,7.7255,350.4017,0.9989
2025-11-12 12:56:21,7.7234,375.5236,0.9988
2025-11-12 12:56:22,7.7244,353.1395,0.9989
2025-11-12 12:56:22,7.7221,283.2219,0.9991
2025-11-12 12:56:22,7.7213,277.6633,0.9991
2025-11-12 12:56:22,7.7235,255.0586,0.9992
2025-11-12 12:56:22,7.7227,274.4907,0.9991
2025-11-12 12:56:22,7.7238,306.6221,0.9990
2025-11-12 12:56:22,7.7241,308.1449,0.9990
2025-11-12 12:56:22,7.7242,306.7778,0.9990
2025-11-12 12:56:22,7.7244,302.3026,0.9991
2025-11-12 12:56:22,7.7245,306.4208,0.9990
2025-11-12 12:56:22,7.7249,308.4782,0.9990
2025-11-12 12:56:22,7.7246,311.1040,0.9990
2025-11-12 12:56:23,7.7240,326.1797,0.9990
2025-11-12 12:56:23,7.7234,308.6390,0.9990
2025-11-12 12:56:23,7.7224,302.8701,0.9991
2025-11-12 12:56:23,7.7224,302.7740,0.9991
2025-11-12 12:56:23,7.7228,294.9813,0.9991
2025-11-12 12:56:23,7.7230,302.9772,0.9991
2025-11-12 12:56:23,7.7221,299.8576,0.9991
2025-11-12 12:56:23,7.7217,303.5758,0.9990
2025-11-12 12:56:24,7.7217,303.5758,0.9990
2025-11-12 12:56:24,7.7208,277.4595,0.9991
2025-11-12 12:56:24,7.7205,276.4509,0.9991
2025-11-12 12:56:24,7.7208,274.4020,0.9991
2025-11-12 12:56:24,7.7201,289.7908,0.9991
2025-11-12 12:56:24,7.7213,327.3680,0.9990
2025-11-12 12:56:24,7.7217,328.3218,0.9990
2025-11-12 12:56:24,7.7228,320.6173,0.9990
2025-11-12 12:56:24,7.7234,304.1217,0.9990
2025-11-12 12:56:25,7.7235,305.3027,0.9990
2025-11-12 12:56:25,7.7259,315.4563,0.9990
2025-11-12 12:56:25,7.7267,309.4131,0.9990
2025-11-12 12:56:25,7.7267,309.4131,0.9990
2025-11-12 12:56:25,7.7273,326.2046,0.9990
2025-11-12 12:56:25,7.7276,328.1712,0.9990
2025-11-12 12:56:25,7.7266,335.7597,0.9990
2025-11-12 12:56:25,7.7266,335.7597,0.9990
2025-11-12 12:56:25,7.7265,330.2374,0.9990
2025-11-12 12:56:25,7.7265,330.2374,0.9990
2025-11-12 12:56:26,7.7262,332.7597,0.9990
2025-11-12 12:56:26,7.7262,332.7597,0.9990
2025-11-12 12:56:26,7.7264,338.1749,0.9989
2025-11-12 12:56:26,7.7240,326.7827,0.9990
2025-11-12 12:56:26,7.7256,316.5703,0.9990
2025-11-12 12:56:26,7.7241,355.2704,0.9989
2025-11-12 12:56:26,7.7242,356.5045,0.9989
2025-11-12 12:56:26,7.7234,355.3587,0.9989
2025-11-12 12:56:26,7.7216,364.6621,0.9989
2025-11-12 12:56:27,7.7224,344.9628,0.9989
2025-11-12 12:56:27,7.7226,354.1470,0.9989
2025-11-12 12:56:27,7.7185,365.1077,0.9988
2025-11-12 12:56:27,7.7187,364.0014,0.9989
2025-11-12 12:56:27,7.7194,348.7378,0.9989
2025-11-12 12:56:27,7.7194,346.3462,0.9989
2025-11-12 12:56:27,7.7268,346.1788,0.9989
2025-11-12 12:56:27,7.7268,346.2605,0.9989
2025-11-12 12:56:27,7.7268,346.2605,0.9989
2025-11-12 12:56:28,7.7261,325.8206,0.9990
2025-11-12 12:56:28,7.7249,318.1365,0.9990
2025-11-12 12:56:28,7.7248,319.0950,0.9990
2025-11-12 12:56:28,7.7248,319.0950,0.9990
2025-11-12 12:56:28,7.7256,345.3838,0.9989
2025-11-12 12:56:28,7.7249,342.4757,0.9989
2025-11-12 12:56:28,7.7265,331.1030,0.9990
2025-11-12 12:56:28,7.7261,341.1026,0.9989
2025-11-12 12:56:28,7.7260,336.9225,0.9990
2025-11-12 12:56:28,7.7259,336.6649,0.9990
2025-11-12 12:56:29,7.7245,345.6030,0.9989
2025-11-12 12:56:29,7.7252,330.1800,0.9990
2025-11-12 12:56:29,7.7252,330.6928,0.9990
2025-11-12 12:56:29,7.7266,336.9754,0.9990
2025-11-12 12:56:29,7.7264,338.6039,0.9989
2025-11-12 12:56:29,7.7233,425.1449,0.9987
2025-11-12 12:56:29,7.7233,422.4612,0.9987
2025-11-12 12:56:29,7.7218,413.2189,0.9987
2025-11-12 12:56:29,7.7230,406.9149,0.9987
2025-11-12 12:56:30,7.7259,323.9440,0.9990
2025-11-12 12:56:30,7.7265,340.7668,0.9989
2025-11-12 12:56:30,7.7273,343.3861,0.9989
2025-11-12 12:56:30,7.7265,350.4420,0.9989
2025-11-12 12:56:30,7.7263,353.5962,0.9989
2025-11-12 12:56:30,7.7246,299.4899,0.9991
2025-11-12 12:56:30,7.7257,307.1510,0.9990
2025-11-12 12:56:30,7.7273,296.0117,0.9991
2025-11-12 12:56:30,7.7273,296.0117,0.9991
2025-11-12 12:56:31,7.7286,332.4855,0.9990
2025-11-12 12:56:31,7.7275,326.8793,0.9990
2025-11-12 12:56:31,7.7256,340.1665,0.9989
2025-11-12 12:56:31,7.7256,340.1665,0.9989
2025-11-12 12:56:31,7.7255,338.0755,0.9989
2025-11-12 12:56:31,7.7258,339.4089,0.9989
2025-11-12 12:56:31,7.7260,337.2172,0.9990
2025-11-12 12:56:31,7.7260,337.2172,0.9990
2025-11-12 12:56:31,7.7247,297.9371,0.9991
2025-11-12 12:56:31,7.7254,302.3072,0.9991
2025-11-12 12:56:31,7.7253,302.6435,0.9991
2025-11-12 12:56:32,7.7253,302.6435,0.9991
2025-11-12 12:56:32,7.7259,319.9623,0.9990
2025-11-12 12:56:32,7.7241,310.3432,0.9990
2025-11-12 12:56:32,7.7257,301.1822,0.9991
2025-11-12 12:56:32,7.7257,301.1822,0.9991
2025-11-12 12:56:32,7.7250,282.8439,0.9991
2025-11-12 12:56:32,7.7263,288.1436,0.9991
2025-11-12 12:56:32,7.7247,298.5267,0.9991
2025-11-12 12:56:33,7.7247,298.5267,0.9991
2025-11-12 12:56:33,7.7248,302.7042,0.9991
2025-11-12 12:56:33,7.7252,305.0511,0.9991
2025-11-12 12:56:33,7.7267,294.4501,0.9991
2025-11-12 12:56:33,7.7267,294.4501,0.9991
2025-11-12 12:56:33,7.7265,288.8527,0.9991
2025-11-12 12:56:33,7.7249,281.3265,0.9991
2025-11-12 12:56:33,7.7248,281.8971,0.9991
2025-11-12 12:56:33,7.7248,281.8971,0.9991
2025-11-12 12:56:33,7.7247,281.4838,0.9991
2025-11-12 12:56:34,7.7211,283.2166,0.9991
2025-11-12 12:56:34,7.7183,296.0223,0.9991
2025-11-12 12:56:34,7.7183,296.0223,0.9991
2025-11-12 12:56:34,7.7180,284.3542,0.9991
2025-11-12 12:56:34,7.7206,285.8477,0.9991
2025-11-12 12:56:34,7.7227,271.8134,0.9991
2025-11-12 12:56:34,7.7226,275.6100,0.9991
2025-11-12 12:56:34,7.7238,313.9413,0.9990
2025-11-12 12:56:34,7.7225,314.3052,0.9990
2025-11-12 12:56:34,7.7229,312.3266,0.9990
2025-11-12 12:56:35,7.7231,308.4883,0.9990
2025-11-12 12:56:35,7.7223,282.8032,0.9991
2025-11-12 12:56:35,7.7228,282.3093,0.9991
2025-11-12 12:56:35,7.7207,294.1433,0.9991
2025-11-12 12:56:35,7.7189,336.7120,0.9989
2025-11-12 12:56:35,7.7202,380.7486,0.9988
2025-11-12 12:56:35,7.7203,380.8427,0.9988
2025-11-12 12:56:35,7.7212,374.7440,0.9988
2025-11-12 12:56:35,7.7213,374.5162,0.9988
2025-11-12 12:56:35,7.7209,362.6131,0.9989
2025-11-12 12:56:36,7.7237,372.5579,0.9988
2025-11-12 12:56:36,7.7252,363.4569,0.9989
2025-11-12 12:56:36,7.7270,314.2353,0.9990
2025-11-12 12:56:36,7.7265,299.9433,0.9991
2025-11-12 12:56:36,7.7255,296.4154,0.9991
2025-11-12 12:56:36,7.7237,307.8859,0.9990
2025-11-12 12:56:36,7.7237,307.8859,0.9990
2025-11-12 12:56:36,7.7230,287.5976,0.9991
2025-11-12 12:56:37,7.7242,294.2426,0.9991
2025-11-12 12:56:37,7.7245,291.5239,0.9991
2025-11-12 12:56:37,7.7245,291.5239,0.9991
2025-11-12 12:56:37,7.7232,254.3875,0.9992
2025-11-12 12:56:37,7.7236,257.4997,0.9992
2025-11-12 12:56:37,7.7240,254.5296,0.9992
2025-11-12 12:56:37,7.7240,254.5296,0.9992
2025-11-12 12:56:37,7.7218,204.6498,0.9994
2025-11-12 12:56:37,7.7210,198.3471,0.9994
2025-11-12 12:56:37,7.7218,195.8636,0.9994
2025-11-12 12:56:38,7.7218,195.8636,0.9994
2025-11-12 12:56:38,7.7221,201.8867,0.9994
2025-11-12 12:56:38,7.7229,208.7544,0.9993
2025-11-12 12:56:38,7.7215,215.5995,0.9993
2025-11-12 12:56:38,7.7215,215.5995,0.9993
2025-11-12 12:56:38,7.7211,206.7381,0.9994
2025-11-12 12:56:38,7.7202,198.8470,0.9994
2025-11-12 12:56:38,7.7221,192.2331,0.9994
2025-11-12 12:56:38,7.7221,192.2331,0.9994
2025-11-12 12:56:39,7.7196,150.6019,0.9995
2025-11-12 12:56:39,7.7187,144.0515,0.9995
2025-11-12 12:56:39,7.7167,147.3727,0.9995
2025-11-12 12:56:39,7.7164,152.8713,0.9995
2025-11-12 12:56:39,7.7232,311.0319,0.9990
2025-11-12 12:56:39,7.7236,312.6315,0.9990
2025-11-12 12:56:39,7.7249,303.3865,0.9991
2025-11-12 12:56:39,7.7252,296.4158,0.9991
2025-11-12 12:56:39,7.7259,317.0784,0.9990
2025-11-12 12:56:39,7.7264,318.8794,0.9990
2025-11-12 12:56:40,7.7251,328.7745,0.9990
2025-11-12 12:56:40,7.7251,328.7745,0.9990
2025-11-12 12:56:40,7.7249,324.9168,0.9990
2025-11-12 12:56:40,7.7235,319.2607,0.9990
2025-11-12 12:56:40,7.7228,324.3301,0.9990
2025-11-12 12:56:40,7.7228,324.3301,0.9990
2025-11-12 12:56:40,7.7226,315.4604,0.9990
2025-11-12 12:56:40,7.7241,321.9625,0.9990
2025-11-12 12:56:40,7.7250,313.5583,0.9990
2025-11-12 12:56:40,7.7250,313.5583,0.9990
2025-11-12 12:56:40,7.7263,353.1580,0.9989
2025-11-12 12:56:41,7.7271,357.5975,0.9989
2025-11-12 12:56:41,7.7272,356.5477,0.9989
2025-11-12 12:56:41,7.7272,356.5477,0.9989
2025-11-12 12:56:41,7.7269,345.3915,0.9989
2025-11-12 12:56:41,7.7263,341.9902,0.9989
2025-11-12 12:56:41,7.7248,356.6796,0.9989
2025-11-12 12:56:41,7.7248,356.6796,0.9989
2025-11-12 12:56:41,7.7245,348.4074,0.9989
2025-11-12 12:56:42,7.7246,348.6967,0.9989
2025-11-12 12:56:42,7.7258,336.5192,0.9990
2025-11-12 12:56:42,7.7258,336.5192,0.9990
2025-11-12 12:56:42,7.7257,332.3577,0.9990
2025-11-12 12:56:42,7.7247,328.0483,0.9990
2025-11-12 12:56:42,7.7261,318.8973,0.9990
2025-11-12 12:56:42,7.7261,318.8973,0.9990
2025-11-12 12:56:42,7.7252,293.8456,0.9991
2025-11-12 12:56:42,7.7259,296.4338,0.9991
2025-11-12 12:56:43,7.7246,304.9029,0.9990
2025-11-12 12:56:43,7.7246,304.9029,0.9990
2025-11-12 12:56:43,7.7247,307.1616,0.9990
2025-11-12 12:56:43,7.7255,312.5097,0.9990
2025-11-12 12:56:43,7.7255,313.0901,0.9990
2025-11-12 12:56:43,7.7255,313.0901,0.9990
2025-11-12 12:56:43,7.7249,296.0258,0.9991
2025-11-12 12:56:43,7.7249,296.0258,0.9991
2025-11-12 12:56:43,7.7252,293.4306,0.9991
2025-11-12 12:56:44,7.7252,293.4306,0.9991
2025-11-12 12:56:44,7.7263,325.2349,0.9990
2025-11-12 12:56:44,7.7255,320.6055,0.9990
2025-11-12 12:56:44,7.7263,314.9842,0.9990
2025-11-12 12:56:44,7.7256,332.6617,0.9990
2025-11-12 12:56:44,7.7252,318.5062,0.9990
2025-11-12 12:56:44,7.7248,316.7676,0.9990
2025-11-12 12:56:44,7.7251,315.3725,0.9990
2025-11-12 12:56:45,7.7257,297.9328,0.9991
2025-11-12 12:56:45,7.7216,195.8007,0.9994
2025-11-12 12:56:45,7.7222,200.1596,0.9994
2025-11-12 12:56:45,7.7208,206.2173,0.9994
2025-11-12 12:56:45,7.7208,206.2173,0.9994
2025-11-12 12:56:45,7.7215,220.9477,0.9993
2025-11-12 12:56:45,7.7213,219.7456,0.9993
2025-11-12 12:56:45,7.7216,218.1530,0.9993
2025-11-12 12:56:45,7.7193,273.8479,0.9991
2025-11-12 12:56:45,7.7173,229.9522,0.9993
2025-11-12 12:56:46,7.7179,236.4650,0.9993
2025-11-12 12:56:46,7.7167,241.2230,0.9992
2025-11-12 12:56:46,7.7190,189.1924,0.9994
2025-11-12 12:56:46,7.7222,257.8108,0.9992
2025-11-12 12:56:46,7.7214,251.7307,0.9992
2025-11-12 12:56:46,7.7223,245.2036,0.9992
2025-11-12 12:56:46,7.7223,245.2036,0.9992
2025-11-12 12:56:46,7.7182,161.6785,0.9995
2025-11-12 12:56:46,7.7182,161.6785,0.9995
2025-11-12 12:56:47,7.7180,162.5123,0.9995
2025-11-12 12:56:47,7.7179,165.8324,0.9995
2025-11-12 12:56:47,7.7197,198.9420,0.9994
2025-11-12 12:56:47,7.7184,189.0587,0.9994
2025-11-12 12:56:47,7.7167,199.1094,0.9994
2025-11-12 12:56:47,7.7166,201.4385,0.9994
2025-11-12 12:56:47,7.7216,339.5909,0.9989
2025-11-12 12:56:47,7.7234,349.8705,0.9989
2025-11-12 12:56:47,7.7270,318.9497,0.9990
2025-11-12 12:56:47,7.7272,311.6304,0.9990
2025-11-12 12:56:47,7.7261,280.3878,0.9991
2025-11-12 12:56:47,7.7261,280.3878,0.9991
2025-11-12 12:56:47,7.7242,293.1857,0.9991
2025-11-12 12:56:48,7.7242,293.1857,0.9991
2025-11-12 12:56:48,7.7241,290.6351,0.9991
2025-11-12 12:56:48,7.7237,287.8792,0.9991
2025-11-12 12:56:48,7.7253,277.0999,0.9991
2025-11-12 12:56:48,7.7241,310.3813,0.9990
2025-11-12 12:56:48,7.7234,292.8117,0.9991
2025-11-12 12:56:48,7.7235,293.5213,0.9991
2025-11-12 12:56:48,7.7219,301.9942,0.9991
2025-11-12 12:56:48,7.7228,279.8476,0.9991
2025-11-12 12:56:48,7.7243,323.1127,0.9990
2025-11-12 12:56:49,7.7233,318.0755,0.9990
2025-11-12 12:56:49,7.7236,316.2075,0.9990
2025-11-12 12:56:49,7.7240,306.5375,0.9990
2025-11-12 12:56:49,7.7238,301.6472,0.9991
2025-11-12 12:56:49,7.7245,304.7111,0.9990
2025-11-12 12:56:49,7.7234,314.0162,0.9990
2025-11-12 12:56:49,7.7231,323.2900,0.9990
2025-11-12 12:56:49,7.7223,301.5656,0.9991
2025-11-12 12:56:49,7.7224,301.9977,0.9991
2025-11-12 12:56:49,7.7210,316.2015,0.9990
2025-11-12 12:56:50,7.7214,307.4053,0.9990
2025-11-12 12:56:50,7.7205,281.2303,0.9991
2025-11-12 12:56:50,7.7200,277.3688,0.9991
2025-11-12 12:56:50,7.7226,254.8840,0.9992
2025-11-12 12:56:50,7.7226,254.8840,0.9992
2025-11-12 12:56:50,7.7227,256.4618,0.9992
2025-11-12 12:56:50,7.7225,255.3490,0.9992
2025-11-12 12:56:50,7.7233,251.1995,0.9992
2025-11-12 12:56:50,7.7226,266.6100,0.9992
2025-11-12 12:56:50,7.7229,272.6060,0.9991
2025-11-12 12:56:51,7.7224,270.6555,0.9992
2025-11-12 12:56:51,7.7209,278.3432,0.9991
2025-11-12 12:56:51,7.7206,286.1868,0.9991
2025-11-12 12:56:51,7.7208,292.6742,0.9991
2025-11-12 12:56:51,7.7226,303.8763,0.9990
2025-11-12 12:56:51,7.7228,302.0911,0.9991
2025-11-12 12:56:51,7.7238,278.1749,0.9991
2025-11-12 12:56:51,7.7259,340.2526,0.9989
2025-11-12 12:56:51,7.7246,334.2466,0.9990
2025-11-12 12:56:51,7.7245,334.6905,0.9990
2025-11-12 12:56:51,7.7248,328.9519,0.9990
2025-11-12 12:56:52,7.7249,333.4217,0.9990
2025-11-12 12:56:52,7.7256,336.0132,0.9990
2025-11-12 12:56:52,7.7260,332.8069,0.9990
2025-11-12 12:56:52,7.7259,335.6087,0.9990
2025-11-12 12:56:52,7.7243,287.4081,0.9991
2025-11-12 12:56:52,7.7231,282.5974,0.9991
2025-11-12 12:56:52,7.7205,306.9054,0.9990
2025-11-12 12:56:52,7.7203,309.6049,0.9990
2025-11-12 12:56:52,7.7231,403.4205,0.9987
2025-11-12 12:56:52,7.7242,408.3060,0.9987
2025-11-12 12:56:52,7.7252,396.0534,0.9988
2025-11-12 12:56:53,7.7229,459.0879,0.9986
2025-11-12 12:56:53,7.7226,450.6273,0.9986
2025-11-12 12:56:53,7.7212,443.7207,0.9986
2025-11-12 12:56:53,7.7240,423.5160,0.9987
2025-11-12 12:56:53,7.7259,369.1914,0.9989
2025-11-12 12:56:53,7.7263,381.3363,0.9988
2025-11-12 12:56:53,7.7282,385.8477,0.9988
2025-11-12 12:56:53,7.7268,397.6704,0.9988
2025-11-12 12:56:53,7.7277,373.1107,0.9988
2025-11-12 12:56:54,7.7263,324.4972,0.9990
2025-11-12 12:56:54,7.7258,322.3123,0.9990
2025-11-12 12:56:54,7.7274,310.3699,0.9990
2025-11-12 12:56:54,7.7267,326.2446,0.9990
2025-11-12 12:56:54,7.7269,330.4399,0.9990
2025-11-12 12:56:54,7.7264,328.8837,0.9990
2025-11-12 12:56:54,7.7264,328.9210,0.9990
2025-11-12 12:56:54,7.7262,334.1838,0.9990
2025-11-12 12:56:54,7.7239,266.8082,0.9992
2025-11-12 12:56:54,7.7247,270.8837,0.9992
2025-11-12 12:56:55,7.7247,270.5404,0.9992
2025-11-12 12:56:55,7.7250,263.6126,0.9992
2025-11-12 12:56:55,7.7259,288.6803,0.9991
2025-11-12 12:56:55,7.7266,292.5450,0.9991
2025-11-12 12:56:55,7.7259,296.9571,0.9991
2025-11-12 12:56:55,7.7256,305.3745,0.9990
2025-11-12 12:56:55,7.7257,310.2840,0.9990
2025-11-12 12:56:55,7.7257,310.2840,0.9990
2025-11-12 12:56:55,7.7251,314.7320,0.9990
2025-11-12 12:56:56,7.7252,313.4127,0.9990
2025-11-12 12:56:56,7.7268,361.7028,0.9989
2025-11-12 12:56:56,7.7258,356.4908,0.9989
2025-11-12 12:56:56,7.7267,349.7563,0.9989
2025-11-12 12:56:56,7.7270,342.4734,0.9989
2025-11-12 12:56:56,7.7272,350.5247,0.9989
2025-11-12 12:56:56,7.7272,350.5247,0.9989
2025-11-12 12:56:56,7.7265,356.2449,0.9989
2025-11-12 12:56:56,7.7265,356.2449,0.9989
2025-11-12 12:56:57,7.7243,289.2244,0.9991
2025-11-12 12:56:57,7.7218,281.0899,0.9991
2025-11-12 12:56:57,7.7229,276.2899,0.9991
2025-11-12 12:56:57,7.7200,352.4754,0.9989
2025-11-12 12:56:57,7.7217,410.6272,0.9987
2025-11-12 12:56:57,7.7218,410.6877,0.9987
2025-11-12 12:56:57,7.7218,410.5100,0.9987
2025-11-12 12:56:57,7.7233,367.7784,0.9989
2025-11-12 12:56:57,7.7218,318.6672,0.9990
2025-11-12 12:56:57,7.7243,326.7551,0.9990
2025-11-12 12:56:57,7.7244,326.0445,0.9990
2025-11-12 12:56:58,7.7284,229.4674,0.9993
2025-11-12 12:56:58,7.7295,262.1815,0.9992
2025-11-12 12:56:58,7.7287,260.9152,0.9992
2025-11-12 12:56:58,7.7271,274.7390,0.9991
2025-11-12 12:56:58,7.7247,328.5287,0.9990
2025-11-12 12:56:58,7.7247,328.9450,0.9990
2025-11-12 12:56:58,7.7244,328.0314,0.9990
2025-11-12 12:56:59,7.7260,317.2946,0.9990
2025-11-12 12:56:59,7.7259,320.4099,0.9990
2025-11-12 12:56:59,7.7257,316.0761,0.9990
2025-11-12 12:56:59,7.7252,315.3298,0.9990
2025-11-12 12:56:59,7.7250,315.9996,0.9990
2025-11-12 12:56:59,7.7250,315.9996,0.9990
2025-11-12 12:56:59,7.7255,330.3092,0.9990
2025-11-12 12:56:59,7.7271,333.9873,0.9990
2025-11-12 12:56:59,7.7266,337.8290,0.9990
2025-11-12 12:56:59,7.7268,331.7980,0.9990
2025-11-12 12:57:00,7.7268,330.4750,0.9990
2025-11-12 12:57:00,7.7268,330.4750,0.9990
2025-11-12 12:57:00,7.7262,334.9434,0.9990
2025-11-12 12:57:00,7.7261,337.7624,0.9990
2025-11-12 12:57:00,7.7209,199.6539,0.9994
2025-11-12 12:57:00,7.7190,187.9752,0.9994
2025-11-12 12:57:00,7.7173,196.9992,0.9994
2025-11-12 12:57:00,7.7167,208.7900,0.9993
2025-11-12 12:57:00,7.7170,216.0564,0.9993
2025-11-12 12:57:01,7.7178,220.9441,0.9993
2025-11-12 12:57:01,7.7190,213.3593,0.9993
2025-11-12 12:57:01,7.7184,228.2984,0.9993
2025-11-12 12:57:01,7.7182,224.2865,0.9993
2025-11-12 12:57:01,7.7178,221.9416,0.9993
2025-11-12 12:57:01,7.7187,219.0644,0.9993
2025-11-12 12:57:01,7.7198,193.9408,0.9994
2025-11-12 12:57:01,7.7191,178.6857,0.9994
2025-11-12 12:57:01,7.7207,190.5062,0.9994
2025-11-12 12:57:01,7.7223,186.6569,0.9994
2025-11-12 12:57:02,7.7222,190.3998,0.9994
2025-11-12 12:57:02,7.7238,222.8406,0.9993
2025-11-12 12:57:02,7.7226,216.3072,0.9993
2025-11-12 12:57:02,7.7222,216.9862,0.9993
2025-11-12 12:57:02,7.7217,228.2598,0.9993
2025-11-12 12:57:02,7.7215,223.8906,0.9993
2025-11-12 12:57:02,7.7225,229.7601,0.9993
2025-11-12 12:57:02,7.7226,229.5095,0.9993
2025-11-12 12:57:02,7.7232,214.1357,0.9993
2025-11-12 12:57:02,7.7235,220.1693,0.9993
2025-11-12 12:57:03,7.7244,226.2310,0.9993
2025-11-12 12:57:03,7.7226,234.4520,0.9993
2025-11-12 12:57:03,7.7229,229.0122,0.9993
2025-11-12 12:57:03,7.7232,238.0013,0.9993
2025-11-12 12:57:03,7.7216,226.3279,0.9993
2025-11-12 12:57:03,7.7238,218.2775,0.9993
2025-11-12 12:57:03,7.7237,220.9214,0.9993
2025-11-12 12:57:03,7.7233,211.9151,0.9993
2025-11-12 12:57:03,7.7233,211.9151,0.9993
2025-11-12 12:57:03,7.7208,220.9726,0.9993
2025-11-12 12:57:04,7.7206,223.6849,0.9993
2025-11-12 12:57:04,7.7241,318.6329,0.9990
2025-11-12 12:57:04,7.7232,316.1532,0.9990
2025-11-12 12:57:04,7.7237,312.9788,0.9990
2025-11-12 12:57:04,7.7237,312.9788,0.9990
2025-11-12 12:57:04,7.7225,278.3335,0.9991
2025-11-12 12:57:04,7.7234,281.2290,0.9991
2025-11-12 12:57:04,7.7246,274.8734,0.9991
2025-11-12 12:57:04,7.7244,278.8496,0.9991
2025-11-12 12:57:05,7.7249,293.4595,0.9991
2025-11-12 12:57:05,7.7248,293.0538,0.9991
2025-11-12 12:57:05,7.7247,293.4323,0.9991
2025-11-12 12:57:05,7.7246,296.3330,0.9991
2025-11-12 12:57:05,7.7242,286.2245,0.9991
2025-11-12 12:57:05,7.7252,290.5223,0.9991
2025-11-12 12:57:05,7.7249,292.5005,0.9991
2025-11-12 12:57:05,7.7251,285.5452,0.9991
2025-11-12 12:57:05,7.7242,260.8668,0.9992
2025-11-12 12:57:06,7.7233,256.4296,0.9992
2025-11-12 12:57:06,7.7217,266.6833,0.9992
2025-11-12 12:57:06,7.7217,266.6833,0.9992
2025-11-12 12:57:06,7.7237,327.6016,0.9990
2025-11-12 12:57:06,7.7246,331.4099,0.9990
2025-11-12 12:57:06,7.7254,324.2382,0.9990
2025-11-12 12:57:06,7.7254,324.2382,0.9990
2025-11-12 12:57:06,7.7259,341.9053,0.9989
2025-11-12 12:57:06,7.7251,338.8171,0.9989
2025-11-12 12:57:06,7.7253,337.3433,0.9990
2025-11-12 12:57:07,7.7253,337.3433,0.9990
2025-11-12 12:57:07,7.7242,301.4120,0.9991
2025-11-12 12:57:07,7.7226,298.0631,0.9991
2025-11-12 12:57:07,7.7233,294.4308,0.9991
2025-11-12 12:57:07,7.7131,624.4760,0.9980
2025-11-12 12:57:07,7.7143,669.3944,0.9979
2025-11-12 12:57:07,7.7143,669.3131,0.9979
2025-11-12 12:57:07,7.7133,669.4592,0.9979
2025-11-12 12:57:08,7.7200,435.7208,0.9986
2025-11-12 12:57:08,7.7194,417.4157,0.9987
2025-11-12 12:57:08,7.7212,424.9923,0.9987
2025-11-12 12:57:08,7.7228,418.2600,0.9987
2025-11-12 12:57:08,7.7252,345.0163,0.9989
2025-11-12 12:57:08,7.7245,321.0931,0.9990
2025-11-12 12:57:08,7.7257,327.8187,0.9990
2025-11-12 12:57:08,7.7238,339.8782,0.9989
2025-11-12 12:57:08,7.7250,309.8260,0.9990
2025-11-12 12:57:08,7.7258,336.0680,0.9990
2025-11-12 12:57:09,7.7233,325.9098,0.9990
2025-11-12 12:57:09,7.7232,326.5844,0.9990
2025-11-12 12:57:09,7.7186,452.0167,0.9986
2025-11-12 12:57:09,7.7194,479.5180,0.9985
2025-11-12 12:57:09,7.7225,500.3999,0.9984
2025-11-12 12:57:09,7.7243,489.4195,0.9985
2025-11-12 12:57:09,7.7289,348.0957,0.9989
2025-11-12 12:57:09,7.7289,347.5266,0.9989
2025-11-12 12:57:09,7.7280,343.2034,0.9989
2025-11-12 12:57:09,7.7265,354.4740,0.9989
2025-11-12 12:57:10,7.7265,354.4740,0.9989
2025-11-12 12:57:10,7.7264,349.3076,0.9989
2025-11-12 12:57:10,7.7263,349.1661,0.9989
2025-11-12 12:57:10,7.7261,351.2856,0.9989
2025-11-12 12:57:10,7.7261,351.2856,0.9989
2025-11-12 12:57:10,7.7247,306.6116,0.9990
2025-11-12 12:57:10,7.7213,296.6937,0.9991
2025-11-12 12:57:10,7.7211,297.8297,0.9991
2025-11-12 12:57:10,7.7171,403.6378,0.9987
2025-11-12 12:57:11,7.7185,455.4665,0.9986
2025-11-12 12:57:11,7.7199,459.1783,0.9986
2025-11-12 12:57:11,7.7219,451.0404,0.9986
2025-11-12 12:57:11,7.7259,333.2052,0.9990
2025-11-12 12:57:11,7.7252,310.9071,0.9990
2025-11-12 12:57:11,7.7264,313.2304,0.9990
2025-11-12 12:57:11,7.7245,326.4390,0.9990
2025-11-12 12:57:11,7.7245,326.4390,0.9990
2025-11-12 12:57:11,7.7246,330.2779,0.9990
2025-11-12 12:57:12,7.7243,328.9225,0.9990
2025-11-12 12:57:12,7.7253,321.1965,0.9990
2025-11-12 12:57:12,7.7253,321.1965,0.9990
2025-11-12 12:57:12,7.7256,328.7867,0.9990
2025-11-12 12:57:12,7.7256,328.7867,0.9990
2025-11-12 12:57:12,7.7246,336.3397,0.9990
2025-11-12 12:57:12,7.7246,336.3397,0.9990
2025-11-12 12:57:12,7.7247,340.8374,0.9989
2025-11-12 12:57:12,7.7247,340.8374,0.9989
2025-11-12 12:57:12,7.7265,328.2562,0.9990
2025-11-12 12:57:13,7.7265,328.2562,0.9990
2025-11-12 12:57:13,7.7263,322.2686,0.9990
2025-11-12 12:57:13,7.7263,322.2686,0.9990
2025-11-12 12:57:13,7.7248,332.0896,0.9990
2025-11-12 12:57:13,7.7242,348.1476,0.9989
2025-11-12 12:57:13,7.7242,347.3894,0.9989
2025-11-12 12:57:13,7.7244,348.2532,0.9989
2025-11-12 12:57:13,7.7239,352.4197,0.9989
2025-11-12 12:57:13,7.7245,336.4783,0.9990
2025-11-12 12:57:14,7.7243,328.5553,0.9990
2025-11-12 12:57:14,7.7237,326.6297,0.9990
2025-11-12 12:57:14,7.7251,316.7170,0.9990
2025-11-12 12:57:14,7.7249,320.7536,0.9990
2025-11-12 12:57:14,7.7247,311.7425,0.9990
2025-11-12 12:57:14,7.7253,313.8210,0.9990
2025-11-12 12:57:14,7.7252,314.6391,0.9990
2025-11-12 12:57:14,7.7253,310.5808,0.9990
2025-11-12 12:57:15,7.7259,329.0621,0.9990
2025-11-12 12:57:15,7.7264,330.8485,0.9990
2025-11-12 12:57:15,7.7263,331.3778,0.9990
2025-11-12 12:57:15,7.7263,331.3778,0.9990
2025-11-12 12:57:15,7.7256,308.3005,0.9990
2025-11-12 12:57:15,7.7256,308.3005,0.9990
2025-11-12 12:57:15,7.7244,317.2245,0.9990
2025-11-12 12:57:15,7.7244,317.2245,0.9990
2025-11-12 12:57:15,7.7255,349.9369,0.9989
2025-11-12 12:57:16,7.7255,349.9369,0.9989
2025-11-12 12:57:16,7.7274,334.6329,0.9990
2025-11-12 12:57:16,7.7274,334.6329,0.9990
2025-11-12 12:57:16,7.7275,335.6882,0.9990
2025-11-12 12:57:16,7.7275,335.6882,0.9990
2025-11-12 12:57:16,7.7269,339.4868,0.9989
2025-11-12 12:57:16,7.7264,351.6051,0.9989
2025-11-12 12:57:16,7.7262,343.6999,0.9989
2025-11-12 12:57:16,7.7262,343.6999,0.9989
2025-11-12 12:57:16,7.7253,350.5573,0.9989
2025-11-12 12:57:17,7.7257,338.7661,0.9989
2025-11-12 12:57:17,7.7255,331.6971,0.9990
2025-11-12 12:57:17,7.7247,328.3752,0.9990
2025-11-12 12:57:17,7.7245,329.9642,0.9990
2025-11-12 12:57:17,7.7233,359.6995,0.9989
2025-11-12 12:57:17,7.7225,334.0208,0.9990
2025-11-12 12:57:18,7.7219,331.2978,0.9990
2025-11-12 12:57:18,7.7232,323.8850,0.9990
2025-11-12 12:57:18,7.7252,275.0691,0.9991
2025-11-12 12:57:18,7.7259,297.3168,0.9991
2025-11-12 12:57:18,7.7268,298.8206,0.9991
2025-11-12 12:57:18,7.7255,308.4676,0.9990
2025-11-12 12:57:18,7.7249,324.8128,0.9990
2025-11-12 12:57:18,7.7244,309.2289,0.9990
2025-11-12 12:57:18,7.7250,311.9705,0.9990
2025-11-12 12:57:18,7.7250,311.5649,0.9990
2025-11-12 12:57:19,7.7249,314.6052,0.9990
2025-11-12 12:57:19,7.7256,338.6095,0.9989
2025-11-12 12:57:19,7.7265,343.3978,0.9989
2025-11-12 12:57:19,7.7266,342.3182,0.9989
2025-11-12 12:57:19,7.7266,342.3182,0.9989
2025-11-12 12:57:19,7.7240,268.1378,0.9992
2025-11-12 12:57:19,7.7227,259.1438,0.9992
2025-11-12 12:57:19,7.7220,264.1709,0.9992
2025-11-12 12:57:19,7.7220,264.1709,0.9992
2025-11-12 12:57:20,7.7233,302.0755,0.9991
2025-11-12 12:57:20,7.7245,309.4910,0.9990
2025-11-12 12:57:20,7.7267,293.2327,0.9991
2025-11-12 12:57:20,7.7267,293.2327,0.9991
2025-11-12 12:57:20,7.7271,303.8665,0.9991
2025-11-12 12:57:20,7.7255,297.0092,0.9991
2025-11-12 12:57:20,7.7227,315.9697,0.9990
2025-11-12 12:57:20,7.7227,315.9697,0.9990
2025-11-12 12:57:20,7.7219,291.0259,0.9991
2025-11-12 12:57:21,7.7206,286.4311,0.9991
2025-11-12 12:57:21,7.7230,272.1463,0.9991
2025-11-12 12:57:21,7.7224,287.4821,0.9991
2025-11-12 12:57:21,7.7233,315.2981,0.9990
2025-11-12 12:57:21,7.7253,319.9398,0.9990
2025-11-12 12:57:21,7.7254,319.4434,0.9990
2025-11-12 12:57:21,7.7249,332.9593,0.9990
2025-11-12 12:57:21,7.7248,329.6121,0.9990
2025-11-12 12:57:21,7.7244,327.9286,0.9990
2025-11-12 12:57:21,7.7250,325.6643,0.9990
2025-11-12 12:57:22,7.7222,410.3614,0.9987
2025-11-12 12:57:22,7.7212,382.0109,0.9988
2025-11-12 12:57:22,7.7219,386.4966,0.9988
2025-11-12 12:57:22,7.7192,396.7851,0.9988
2025-11-12 12:57:22,7.7234,283.6675,0.9991
2025-11-12 12:57:22,7.7247,323.2474,0.9990
2025-11-12 12:57:22,7.7256,328.5624,0.9990
2025-11-12 12:57:22,7.7280,309.0318,0.9990
2025-11-12 12:57:22,7.7279,311.9709,0.9990
2025-11-12 12:57:23,7.7266,275.2111,0.9991
2025-11-12 12:57:23,7.7257,270.4015,0.9992
2025-11-12 12:57:23,7.7229,289.6386,0.9991
2025-11-12 12:57:23,7.7228,292.5188,0.9991
2025-11-12 12:57:23,7.7238,324.4379,0.9990
2025-11-12 12:57:23,7.7247,330.2255,0.9990
2025-11-12 12:57:23,7.7256,321.0408,0.9990
2025-11-12 12:57:23,7.7256,321.0408,0.9990
2025-11-12 12:57:23,7.7247,293.2209,0.9991
2025-11-12 12:57:23,7.7238,287.3888,0.9991
2025-11-12 12:57:23,7.7238,287.2250,0.9991
2025-11-12 12:57:24,7.7238,287.2250,0.9991
2025-11-12 12:57:24,7.7227,256.9653,0.9992
2025-11-12 12:57:24,7.7227,256.9653,0.9992
2025-11-12 12:57:24,7.7228,256.5603,0.9992
2025-11-12 12:57:24,7.7220,275.3284,0.9991
2025-11-12 12:57:24,7.7244,344.8969,0.9989
2025-11-12 12:57:24,7.7233,339.9110,0.9989
2025-11-12 12:57:24,7.7234,339.0771,0.9989
2025-11-12 12:57:25,7.7242,319.5929,0.9990
2025-11-12 12:57:25,7.7235,297.6328,0.9991
2025-11-12 12:57:25,7.7218,294.7686,0.9991
2025-11-12 12:57:25,7.7233,287.8401,0.9991
2025-11-12 12:57:25,7.7231,294.4921,0.9991
2025-11-12 12:57:25,7.7233,302.0257,0.9991
2025-11-12 12:57:25,7.7253,304.0401,0.9991
2025-11-12 12:57:25,7.7238,312.7028,0.9990
2025-11-12 12:57:25,7.7241,305.9220,0.9990
2025-11-12 12:57:25,7.7237,293.8346,0.9991
2025-11-12 12:57:26,7.7244,297.5071,0.9991
2025-11-12 12:57:26,7.7221,320.3751,0.9990
2025-11-12 12:57:26,7.7221,320.3751,0.9990
2025-11-12 12:57:26,7.7232,356.1285,0.9989
2025-11-12 12:57:26,7.7240,361.5146,0.9989
2025-11-12 12:57:26,7.7276,326.0968,0.9990
2025-11-12 12:57:26,7.7276,326.0968,0.9990
2025-11-12 12:57:26,7.7280,339.8211,0.9989
2025-11-12 12:57:27,7.7284,341.6188,0.9989
2025-11-12 12:57:27,7.7281,343.4999,0.9989
2025-11-12 12:57:27,7.7281,343.4999,0.9989
2025-11-12 12:57:27,7.7283,350.0270,0.9989
2025-11-12 12:57:27,7.7259,341.7130,0.9989
2025-11-12 12:57:27,7.7250,348.4396,0.9989
2025-11-12 12:57:27,7.7250,348.4396,0.9989
2025-11-12 12:57:27,7.7245,333.1281,0.9990
2025-11-12 12:57:27,7.7250,334.4633,0.9990
2025-11-12 12:57:27,7.7246,337.8021,0.9989
2025-11-12 12:57:27,7.7246,337.8021,0.9989
2025-11-12 12:57:28,7.7231,289.3140,0.9991
2025-11-12 12:57:28,7.7231,289.7278,0.9991
2025-11-12 12:57:28,7.7235,287.0472,0.9991
2025-11-12 12:57:28,7.7235,287.0472,0.9991
2025-11-12 12:57:28,7.7240,300.4194,0.9991
2025-11-12 12:57:28,7.7259,311.7024,0.9990
2025-11-12 12:57:28,7.7254,316.0596,0.9990
2025-11-12 12:57:28,7.7252,320.1237,0.9990
2025-11-12 12:57:28,7.7233,269.2787,0.9992
2025-11-12 12:57:29,7.7211,252.7382,0.9992
2025-11-12 12:57:29,7.7228,244.0266,0.9992
2025-11-12 12:57:29,7.7242,213.2756,0.9993
2025-11-12 12:57:29,7.7251,237.1864,0.9993
2025-11-12 12:57:29,7.7225,237.4232,0.9993
2025-11-12 12:57:29,7.7213,242.6885,0.9992
2025-11-12 12:57:29,7.7202,264.8897,0.9992
2025-11-12 12:57:29,7.7199,254.8182,0.9992
2025-11-12 12:57:29,7.7247,273.3082,0.9991
2025-11-12 12:57:29,7.7257,266.8414,0.9992
2025-11-12 12:57:29,7.7256,269.9300,0.9992
2025-11-12 12:57:30,7.7265,294.2486,0.9991
2025-11-12 12:57:30,7.7253,286.8417,0.9991
2025-11-12 12:57:30,7.7253,287.0147,0.9991
2025-11-12 12:57:30,7.7248,298.6677,0.9991
2025-11-12 12:57:30,7.7249,299.6298,0.9991
2025-11-12 12:57:30,7.7257,304.8752,0.9991
2025-11-12 12:57:30,7.7258,304.6146,0.9991
2025-11-12 12:57:30,7.7262,292.6993,0.9991
2025-11-12 12:57:31,7.7272,321.3619,0.9990
2025-11-12 12:57:31,7.7272,321.3619,0.9990
2025-11-12 12:57:31,7.7276,318.9955,0.9990
2025-11-12 12:57:31,7.7278,312.8233,0.9990
2025-11-12 12:57:31,7.7272,294.5209,0.9991
2025-11-12 12:57:31,7.7272,294.5209,0.9991
2025-11-12 12:57:31,7.7274,293.5380,0.9991
2025-11-12 12:57:31,7.7272,296.4312,0.9991
2025-11-12 12:57:31,7.7275,303.9538,0.9991
2025-11-12 12:57:32,7.7275,303.9538,0.9991
2025-11-12 12:57:32,7.7261,313.6140,0.9990
2025-11-12 12:57:32,7.7260,316.7387,0.9990
2025-11-12 12:57:32,7.7260,318.0178,0.9990
2025-11-12 12:57:32,7.7260,318.0178,0.9990
2025-11-12 12:57:32,7.7264,314.9214,0.9990
2025-11-12 12:57:32,7.7264,314.9214,0.9990
2025-11-12 12:57:32,7.7266,320.8320,0.9990
2025-11-12 12:57:32,7.7257,315.8480,0.9990
2025-11-12 12:57:32,7.7265,310.7587,0.9990
2025-11-12 12:57:33,7.7265,310.7587,0.9990
2025-11-12 12:57:33,7.7262,301.8190,0.9991
2025-11-12 12:57:33,7.7267,303.8298,0.9991
2025-11-12 12:57:33,7.7260,307.7376,0.9990
2025-11-12 12:57:33,7.7240,364.0071,0.9989
2025-11-12 12:57:33,7.7233,344.0942,0.9989
2025-11-12 12:57:33,7.7237,346.8301,0.9989
2025-11-12 12:57:33,7.7228,352.0072,0.9989
2025-11-12 12:57:34,7.7249,297.2209,0.9991
2025-11-12 12:57:34,7.7255,316.5478,0.9990
2025-11-12 12:57:34,7.7259,318.8848,0.9990
2025-11-12 12:57:34,7.7275,307.0343,0.9990
2025-11-12 12:57:34,7.7275,307.0343,0.9990
2025-11-12 12:57:34,7.7285,336.9369,0.9990
2025-11-12 12:57:34,7.7267,329.7060,0.9990
2025-11-12 12:57:34,7.7252,339.4413,0.9989
2025-11-12 12:57:34,7.7252,339.4413,0.9989
2025-11-12 12:57:35,7.7251,336.0979,0.9990
2025-11-12 12:57:35,7.7244,334.5490,0.9990
2025-11-12 12:57:35,7.7216,362.6560,0.9989
2025-11-12 12:57:35,7.7219,357.3286,0.9989
2025-11-12 12:57:35,7.7210,327.6940,0.9990
2025-11-12 12:57:35,7.7218,331.5571,0.9990
2025-11-12 12:57:35,7.7232,315.8413,0.9990
2025-11-12 12:57:36,7.7231,318.4506,0.9990
2025-11-12 12:57:36,7.7235,330.9962,0.9990
2025-11-12 12:57:36,7.7233,330.2660,0.9990
2025-11-12 12:57:36,7.7258,310.4352,0.9990
2025-11-12 12:57:36,7.7257,313.5346,0.9990
2025-11-12 12:57:36,7.7256,312.9826,0.9990
2025-11-12 12:57:36,7.7271,318.8563,0.9990
2025-11-12 12:57:36,7.7260,326.8377,0.9990
2025-11-12 12:57:36,7.7260,326.8377,0.9990
2025-11-12 12:57:36,7.7263,334.5635,0.9990
2025-11-12 12:57:37,7.7263,334.5635,0.9990
2025-11-12 12:57:37,7.7277,323.9176,0.9990
2025-11-12 12:57:37,7.7277,323.9176,0.9990
2025-11-12 12:57:37,7.7269,300.8531,0.9991
2025-11-12 12:57:37,7.7248,293.3632,0.9991
2025-11-12 12:57:37,7.7229,304.7759,0.9990
2025-11-12 12:57:37,7.7203,371.2436,0.9988
2025-11-12 12:57:37,7.7207,384.4748,0.9988
2025-11-12 12:57:37,7.7213,386.9783,0.9988
2025-11-12 12:57:37,7.7220,382.5560,0.9988
2025-11-12 12:57:38,7.7242,323.2423,0.9990
2025-11-12 12:57:38,7.7232,293.9159,0.9991
2025-11-12 12:57:38,7.7244,300.3184,0.9991
2025-11-12 12:57:38,7.7250,296.5654,0.9991
2025-11-12 12:57:38,7.7251,294.8788,0.9991
2025-11-12 12:57:38,7.7247,282.9086,0.9991
2025-11-12 12:57:38,7.7244,281.1292,0.9991
2025-11-12 12:57:38,7.7248,278.8675,0.9991
2025-11-12 12:57:39,7.7249,277.5598,0.9991
2025-11-12 12:57:39,7.7258,303.8470,0.9991
2025-11-12 12:57:39,7.7258,303.8470,0.9991
2025-11-12 12:57:39,7.7232,323.8357,0.9990
2025-11-12 12:57:39,7.7234,317.1585,0.9990
2025-11-12 12:57:39,7.7235,318.3096,0.9990
2025-11-12 12:57:39,7.7243,324.3085,0.9990
2025-11-12 12:57:39,7.7273,300.7909,0.9991
2025-11-12 12:57:40,7.7273,300.7909,0.9991
2025-11-12 12:57:40,7.7271,296.0346,0.9991
2025-11-12 12:57:40,7.7262,291.2280,0.9991
2025-11-12 12:57:40,7.7230,315.3098,0.9990
2025-11-12 12:57:40,7.7217,346.8034,0.9989
2025-11-12 12:57:40,7.7209,323.1581,0.9990
2025-11-12 12:57:40,7.7201,317.2665,0.9990
2025-11-12 12:57:40,7.7216,306.0873,0.9990
2025-11-12 12:57:40,7.7225,284.1087,0.9991
2025-11-12 12:57:40,7.7237,319.5826,0.9990
2025-11-12 12:57:41,7.7222,316.2924,0.9990
2025-11-12 12:57:41,7.7236,309.4070,0.9990
2025-11-12 12:57:41,7.7240,299.7401,0.9991
2025-11-12 12:57:41,7.7236,287.0439,0.9991
2025-11-12 12:57:41,7.7260,292.4562,0.9991
2025-11-12 12:57:41,7.7233,312.6833,0.9990
2025-11-12 13:10:24,7.6967,68.0985,0.9998
2025-11-12 13:10:24,7.7089,260.4897,0.9992
2025-11-12 13:10:24,7.7196,271.6652,0.9991
2025-11-12 13:10:24,7.7425,115.0909,0.9997
2025-11-12 13:10:24,7.7495,37.7851,0.9999
2025-11-12 13:10:24,7.7495,37.8849,0.9999
2025-11-12 13:10:24,7.7538,21.9324,0.9999
2025-11-12 13:10:24,7.7489,7.3220,1.0000
2025-11-12 13:10:24,7.7464,23.0064,0.9999
2025-11-12 13:10:24,7.7500,50.7993,0.9998
2025-11-12 13:10:24,7.7506,52.8850,0.9998
2025-11-12 13:10:24,7.7505,53.3222,0.9998
2025-11-12 13:10:25,7.7500,58.6845,0.9998
2025-11-12 13:10:25,7.7497,54.9643,0.9998
2025-11-12 13:10:25,7.7486,50.8968,0.9998
2025-11-12 13:10:25,7.7511,51.7277,0.9998
2025-11-12 13:10:25,7.7484,93.9003,0.9997
2025-11-12 13:10:25,7.7485,95.3930,0.9997
2025-11-12 13:10:25,7.7502,102.4547,0.9997
2025-11-12 13:10:25,7.7499,101.5817,0.9997
2025-11-12 13:10:25,7.7490,120.9595,0.9996
2025-11-12 13:10:25,7.7469,101.2555,0.9997
2025-11-12 13:10:26,7.7438,85.8036,0.9997
2025-11-12 13:10:26,7.7466,113.6471,0.9997
2025-11-12 13:10:26,7.7457,132.6985,0.9996
2025-11-12 13:10:26,7.7467,142.1382,0.9996
2025-11-12 13:10:26,7.7516,165.9693,0.9995
2025-11-12 13:10:26,7.7500,153.8263,0.9995
2025-11-12 13:10:26,7.7497,160.3277,0.9995
2025-11-12 13:10:26,7.7486,152.8089,0.9995
2025-11-12 13:10:26,7.7503,175.6076,0.9995
2025-11-12 13:10:26,7.7510,180.5341,0.9995
2025-11-12 13:10:27,7.7535,124.1722,0.9996
2025-11-12 13:10:27,7.7507,125.2640,0.9996
2025-11-12 13:10:27,7.7503,118.8668,0.9996
2025-11-12 13:10:27,7.7507,122.7019,0.9996
2025-11-12 13:10:27,7.7576,36.6144,0.9999
2025-11-12 13:10:27,7.7566,45.4490,0.9999
2025-11-12 13:10:27,7.7544,28.1953,0.9999
2025-11-12 13:10:27,7.7447,58.2954,0.9998
2025-11-12 13:10:27,7.7422,57.2954,0.9998
2025-11-12 13:10:28,7.7350,108.6970,0.9997
2025-11-12 13:10:28,7.7376,162.9174,0.9995
2025-11-12 13:10:28,7.7445,154.5195,0.9995
2025-11-12 13:10:28,7.7476,152.6609,0.9995
2025-11-12 13:10:28,7.7436,255.9495,0.9992
2025-11-12 13:10:28,7.7415,220.4007,0.9993
2025-11-12 13:10:28,7.7423,226.9154,0.9993
2025-11-12 13:10:28,7.7415,222.7982,0.9993
2025-11-12 13:10:28,7.7453,129.6367,0.9996
2025-11-12 13:10:28,7.7466,147.0669,0.9996
2025-11-12 13:10:29,7.7429,137.2320,0.9996
2025-11-12 13:10:29,7.7445,145.3347,0.9996
2025-11-12 13:10:29,7.7405,240.6953,0.9993
2025-11-12 13:10:29,7.7383,202.3018,0.9994
2025-11-12 13:10:29,7.7448,258.4731,0.9992
2025-11-12 13:10:29,7.7426,249.1666,0.9993
2025-11-12 13:10:29,7.7435,222.7504,0.9993
2025-11-12 13:10:29,7.7436,223.2211,0.9993
2025-11-12 13:10:29,7.7446,241.5449,0.9993
2025-11-12 13:10:29,7.7421,246.0204,0.9993
2025-11-12 13:10:29,7.7424,239.8662,0.9993
2025-11-12 13:10:30,7.7382,207.6804,0.9994
2025-11-12 13:10:30,7.7357,156.0268,0.9995
2025-11-12 13:10:30,7.7337,159.4848,0.9995
2025-11-12 13:10:30,7.7358,120.4744,0.9996
2025-11-12 13:10:30,7.7356,119.3455,0.9996
2025-11-12 13:10:30,7.7351,110.4486,0.9997
2025-11-12 13:10:30,7.7308,146.7160,0.9995
2025-11-12 13:10:30,7.7304,152.3106,0.9995
2025-11-12 13:10:30,7.7321,169.1413,0.9995
2025-11-12 13:10:30,7.7363,265.5129,0.9992
2025-11-12 13:10:31,7.7307,384.3818,0.9988
2025-11-12 13:10:31,7.7296,401.3203,0.9988
2025-11-12 13:10:31,7.7292,396.0387,0.9988
2025-11-12 13:10:31,7.7297,412.9374,0.9987
2025-11-12 13:10:31,7.7337,324.5843,0.9990
2025-11-12 13:10:31,7.7357,290.8325,0.9991
2025-11-12 13:10:31,7.7359,292.3489,0.9991
2025-11-12 13:10:31,7.7353,276.8053,0.9992
2025-11-12 13:10:31,7.7372,243.4809,0.9993
2025-11-12 13:10:31,7.7368,250.7795,0.9992
2025-11-12 13:10:31,7.7347,238.7455,0.9993
2025-11-12 13:10:32,7.7338,213.6402,0.9993
2025-11-12 13:10:32,7.7344,204.7375,0.9994
2025-11-12 13:10:32,7.7379,160.9901,0.9995
2025-11-12 13:10:32,7.7391,164.0956,0.9995
2025-11-12 13:10:32,7.7381,141.9461,0.9996
2025-11-12 13:10:32,7.7354,187.8327,0.9994
2025-11-12 13:10:33,7.7358,184.8793,0.9994
2025-11-12 13:10:33,7.7351,180.9872,0.9994
2025-11-12 13:10:33,7.7366,218.5657,0.9993
2025-11-12 13:10:33,7.7415,141.0651,0.9996
2025-11-12 13:10:33,7.7337,277.4505,0.9992
2025-11-12 13:10:33,7.7367,301.8967,0.9991
2025-11-12 13:10:33,7.7338,235.2465,0.9993
2025-11-12 13:10:33,7.7327,243.6767,0.9993
2025-11-12 13:10:33,7.7317,267.7167,0.9992
2025-11-12 13:10:33,7.7329,285.8139,0.9991
2025-11-12 13:10:34,7.7335,299.5022,0.9991
2025-11-12 13:10:34,7.7345,291.4121,0.9991
2025-11-12 13:10:34,7.7415,142.9244,0.9996
2025-11-12 13:10:34,7.7411,138.6409,0.9996
2025-11-12 13:10:34,7.7407,131.4182,0.9996
2025-11-12 13:10:34,7.7409,128.5798,0.9996
2025-11-12 13:10:34,7.7415,120.1680,0.9996
2025-11-12 13:10:34,7.7394,103.0942,0.9997
2025-11-12 13:10:34,7.7388,92.5690,0.9997
2025-11-12 13:10:35,7.7327,183.6763,0.9994
2025-11-12 13:10:35,7.7304,205.8266,0.9994
2025-11-12 13:10:35,7.7303,204.7486,0.9994
2025-11-12 13:10:35,7.7308,214.5498,0.9993
2025-11-12 13:10:35,7.7433,117.8351,0.9996
2025-11-12 13:10:35,7.7429,124.5740,0.9996
2025-11-12 13:10:35,7.7376,134.2621,0.9996
2025-11-12 13:10:35,7.7371,125.2860,0.9996
2025-11-12 13:10:35,7.7376,129.3986,0.9996
2025-11-12 13:10:35,7.7265,423.1691,0.9987
2025-11-12 13:10:36,7.7213,449.2609,0.9986
2025-11-12 13:10:36,7.7254,573.0488,0.9982
2025-11-12 13:10:36,7.7236,546.5005,0.9983
2025-11-12 13:10:36,7.7285,399.1206,0.9988
2025-11-12 13:10:36,7.7285,398.6468,0.9988
2025-11-12 13:10:36,7.7278,375.8216,0.9988
2025-11-12 13:10:36,7.7289,388.1136,0.9988
2025-11-12 13:10:36,7.7305,348.5088,0.9989
2025-11-12 13:10:36,7.7278,395.9430,0.9988
2025-11-12 13:10:36,7.7276,389.0433,0.9988
2025-11-12 13:10:37,7.7274,386.7774,0.9988
2025-11-12 13:10:37,7.7272,389.9290,0.9988
2025-11-12 13:10:37,7.7251,437.1255,0.9986
2025-11-12 13:10:37,7.7246,420.9121,0.9987
2025-11-12 13:10:37,7.7262,448.1137,0.9986
2025-11-12 13:10:37,7.7277,417.2704,0.9987
2025-11-12 13:10:37,7.7333,303.9451,0.9991
2025-11-12 13:10:37,7.7337,314.8239,0.9990
2025-11-12 13:10:37,7.7313,288.0279,0.9991
2025-11-12 13:10:37,7.7318,279.2029,0.9991
2025-11-12 13:10:37,7.7332,259.9527,0.9992
2025-11-12 13:10:37,7.7338,274.8079,0.9992
2025-11-12 13:10:38,7.7391,342.1830,0.9990
2025-11-12 13:10:38,7.7357,434.4376,0.9987
2025-11-12 13:10:38,7.7357,434.2492,0.9987
2025-11-12 13:10:38,7.7342,396.3335,0.9988
2025-11-12 13:10:38,7.7330,371.5722,0.9989
2025-11-12 13:10:38,7.7299,467.1605,0.9986
2025-11-12 13:10:38,7.7271,503.0794,0.9984
2025-11-12 13:10:38,7.7281,534.5479,0.9983
2025-11-12 13:10:38,7.7288,549.9871,0.9983
2025-11-12 13:10:38,7.7399,286.0822,0.9991
2025-11-12 13:10:39,7.7456,184.3494,0.9994
2025-11-12 13:10:39,7.7448,169.8557,0.9995
2025-11-12 13:10:39,7.7413,136.8708,0.9996
2025-11-12 13:10:39,7.7416,132.9724,0.9996
2025-11-12 13:10:39,7.7405,144.3923,0.9996
2025-11-12 13:10:39,7.7411,157.5199,0.9995
2025-11-12 13:10:39,7.7415,159.5286,0.9995
2025-11-12 13:10:39,7.7485,107.1075,0.9997
2025-11-12 13:10:39,7.7510,70.6216,0.9998
2025-11-12 13:10:39,7.7474,30.2598,0.9999
2025-11-12 13:10:39,7.7458,28.6220,0.9999
2025-11-12 13:10:40,7.7464,29.8929,0.9999
2025-11-12 13:10:40,7.7445,51.1728,0.9998
2025-11-12 13:10:40,7.7436,43.2577,0.9999
2025-11-12 13:10:40,7.7459,50.8159,0.9998
2025-11-12 13:10:40,7.7278,305.4940,0.9991
2025-11-12 13:10:40,7.7299,304.5817,0.9991
2025-11-12 13:10:40,7.7323,349.7914,0.9989
2025-11-12 13:10:40,7.7303,324.6495,0.9990
2025-11-12 13:10:40,7.7330,245.4438,0.9992
2025-11-12 13:10:40,7.7325,245.9007,0.9992
2025-11-12 13:10:41,7.7320,237.0201,0.9993
2025-11-12 13:10:41,7.7339,257.1798,0.9992
2025-11-12 13:10:41,7.7280,447.5435,0.9986
2025-11-12 13:10:41,7.7280,447.5648,0.9986
2025-11-12 13:10:41,7.7282,452.3443,0.9986
2025-11-12 13:10:41,7.7278,445.4196,0.9986
2025-11-12 13:10:41,7.7353,213.2783,0.9993
2025-11-12 13:10:41,7.7294,265.0929,0.9992
2025-11-12 13:10:41,7.7297,273.3829,0.9992
2025-11-12 13:10:42,7.7289,262.2204,0.9992
2025-11-12 13:10:42,7.7319,207.8435,0.9994
2025-11-12 13:10:42,7.7326,197.5525,0.9994
2025-11-12 13:10:42,7.7345,244.2370,0.9993
2025-11-12 13:10:42,7.7340,240.0983,0.9993
2025-11-12 13:10:42,7.7332,254.5927,0.9992
2025-11-12 13:10:42,7.7364,215.7735,0.9993
2025-11-12 13:10:42,7.7367,222.8290,0.9993
2025-11-12 13:10:42,7.7388,239.7850,0.9993
2025-11-12 13:10:42,7.7285,551.2376,0.9983
2025-11-12 13:10:42,7.7293,548.4530,0.9983
2025-11-12 13:10:42,7.7278,505.9789,0.9984
2025-11-12 13:10:43,7.7268,489.6987,0.9985
2025-11-12 13:10:43,7.7337,269.1425,0.9992
2025-11-12 13:10:43,7.7226,439.5440,0.9986
2025-11-12 13:10:43,7.7242,488.8541,0.9985
2025-11-12 13:10:43,7.7249,502.0080,0.9984
2025-11-12 13:10:43,7.7294,424.1979,0.9987
2025-11-12 13:10:43,7.7358,272.6576,0.9992
2025-11-12 13:10:43,7.7318,185.9376,0.9994
2025-11-12 13:10:43,7.7258,136.0554,0.9996
2025-11-12 13:10:43,7.7279,117.0944,0.9996
2025-11-12 13:10:43,7.7286,108.3776,0.9997
2025-11-12 13:10:44,7.7288,112.0318,0.9997
2025-11-12 13:10:44,7.7318,122.2264,0.9996
2025-11-12 13:10:44,7.7376,100.0128,0.9997
2025-11-12 13:10:44,7.7433,29.3400,0.9999
2025-11-12 13:10:44,7.7419,16.6802,0.9999
2025-11-12 13:10:44,7.7294,164.6914,0.9995
2025-11-12 13:10:44,7.7309,176.9468,0.9995
2025-11-12 13:10:44,7.7311,177.1904,0.9995
2025-11-12 13:10:44,7.7259,130.6632,0.9996
2025-11-12 13:10:45,7.7333,24.6867,0.9999
2025-11-12 13:10:45,7.7351,43.6966,0.9999
2025-11-12 13:10:45,7.7343,45.1959,0.9999
2025-11-12 13:10:45,7.7427,102.0401,0.9997
2025-11-12 13:10:45,7.7367,216.4421,0.9993
2025-11-12 13:10:45,7.7372,221.6338,0.9993
2025-11-12 13:10:45,7.7364,226.2927,0.9993
2025-11-12 13:10:45,7.7354,208.1550,0.9994
2025-11-12 13:10:45,7.7386,142.0577,0.9996
2025-11-12 13:10:45,7.7372,128.9655,0.9996
2025-11-12 13:10:45,7.7367,132.5509,0.9996
2025-11-12 13:10:45,7.7362,124.3818,0.9996
2025-11-12 13:10:46,7.7367,117.0486,0.9996
2025-11-12 13:10:46,7.7383,133.2736,0.9996
2025-11-12 13:10:46,7.7398,121.9662,0.9996
2025-11-12 13:10:46,7.7400,123.8545,0.9996
2025-11-12 13:10:46,7.7434,74.0019,0.9998
2025-11-12 13:10:46,7.7429,70.2569,0.9998
2025-11-12 13:10:46,7.7437,65.0165,0.9998
2025-11-12 13:10:46,7.7385,35.0723,0.9999
2025-11-12 13:10:46,7.7394,28.9879,0.9999
2025-11-12 13:10:46,7.7382,19.0151,0.9999
2025-11-12 13:10:47,7.7373,22.5022,0.9999
2025-11-12 13:10:47,7.7333,32.0820,0.9999
2025-11-12 13:10:47,7.7335,31.7224,0.9999
2025-11-12 13:10:47,7.7317,15.1247,1.0000
2025-11-12 13:10:47,7.7317,15.1247,1.0000
2025-11-12 13:10:47,7.7408,51.1924,0.9998
2025-11-12 13:10:47,7.7386,71.1753,0.9998
2025-11-12 13:10:47,7.7401,77.0574,0.9998
2025-11-12 13:10:47,7.7397,80.1679,0.9998
2025-11-12 13:10:47,7.7385,65.0827,0.9998
2025-11-12 13:10:47,7.7399,51.6815,0.9998
2025-11-12 13:10:47,7.7370,43.6762,0.9999
2025-11-12 13:10:48,7.7373,41.9946,0.9999
2025-11-12 13:10:48,7.7398,80.4401,0.9998
2025-11-12 13:10:48,7.7412,70.6363,0.9998
2025-11-12 13:10:48,7.7420,68.9876,0.9998
2025-11-12 13:10:48,7.7423,66.2456,0.9998
2025-11-12 13:10:48,7.7428,73.7167,0.9998
2025-11-12 13:10:48,7.7430,72.1257,0.9998
2025-11-12 13:10:48,7.7396,90.3922,0.9997
2025-11-12 13:10:48,7.7402,87.5227,0.9997
2025-11-12 13:10:48,7.7397,78.2707,0.9998
2025-11-12 13:10:49,7.7380,88.2919,0.9997
2025-11-12 13:10:49,7.7399,77.4645,0.9998
2025-11-12 13:10:49,7.7368,99.3818,0.9997
2025-11-12 13:10:49,7.7363,89.8888,0.9997
2025-11-12 13:10:49,7.7375,83.6972,0.9997
2025-11-12 13:10:49,7.7386,82.1719,0.9998
2025-11-12 13:10:49,7.7341,150.3002,0.9995
2025-11-12 13:10:49,7.7336,140.8310,0.9996
2025-11-12 13:10:49,7.7339,140.4570,0.9996
2025-11-12 13:10:50,7.7331,138.8571,0.9996
2025-11-12 13:10:50,7.7336,130.0639,0.9996
2025-11-12 13:10:50,7.7316,96.3988,0.9997
2025-11-12 13:10:50,7.7319,96.5179,0.9997
2025-11-12 13:10:50,7.7305,95.4914,0.9997
2025-11-12 13:10:50,7.7362,35.2948,0.9999
2025-11-12 13:10:50,7.7369,43.9938,0.9999
2025-11-12 13:10:50,7.7362,46.2546,0.9999
2025-11-12 13:10:50,7.7202,346.1152,0.9989
2025-11-12 13:10:50,7.7209,350.2990,0.9989
2025-11-12 13:10:50,7.7151,248.0996,0.9992
2025-11-12 13:10:51,7.7158,255.3228,0.9992
2025-11-12 13:10:51,7.7204,135.9989,0.9996
2025-11-12 13:10:51,7.7186,126.8788,0.9996
2025-11-12 13:10:51,7.7274,288.4668,0.9991
2025-11-12 13:10:51,7.7271,287.4491,0.9991
2025-11-12 13:10:51,7.7241,373.2528,0.9988
2025-11-12 13:10:51,7.7215,380.5541,0.9988
2025-11-12 13:10:51,7.7211,366.5335,0.9988
2025-11-12 13:10:51,7.7214,368.8119,0.9988
2025-11-12 13:10:51,7.7295,184.9091,0.9994
2025-11-12 13:10:52,7.7333,159.8042,0.9995
2025-11-12 13:10:52,7.7325,141.4400,0.9996
2025-11-12 13:10:52,7.7305,144.7359,0.9996
2025-11-12 13:10:52,7.7321,121.5289,0.9996
2025-11-12 13:10:52,7.7257,172.4995,0.9995
2025-11-12 13:10:52,7.7270,206.4914,0.9994
2025-11-12 13:10:52,7.7272,206.2712,0.9994
2025-11-12 13:10:52,7.7316,178.0059,0.9995
2025-11-12 13:10:52,7.7367,112.3459,0.9997
2025-11-12 13:10:52,7.7358,95.3883,0.9997
2025-11-12 13:10:53,7.7374,87.5352,0.9997
2025-11-12 13:10:53,7.7373,88.2283,0.9997
2025-11-12 13:10:53,7.7358,103.9575,0.9997
2025-11-12 13:10:53,7.7342,76.2913,0.9998
2025-11-12 13:10:53,7.7334,78.1448,0.9998
2025-11-12 13:10:53,7.7364,76.4095,0.9998
2025-11-12 13:10:53,7.7406,42.6794,0.9999
2025-11-12 13:10:53,7.7415,54.9146,0.9998
2025-11-12 13:10:53,7.7391,79.4233,0.9998
2025-11-12 13:10:54,7.7388,79.3505,0.9998
2025-11-12 13:10:54,7.7369,89.0199,0.9997
2025-11-12 13:10:54,7.7348,57.3584,0.9998
2025-11-12 13:10:54,7.7378,36.2048,0.9999
2025-11-12 13:10:54,7.7392,39.1099,0.9999
2025-11-12 13:10:54,7.7397,35.7328,0.9999
2025-11-12 13:10:54,7.7411,51.9466,0.9998
2025-11-12 13:10:54,7.7398,61.3617,0.9998
2025-11-12 13:10:54,7.7415,69.3729,0.9998
2025-11-12 13:10:54,7.7413,71.4206,0.9998
2025-11-12 13:10:54,7.7416,74.9670,0.9998
2025-11-12 13:10:55,7.7420,70.8057,0.9998
2025-11-12 13:10:55,7.7396,61.9646,0.9998
2025-11-12 13:10:55,7.7405,55.5821,0.9998
2025-11-12 13:10:55,7.7403,52.0464,0.9998
2025-11-12 13:10:55,7.7394,59.7238,0.9998
2025-11-12 13:10:55,7.7395,59.9326,0.9998
2025-11-12 13:10:55,7.7383,68.0273,0.9998
2025-11-12 13:10:55,7.7395,87.1247,0.9997
2025-11-12 13:10:55,7.7390,92.2590,0.9997
2025-11-12 13:10:55,7.7405,97.4969,0.9997
2025-11-12 13:10:55,7.7418,86.4265,0.9997
2025-11-12 13:10:55,7.7415,81.4876,0.9998
2025-11-12 13:10:56,7.7384,127.6224,0.9996
2025-11-12 13:10:56,7.7393,133.4888,0.9996
2025-11-12 13:10:56,7.7383,139.2696,0.9996
2025-11-12 13:10:56,7.7389,150.1142,0.9995
2025-11-12 13:10:56,7.7410,116.1890,0.9996
2025-11-12 13:10:56,7.7399,109.6435,0.9997
2025-11-12 13:10:56,7.7386,121.0968,0.9996
2025-11-12 13:10:56,7.7293,37.6540,0.9999
2025-11-12 13:10:56,7.7251,82.0825,0.9997
2025-11-12 13:10:56,7.7272,118.0446,0.9996
2025-11-12 13:10:57,7.7277,116.8566,0.9996
2025-11-12 13:10:57,7.7300,123.1839,0.9996
2025-11-12 13:10:57,7.7332,76.2057,0.9998
2025-11-12 13:10:57,7.7289,31.0880,0.9999
2025-11-12 13:10:57,7.7293,30.2095,0.9999
2025-11-12 13:10:57,7.7316,48.4983,0.9999
2025-11-12 13:10:57,7.7274,108.4326,0.9997
2025-11-12 13:10:58,7.7288,120.1674,0.9996
2025-11-12 13:10:58,7.7279,122.7542,0.9996
2025-11-12 13:10:58,7.7286,131.6533,0.9996
2025-11-12 13:10:58,7.7380,34.6105,0.9999
2025-11-12 13:10:58,7.7352,31.6553,0.9999
2025-11-12 13:10:58,7.7363,23.4881,0.9999
2025-11-12 13:10:58,7.7394,60.7482,0.9998
2025-11-12 13:10:58,7.7368,72.8491,0.9998
2025-11-12 13:10:58,7.7376,71.1843,0.9998
2025-11-12 13:10:58,7.7392,62.2146,0.9998
2025-11-12 13:10:58,7.7393,63.6011,0.9998
2025-11-12 13:10:58,7.7404,55.3142,0.9998
2025-11-12 13:10:58,7.7395,58.8888,0.9998
2025-11-12 13:10:59,7.7382,65.5603,0.9998
2025-11-12 13:10:59,7.7382,65.9338,0.9998
2025-11-12 13:10:59,7.7360,82.3262,0.9997
2025-11-12 13:10:59,7.7406,90.6405,0.9997
2025-11-12 13:10:59,7.7349,166.7947,0.9995
2025-11-12 13:10:59,7.7348,165.6185,0.9995
2025-11-12 13:10:59,7.7363,154.5307,0.9995
2025-11-12 13:10:59,7.7254,172.2180,0.9995
2025-11-12 13:10:59,7.7284,142.8103,0.9996
2025-11-12 13:10:59,7.7136,28.7416,0.9999
2025-11-12 13:11:00,7.7082,9.7561,1.0000
2025-11-12 13:11:00,7.7162,61.9380,0.9998
2025-11-12 13:11:00,7.7078,119.6773,0.9996
2025-11-12 13:11:00,7.7109,119.2099,0.9996
2025-11-12 13:11:00,7.7117,117.2026,0.9996
2025-11-12 13:11:00,7.7057,50.0127,0.9998
2025-11-12 13:11:00,7.7068,37.6705,0.9999
2025-11-12 13:11:00,7.7052,31.4321,0.9999
2025-11-12 13:11:00,7.7024,32.6664,0.9999
2025-11-12 13:11:00,7.6923,49.6309,0.9998
2025-11-12 13:11:01,7.6947,48.6628,0.9998
2025-11-12 13:11:01,7.6992,108.7687,0.9996
2025-11-12 13:11:01,7.7078,166.7929,0.9995
2025-11-12 13:11:01,7.7236,74.0221,0.9998
2025-11-12 13:11:01,7.7283,18.7600,0.9999
2025-11-12 13:11:01,7.7378,103.7552,0.9997
2025-11-12 13:11:01,7.7362,113.1595,0.9997
2025-11-12 13:11:01,7.7356,113.0312,0.9997
2025-11-12 13:11:01,7.7292,226.7589,0.9993
2025-11-12 13:11:01,7.7289,220.8028,0.9993
2025-11-12 13:11:02,7.7313,219.6282,0.9993
2025-11-12 13:11:02,7.7350,242.3581,0.9993
2025-11-12 13:11:02,7.7414,105.0648,0.9997
2025-11-12 13:11:02,7.7408,96.1752,0.9997
2025-11-12 13:11:02,7.7387,109.5035,0.9997
2025-11-12 13:11:02,7.7377,102.8869,0.9997
2025-11-12 13:11:02,7.7364,122.3607,0.9996
2025-11-12 13:11:02,7.7366,125.9926,0.9996
2025-11-12 13:11:02,7.7368,124.5848,0.9996
2025-11-12 13:11:02,7.7382,134.9054,0.9996
2025-11-12 13:11:03,7.7449,61.9848,0.9998
2025-11-12 13:11:03,7.7431,42.9877,0.9999
2025-11-12 13:11:03,7.7447,27.9365,0.9999
2025-11-12 13:11:03,7.7445,27.0277,0.9999
2025-11-12 13:11:03,7.7445,27.0277,0.9999
2025-11-12 13:11:03,7.7464,44.5009,0.9999
2025-11-12 13:11:03,7.7464,44.5009,0.9999
2025-11-12 13:11:03,7.7466,45.2178,0.9999
2025-11-12 13:11:03,7.7443,62.8182,0.9998
2025-11-12 13:11:03,7.7454,77.6833,0.9998
2025-11-12 13:11:03,7.7439,91.2969,0.9997
2025-11-12 13:11:04,7.7419,85.0759,0.9997
2025-11-12 13:11:04,7.7433,75.0279,0.9998
2025-11-12 13:11:04,7.7449,102.5237,0.9997
2025-11-12 13:11:04,7.7454,96.4408,0.9997
2025-11-12 13:11:04,7.7481,99.9918,0.9997
2025-11-12 13:11:04,7.7459,123.4151,0.9996
2025-11-12 13:11:04,7.7455,115.0543,0.9997
2025-11-12 13:11:04,7.7457,112.6759,0.9997
2025-11-12 13:11:04,7.7436,105.2209,0.9997
2025-11-12 13:11:04,7.7428,113.8322,0.9997
2025-11-12 13:11:04,7.7433,122.5638,0.9996
2025-11-12 13:11:05,7.7426,128.2523,0.9996
2025-11-12 13:11:05,7.7429,128.8834,0.9996
2025-11-12 13:11:05,7.7446,110.1047,0.9997
2025-11-12 13:11:05,7.7445,107.0465,0.9997
2025-11-12 13:11:05,7.7443,108.5343,0.9997
2025-11-12 13:11:05,7.7453,111.1461,0.9997
2025-11-12 13:11:05,7.7443,122.6672,0.9996
2025-11-12 13:11:05,7.7452,141.2741,0.9996
2025-11-12 13:11:05,7.7441,155.2227,0.9995
2025-11-12 13:11:05,7.7364,180.5321,0.9994
2025-11-12 13:11:06,7.7353,189.2435,0.9994
2025-11-12 13:11:06,7.7357,201.6378,0.9994
2025-11-12 13:11:06,7.7360,198.8731,0.9994
2025-11-12 13:11:06,7.7287,324.6868,0.9990
2025-11-12 13:11:06,7.7226,388.9078,0.9988
2025-11-12 13:11:06,7.7217,356.1368,0.9989
2025-11-12 13:11:06,7.7198,356.6003,0.9989
2025-11-12 13:11:06,7.7237,299.6347,0.9991
2025-11-12 13:11:06,7.7322,223.9922,0.9993
2025-11-12 13:11:06,7.7330,249.0974,0.9992
2025-11-12 13:11:06,7.7323,257.2080,0.9992
2025-11-12 13:11:07,7.7437,189.1144,0.9994
2025-11-12 13:11:07,7.7418,209.0384,0.9994
2025-11-12 13:11:07,7.7406,181.1587,0.9995
2025-11-12 13:11:07,7.7449,125.6465,0.9996
2025-11-12 13:11:07,7.7434,121.0380,0.9996
2025-11-12 13:11:07,7.7447,105.7652,0.9997
2025-11-12 13:11:07,7.7403,40.0653,0.9999
2025-11-12 13:11:07,7.7392,47.7932,0.9999
2025-11-12 13:11:07,7.7401,52.5648,0.9998
2025-11-12 13:11:07,7.7405,49.6647,0.9998
2025-11-12 13:11:07,7.7410,55.5815,0.9998
2025-11-12 13:11:08,7.7409,56.6750,0.9998
2025-11-12 13:11:08,7.7425,68.3934,0.9998
2025-11-12 13:11:08,7.7409,83.3865,0.9997
2025-11-12 13:11:08,7.7437,122.6215,0.9996
2025-11-12 13:11:08,7.7441,118.4758,0.9996
2025-11-12 13:11:08,7.7435,114.5422,0.9997
2025-11-12 13:11:08,7.7458,90.3531,0.9997
2025-11-12 13:11:08,7.7460,93.3470,0.9997
2025-11-12 13:11:08,7.7453,101.3943,0.9997
2025-11-12 13:11:08,7.7424,93.8878,0.9997
2025-11-12 13:11:08,7.7425,93.3861,0.9997
2025-11-12 13:11:08,7.7429,101.9344,0.9997
2025-11-12 13:11:08,7.7411,126.2300,0.9996
2025-11-12 13:11:09,7.7410,126.2027,0.9996
2025-11-12 13:11:09,7.7386,144.1869,0.9996
2025-11-12 13:11:09,7.7386,143.7474,0.9996
2025-11-12 13:11:09,7.7388,140.7952,0.9996
2025-11-12 13:11:09,7.7405,146.6741,0.9996
2025-11-12 13:11:09,7.7401,151.6792,0.9995
2025-11-12 13:11:09,7.7383,116.3855,0.9996
2025-11-12 13:11:09,7.7404,93.7111,0.9997
2025-11-12 13:11:09,7.7389,88.0380,0.9997
2025-11-12 13:11:09,7.7416,65.1059,0.9998
2025-11-12 13:11:09,7.7420,71.0924,0.9998
2025-11-12 13:11:09,7.7430,62.5305,0.9998
2025-11-12 13:11:09,7.7363,109.4366,0.9997
2025-11-12 13:11:10,7.7339,120.5918,0.9996
2025-11-12 13:11:10,7.7337,116.1055,0.9996
2025-11-12 13:11:10,7.7320,121.4129,0.9996
2025-11-12 13:11:10,7.7305,139.5146,0.9996
2025-11-12 13:11:10,7.7303,140.4530,0.9996
2025-11-12 13:11:10,7.7323,191.2518,0.9994
2025-11-12 13:11:10,7.7336,186.3077,0.9994
2025-11-12 13:11:10,7.7322,209.6085,0.9994
2025-11-12 13:11:10,7.7326,207.6066,0.9994
2025-11-12 13:11:10,7.7317,184.7670,0.9994
2025-11-12 13:11:11,7.7275,207.2445,0.9994
2025-11-12 13:11:11,7.7191,391.1857,0.9988
2025-11-12 13:11:11,7.7211,400.1033,0.9987
2025-11-12 13:11:11,7.7200,365.6816,0.9989
2025-11-12 13:11:11,7.7229,359.8700,0.9989
2025-11-12 13:11:11,7.7275,232.7568,0.9993
2025-11-12 13:11:11,7.7252,232.0750,0.9993
2025-11-12 13:11:11,7.7260,254.0136,0.9992
2025-11-12 13:11:11,7.7279,255.0156,0.9992
2025-11-12 13:11:11,7.7291,227.5518,0.9993
2025-11-12 13:11:12,7.7312,222.6397,0.9993
2025-11-12 13:11:12,7.7315,229.0366,0.9993
2025-11-12 13:11:12,7.7318,229.1370,0.9993
2025-11-12 13:11:12,7.7317,232.0290,0.9993
2025-11-12 13:11:12,7.7297,236.6247,0.9993
2025-11-12 13:11:12,7.7287,209.2456,0.9994
2025-11-12 13:11:12,7.7279,207.7710,0.9994
2025-11-12 13:11:12,7.7328,124.6395,0.9996
2025-11-12 13:11:12,7.7354,115.2332,0.9996
2025-11-12 13:11:12,7.7362,131.5406,0.9996
2025-11-12 13:11:12,7.7359,132.9667,0.9996
2025-11-12 13:11:12,7.7434,75.2692,0.9998
2025-11-12 13:11:13,7.7405,100.5384,0.9997
2025-11-12 13:11:13,7.7391,76.9387,0.9998
2025-11-12 13:11:13,7.7369,97.3141,0.9997
2025-11-12 13:11:13,7.7386,106.8104,0.9997
2025-11-12 13:11:13,7.7382,110.5271,0.9997
2025-11-12 13:11:13,7.7397,136.4539,0.9996
2025-11-12 13:11:13,7.7395,139.2347,0.9996
2025-11-12 13:11:13,7.7378,131.0177,0.9996
2025-11-12 13:11:14,7.7381,127.7503,0.9996
2025-11-12 13:11:14,7.7375,115.9267,0.9996
2025-11-12 13:11:14,7.7391,99.1292,0.9997
2025-11-12 13:11:14,7.7397,100.8871,0.9997
2025-11-12 13:11:14,7.7420,80.5546,0.9998
2025-11-12 13:11:14,7.7421,83.3048,0.9997
2025-11-12 13:11:14,7.7441,65.0841,0.9998
2025-11-12 13:11:14,7.7433,65.1700,0.9998
2025-11-12 13:11:14,7.7425,72.2861,0.9998
2025-11-12 13:11:14,7.7338,8.4201,1.0000
2025-11-12 13:11:14,7.7323,11.2450,1.0000
2025-11-12 13:11:14,7.7331,17.6205,0.9999
2025-11-12 13:11:14,7.7330,18.0303,0.9999
2025-11-12 13:11:15,7.7382,39.8720,0.9999
2025-11-12 13:11:15,7.7398,30.7913,0.9999
2025-11-12 13:11:15,7.7404,33.5779,0.9999
2025-11-12 13:11:15,7.7426,20.4733,0.9999
2025-11-12 13:11:15,7.7422,17.9590,0.9999
2025-11-12 13:11:15,7.7405,30.2986,0.9999
2025-11-12 13:11:15,7.7408,32.0005,0.9999
2025-11-12 13:11:15,7.7403,33.8172,0.9999
2025-11-12 13:11:15,7.7412,41.2562,0.9999
2025-11-12 13:11:16,7.7412,41.2562,0.9999
2025-11-12 13:11:16,7.7420,46.3895,0.9999
2025-11-12 13:11:16,7.7418,47.2915,0.9999
2025-11-12 13:11:16,7.7425,53.0633,0.9998
2025-11-12 13:11:16,7.7423,54.4742,0.9998
2025-11-12 13:11:16,7.7426,56.4231,0.9998
2025-11-12 13:11:16,7.7426,56.4231,0.9998
2025-11-12 13:11:16,7.7423,53.0024,0.9998
2025-11-12 13:11:16,7.7435,41.6495,0.9999
2025-11-12 13:11:16,7.7355,50.7445,0.9998
2025-11-12 13:11:16,7.7351,51.4329,0.9998
2025-11-12 13:11:16,7.7308,11.5988,1.0000
2025-11-12 13:11:17,7.7307,11.5904,1.0000
2025-11-12 13:11:17,7.7230,110.5278,0.9997
2025-11-12 13:11:17,7.7218,105.2345,0.9997
2025-11-12 13:11:17,7.7191,83.2762,0.9997
2025-11-12 13:11:17,7.7185,79.1728,0.9997
2025-11-12 13:11:17,7.7168,110.8870,0.9996
2025-11-12 13:11:17,7.7173,114.8689,0.9996
2025-11-12 13:11:17,7.7057,167.3174,0.9995
2025-11-12 13:11:17,7.7052,160.3908,0.9995
2025-11-12 13:11:17,7.7129,114.3629,0.9996
2025-11-12 13:11:17,7.7139,126.2096,0.9996
2025-11-12 13:11:17,7.7250,14.1344,1.0000
2025-11-12 13:11:18,7.7259,15.7118,1.0000
2025-11-12 13:11:18,7.7302,3.2063,1.0000
2025-11-12 13:11:18,7.7298,2.4106,1.0000
2025-11-12 13:11:18,7.7395,68.1702,0.9998
2025-11-12 13:11:18,7.7389,72.4286,0.9998
2025-11-12 13:11:18,7.7430,70.5711,0.9998
2025-11-12 13:11:18,7.7435,66.9764,0.9998
2025-11-12 13:11:18,7.7441,74.9394,0.9998
2025-11-12 13:11:18,7.7445,70.0245,0.9998
2025-11-12 13:11:18,7.7352,130.2417,0.9996
2025-11-12 13:11:18,7.7349,130.7342,0.9996
2025-11-12 13:11:19,7.7347,127.8924,0.9996
2025-11-12 13:11:19,7.7344,129.3357,0.9996
2025-11-12 13:11:19,7.7353,116.4158,0.9996
2025-11-12 13:11:19,7.7352,116.6591,0.9996
2025-11-12 13:11:19,7.7347,106.4809,0.9997
2025-11-12 13:11:19,7.7343,108.2858,0.9997
2025-11-12 13:11:19,7.7306,167.1129,0.9995
2025-11-12 13:11:19,7.7299,167.0398,0.9995
2025-11-12 13:11:19,7.7307,183.9948,0.9994
2025-11-12 13:11:19,7.7309,183.2484,0.9994
2025-11-12 13:11:19,7.7331,146.0908,0.9996
2025-11-12 13:11:20,7.7339,144.7425,0.9996
2025-11-12 13:11:20,7.7341,149.5481,0.9995
2025-11-12 13:11:20,7.7349,146.4994,0.9996
2025-11-12 13:11:20,7.7329,184.3872,0.9994
2025-11-12 13:11:20,7.7316,186.6685,0.9994
2025-11-12 13:11:20,7.7334,236.3087,0.9993
2025-11-12 13:11:20,7.7263,296.4865,0.9991
2025-11-12 13:11:20,7.7172,514.9145,0.9984
2025-11-12 13:11:20,7.7155,507.7155,0.9984
2025-11-12 13:11:20,7.7164,544.0844,0.9983
2025-11-12 13:11:20,7.7214,521.9510,0.9984
2025-11-12 13:11:21,7.7292,305.4358,0.9991
2025-11-12 13:11:21,7.7312,297.3390,0.9991
2025-11-12 13:11:21,7.7307,282.1692,0.9991
2025-11-12 13:11:21,7.7246,351.4095,0.9989
2025-11-12 13:11:21,7.7243,356.6780,0.9989
2025-11-12 13:11:21,7.7230,355.3103,0.9989
2025-11-12 13:11:21,7.7234,368.0254,0.9989
2025-11-12 13:11:21,7.7299,301.7167,0.9991
2025-11-12 13:11:21,7.7306,286.4354,0.9991
2025-11-12 13:11:22,7.7332,280.0646,0.9991
2025-11-12 13:11:22,7.7325,260.7370,0.9992
2025-11-12 13:11:22,7.7309,272.2502,0.9992
2025-11-12 13:11:22,7.7294,306.5658,0.9991
2025-11-12 13:11:22,7.7298,307.7851,0.9991
2025-11-12 13:11:22,7.7282,258.3654,0.9992
2025-11-12 13:11:22,7.7310,246.3163,0.9992
2025-11-12 13:11:22,7.7372,126.5981,0.9996
2025-11-12 13:11:22,7.7365,127.9914,0.9996
2025-11-12 13:11:22,7.7368,134.1202,0.9996
2025-11-12 13:11:23,7.7357,140.7232,0.9996
2025-11-12 13:11:23,7.7379,117.3638,0.9996
2025-11-12 13:11:23,7.7383,116.1703,0.9996
2025-11-12 13:11:23,7.7392,136.5482,0.9996
2025-11-12 13:11:23,7.7405,125.8475,0.9996
2025-11-12 13:11:23,7.7352,206.6524,0.9994
2025-11-12 13:11:23,7.7344,208.1953,0.9994
2025-11-12 13:11:23,7.7328,169.9522,0.9995
2025-11-12 13:11:23,7.7311,176.3604,0.9995
2025-11-12 13:11:23,7.7311,175.4428,0.9995
2025-11-12 13:11:23,7.7313,175.3845,0.9995
2025-11-12 13:11:24,7.7316,182.5373,0.9994
2025-11-12 13:11:24,7.7337,174.7756,0.9995
2025-11-12 13:11:24,7.7398,92.8593,0.9997
2025-11-12 13:11:24,7.7405,89.4178,0.9997
2025-11-12 13:11:24,7.7426,134.6488,0.9996
2025-11-12 13:11:24,7.7414,144.8321,0.9996
2025-11-12 13:11:24,7.7394,166.1105,0.9995
2025-11-12 13:11:24,7.7397,165.2761,0.9995
2025-11-12 13:11:24,7.7388,143.7614,0.9996
2025-11-12 13:11:24,7.7385,146.2570,0.9996
2025-11-12 13:11:25,7.7392,138.3804,0.9996
2025-11-12 13:11:25,7.7382,142.2209,0.9996
2025-11-12 13:11:25,7.7383,145.6326,0.9996
2025-11-12 13:11:25,7.7381,147.8688,0.9996
2025-11-12 13:11:25,7.7281,338.3720,0.9990
2025-11-12 13:11:25,7.7270,337.7968,0.9990
2025-11-12 13:11:25,7.7273,347.5691,0.9989
2025-11-12 13:11:25,7.7269,348.5046,0.9989
2025-11-12 13:11:25,7.7412,143.0058,0.9996
2025-11-12 13:11:25,7.7413,142.1418,0.9996
2025-11-12 13:11:26,7.7402,116.6933,0.9996
2025-11-12 13:11:26,7.7423,97.3190,0.9997
2025-11-12 13:11:26,7.7424,97.1605,0.9997
2025-11-12 13:11:26,7.7426,95.0535,0.9997
2025-11-12 13:11:26,7.7405,59.5235,0.9998
2025-11-12 13:11:26,7.7400,63.1583,0.9998
2025-11-12 13:11:26,7.7431,73.4705,0.9998
2025-11-12 13:11:26,7.7412,95.1085,0.9997
2025-11-12 13:11:26,7.7417,101.8000,0.9997
2025-11-12 13:11:26,7.7410,107.2846,0.9997
2025-11-12 13:11:27,7.7392,96.2451,0.9997
2025-11-12 13:11:27,7.7389,100.0021,0.9997
2025-11-12 13:11:27,7.7390,102.6424,0.9997
2025-11-12 13:11:27,7.7406,92.3170,0.9997
2025-11-12 13:11:27,7.7401,91.0473,0.9997
2025-11-12 13:11:27,7.7414,75.2639,0.9998
2025-11-12 13:11:27,7.7364,22.0862,0.9999
2025-11-12 13:11:27,7.7336,35.9884,0.9999
2025-11-12 13:11:27,7.7324,29.7426,0.9999
2025-11-12 13:11:28,7.7328,27.4775,0.9999
2025-11-12 13:11:28,7.7345,43.2561,0.9999
2025-11-12 13:11:28,7.7333,54.0336,0.9998
2025-11-12 13:11:28,7.7352,63.9293,0.9998
2025-11-12 13:11:28,7.7373,56.1018,0.9998
2025-11-12 13:11:28,7.7370,52.9831,0.9998
2025-11-12 13:11:28,7.7393,28.8477,0.9999
2025-11-12 13:11:28,7.7390,27.5925,0.9999
2025-11-12 13:11:28,7.7367,39.0240,0.9999
2025-11-12 13:11:28,7.7380,52.3662,0.9998
2025-11-12 13:11:28,7.7392,44.4645,0.9999
2025-11-12 13:11:28,7.7420,62.7022,0.9998
2025-11-12 13:11:29,7.7415,67.8031,0.9998
2025-11-12 13:11:29,7.7418,70.2403,0.9998
2025-11-12 13:11:29,7.7374,119.6985,0.9996
2025-11-12 13:11:29,7.7374,120.6260,0.9996
2025-11-12 13:11:29,7.7396,105.7243,0.9997
2025-11-12 13:11:29,7.7370,83.8694,0.9997
2025-11-12 13:11:29,7.7394,53.6009,0.9998
2025-11-12 13:11:29,7.7406,68.6998,0.9998
2025-11-12 13:11:30,7.7397,74.3189,0.9998
2025-11-12 13:11:30,7.7446,119.9385,0.9996
2025-11-12 13:11:30,7.7455,107.9070,0.9997
2025-11-12 13:11:30,7.7452,104.8635,0.9997
2025-11-12 13:11:30,7.7409,168.0875,0.9995
2025-11-12 13:11:30,7.7400,153.5998,0.9995
2025-11-12 13:11:30,7.7417,141.3461,0.9996
2025-11-12 13:11:30,7.7410,133.7609,0.9996
2025-11-12 13:11:30,7.7432,97.9501,0.9997
2025-11-12 13:11:31,7.7279,135.5536,0.9996
2025-11-12 13:11:31,7.7277,135.1290,0.9996
2025-11-12 13:11:31,7.7295,173.9188,0.9995
2025-11-12 13:11:31,7.7278,186.7307,0.9994
2025-11-12 13:11:31,7.7296,159.9520,0.9995
2025-11-12 13:11:31,7.7297,160.2095,0.9995
2025-11-12 13:11:31,7.7295,154.0846,0.9995
2025-11-12 13:11:31,7.7295,153.4150,0.9995
2025-11-12 13:11:31,7.7302,144.9426,0.9996
2025-11-12 13:11:32,7.7294,144.1716,0.9996
2025-11-12 13:11:32,7.7288,129.9053,0.9996
2025-11-12 13:11:32,7.7298,121.3211,0.9996
2025-11-12 13:11:32,7.7318,100.3342,0.9997
2025-11-12 13:11:32,7.7321,100.0474,0.9997
2025-11-12 13:11:32,7.7328,114.1272,0.9996
2025-11-12 13:11:32,7.7374,89.6966,0.9997
2025-11-12 13:11:32,7.7360,109.5445,0.9997
2025-11-12 13:11:32,7.7351,112.9797,0.9997
2025-11-12 13:11:33,7.7359,129.3614,0.9996
2025-11-12 13:11:33,7.7356,129.4213,0.9996
2025-11-12 13:11:33,7.7370,110.0843,0.9997
2025-11-12 13:11:33,7.7368,111.4286,0.9997
2025-11-12 13:11:33,7.7374,125.1862,0.9996
2025-11-12 13:11:33,7.7378,124.6534,0.9996
2025-11-12 13:11:33,7.7350,167.8530,0.9995
2025-11-12 13:11:33,7.7362,162.6521,0.9995
2025-11-12 13:11:33,7.7364,167.3824,0.9995
2025-11-12 13:11:33,7.7355,168.3499,0.9995
2025-11-12 13:11:34,7.7371,142.3297,0.9996
2025-11-12 13:11:34,7.7372,141.8052,0.9996
2025-11-12 13:11:34,7.7370,136.3628,0.9996
2025-11-12 13:11:34,7.7371,136.0385,0.9996
2025-11-12 13:11:34,7.7383,118.6727,0.9996
2025-11-12 13:11:34,7.7381,119.4495,0.9996
2025-11-12 13:11:34,7.7374,104.6531,0.9997
2025-11-12 13:11:34,7.7329,137.1674,0.9996
2025-11-12 13:11:34,7.7328,137.9042,0.9996
2025-11-12 13:11:34,7.7317,139.8738,0.9996
2025-11-12 13:11:35,7.7321,149.5239,0.9995
2025-11-12 13:11:35,7.7337,134.3283,0.9996
2025-11-12 13:11:35,7.7301,183.5249,0.9994
2025-11-12 13:11:35,7.7306,182.8425,0.9994
2025-11-12 13:11:35,7.7297,161.2374,0.9995
2025-11-12 13:11:35,7.7321,153.8076,0.9995
2025-11-12 13:11:35,7.7360,96.5943,0.9997
2025-11-12 13:11:35,7.7364,95.0150,0.9997
2025-11-12 13:11:35,7.7365,95.3189,0.9997
2025-11-12 13:11:35,7.7342,108.5311,0.9997
2025-11-12 13:11:35,7.7324,128.6089,0.9996
2025-11-12 13:11:36,7.7321,128.9595,0.9996
2025-11-12 13:11:36,7.7331,150.5929,0.9995
2025-11-12 13:11:36,7.7362,137.1840,0.9996
2025-11-12 13:11:36,7.7335,184.5379,0.9994
2025-11-12 13:11:36,7.7274,234.3131,0.9993
2025-11-12 13:11:36,7.7271,225.5424,0.9993
2025-11-12 13:11:36,7.7259,221.4449,0.9993
2025-11-12 13:11:36,7.7280,193.0287,0.9994
2025-11-12 13:11:36,7.7318,152.3803,0.9995
2025-11-12 13:11:36,7.7307,126.7232,0.9996
2025-11-12 13:11:36,7.7291,130.6373,0.9996
2025-11-12 13:11:37,7.7306,114.6747,0.9996
2025-11-12 13:11:37,7.7314,110.1835,0.9997
2025-11-12 13:11:37,7.7298,78.6957,0.9998
2025-11-12 13:11:37,7.7295,79.8070,0.9998
2025-11-12 13:11:37,7.7305,72.0367,0.9998
2025-11-12 13:11:37,7.7275,92.3823,0.9997
2025-11-12 13:11:37,7.7291,125.7112,0.9996
2025-11-12 13:11:37,7.7254,155.9944,0.9995
2025-11-12 13:11:37,7.7257,154.8032,0.9995
2025-11-12 13:11:37,7.7252,159.8481,0.9995
2025-11-12 13:11:37,7.7255,169.5148,0.9995
2025-11-12 13:11:37,7.7117,495.0515,0.9984
2025-11-12 13:11:37,7.7100,488.7940,0.9984
2025-11-12 13:11:37,7.7103,488.7567,0.9984
2025-11-12 13:11:38,7.6941,185.1567,0.9994
2025-11-12 13:11:38,7.7046,21.8565,0.9999
2025-11-12 13:11:38,7.7037,17.3607,0.9999
2025-11-12 13:11:38,7.6994,14.6257,1.0000
2025-11-12 13:11:38,7.7118,159.4597,0.9995
2025-11-12 13:11:38,7.7204,131.0823,0.9996
2025-11-12 13:11:38,7.7209,128.1724,0.9996
2025-11-12 13:11:38,7.7219,112.4995,0.9996
2025-11-12 13:11:38,7.7178,57.3234,0.9998
2025-11-12 13:11:39,7.7166,50.9987,0.9998
2025-11-12 13:11:39,7.7160,52.7946,0.9998
2025-11-12 13:11:39,7.7173,39.6419,0.9999
2025-11-12 13:11:39,7.7200,71.6115,0.9998
2025-11-12 13:11:39,7.7198,71.3592,0.9998
2025-11-12 13:11:39,7.7201,70.0527,0.9998
2025-11-12 13:11:39,7.7243,42.5131,0.9999
2025-11-12 13:11:39,7.7220,20.3725,0.9999
2025-11-12 13:11:39,7.7187,28.9023,0.9999
2025-11-12 13:11:39,7.7184,30.8267,0.9999
2025-11-12 13:11:39,7.7187,31.2614,0.9999
2025-11-12 13:11:40,7.7205,51.9492,0.9998
2025-11-12 13:11:40,7.7248,40.2133,0.9999
2025-11-12 13:11:40,7.7252,36.9137,0.9999
2025-11-12 13:11:40,7.7279,37.2631,0.9999
2025-11-12 13:11:40,7.7311,75.2048,0.9998
2025-11-12 13:11:40,7.7298,80.0436,0.9998
2025-11-12 13:11:40,7.7299,79.0603,0.9998
2025-11-12 13:11:40,7.7277,80.8326,0.9997
2025-11-12 13:11:40,7.7278,84.2431,0.9997
2025-11-12 13:11:40,7.7292,80.8363,0.9997
2025-11-12 13:11:40,7.7308,65.4532,0.9998
2025-11-12 13:11:41,7.7321,60.7500,0.9998
2025-11-12 13:11:41,7.7325,67.4490,0.9998
2025-11-12 13:11:41,7.7313,72.6588,0.9998
2025-11-12 13:11:41,7.7316,70.5675,0.9998
2025-11-12 13:11:41,7.7320,69.7213,0.9998
2025-11-12 13:11:41,7.7260,9.2889,1.0000
2025-11-12 13:11:41,7.7261,9.1991,1.0000
2025-11-12 13:11:41,7.7254,12.8981,1.0000
2025-11-12 13:11:41,7.7264,17.2719,0.9999
2025-11-12 13:11:41,7.7348,120.6705,0.9996
2025-11-12 13:11:41,7.7370,108.3509,0.9997
2025-11-12 13:11:41,7.7361,121.4806,0.9996
2025-11-12 13:11:42,7.7361,121.4806,0.9996
2025-11-12 13:11:42,7.7367,134.3911,0.9996
2025-11-12 13:11:42,7.7372,132.9485,0.9996
2025-11-12 13:11:42,7.7370,136.4781,0.9996
2025-11-12 13:11:42,7.7354,141.6765,0.9996
2025-11-12 13:11:42,7.7345,122.4273,0.9996
2025-11-12 13:11:42,7.7343,122.6351,0.9996
2025-11-12 13:11:42,7.7359,101.5782,0.9997
2025-11-12 13:11:42,7.7346,109.7800,0.9997
2025-11-12 13:11:42,7.7348,112.8507,0.9997
2025-11-12 13:11:43,7.7344,113.6309,0.9997
2025-11-12 13:11:43,7.7340,117.1338,0.9996
2025-11-12 13:11:43,7.7345,114.0957,0.9997
2025-11-12 13:11:43,7.7339,102.7993,0.9997
2025-11-12 13:11:43,7.7304,121.3416,0.9996
2025-11-12 13:11:43,7.7303,122.5199,0.9996
2025-11-12 13:11:43,7.7299,124.0952,0.9996
2025-11-12 13:11:43,7.7293,109.7666,0.9997
2025-11-12 13:11:43,7.7296,106.9778,0.9997
2025-11-12 13:11:43,7.7295,107.7075,0.9997
2025-11-12 13:11:44,7.7291,109.5919,0.9997
2025-11-12 13:11:44,7.7305,141.0911,0.9996
2025-11-12 13:11:44,7.7314,134.8391,0.9996
2025-11-12 13:11:44,7.7321,128.4158,0.9996
2025-11-12 13:11:44,7.7343,117.9627,0.9996
2025-11-12 13:11:44,7.7341,114.2232,0.9997
2025-11-12 13:11:44,7.7361,102.6599,0.9997
2025-11-12 13:11:44,7.7346,121.8214,0.9996
2025-11-12 13:11:44,7.7336,125.5524,0.9996
2025-11-12 13:11:44,7.7332,117.7207,0.9996
2025-11-12 13:11:44,7.7332,117.7152,0.9996
2025-11-12 13:11:45,7.7345,102.2080,0.9997
2025-11-12 13:11:45,7.7358,96.9050,0.9997
2025-11-12 13:11:45,7.7342,68.5533,0.9998
2025-11-12 13:11:45,7.7344,67.9506,0.9998
2025-11-12 13:11:45,7.7332,82.2634,0.9997
2025-11-12 13:11:45,7.7336,81.9596,0.9997
2025-11-12 13:11:45,7.7324,63.9078,0.9998
2025-11-12 13:11:45,7.7323,63.9220,0.9998
2025-11-12 13:11:45,7.7321,67.6129,0.9998
2025-11-12 13:11:45,7.7311,67.9646,0.9998
2025-11-12 13:11:46,7.7339,116.8685,0.9996
2025-11-12 13:11:46,7.7330,119.3124,0.9996
2025-11-12 13:11:46,7.7354,92.5268,0.9997
2025-11-12 13:11:46,7.7348,95.3503,0.9997
2025-11-12 13:11:46,7.7355,110.6226,0.9997
2025-11-12 13:11:46,7.7369,105.2025,0.9997
2025-11-12 13:11:46,7.7364,110.8942,0.9997
2025-11-12 13:11:46,7.7380,103.0176,0.9997
2025-11-12 13:11:46,7.7371,86.1390,0.9997
2025-11-12 13:11:46,7.7381,84.3903,0.9997
2025-11-12 13:11:47,7.7350,130.7874,0.9996
2025-11-12 13:11:47,7.7349,130.8919,0.9996
2025-11-12 13:11:47,7.7335,105.7247,0.9997
2025-11-12 13:11:47,7.7322,104.6956,0.9997
2025-11-12 13:11:47,7.7358,58.9555,0.9998
2025-11-12 13:11:47,7.7365,58.1389,0.9998
2025-11-12 13:11:47,7.7371,65.8800,0.9998
2025-11-12 13:11:47,7.7354,74.1585,0.9998
2025-11-12 13:11:47,7.7334,96.9273,0.9997
2025-11-12 13:11:48,7.7316,97.1719,0.9997
2025-11-12 13:11:48,7.7309,84.4104,0.9997
2025-11-12 13:11:48,7.7322,81.2164,0.9998
2025-11-12 13:11:48,7.7319,85.0391,0.9997
2025-11-12 13:11:48,7.7332,84.0031,0.9997
2025-11-12 13:11:48,7.7346,109.3068,0.9997
2025-11-12 13:11:48,7.7360,107.1607,0.9997
2025-11-12 13:11:48,7.7380,80.0104,0.9998
2025-11-12 13:11:48,7.7380,80.0104,0.9998
2025-11-12 13:11:48,7.7389,94.6818,0.9997
2025-11-12 13:11:48,7.7374,99.4327,0.9997
2025-11-12 13:11:48,7.7372,102.3446,0.9997
2025-11-12 13:11:49,7.7372,102.3446,0.9997
2025-11-12 13:11:49,7.7373,103.7453,0.9997
2025-11-12 13:11:49,7.7379,101.0901,0.9997
2025-11-12 13:11:49,7.7366,119.9122,0.9996
2025-11-12 13:11:49,7.7347,126.8061,0.9996
2025-11-12 13:11:49,7.7349,131.2323,0.9996
2025-11-12 13:11:49,7.7345,131.7686,0.9996
2025-11-12 13:11:49,7.7306,199.8286,0.9994
2025-11-12 13:11:49,7.7315,197.9866,0.9994
2025-11-12 13:11:50,7.7305,174.9556,0.9995
2025-11-12 13:11:50,7.7300,174.9016,0.9995
2025-11-12 13:11:50,7.7334,116.1993,0.9996
2025-11-12 13:11:50,7.7307,129.1582,0.9996
2025-11-12 13:11:50,7.7305,125.2172,0.9996
2025-11-12 13:11:50,7.7301,125.6991,0.9996
2025-11-12 13:11:50,7.7315,110.0827,0.9997
2025-11-12 13:11:50,7.7334,98.7019,0.9997
2025-11-12 13:11:50,7.7356,147.3104,0.9996
2025-11-12 13:11:50,7.7371,141.6536,0.9996
2025-11-12 13:11:50,7.7334,204.7835,0.9994
2025-11-12 13:11:51,7.7324,210.1230,0.9994
2025-11-12 13:11:51,7.7313,183.2029,0.9994
2025-11-12 13:11:51,7.7313,183.1338,0.9994
2025-11-12 13:11:51,7.7348,127.6851,0.9996
2025-11-12 13:11:51,7.7361,119.2799,0.9996
2025-11-12 13:11:51,7.7377,155.9880,0.9995
2025-11-12 13:11:51,7.7357,164.7771,0.9995
2025-11-12 13:11:51,7.7343,185.5774,0.9994
2025-11-12 13:11:51,7.7339,187.1997,0.9994
2025-11-12 13:11:51,7.7333,170.6714,0.9995
2025-11-12 13:11:51,7.7311,186.1224,0.9994
2025-11-12 13:11:51,7.7340,154.4719,0.9995
2025-11-12 13:11:52,7.7335,156.9061,0.9995
2025-11-12 13:11:52,7.7331,145.3763,0.9996
2025-11-12 13:11:52,7.7372,119.1329,0.9996
2025-11-12 13:11:52,7.7341,160.1967,0.9995
2025-11-12 13:11:52,7.7336,163.5196,0.9995
2025-11-12 13:11:52,7.7322,132.9628,0.9996
2025-11-12 13:11:52,7.7331,134.4607,0.9996
2025-11-12 13:11:52,7.7356,101.4086,0.9997
2025-11-12 13:11:52,7.7375,89.1250,0.9997
2025-11-12 13:11:52,7.7386,110.1559,0.9997
2025-11-12 13:11:53,7.7374,112.6532,0.9997
2025-11-12 13:11:53,7.7352,143.3243,0.9996
2025-11-12 13:11:53,7.7352,143.3243,0.9996
2025-11-12 13:11:53,7.7354,146.9985,0.9996
2025-11-12 13:11:53,7.7334,154.4318,0.9995
2025-11-12 13:11:53,7.7357,125.6536,0.9996
2025-11-12 13:11:53,7.7368,122.6652,0.9996
2025-11-12 13:11:53,7.7366,119.3866,0.9996
2025-11-12 13:11:53,7.7379,110.9377,0.9997
2025-11-12 13:11:53,7.7379,111.6160,0.9997
2025-11-12 13:11:53,7.7352,125.4587,0.9996
2025-11-12 13:11:54,7.7361,148.3057,0.9995
2025-11-12 13:11:54,7.7370,145.4486,0.9996
2025-11-12 13:11:54,7.7335,196.8444,0.9994
2025-11-12 13:11:54,7.7332,198.8064,0.9994
2025-11-12 13:11:54,7.7331,194.3777,0.9994
2025-11-12 13:11:54,7.7321,195.1925,0.9994
2025-11-12 13:11:54,7.7336,171.4964,0.9995
2025-11-12 13:11:54,7.7344,165.9651,0.9995
2025-11-12 13:11:54,7.7346,170.1351,0.9995
2025-11-12 13:11:55,7.7343,171.3269,0.9995
2025-11-12 13:11:55,7.7343,171.1879,0.9995
2025-11-12 13:11:55,7.7353,166.3065,0.9995
2025-11-12 13:11:55,7.7341,137.5173,0.9996
2025-11-12 13:11:55,7.7354,134.0770,0.9996
2025-11-12 13:11:55,7.7358,128.2597,0.9996
2025-11-12 13:11:55,7.7342,137.7553,0.9996
2025-11-12 13:11:55,7.7342,139.0699,0.9996
2025-11-12 13:11:55,7.7338,139.5105,0.9996
2025-11-12 13:11:55,7.7331,148.3871,0.9995
2025-11-12 13:11:55,7.7329,149.9772,0.9995
2025-11-12 13:11:56,7.7337,171.1698,0.9995
2025-11-12 13:11:56,7.7325,174.4770,0.9995
2025-11-12 13:11:56,7.7345,150.1866,0.9995
2025-11-12 13:11:56,7.7355,143.0960,0.9996
2025-11-12 13:11:56,7.7356,145.5086,0.9996
2025-11-12 13:11:56,7.7353,146.8111,0.9996
2025-11-12 13:11:56,7.7345,156.1462,0.9995
2025-11-12 13:11:56,7.7351,153.2463,0.9995
2025-11-12 13:11:56,7.7342,132.3839,0.9996
2025-11-12 13:11:56,7.7350,128.6173,0.9996
2025-11-12 13:11:57,7.7306,202.8868,0.9994
2025-11-12 13:11:57,7.7286,210.2932,0.9993
2025-11-12 13:11:57,7.7283,203.3721,0.9994
2025-11-12 13:11:57,7.7294,204.7948,0.9994
2025-11-12 13:11:57,7.7315,165.7411,0.9995
2025-11-12 13:11:57,7.7329,157.4085,0.9995
2025-11-12 13:11:57,7.7346,199.1259,0.9994
2025-11-12 13:11:57,7.7338,200.4307,0.9994
2025-11-12 13:11:57,7.7369,154.5188,0.9995
2025-11-12 13:11:57,7.7379,147.9906,0.9996
2025-11-12 13:11:57,7.7373,132.2244,0.9996
2025-11-12 13:11:58,7.7384,128.2363,0.9996
2025-11-12 13:11:58,7.7367,153.3803,0.9995
2025-11-12 13:11:58,7.7370,151.7444,0.9995
2025-11-12 13:11:58,7.7366,142.3886,0.9996
2025-11-12 13:11:58,7.7348,147.8012,0.9995
2025-11-12 13:11:58,7.7350,144.7415,0.9996
2025-11-12 13:11:58,7.7346,145.9633,0.9996
2025-11-12 13:11:58,7.7341,133.7679,0.9996
2025-11-12 13:11:59,7.7321,146.2358,0.9996
2025-11-12 13:11:59,7.7315,154.7813,0.9995
2025-11-12 13:11:59,7.7301,158.3814,0.9995
2025-11-12 13:11:59,7.7325,224.6307,0.9993
2025-11-12 13:11:59,7.7339,214.5538,0.9993
2025-11-12 13:11:59,7.7348,202.1299,0.9994
2025-11-12 13:11:59,7.7362,193.8862,0.9994
2025-11-12 13:11:59,7.7354,172.0250,0.9995
2025-11-12 13:11:59,7.7338,184.8824,0.9994
2025-11-12 13:11:59,7.7339,184.4254,0.9994
2025-11-12 13:12:00,7.7337,185.0905,0.9994
2025-11-12 13:12:00,7.7328,163.2000,0.9995
2025-11-12 13:12:00,7.7350,148.2868,0.9995
2025-11-12 13:12:00,7.7343,158.2604,0.9995
2025-11-12 13:12:00,7.7310,179.7511,0.9994
2025-11-12 13:12:00,7.7316,194.2272,0.9994
2025-11-12 13:12:00,7.7301,200.0626,0.9994
2025-11-12 13:12:00,7.7312,187.6948,0.9994
2025-11-12 13:12:00,7.7289,214.9625,0.9993
2025-11-12 13:12:01,7.7282,193.4879,0.9994
2025-11-12 13:12:01,7.7301,189.0038,0.9994
2025-11-12 13:12:01,7.7314,177.7995,0.9995
2025-11-12 13:12:01,7.7206,445.1739,0.9986
2025-11-12 13:12:01,7.7199,422.8427,0.9987
2025-11-12 13:12:01,7.7208,428.8124,0.9987
2025-11-12 13:12:01,7.7192,432.7013,0.9986
2025-11-12 13:12:01,7.7348,125.3246,0.9996
2025-11-12 13:12:01,7.7359,150.2007,0.9995
2025-11-12 13:12:01,7.7347,154.0758,0.9995
2025-11-12 13:12:01,7.7360,137.7358,0.9996
2025-11-12 13:12:02,7.7367,133.9109,0.9996
2025-11-12 13:12:02,7.7351,99.6458,0.9997
2025-11-12 13:12:02,7.7298,149.9342,0.9995
2025-11-12 13:12:02,7.7277,169.7318,0.9995
2025-11-12 13:12:02,7.7281,170.2303,0.9995
2025-11-12 13:12:02,7.7248,102.0412,0.9997
2025-11-12 13:12:02,7.7291,71.1235,0.9998
2025-11-12 13:12:02,7.7311,51.4298,0.9998
2025-11-12 13:12:02,7.7309,51.4685,0.9998
2025-11-12 13:12:03,7.7286,25.6924,0.9999
2025-11-12 13:12:03,7.7294,24.0641,0.9999
2025-11-12 13:12:03,7.7291,26.5727,0.9999
2025-11-12 13:12:03,7.7290,26.5181,0.9999
2025-11-12 13:12:03,7.7316,56.1117,0.9998
2025-11-12 13:12:03,7.7323,54.5213,0.9998
2025-11-12 13:12:03,7.7328,49.8840,0.9998
2025-11-12 13:12:03,7.7316,53.4118,0.9998
2025-11-12 13:12:04,7.7294,27.7314,0.9999
2025-11-12 13:12:04,7.7303,28.8122,0.9999
2025-11-12 13:12:04,7.7298,32.7977,0.9999
2025-11-12 13:12:04,7.7293,34.3967,0.9999
2025-11-12 13:12:04,7.7312,55.2100,0.9998
2025-11-12 13:12:04,7.7307,54.7229,0.9998
2025-11-12 13:12:04,7.7308,54.1023,0.9998
2025-11-12 13:12:04,7.7295,61.4680,0.9998
2025-11-12 13:12:04,7.7276,37.5050,0.9999
2025-11-12 13:12:04,7.7284,40.1206,0.9999
2025-11-12 13:12:05,7.7290,35.6641,0.9999
2025-11-12 13:12:05,7.7322,23.7778,0.9999
2025-11-12 13:12:05,7.7295,11.3139,1.0000
2025-11-12 13:12:05,7.7282,8.5235,1.0000
2025-11-12 13:12:05,7.7257,28.3886,0.9999
2025-11-12 13:12:05,7.7233,25.7274,0.9999
2025-11-12 13:12:05,7.7248,36.9621,0.9999
2025-11-12 13:12:05,7.7257,40.2641,0.9999
2025-11-12 13:12:05,7.7252,45.5634,0.9999
2025-11-12 13:12:05,7.7268,44.2182,0.9999
2025-11-12 13:12:06,7.7291,67.9444,0.9998
2025-11-12 13:12:06,7.7287,67.0974,0.9998
2025-11-12 13:12:06,7.7291,62.5637,0.9998
2025-11-12 13:12:06,7.7268,69.3219,0.9998
2025-11-12 13:12:06,7.7265,64.9093,0.9998
2025-11-12 13:12:06,7.7233,64.5909,0.9998
2025-11-12 13:12:06,7.7259,47.1636,0.9999
2025-11-12 13:12:06,7.7290,42.1976,0.9999
2025-11-12 13:12:06,7.7290,41.8979,0.9999
2025-11-12 13:12:06,7.7313,32.0561,0.9999
2025-11-12 13:12:06,7.7289,55.0273,0.9998
2025-11-12 13:12:07,7.7269,56.1906,0.9998
2025-11-12 13:12:07,7.7272,60.6555,0.9998
2025-11-12 13:12:07,7.7259,61.7623,0.9998
2025-11-12 13:12:07,7.7267,54.4290,0.9998
2025-11-12 13:12:07,7.7282,52.9312,0.9998
2025-11-12 13:12:07,7.7302,84.1672,0.9997
2025-11-12 13:12:07,7.7323,78.0895,0.9998
2025-11-12 13:12:07,7.7321,81.1349,0.9998
2025-11-12 13:12:07,7.7293,94.9718,0.9997
2025-11-12 13:12:07,7.7282,76.7304,0.9998
2025-11-12 13:12:08,7.7260,77.2026,0.9998
2025-11-12 13:12:08,7.7248,88.6001,0.9997
2025-11-12 13:12:08,7.7245,90.3039,0.9997
2025-11-12 13:12:08,7.7236,74.9512,0.9998
2025-11-12 13:12:08,7.7258,77.9694,0.9998
2025-11-12 13:12:08,7.7282,55.9807,0.9998
2025-11-12 13:12:08,7.7271,64.8462,0.9998
2025-11-12 13:12:08,7.7301,115.4991,0.9996
2025-11-12 13:12:08,7.7287,116.3092,0.9996
2025-11-12 13:12:09,7.7298,109.2874,0.9997
2025-11-12 13:12:09,7.7296,111.0116,0.9997
2025-11-12 13:12:09,7.7298,114.1767,0.9996
2025-11-12 13:12:09,7.7300,113.5458,0.9996
2025-11-12 13:12:09,7.7287,123.1319,0.9996
2025-11-12 13:12:09,7.7303,108.3865,0.9997
2025-11-12 13:12:09,7.7290,84.6221,0.9997
2025-11-12 13:12:09,7.7287,85.1109,0.9997
2025-11-12 13:12:09,7.7277,94.4270,0.9997
2025-11-12 13:12:09,7.7323,84.6440,0.9997
2025-11-12 13:12:10,7.7347,127.7031,0.9996
2025-11-12 13:12:10,7.7350,126.2403,0.9996
2025-11-12 13:12:10,7.7367,102.9886,0.9997
2025-11-12 13:12:10,7.7302,147.4622,0.9995
2025-11-12 13:12:10,7.7301,147.1792,0.9995
2025-11-12 13:12:10,7.7311,145.9240,0.9996
2025-11-12 13:12:10,7.7291,165.1937,0.9995
2025-11-12 13:12:10,7.7328,132.8688,0.9996
2025-11-12 13:12:10,7.7344,172.4757,0.9995
2025-11-12 13:12:10,7.7329,178.6442,0.9995
2025-11-12 13:12:10,7.7327,181.1061,0.9994
2025-11-12 13:12:11,7.7321,184.8680,0.9994
2025-11-12 13:12:11,7.7322,187.5211,0.9994
2025-11-12 13:12:11,7.7339,181.6181,0.9994
2025-11-12 13:12:11,7.7363,150.3779,0.9995
2025-11-12 13:12:11,7.7384,135.2732,0.9996
2025-11-12 13:12:11,7.7385,138.2539,0.9996
2025-11-12 13:12:11,7.7381,140.3340,0.9996
2025-11-12 13:12:11,7.7377,144.8157,0.9996
2025-11-12 13:12:11,7.7369,149.4182,0.9995
2025-11-12 13:12:12,7.7364,137.0526,0.9996
2025-11-12 13:12:12,7.7344,150.1401,0.9995
2025-11-12 13:12:12,7.7317,183.9853,0.9994
2025-11-12 13:12:12,7.7325,181.9703,0.9994
2025-11-12 13:12:12,7.7329,190.9492,0.9994
2025-11-12 13:12:12,7.7358,177.3359,0.9995
2025-11-12 13:12:12,7.7387,133.6928,0.9996
2025-11-12 13:12:12,7.7366,149.8165,0.9995
2025-11-12 13:12:12,7.7365,147.4751,0.9996
2025-11-12 13:12:12,7.7357,150.0626,0.9995
2025-11-12 13:12:12,7.7334,179.1535,0.9995
2025-11-12 13:12:13,7.7348,170.3895,0.9995
2025-11-12 13:12:13,7.7349,174.6523,0.9995
2025-11-12 13:12:13,7.7350,174.4576,0.9995
2025-11-12 13:12:13,7.7353,170.0543,0.9995
2025-11-12 13:12:13,7.7364,165.1447,0.9995
2025-11-12 13:12:13,7.7356,145.3815,0.9996
2025-11-12 13:12:13,7.7341,152.9422,0.9995
2025-11-12 13:12:13,7.7343,149.2718,0.9995
2025-11-12 13:12:13,7.7329,153.9420,0.9995
2025-11-12 13:12:13,7.7329,153.9420,0.9995
2025-11-12 13:12:13,7.7354,145.7366,0.9996
2025-11-12 13:12:13,7.7334,179.0891,0.9995
2025-11-12 13:12:14,7.7332,179.9016,0.9994
2025-11-12 13:12:14,7.7334,185.9390,0.9994
2025-11-12 13:12:14,7.7311,190.4768,0.9994
2025-11-12 13:12:14,7.7352,136.4222,0.9996
2025-11-12 13:12:14,7.7355,134.2730,0.9996
2025-11-12 13:12:14,7.7354,131.4830,0.9996
2025-11-12 13:12:14,7.7378,120.3605,0.9996
2025-11-12 13:12:14,7.7367,134.7245,0.9996
2025-11-12 13:12:14,7.7349,148.7302,0.9995
2025-11-12 13:12:14,7.7347,142.5296,0.9996
2025-11-12 13:12:14,7.7339,143.3017,0.9996
2025-11-12 13:12:14,7.7323,164.4762,0.9995
2025-11-12 13:12:15,7.7334,156.7096,0.9995
2025-11-12 13:12:15,7.7337,164.4072,0.9995
2025-11-12 13:12:15,7.7279,205.7311,0.9994
2025-11-12 13:12:15,7.7295,189.4505,0.9994
2025-11-12 13:12:15,7.7296,188.8334,0.9994
2025-11-12 13:12:15,7.7289,168.4898,0.9995
2025-11-12 13:12:15,7.7327,131.8641,0.9996
2025-11-12 13:12:15,7.7342,117.6392,0.9996
2025-11-12 13:12:15,7.7346,115.2498,0.9996
2025-11-12 13:12:15,7.7341,104.3735,0.9997
2025-11-12 13:12:15,7.7343,103.3480,0.9997
2025-11-12 13:12:16,7.7334,110.9235,0.9997
2025-11-12 13:12:16,7.7307,129.4347,0.9996
2025-11-12 13:12:16,7.7314,145.1059,0.9996
2025-11-12 13:12:16,7.7338,139.1238,0.9996
2025-11-12 13:12:16,7.7323,155.5248,0.9995
2025-11-12 13:12:16,7.7351,133.5200,0.9996
2025-11-12 13:12:16,7.7353,136.5554,0.9996
2025-11-12 13:12:16,7.7350,136.9811,0.9996
2025-11-12 13:12:16,7.7347,140.8284,0.9996
2025-11-12 13:12:16,7.7319,161.8883,0.9995
2025-11-12 13:12:16,7.7326,178.5629,0.9995
2025-11-12 13:12:16,7.7313,180.5567,0.9994
2025-11-12 13:12:17,7.7310,184.8615,0.9994
2025-11-12 13:12:17,7.7294,201.6068,0.9994
2025-11-12 13:12:17,7.7294,200.5258,0.9994
2025-11-12 13:12:17,7.7295,200.3805,0.9994
2025-11-12 13:12:17,7.7296,199.1713,0.9994
2025-11-12 13:12:17,7.7326,170.1981,0.9995
2025-11-12 13:12:17,7.7328,175.0981,0.9995
2025-11-12 13:12:17,7.7340,172.3241,0.9995
2025-11-12 13:12:17,7.7359,146.7045,0.9996
2025-11-12 13:12:17,7.7352,152.9701,0.9995
2025-11-12 13:12:18,7.7338,120.2775,0.9996
2025-11-12 13:12:18,7.7328,122.5335,0.9996
2025-11-12 13:12:18,7.7313,137.6194,0.9996
2025-11-12 13:12:18,7.7318,134.2697,0.9996
2025-11-12 13:12:18,7.7323,146.3126,0.9996
2025-11-12 13:12:18,7.7313,150.0498,0.9995
2025-11-12 13:12:18,7.7306,159.2095,0.9995
2025-11-12 13:12:18,7.7310,157.0544,0.9995
2025-11-12 13:12:18,7.7303,141.0921,0.9996
2025-11-12 13:12:18,7.7305,140.4543,0.9996
2025-11-12 13:12:18,7.7335,108.9138,0.9997
2025-11-12 13:12:19,7.7330,112.8293,0.9997
2025-11-12 13:12:19,7.7335,124.7108,0.9996
2025-11-12 13:12:19,7.7356,117.0094,0.9996
2025-11-12 13:12:19,7.7331,145.3517,0.9996
2025-11-12 13:12:19,7.7369,128.2596,0.9996
2025-11-12 13:12:19,7.7357,104.2994,0.9997
2025-11-12 13:12:19,7.7347,107.0018,0.9997
2025-11-12 13:12:19,7.7355,95.2202,0.9997
2025-11-12 13:12:20,7.7348,95.5804,0.9997
2025-11-12 13:12:20,7.7322,55.5779,0.9998
2025-11-12 13:12:20,7.7329,54.6400,0.9998
2025-11-12 13:12:20,7.7339,44.0677,0.9999
2025-11-12 13:12:20,7.7344,44.0367,0.9999
2025-11-12 13:12:20,7.7354,56.3969,0.9998
2025-11-12 13:12:20,7.7351,57.3949,0.9998
2025-11-12 13:12:20,7.7333,78.2408,0.9998
2025-11-12 13:12:20,7.7323,78.0474,0.9998
2025-11-12 13:12:20,7.7265,22.1124,0.9999
2025-11-12 13:12:21,7.7275,25.4622,0.9999
2025-11-12 13:12:21,7.7291,12.0603,1.0000
2025-11-12 13:12:21,7.7289,11.7998,1.0000
2025-11-12 13:12:21,7.7323,30.8716,0.9999
2025-11-12 13:12:21,7.7314,30.5727,0.9999
2025-11-12 13:12:21,7.7297,46.7599,0.9999
2025-11-12 13:12:21,7.7289,47.0866,0.9999
2025-11-12 13:12:21,7.7307,71.3421,0.9998
2025-11-12 13:12:21,7.7312,71.4354,0.9998
2025-11-12 13:12:21,7.7310,73.3503,0.9998
2025-11-12 13:12:22,7.7317,71.9830,0.9998
2025-11-12 13:12:22,7.7321,76.9882,0.9998
2025-11-12 13:12:22,7.7325,77.1437,0.9998
2025-11-12 13:12:22,7.7326,74.7866,0.9998
2025-11-12 13:12:22,7.7317,77.3540,0.9998
2025-11-12 13:12:22,7.7320,82.5206,0.9997
2025-11-12 13:12:22,7.7317,82.3067,0.9997
2025-11-12 13:12:22,7.7310,92.3054,0.9997
2025-11-12 13:12:22,7.7318,90.3721,0.9997
2025-11-12 13:12:22,7.7316,87.0923,0.9997
2025-11-12 13:12:23,7.7321,87.6647,0.9997
2025-11-12 13:12:23,7.7331,73.8149,0.9998
2025-11-12 13:12:23,7.7290,99.4434,0.9997
2025-11-12 13:12:23,7.7289,96.6702,0.9997
2025-11-12 13:12:23,7.7266,93.2694,0.9997
2025-11-12 13:12:23,7.7263,96.4370,0.9997
2025-11-12 13:12:23,7.7269,91.8782,0.9997
2025-11-12 13:12:23,7.7276,106.3573,0.9997
2025-11-12 13:12:23,7.7278,106.1970,0.9997
2025-11-12 13:12:23,7.7289,95.5645,0.9997
2025-11-12 13:12:24,7.7305,84.6071,0.9997
2025-11-12 13:12:24,7.7340,162.9550,0.9995
2025-11-12 13:12:24,7.7342,162.0231,0.9995
2025-11-12 13:12:24,7.7328,179.4676,0.9994
2025-11-12 13:12:24,7.7308,197.7262,0.9994
2025-11-12 13:12:24,7.7302,179.3298,0.9994
2025-11-12 13:12:24,7.7283,186.5658,0.9994
2025-11-12 13:12:24,7.7297,172.6084,0.9995
2025-11-12 13:12:24,7.7276,198.5310,0.9994
2025-11-12 13:12:25,7.7266,170.7866,0.9995
2025-11-12 13:12:25,7.7260,173.9655,0.9995
2025-11-12 13:12:25,7.7244,186.3573,0.9994
2025-11-12 13:12:25,7.7259,170.2301,0.9995
2025-11-12 13:12:25,7.7276,218.9485,0.9993
2025-11-12 13:12:25,7.7286,212.9449,0.9993
2025-11-12 13:12:25,7.7281,219.1484,0.9993
2025-11-12 13:12:25,7.7319,191.6634,0.9994
2025-11-12 13:12:25,7.7313,175.7477,0.9995
2025-11-12 13:12:25,7.7319,171.9019,0.9995
2025-11-12 13:12:25,7.7320,170.4208,0.9995
2025-11-12 13:12:26,7.7323,169.4329,0.9995
2025-11-12 13:12:26,7.7331,189.6789,0.9994
2025-11-12 13:12:26,7.7344,183.4671,0.9994
2025-11-12 13:12:26,7.7351,171.4742,0.9995
2025-11-12 13:12:26,7.7358,168.2801,0.9995
2025-11-12 13:12:26,7.7347,142.1345,0.9996
2025-11-12 13:12:26,7.7342,144.1911,0.9996
2025-11-12 13:12:26,7.7341,146.3982,0.9996
2025-11-12 13:12:26,7.7341,146.3982,0.9996
2025-11-12 13:12:26,7.7344,153.9517,0.9995
2025-11-12 13:12:26,7.7363,148.3572,0.9995
2025-11-12 13:12:27,7.7367,141.3176,0.9996
2025-11-12 13:12:27,7.7375,138.4479,0.9996
2025-11-12 13:12:27,7.7366,119.3551,0.9996
2025-11-12 13:12:27,7.7356,121.7404,0.9996
2025-11-12 13:12:27,7.7373,99.3808,0.9997
2025-11-12 13:12:27,7.7366,101.5029,0.9997
2025-11-12 13:12:27,7.7362,92.2526,0.9997
2025-11-12 13:12:27,7.7360,92.8807,0.9997
2025-11-12 13:12:27,7.7353,100.8111,0.9997
2025-11-12 13:12:27,7.7356,100.0815,0.9997
2025-11-12 13:12:27,7.7362,113.4432,0.9997
2025-11-12 13:12:28,7.7375,109.7250,0.9997
2025-11-12 13:12:28,7.7385,96.7037,0.9997
2025-11-12 13:12:28,7.7386,96.5174,0.9997
2025-11-12 13:12:28,7.7372,71.7020,0.9998
2025-11-12 13:12:28,7.7361,74.3338,0.9998
2025-11-12 13:12:28,7.7354,81.6934,0.9998
2025-11-12 13:12:28,7.7344,85.3256,0.9997
2025-11-12 13:12:28,7.7352,101.1050,0.9997
2025-11-12 13:12:29,7.7354,100.6567,0.9997
2025-11-12 13:12:29,7.7324,140.8143,0.9996
2025-11-12 13:12:29,7.7315,144.9656,0.9996
2025-11-12 13:12:29,7.7272,69.5356,0.9998
2025-11-12 13:12:29,7.7257,67.7018,0.9998
2025-11-12 13:12:29,7.7285,41.2374,0.9999
2025-11-12 13:12:29,7.7290,39.9439,0.9999
2025-11-12 13:12:29,7.7258,11.5961,1.0000
2025-11-12 13:12:29,7.7278,15.0123,1.0000
2025-11-12 13:12:29,7.7263,26.8772,0.9999
2025-11-12 13:12:29,7.7276,27.9815,0.9999
2025-11-12 13:12:29,7.7326,75.5823,0.9998
2025-11-12 13:12:30,7.7264,109.4159,0.9997
2025-11-12 13:12:30,7.7266,107.3058,0.9997
2025-11-12 13:12:30,7.7255,105.5202,0.9997
2025-11-12 13:12:30,7.7260,116.8658,0.9996
2025-11-12 13:12:30,7.7300,87.6847,0.9997
2025-11-12 13:12:30,7.7298,90.1980,0.9997
2025-11-12 13:12:30,7.7310,88.7937,0.9997
2025-11-12 13:12:30,7.7333,132.9293,0.9996
2025-11-12 13:12:30,7.7311,149.6339,0.9995
2025-11-12 13:12:30,7.7312,149.0803,0.9995
2025-11-12 13:12:30,7.7291,153.2004,0.9995
2025-11-12 13:12:30,7.7299,172.0756,0.9995
2025-11-12 13:12:31,7.7334,151.8959,0.9995
2025-11-12 13:12:31,7.7350,132.0221,0.9996
2025-11-12 13:12:31,7.7372,119.8908,0.9996
2025-11-12 13:12:31,7.7349,76.9444,0.9998
2025-11-12 13:12:31,7.7315,98.7164,0.9997
2025-11-12 13:12:31,7.7297,117.8118,0.9996
2025-11-12 13:12:31,7.7303,119.0211,0.9996
2025-11-12 13:12:31,7.7292,97.3021,0.9997
2025-11-12 13:12:31,7.7318,82.6113,0.9997
2025-11-12 13:12:31,7.7300,109.4028,0.9997
2025-11-12 13:12:31,7.7293,108.0591,0.9997
2025-11-12 13:12:32,7.7293,108.1327,0.9997
2025-11-12 13:12:32,7.7237,146.5345,0.9995
2025-11-12 13:12:32,7.7250,131.7486,0.9996
2025-11-12 13:12:32,7.7240,128.3850,0.9996
2025-11-12 13:12:32,7.7235,119.0145,0.9996
2025-11-12 13:12:32,7.7273,87.1259,0.9997
2025-11-12 13:12:32,7.7273,87.2961,0.9997
2025-11-12 13:12:32,7.7275,87.3504,0.9997
2025-11-12 13:12:32,7.7278,92.2310,0.9997
2025-11-12 13:12:32,7.7241,123.6542,0.9996
2025-11-12 13:12:32,7.7247,118.4528,0.9996
2025-11-12 13:12:33,7.7223,118.5204,0.9996
2025-11-12 13:12:33,7.7221,114.4692,0.9996
2025-11-12 13:12:33,7.7279,83.8922,0.9997
2025-11-12 13:12:33,7.7299,66.0129,0.9998
2025-11-12 13:12:33,7.7313,58.1784,0.9998
2025-11-12 13:12:33,7.7313,57.9278,0.9998
2025-11-12 13:12:33,7.7325,57.0529,0.9998
2025-11-12 13:12:33,7.7316,65.7666,0.9998
2025-11-12 13:12:33,7.7312,67.8693,0.9998
2025-11-12 13:12:33,7.7278,29.4706,0.9999
2025-11-12 13:12:33,7.7286,32.9187,0.9999
2025-11-12 13:12:34,7.7282,37.0137,0.9999
2025-11-12 13:12:34,7.7306,33.9954,0.9999
2025-11-12 13:12:34,7.7339,66.3424,0.9998
2025-11-12 13:12:34,7.7327,65.7981,0.9998
2025-11-12 13:12:34,7.7327,66.3934,0.9998
2025-11-12 13:12:34,7.7321,66.9653,0.9998
2025-11-12 13:12:34,7.7318,63.7019,0.9998
2025-11-12 13:12:34,7.7326,64.1301,0.9998
2025-11-12 13:12:34,7.7278,142.1511,0.9996
2025-11-12 13:12:34,7.7260,143.2899,0.9996
2025-11-12 13:12:35,7.7283,188.3321,0.9994
2025-11-12 13:12:35,7.7269,184.7655,0.9994
2025-11-12 13:12:35,7.7313,113.4993,0.9997
2025-11-12 13:12:35,7.7305,118.5951,0.9996
2025-11-12 13:12:35,7.7308,126.0507,0.9996
2025-11-12 13:12:35,7.7303,127.0150,0.9996
2025-11-12 13:12:35,7.7321,108.9552,0.9997
2025-11-12 13:12:35,7.7354,92.2024,0.9997
2025-11-12 13:12:35,7.7353,90.2075,0.9997
2025-11-12 13:12:35,7.7366,84.6021,0.9997
2025-11-12 13:12:35,7.7351,103.8009,0.9997
2025-11-12 13:12:36,7.7352,103.5999,0.9997
2025-11-12 13:12:36,7.7350,98.5603,0.9997
2025-11-12 13:12:36,7.7353,98.1226,0.9997
2025-11-12 13:12:36,7.7368,78.1999,0.9998
2025-11-12 13:12:36,7.7340,92.7228,0.9997
2025-11-12 13:12:36,7.7340,93.2889,0.9997
2025-11-12 13:12:36,7.7331,94.6556,0.9997
2025-11-12 13:12:36,7.7324,100.7137,0.9997
2025-11-12 13:12:37,7.7349,89.5799,0.9997
2025-11-12 13:12:37,7.7346,84.7470,0.9997
2025-11-12 13:12:37,7.7355,82.5178,0.9997
2025-11-12 13:12:37,7.7341,102.5287,0.9997
2025-11-12 13:12:37,7.7336,103.4415,0.9997
2025-11-12 13:12:37,7.7314,68.6970,0.9998
2025-11-12 13:12:37,7.7307,68.4249,0.9998
2025-11-12 13:12:37,7.7297,81.4778,0.9997
2025-11-12 13:12:37,7.7312,83.8775,0.9997
2025-11-12 13:12:37,7.7299,67.9938,0.9998
2025-11-12 13:12:38,7.7314,70.2536,0.9998
2025-11-12 13:12:38,7.7344,32.0097,0.9999
2025-11-12 13:12:38,7.7344,32.0097,0.9999
2025-11-12 13:12:38,7.7352,39.1787,0.9999
2025-11-12 13:12:38,7.7352,39.1787,0.9999
2025-11-12 13:12:38,7.7337,57.0334,0.9998
2025-11-12 13:12:38,7.7319,57.3690,0.9998
2025-11-12 13:12:38,7.7313,50.2777,0.9998
2025-11-12 13:12:38,7.7288,48.8725,0.9998
2025-11-12 13:12:38,7.7288,48.8009,0.9998
2025-11-12 13:12:38,7.7295,49.4556,0.9998
2025-11-12 13:12:38,7.7302,57.9196,0.9998
2025-11-12 13:12:39,7.7317,55.8277,0.9998
2025-11-12 13:12:39,7.7286,100.9634,0.9997
2025-11-12 13:12:39,7.7278,99.8527,0.9997
2025-11-12 13:12:39,7.7307,152.4267,0.9995
2025-11-12 13:12:39,7.7308,152.4891,0.9995
2025-11-12 13:12:39,7.7343,96.8796,0.9997
2025-11-12 13:12:39,7.7343,97.1526,0.9997
2025-11-12 13:12:39,7.7351,112.8224,0.9997
2025-11-12 13:12:39,7.7341,115.7064,0.9996
2025-11-12 13:12:39,7.7331,128.4918,0.9996
2025-11-12 13:12:39,7.7335,127.3809,0.9996
2025-11-12 13:12:40,7.7329,114.9580,0.9996
2025-11-12 13:12:40,7.7350,112.6027,0.9997
2025-11-12 13:12:40,7.7371,83.8821,0.9997
2025-11-12 13:12:40,7.7367,86.2913,0.9997
2025-11-12 13:12:40,7.7380,111.5068,0.9997
2025-11-12 13:12:40,7.7371,113.1925,0.9997
2025-11-12 13:12:40,7.7354,135.7411,0.9996
2025-11-12 13:12:40,7.7359,133.6960,0.9996
2025-11-12 13:12:40,7.7327,74.6174,0.9998
2025-11-12 13:12:40,7.7325,74.6166,0.9998
2025-11-12 13:12:40,7.7307,99.9748,0.9997
2025-11-12 13:12:41,7.7294,102.3476,0.9997
2025-11-12 13:12:41,7.7306,123.8001,0.9996
2025-11-12 13:12:41,7.7307,123.9269,0.9996
2025-11-12 13:12:41,7.7340,81.0379,0.9998
2025-11-12 13:12:41,7.7355,74.2992,0.9998
2025-11-12 13:12:41,7.7374,110.5218,0.9997
2025-11-12 13:12:41,7.7346,127.1440,0.9996
2025-11-12 13:12:41,7.7350,122.9141,0.9996
2025-11-12 13:12:41,7.7336,129.4274,0.9996
2025-11-12 13:12:41,7.7331,119.8297,0.9996
2025-11-12 13:12:41,7.7349,109.4780,0.9997
2025-11-12 13:12:41,7.7351,107.4710,0.9997
2025-11-12 13:12:42,7.7371,97.6106,0.9997
2025-11-12 13:12:42,7.7368,91.0510,0.9997
2025-11-12 13:12:42,7.7369,90.4761,0.9997
2025-11-12 13:12:42,7.7347,117.3198,0.9996
2025-11-12 13:12:42,7.7319,128.4162,0.9996
2025-11-12 13:12:42,7.7321,132.7750,0.9996
2025-11-12 13:12:42,7.7306,138.3954,0.9996
2025-11-12 13:12:42,7.7319,124.6630,0.9996
2025-11-12 13:12:42,7.7340,114.9605,0.9996
2025-11-12 13:12:42,7.7341,118.4645,0.9996
2025-11-12 13:12:42,7.7351,112.4796,0.9997
2025-11-12 13:12:43,7.7321,152.4072,0.9995
2025-11-12 13:12:43,7.7326,151.8923,0.9995
2025-11-12 13:12:43,7.7307,112.4043,0.9997
2025-11-12 13:12:43,7.7275,131.9010,0.9996
2025-11-12 13:12:43,7.7296,107.3686,0.9997
2025-11-12 13:12:43,7.7282,107.2314,0.9997
2025-11-12 13:12:43,7.7292,128.7085,0.9996
2025-11-12 13:12:43,7.7321,107.4041,0.9997
2025-11-12 13:12:43,7.7279,168.1571,0.9995
2025-11-12 13:12:43,7.7278,168.3559,0.9995
2025-11-12 13:12:43,7.7266,142.8407,0.9996
2025-11-12 13:12:44,7.7260,144.1341,0.9996
2025-11-12 13:12:44,7.7307,82.8920,0.9997
2025-11-12 13:12:44,7.7309,82.4115,0.9997
2025-11-12 13:12:44,7.7294,57.8785,0.9998
2025-11-12 13:12:44,7.7296,56.7158,0.9998
2025-11-12 13:12:44,7.7296,57.2311,0.9998
2025-11-12 13:12:44,7.7310,56.2201,0.9998
2025-11-12 13:12:45,7.7283,26.2541,0.9999
2025-11-12 13:12:45,7.7299,23.4365,0.9999
2025-11-12 13:12:45,7.7270,55.9572,0.9998
2025-11-12 13:12:45,7.7259,53.5160,0.9998
2025-11-12 13:12:45,7.7287,89.6485,0.9997
2025-11-12 13:12:45,7.7281,89.6776,0.9997
2025-11-12 13:12:45,7.7314,51.7339,0.9998
2025-11-12 13:12:45,7.7320,50.7260,0.9998
2025-11-12 13:12:45,7.7321,52.4710,0.9998
2025-11-12 13:12:45,7.7324,51.5864,0.9998
2025-11-12 13:12:45,7.7309,66.8390,0.9998
2025-11-12 13:12:45,7.7320,67.2840,0.9998
2025-11-12 13:12:46,7.7333,87.2703,0.9997
2025-11-12 13:12:46,7.7347,84.5788,0.9997
2025-11-12 13:12:46,7.7362,64.6842,0.9998
2025-11-12 13:12:46,7.7344,70.5921,0.9998
2025-11-12 13:12:46,7.7337,60.9020,0.9998
2025-11-12 13:12:46,7.7320,63.7453,0.9998
2025-11-12 13:12:46,7.7275,120.2569,0.9996
2025-11-12 13:12:46,7.7271,120.6492,0.9996
2025-11-12 13:12:46,7.7303,190.5576,0.9994
2025-11-12 13:12:46,7.7315,189.1935,0.9994
2025-11-12 13:12:47,7.7343,142.3850,0.9996
2025-11-12 13:12:47,7.7351,138.2849,0.9996
2025-11-12 13:12:47,7.7352,140.3704,0.9996
2025-11-12 13:12:47,7.7347,141.5776,0.9996
2025-11-12 13:12:47,7.7346,143.2357,0.9996
2025-11-12 13:12:47,7.7348,142.7115,0.9996
2025-11-12 13:12:47,7.7343,132.9103,0.9996
2025-11-12 13:12:47,7.7345,132.5505,0.9996
2025-11-12 13:12:47,7.7345,131.5717,0.9996
2025-11-12 13:12:47,7.7348,130.4651,0.9996
2025-11-12 13:12:47,7.7356,147.7057,0.9995
2025-11-12 13:12:47,7.7340,155.2563,0.9995
2025-11-12 13:12:48,7.7339,157.3959,0.9995
2025-11-12 13:12:48,7.7349,155.6792,0.9995
2025-11-12 13:12:48,7.7341,136.0900,0.9996
2025-11-12 13:12:48,7.7364,126.6779,0.9996
2025-11-12 13:12:48,7.7380,103.2512,0.9997
2025-11-12 13:12:48,7.7380,103.2512,0.9997
2025-11-12 13:12:48,7.7387,117.9256,0.9996
2025-11-12 13:12:48,7.7396,115.6742,0.9996
2025-11-12 13:12:48,7.7384,133.4953,0.9996
2025-11-12 13:12:48,7.7384,133.4953,0.9996
2025-11-12 13:12:49,7.7384,134.9622,0.9996
2025-11-12 13:12:49,7.7380,135.5954,0.9996
2025-11-12 13:12:49,7.7394,115.2543,0.9997
2025-11-12 13:12:49,7.7394,115.2543,0.9997
2025-11-12 13:12:49,7.7404,136.1205,0.9996
2025-11-12 13:12:49,7.7402,136.6266,0.9996
2025-11-12 13:12:49,7.7398,142.9528,0.9996
2025-11-12 13:12:49,7.7398,142.9528,0.9996
2025-11-12 13:12:49,7.7390,124.6243,0.9996
2025-11-12 13:12:49,7.7394,123.5548,0.9996
2025-11-12 13:12:49,7.7383,141.5304,0.9996
2025-11-12 13:12:50,7.7366,148.7385,0.9995
2025-11-12 13:12:50,7.7366,148.7385,0.9995
2025-11-12 13:12:50,7.7355,150.0625,0.9995
2025-11-12 13:12:50,7.7366,135.7160,0.9996
2025-11-12 13:12:50,7.7362,138.1962,0.9996
2025-11-12 13:12:50,7.7360,135.1058,0.9996
2025-11-12 13:12:50,7.7370,133.4710,0.9996
2025-11-12 13:12:50,7.7383,118.3341,0.9996
2025-11-12 13:12:50,7.7408,104.3056,0.9997
2025-11-12 13:12:51,7.7416,121.4935,0.9996
2025-11-12 13:12:51,7.7406,126.1423,0.9996
2025-11-12 13:12:51,7.7385,157.2112,0.9995
2025-11-12 13:12:51,7.7377,159.0349,0.9995
2025-11-12 13:12:51,7.7359,119.6878,0.9996
2025-11-12 13:12:51,7.7352,121.9805,0.9996
2025-11-12 13:12:51,7.7366,104.3556,0.9997
2025-11-12 13:12:51,7.7351,109.8088,0.9997
2025-11-12 13:12:51,7.7360,128.0370,0.9996
2025-11-12 13:12:52,7.7370,124.5364,0.9996
2025-11-12 13:12:52,7.7371,123.0312,0.9996
2025-11-12 13:12:52,7.7378,119.0698,0.9996
2025-11-12 13:12:52,7.7376,115.6520,0.9996
2025-11-12 13:12:52,7.7379,114.9223,0.9997
2025-11-12 13:12:52,7.7382,112.3398,0.9997
2025-11-12 13:12:53,7.7392,107.6523,0.9997
2025-11-12 13:12:53,7.7400,124.1709,0.9996
2025-11-12 13:12:53,7.7388,130.0526,0.9996
2025-11-12 13:12:53,7.7364,165.3762,0.9995
2025-11-12 13:12:53,7.7347,170.6329,0.9995
2025-11-12 13:12:53,7.7347,170.6329,0.9995
2025-11-12 13:12:53,7.7339,173.8365,0.9995
2025-11-12 13:12:53,7.7343,168.6471,0.9995
2025-11-12 13:12:54,7.7341,169.3583,0.9995
2025-11-12 13:12:54,7.7345,179.0789,0.9995
2025-11-12 13:12:54,7.7344,179.3887,0.9995
2025-11-12 13:12:54,7.7364,154.0123,0.9995
2025-11-12 13:12:54,7.7378,147.2531,0.9996
2025-11-12 13:12:54,7.7375,141.2496,0.9996
2025-11-12 13:12:54,7.7393,131.0874,0.9996
2025-11-12 13:12:54,7.7388,138.1448,0.9996
2025-11-12 13:12:54,7.7366,152.0916,0.9995
2025-11-12 13:12:54,7.7386,205.3118,0.9994
2025-11-12 13:12:54,7.7327,257.9320,0.9992
2025-11-12 13:12:55,7.7314,274.1239,0.9992
2025-11-12 13:12:55,7.7329,268.4138,0.9992
2025-11-12 13:12:55,7.7329,268.1179,0.9992
2025-11-12 13:12:55,7.7336,258.8791,0.9992
2025-11-12 13:12:55,7.7334,261.0146,0.9992
2025-11-12 13:12:55,7.7337,260.4595,0.9992
2025-11-12 13:12:55,7.7333,250.0314,0.9992
2025-11-12 13:12:55,7.7302,300.7047,0.9991
2025-11-12 13:12:55,7.7313,288.2950,0.9991
2025-11-12 13:12:55,7.7288,295.0008,0.9991
2025-11-12 13:12:56,7.7279,264.4399,0.9992
2025-11-12 13:12:56,7.7247,328.4996,0.9990
2025-11-12 13:12:56,7.7270,318.6197,0.9990
2025-11-12 13:12:56,7.7286,314.7480,0.9990
2025-11-12 13:12:56,7.7290,325.8441,0.9990
2025-11-12 13:12:56,7.7331,234.8633,0.9993
2025-11-12 13:12:56,7.7319,243.5645,0.9993
2025-11-12 13:12:56,7.7325,242.1316,0.9993
2025-11-12 13:12:56,7.7332,265.5494,0.9992
2025-11-12 13:12:56,7.7359,222.4569,0.9993
2025-11-12 13:12:57,7.7359,222.7842,0.9993
2025-11-12 13:12:57,7.7367,220.2646,0.9993
2025-11-12 13:12:57,7.7368,224.6654,0.9993
2025-11-12 13:12:57,7.7342,267.6189,0.9992
2025-11-12 13:12:57,7.7335,274.6692,0.9992
2025-11-12 13:12:57,7.7308,283.1779,0.9991
2025-11-12 13:12:57,7.7306,274.3768,0.9992
2025-11-12 13:12:57,7.7284,315.4705,0.9990
2025-11-12 13:12:57,7.7254,346.0525,0.9989
2025-11-12 13:12:57,7.7276,345.5582,0.9989
2025-11-12 13:12:58,7.7276,343.9316,0.9989
2025-11-12 13:12:58,7.7374,234.7985,0.9993
2025-11-12 13:12:58,7.7391,201.5537,0.9994
2025-11-12 13:12:58,7.7389,203.1576,0.9994
2025-11-12 13:12:58,7.7385,192.3723,0.9994
2025-11-12 13:12:58,7.7371,197.6056,0.9994
2025-11-12 13:12:58,7.7358,220.9779,0.9993
2025-11-12 13:12:58,7.7358,220.6957,0.9993
2025-11-12 13:12:58,7.7361,227.0631,0.9993
2025-11-12 13:12:58,7.7370,223.6780,0.9993
2025-11-12 13:12:59,7.7373,217.4296,0.9993
2025-11-12 13:12:59,7.7365,221.7903,0.9993
2025-11-12 13:12:59,7.7367,226.4328,0.9993
2025-11-12 13:12:59,7.7370,225.8428,0.9993
2025-11-12 13:12:59,7.7393,186.9171,0.9994
2025-11-12 13:12:59,7.7407,177.6479,0.9995
2025-11-12 13:12:59,7.7406,174.4947,0.9995
2025-11-12 13:12:59,7.7383,189.0304,0.9994
2025-11-12 13:12:59,7.7387,183.8661,0.9994
2025-11-12 13:13:00,7.7384,185.3779,0.9994
2025-11-12 13:13:00,7.7378,170.4818,0.9995
2025-11-12 13:13:00,7.7380,168.9657,0.9995
2025-11-12 13:13:00,7.7364,192.5210,0.9994
2025-11-12 13:13:00,7.7372,190.2252,0.9994
2025-11-12 13:13:00,7.7373,192.9648,0.9994
2025-11-12 13:13:00,7.7395,181.1291,0.9995
2025-11-12 13:13:00,7.7392,186.2926,0.9994
2025-11-12 13:13:00,7.7381,190.8528,0.9994
2025-11-12 13:13:01,7.7378,181.3184,0.9994
2025-11-12 13:13:01,7.7374,182.1946,0.9994
2025-11-12 13:13:01,7.7388,160.2249,0.9995
2025-11-12 13:13:01,7.7395,156.7899,0.9995
2025-11-12 13:13:01,7.7397,161.7070,0.9995
2025-11-12 13:13:01,7.7406,158.6440,0.9995
2025-11-12 13:13:01,7.7397,172.7994,0.9995
2025-11-12 13:13:01,7.7371,190.7233,0.9994
2025-11-12 13:13:01,7.7371,189.1568,0.9994
2025-11-12 13:13:02,7.7353,192.9259,0.9994
2025-11-12 13:13:02,7.7370,171.0205,0.9995
2025-11-12 13:13:02,7.7370,171.3601,0.9995
2025-11-12 13:13:02,7.7368,166.8256,0.9995
2025-11-12 13:13:02,7.7372,165.1028,0.9995
2025-11-12 13:13:02,7.7370,167.7822,0.9995
2025-11-12 13:13:02,7.7372,165.7440,0.9995
2025-11-12 13:13:02,7.7379,186.5153,0.9994
2025-11-12 13:13:02,7.7368,192.9581,0.9994
2025-11-12 13:13:02,7.7365,196.0999,0.9994
2025-11-12 13:13:03,7.7373,189.8504,0.9994
2025-11-12 13:13:03,7.7373,188.7541,0.9994
2025-11-12 13:13:03,7.7381,183.7807,0.9994
2025-11-12 13:13:03,7.7382,182.0523,0.9994
2025-11-12 13:13:03,7.7392,175.7849,0.9995
2025-11-12 13:13:03,7.7383,152.7911,0.9995
2025-11-12 13:13:03,7.7388,150.2004,0.9995
2025-11-12 13:13:03,7.7396,140.1688,0.9996
2025-11-12 13:13:03,7.7385,148.0667,0.9996
2025-11-12 13:13:03,7.7389,157.7913,0.9995
2025-11-12 13:13:03,7.7395,155.2741,0.9995
2025-11-12 13:13:04,7.7373,184.6665,0.9994
2025-11-12 13:13:04,7.7391,174.4062,0.9995
2025-11-12 13:13:04,7.7392,176.5201,0.9995
2025-11-12 13:13:04,7.7387,178.2939,0.9995
2025-11-12 13:13:04,7.7403,154.9686,0.9995
2025-11-12 13:13:04,7.7403,154.9686,0.9995
2025-11-12 13:13:04,7.7395,136.4023,0.9996
2025-11-12 13:13:04,7.7390,139.1052,0.9996
2025-11-12 13:13:04,7.7389,139.5478,0.9996
2025-11-12 13:13:05,7.7389,139.5478,0.9996
2025-11-12 13:13:05,7.7398,161.3947,0.9995
2025-11-12 13:13:05,7.7411,155.0150,0.9995
2025-11-12 13:13:05,7.7396,177.4109,0.9995
2025-11-12 13:13:05,7.7380,186.9732,0.9994
2025-11-12 13:13:05,7.7372,165.9175,0.9995
2025-11-12 13:13:05,7.7354,171.8071,0.9995
2025-11-12 13:13:05,7.7367,154.5282,0.9995
2025-11-12 13:13:05,7.7376,149.3861,0.9995
2025-11-12 13:13:06,7.7377,152.6442,0.9995
2025-11-12 13:13:06,7.7394,144.3706,0.9996
2025-11-12 13:13:06,7.7374,174.6607,0.9995
2025-11-12 13:13:06,7.7373,175.1179,0.9995
2025-11-12 13:13:06,7.7374,175.5326,0.9995
2025-11-12 13:13:06,7.7370,176.2613,0.9995
2025-11-12 13:13:06,7.7376,166.4635,0.9995
2025-11-12 13:13:06,7.7387,162.0294,0.9995
2025-11-12 13:13:06,7.7379,143.0929,0.9996
2025-11-12 13:13:06,7.7378,143.5207,0.9996
2025-11-12 13:13:06,7.7375,147.5400,0.9996
2025-11-12 13:13:07,7.7361,152.7621,0.9995
2025-11-12 13:13:07,7.7362,154.8165,0.9995
2025-11-12 13:13:07,7.7360,155.3655,0.9995
2025-11-12 13:13:07,7.7368,143.8811,0.9996
2025-11-12 13:13:07,7.7367,144.4453,0.9996
2025-11-12 13:13:07,7.7375,164.3191,0.9995
2025-11-12 13:13:07,7.7379,163.0212,0.9995
2025-11-12 13:13:07,7.7390,147.5760,0.9996
2025-11-12 13:13:07,7.7404,139.3487,0.9996
2025-11-12 13:13:08,7.7408,148.3890,0.9996
2025-11-12 13:13:08,7.7416,144.9469,0.9996
2025-11-12 13:13:08,7.7404,163.4109,0.9995
2025-11-12 13:13:08,7.7387,174.3301,0.9995
2025-11-12 13:13:08,7.7382,162.1549,0.9995
2025-11-12 13:13:08,7.7377,162.8792,0.9995
2025-11-12 13:13:08,7.7372,169.7925,0.9995
2025-11-12 13:13:08,7.7389,160.9084,0.9995
2025-11-12 13:13:08,7.7382,144.3490,0.9996
2025-11-12 13:13:09,7.7390,143.1556,0.9996
2025-11-12 13:13:09,7.7389,144.7440,0.9996
2025-11-12 13:13:09,7.7389,144.7440,0.9996
2025-11-12 13:13:09,7.7383,132.3589,0.9996
2025-11-12 13:13:09,7.7376,133.0317,0.9996
2025-11-12 13:13:09,7.7345,190.1832,0.9994
2025-11-12 13:13:09,7.7337,191.6379,0.9994
2025-11-12 13:13:09,7.7331,179.7010,0.9994
2025-11-12 13:13:09,7.7330,179.5535,0.9994
2025-11-12 13:13:09,7.7377,103.9836,0.9997
2025-11-12 13:13:10,7.7382,101.5132,0.9997
2025-11-12 13:13:10,7.7390,117.5055,0.9996
2025-11-12 13:13:10,7.7377,122.8540,0.9996
2025-11-12 13:13:10,7.7375,125.4407,0.9996
2025-11-12 13:13:10,7.7369,128.1812,0.9996
2025-11-12 13:13:10,7.7367,124.9972,0.9996
2025-11-12 13:13:10,7.7373,122.4957,0.9996
2025-11-12 13:13:10,7.7356,145.9919,0.9996
2025-11-12 13:13:11,7.7338,156.8207,0.9995
2025-11-12 13:13:11,7.7340,163.2798,0.9995
2025-11-12 13:13:11,7.7352,162.8577,0.9995
2025-11-12 13:13:11,7.7368,140.3515,0.9996
2025-11-12 13:13:11,7.7379,130.8953,0.9996
2025-11-12 13:13:11,7.7384,140.7176,0.9996
2025-11-12 13:13:11,7.7379,141.4852,0.9996
2025-11-12 13:13:11,7.7377,144.9344,0.9996
2025-11-12 13:13:11,7.7384,140.2049,0.9996
2025-11-12 13:13:11,7.7372,114.8072,0.9997
2025-11-12 13:13:12,7.7381,114.0634,0.9997
2025-11-12 13:13:12,7.7371,129.1707,0.9996
2025-11-12 13:13:12,7.7372,128.5920,0.9996
2025-11-12 13:13:12,7.7392,175.4347,0.9995
2025-11-12 13:13:12,7.7385,176.4132,0.9995
2025-11-12 13:13:12,7.7401,153.3643,0.9995
2025-11-12 13:13:12,7.7397,155.7841,0.9995
2025-11-12 13:13:12,7.7389,136.4125,0.9996
2025-11-12 13:13:12,7.7383,138.3084,0.9996
2025-11-12 13:13:12,7.7343,201.8502,0.9994
2025-11-12 13:13:13,7.7343,201.8108,0.9994
2025-11-12 13:13:13,7.7337,187.2291,0.9994
2025-11-12 13:13:13,7.7330,188.2922,0.9994
2025-11-12 13:13:13,7.7351,152.4414,0.9995
2025-11-12 13:13:13,7.7365,148.3503,0.9995
2025-11-12 13:13:13,7.7370,161.2509,0.9995
2025-11-12 13:13:13,7.7377,158.2857,0.9995
2025-11-12 13:13:13,7.7380,154.3540,0.9995
2025-11-12 13:13:13,7.7367,159.4551,0.9995
2025-11-12 13:13:13,7.7378,187.2650,0.9994
2025-11-12 13:13:14,7.7380,186.5967,0.9994
2025-11-12 13:13:14,7.7387,175.2198,0.9995
2025-11-12 13:13:14,7.7373,186.3946,0.9994
2025-11-12 13:13:14,7.7375,191.0601,0.9994
2025-11-12 13:13:14,7.7382,189.7470,0.9994
2025-11-12 13:13:14,7.7376,198.2975,0.9994
2025-11-12 13:13:14,7.7399,181.6116,0.9995
2025-11-12 13:13:14,7.7395,172.3101,0.9995
2025-11-12 13:13:14,7.7389,174.2257,0.9995
2025-11-12 13:13:14,7.7403,152.2268,0.9995
2025-11-12 13:13:15,7.7399,154.7883,0.9995
2025-11-12 13:13:15,7.7395,144.5551,0.9996
2025-11-12 13:13:15,7.7391,146.1296,0.9996
2025-11-12 13:13:15,7.7369,178.4595,0.9995
2025-11-12 13:13:15,7.7367,179.6173,0.9995
2025-11-12 13:13:15,7.7373,195.8774,0.9994
2025-11-12 13:13:15,7.7378,194.3977,0.9994
2025-11-12 13:13:15,7.7396,165.6693,0.9995
2025-11-12 13:13:15,7.7389,170.8923,0.9995
2025-11-12 13:13:16,7.7387,165.7389,0.9995
2025-11-12 13:13:16,7.7383,167.1890,0.9995
2025-11-12 13:13:16,7.7385,163.9635,0.9995
2025-11-12 13:13:16,7.7404,152.6447,0.9995
2025-11-12 13:13:16,7.7403,149.6177,0.9995
2025-11-12 13:13:16,7.7405,148.6168,0.9996
2025-11-12 13:13:16,7.7376,195.9117,0.9994
2025-11-12 13:13:16,7.7368,198.5438,0.9994
2025-11-12 13:13:16,7.7363,185.1410,0.9994
2025-11-12 13:13:17,7.7366,184.5693,0.9994
2025-11-12 13:13:17,7.7394,140.2054,0.9996
2025-11-12 13:13:17,7.7391,141.7124,0.9996
2025-11-12 13:13:17,7.7403,169.5822,0.9995
2025-11-12 13:13:17,7.7399,171.0808,0.9995
2025-11-12 13:13:17,7.7398,172.9415,0.9995
2025-11-12 13:13:17,7.7401,170.8011,0.9995
2025-11-12 13:13:17,7.7400,166.6818,0.9995
2025-11-12 13:13:17,7.7403,165.1722,0.9995
2025-11-12 13:13:17,7.7409,156.7938,0.9995
2025-11-12 13:13:18,7.7421,150.6368,0.9995
2025-11-12 13:13:18,7.7401,106.0259,0.9997
2025-11-12 13:13:18,7.7398,107.1618,0.9997
2025-11-12 13:13:18,7.7376,138.6235,0.9996
2025-11-12 13:13:18,7.7355,145.2897,0.9996
2025-11-12 13:13:18,7.7360,157.1600,0.9995
2025-11-12 13:13:18,7.7361,157.0604,0.9995
2025-11-12 13:13:18,7.7380,130.1019,0.9996
2025-11-12 13:13:18,7.7378,131.7610,0.9996
2025-11-12 13:13:18,7.7386,150.2626,0.9995
2025-11-12 13:13:19,7.7397,147.7985,0.9996
2025-11-12 13:13:19,7.7382,169.5892,0.9995
2025-11-12 13:13:19,7.7399,159.6295,0.9995
2025-11-12 13:13:19,7.7383,126.0840,0.9996
2025-11-12 13:13:19,7.7362,131.1259,0.9996
2025-11-12 13:13:19,7.7353,144.3811,0.9996
2025-11-12 13:13:20,7.7344,146.2277,0.9996
2025-11-12 13:13:20,7.7343,142.3201,0.9996
2025-11-12 13:13:20,7.7352,140.2339,0.9996
2025-11-12 13:13:20,7.7369,115.4196,0.9996
2025-11-12 13:13:20,7.7366,117.0224,0.9996
2025-11-12 13:13:20,7.7357,99.6082,0.9997
2025-11-12 13:13:20,7.7334,108.4763,0.9997
2025-11-12 13:13:20,7.7318,128.3318,0.9996
2025-11-12 13:13:20,7.7275,155.4743,0.9995
2025-11-12 13:13:21,7.7277,161.1239,0.9995
2025-11-12 13:13:21,7.7275,161.6866,0.9995
2025-11-12 13:13:21,7.7264,174.2472,0.9995
2025-11-12 13:13:21,7.7311,149.5630,0.9995
2025-11-12 13:13:21,7.7310,148.0877,0.9995
2025-11-12 13:13:21,7.7315,146.0407,0.9996
2025-11-12 13:13:21,7.7305,162.0634,0.9995
2025-11-12 13:13:21,7.7316,162.6950,0.9995
2025-11-12 13:13:21,7.7319,169.3481,0.9995
2025-11-12 13:13:21,7.7330,165.3494,0.9995
2025-11-12 13:13:21,7.7356,121.2657,0.9996
2025-11-12 13:13:22,7.7339,126.0258,0.9996
2025-11-12 13:13:22,7.7332,112.5711,0.9997
2025-11-12 13:13:22,7.7326,114.4168,0.9996
2025-11-12 13:13:22,7.7334,105.0350,0.9997
2025-11-12 13:13:22,7.7341,102.6643,0.9997
2025-11-12 13:13:22,7.7329,81.2695,0.9998
2025-11-12 13:13:22,7.7346,77.6321,0.9998
2025-11-12 13:13:22,7.7337,89.2276,0.9997
2025-11-12 13:13:23,7.7348,87.7107,0.9997
2025-11-12 13:13:23,7.7361,110.3564,0.9997
2025-11-12 13:13:23,7.7367,109.7322,0.9997
2025-11-12 13:13:23,7.7385,84.8115,0.9997
2025-11-12 13:13:23,7.7385,84.8115,0.9997
2025-11-12 13:13:23,7.7385,84.4074,0.9997
2025-11-12 13:13:23,7.7382,84.9114,0.9997
2025-11-12 13:13:23,7.7363,110.8011,0.9997
2025-11-12 13:13:23,7.7355,112.5474,0.9997
2025-11-12 13:13:23,7.7339,85.1114,0.9997
2025-11-12 13:13:24,7.7328,85.4350,0.9997
2025-11-12 13:13:24,7.7327,86.6077,0.9997
2025-11-12 13:13:24,7.7315,89.6028,0.9997
2025-11-12 13:13:24,7.7267,30.5470,0.9999
2025-11-12 13:13:24,7.7271,31.6117,0.9999
2025-11-12 13:13:24,7.7279,24.0530,0.9999
2025-11-12 13:13:24,7.7266,27.2018,0.9999
2025-11-12 13:13:24,7.7280,39.0366,0.9999
2025-11-12 13:13:24,7.7290,43.1630,0.9999
2025-11-12 13:13:24,7.7287,46.2967,0.9999
2025-11-12 13:13:25,7.7302,41.0097,0.9999
2025-11-12 13:13:25,7.7326,68.4570,0.9998
2025-11-12 13:13:25,7.7318,67.0844,0.9998
2025-11-12 13:13:25,7.7327,57.5376,0.9998
2025-11-12 13:13:25,7.7329,56.7341,0.9998
2025-11-12 13:13:25,7.7316,40.9148,0.9999
2025-11-12 13:13:25,7.7305,40.8084,0.9999
2025-11-12 13:13:25,7.7289,57.1636,0.9998
2025-11-12 13:13:25,7.7282,58.1776,0.9998
2025-11-12 13:13:26,7.7296,79.5214,0.9998
2025-11-12 13:13:26,7.7283,81.9319,0.9997
2025-11-12 13:13:26,7.7287,77.5748,0.9998
2025-11-12 13:13:26,7.7262,89.5529,0.9997
2025-11-12 13:13:26,7.7249,67.2386,0.9998
2025-11-12 13:13:26,7.7244,67.9448,0.9998
2025-11-12 13:13:26,7.7265,55.9498,0.9998
2025-11-12 13:13:26,7.7317,43.7882,0.9999
2025-11-12 13:13:26,7.7309,34.7902,0.9999
2025-11-12 13:13:26,7.7346,25.7692,0.9999
2025-11-12 13:13:27,7.7336,36.1315,0.9999
2025-11-12 13:13:27,7.7336,36.1315,0.9999
2025-11-12 13:13:27,7.7337,37.0981,0.9999
2025-11-12 13:13:27,7.7334,36.6534,0.9999
2025-11-12 13:13:27,7.7293,96.4226,0.9997
2025-11-12 13:13:27,7.7268,91.7262,0.9997
2025-11-12 13:13:27,7.7228,57.9686,0.9998
2025-11-12 13:13:27,7.7214,48.7481,0.9998
2025-11-12 13:13:27,7.7246,15.6354,1.0000
2025-11-12 13:13:27,7.7264,20.4220,0.9999
2025-11-12 13:13:28,7.7372,164.1573,0.9995
2025-11-12 13:13:28,7.7381,160.5410,0.9995
2025-11-12 13:13:28,7.7378,166.5164,0.9995
2025-11-12 13:13:28,7.7373,168.3040,0.9995
2025-11-12 13:13:28,7.7365,149.2340,0.9995
2025-11-12 13:13:28,7.7360,150.6167,0.9995
2025-11-12 13:13:28,7.7377,126.3329,0.9996
2025-11-12 13:13:28,7.7376,126.6432,0.9996
2025-11-12 13:13:29,7.7383,142.3722,0.9996
2025-11-12 13:13:29,7.7381,143.4728,0.9996
2025-11-12 13:13:29,7.7367,162.0064,0.9995
2025-11-12 13:13:29,7.7373,160.2056,0.9995
2025-11-12 13:13:29,7.7360,130.4249,0.9996
2025-11-12 13:13:29,7.7375,126.8883,0.9996
2025-11-12 13:13:29,7.7390,106.0404,0.9997
2025-11-12 13:13:29,7.7390,106.0404,0.9997
2025-11-12 13:13:29,7.7402,131.6255,0.9996
2025-11-12 13:13:29,7.7405,130.8924,0.9996
2025-11-12 13:13:30,7.7396,144.2693,0.9996
2025-11-12 13:13:30,7.7386,149.5862,0.9995
2025-11-12 13:13:30,7.7387,151.1124,0.9995
2025-11-12 13:13:30,7.7372,154.4874,0.9995
2025-11-12 13:13:30,7.7382,141.1400,0.9996
2025-11-12 13:13:30,7.7392,136.1204,0.9996
2025-11-12 13:13:30,7.7396,146.3050,0.9996
2025-11-12 13:13:30,7.7394,147.6611,0.9996
2025-11-12 13:13:30,7.7374,176.3302,0.9995
2025-11-12 13:13:31,7.7380,175.0118,0.9995
2025-11-12 13:13:31,7.7370,151.6443,0.9995
2025-11-12 13:13:31,7.7353,161.6055,0.9995
2025-11-12 13:13:31,7.7357,154.6940,0.9995
2025-11-12 13:13:31,7.7318,171.6779,0.9995
2025-11-12 13:13:31,7.7334,217.7009,0.9993
2025-11-12 13:13:31,7.7310,238.5584,0.9993
2025-11-12 13:13:31,7.7323,224.8357,0.9993
2025-11-12 13:13:31,7.7303,245.5967,0.9992
2025-11-12 13:13:32,7.7306,254.1455,0.9992
2025-11-12 13:13:32,7.7347,226.3765,0.9993
2025-11-12 13:13:32,7.7315,268.7396,0.9992
2025-11-12 13:13:32,7.7366,227.0806,0.9993
2025-11-12 13:13:32,7.7367,230.2321,0.9993
2025-11-12 13:13:32,7.7386,225.8159,0.9993
2025-11-12 13:13:32,7.7420,166.2702,0.9995
2025-11-12 13:13:32,7.7410,173.7652,0.9995
2025-11-12 13:13:32,7.7410,172.2384,0.9995
2025-11-12 13:13:32,7.7385,183.0043,0.9994
2025-11-12 13:13:32,7.7376,194.7276,0.9994
2025-11-12 13:13:33,7.7382,191.2756,0.9994
2025-11-12 13:13:33,7.7382,191.2756,0.9994
2025-11-12 13:13:33,7.7394,184.5996,0.9994
2025-11-12 13:13:33,7.7388,194.3244,0.9994
2025-11-12 13:13:33,7.7399,189.0963,0.9994
2025-11-12 13:13:33,7.7399,191.1157,0.9994
2025-11-12 13:13:33,7.7402,190.2033,0.9994
2025-11-12 13:13:33,7.7399,194.9375,0.9994
2025-11-12 13:13:33,7.7379,206.2637,0.9994
2025-11-12 13:13:33,7.7369,179.2257,0.9995
2025-11-12 13:13:34,7.7367,179.5810,0.9995
2025-11-12 13:13:34,7.7385,155.0885,0.9995
2025-11-12 13:13:34,7.7402,144.2364,0.9996
2025-11-12 13:13:34,7.7396,130.8217,0.9996
2025-11-12 13:13:34,7.7392,132.8570,0.9996
2025-11-12 13:13:34,7.7344,214.7219,0.9993
2025-11-12 13:13:34,7.7336,216.1444,0.9993
2025-11-12 13:13:34,7.7334,209.7574,0.9994
2025-11-12 13:13:34,7.7345,209.6531,0.9994
2025-11-12 13:13:34,7.7374,156.0125,0.9995
2025-11-12 13:13:35,7.7384,151.8372,0.9995
2025-11-12 13:13:35,7.7379,139.3462,0.9996
2025-11-12 13:13:35,7.7382,139.1084,0.9996
2025-11-12 13:13:35,7.7398,113.4909,0.9997
2025-11-12 13:13:35,7.7398,113.4909,0.9997
2025-11-12 13:13:35,7.7396,109.4069,0.9997
2025-11-12 13:13:35,7.7396,109.4069,0.9997
2025-11-12 13:13:35,7.7383,129.8852,0.9996
2025-11-12 13:13:35,7.7372,133.9316,0.9996
2025-11-12 13:13:35,7.7350,92.6304,0.9997
2025-11-12 13:13:36,7.7330,93.1444,0.9997
2025-11-12 13:13:36,7.7306,129.3836,0.9996
2025-11-12 13:13:36,7.7306,129.3836,0.9996
2025-11-12 13:13:36,7.7302,122.6667,0.9996
2025-11-12 13:13:36,7.7311,122.9851,0.9996
2025-11-12 13:13:36,7.7353,65.0853,0.9998
2025-11-12 13:13:36,7.7348,66.9305,0.9998
2025-11-12 13:13:36,7.7308,20.3858,0.9999
2025-11-12 13:13:37,7.7312,21.1747,0.9999
2025-11-12 13:13:37,7.7296,35.3100,0.9999
2025-11-12 13:13:37,7.7310,35.9178,0.9999
2025-11-12 13:13:37,7.7335,59.9443,0.9998
2025-11-12 13:13:37,7.7318,61.2526,0.9998
2025-11-12 13:13:37,7.7315,64.6312,0.9998
2025-11-12 13:13:37,7.7307,64.1427,0.9998
2025-11-12 13:13:37,7.7307,64.4288,0.9998
2025-11-12 13:13:38,7.7318,63.7743,0.9998
2025-11-12 13:13:38,7.7309,75.5601,0.9998
2025-11-12 13:13:38,7.7316,75.7252,0.9998
2025-11-12 13:13:38,7.7363,164.1793,0.9995
2025-11-12 13:13:38,7.7366,163.5742,0.9995
2025-11-12 13:13:38,7.7376,145.9810,0.9996
2025-11-12 13:13:38,7.7382,144.6053,0.9996
2025-11-12 13:13:38,7.7382,146.3670,0.9996
2025-11-12 13:13:38,7.7387,145.1644,0.9996
2025-11-12 13:13:38,7.7406,117.4858,0.9996
2025-11-12 13:13:39,7.7406,117.4858,0.9996
2025-11-12 13:13:39,7.7400,105.4793,0.9997
2025-11-12 13:13:39,7.7400,105.5280,0.9997
2025-11-12 13:13:39,7.7381,131.3700,0.9996
2025-11-12 13:13:39,7.7381,131.3700,0.9996
2025-11-12 13:13:39,7.7372,111.8257,0.9997
2025-11-12 13:13:39,7.7377,111.3656,0.9997
2025-11-12 13:13:39,7.7376,112.9087,0.9997
2025-11-12 13:13:39,7.7376,112.9087,0.9997
2025-11-12 13:13:39,7.7355,77.9854,0.9998
2025-11-12 13:13:39,7.7341,78.2484,0.9998
2025-11-12 13:13:39,7.7340,78.9908,0.9998
2025-11-12 13:13:40,7.7340,78.9908,0.9998
2025-11-12 13:13:40,7.7303,37.3591,0.9999
2025-11-12 13:13:40,7.7304,37.5260,0.9999
2025-11-12 13:13:40,7.7304,38.3260,0.9999
2025-11-12 13:13:40,7.7283,36.1001,0.9999
2025-11-12 13:13:40,7.7321,85.4555,0.9997
2025-11-12 13:13:40,7.7328,85.9385,0.9997
2025-11-12 13:13:40,7.7331,82.4327,0.9997
2025-11-12 13:13:41,7.7337,80.2210,0.9998
2025-11-12 13:13:41,7.7342,88.3492,0.9997
2025-11-12 13:13:41,7.7326,90.2118,0.9997
2025-11-12 13:13:41,7.7318,99.3823,0.9997
2025-11-12 13:13:41,7.7324,98.6781,0.9997
2025-11-12 13:13:41,7.7346,142.0407,0.9996
2025-11-12 13:13:41,7.7088,821.8874,0.9974
2025-11-12 13:13:41,7.7090,821.9409,0.9974
2025-11-12 13:13:41,7.7079,809.0480,0.9974
2025-11-12 13:13:42,7.7065,753.2245,0.9976
2025-11-12 13:13:42,7.7224,225.7166,0.9993
2025-11-12 13:13:42,7.7229,221.9748,0.9993
2025-11-12 13:13:42,7.7232,222.9588,0.9993
2025-11-12 13:13:42,7.7236,231.8482,0.9993
2025-11-12 13:13:42,7.7305,127.5285,0.9996
2025-11-12 13:13:42,7.7293,142.2036,0.9996
2025-11-12 13:13:42,7.7304,142.7967,0.9996
2025-11-12 13:13:42,7.7313,163.8627,0.9995
2025-11-12 13:13:43,7.7351,142.0479,0.9996
2025-11-12 13:13:43,7.7361,127.4422,0.9996
2025-11-12 13:13:43,7.7351,130.4381,0.9996
2025-11-12 13:13:43,7.7320,75.0753,0.9998
2025-11-12 13:13:43,7.7323,75.1745,0.9998
2025-11-12 13:13:43,7.7337,59.7252,0.9998
2025-11-12 13:13:43,7.7287,97.9835,0.9997
2025-11-12 13:13:43,7.7303,129.2191,0.9996
2025-11-12 13:13:43,7.7284,129.2555,0.9996
2025-11-12 13:13:44,7.7242,174.7677,0.9995
2025-11-12 13:13:44,7.7263,159.0167,0.9995
2025-11-12 13:13:44,7.7257,146.4194,0.9995
2025-11-12 13:13:44,7.7269,147.5116,0.9995
2025-11-12 13:13:44,7.7303,102.5900,0.9997
2025-11-12 13:13:44,7.7339,85.1230,0.9997
2025-11-12 13:13:44,7.7328,67.7301,0.9998
2025-11-12 13:13:44,7.7336,67.0072,0.9998
2025-11-12 13:13:44,7.7341,61.3149,0.9998
2025-11-12 13:13:44,7.7333,63.0471,0.9998
2025-11-12 13:13:45,7.7344,79.8876,0.9998
2025-11-12 13:13:45,7.7337,80.7226,0.9998
2025-11-12 13:13:45,7.7324,96.9522,0.9997
2025-11-12 13:13:45,7.7327,96.3301,0.9997
2025-11-12 13:13:45,7.7338,116.8318,0.9996
2025-11-12 13:13:45,7.7344,115.9566,0.9996
2025-11-12 13:13:45,7.7363,90.9754,0.9997
2025-11-12 13:13:45,7.7364,90.6514,0.9997
2025-11-12 13:13:45,7.7382,127.2599,0.9996
2025-11-12 13:13:45,7.7375,130.0038,0.9996
2025-11-12 13:13:46,7.7352,162.3856,0.9995
2025-11-12 13:13:46,7.7355,161.6768,0.9995
2025-11-12 13:13:46,7.7351,153.1919,0.9995
2025-11-12 13:13:46,7.7344,155.9488,0.9995
2025-11-12 13:13:46,7.7352,143.5941,0.9996
2025-11-12 13:13:46,7.7345,145.8362,0.9996
2025-11-12 13:13:46,7.7350,158.2534,0.9995
2025-11-12 13:13:46,7.7343,162.2435,0.9995
2025-11-12 13:13:46,7.7344,161.8583,0.9995
2025-11-12 13:13:47,7.7340,163.3028,0.9995
2025-11-12 13:13:47,7.7344,172.8952,0.9995
2025-11-12 13:13:47,7.7336,178.3412,0.9995
2025-11-12 13:13:47,7.7346,165.9303,0.9995
2025-11-12 13:13:47,7.7298,212.1055,0.9993
2025-11-12 13:13:47,7.7290,189.3007,0.9994
2025-11-12 13:13:48,7.7224,260.8673,0.9992
2025-11-12 13:13:48,7.7224,260.8521,0.9992
2025-11-12 13:13:48,7.7276,237.2928,0.9993
2025-11-12 13:13:48,7.7281,252.1229,0.9992
2025-11-12 13:13:48,7.7361,146.9271,0.9996
2025-11-12 13:13:48,7.7346,167.1813,0.9995
2025-11-12 13:13:48,7.7342,168.8873,0.9995
2025-11-12 13:13:48,7.7339,161.7999,0.9995
2025-11-12 13:13:48,7.7340,161.3578,0.9995
2025-11-12 13:13:49,7.7349,149.9727,0.9995
2025-11-12 13:13:49,7.7356,146.4843,0.9996
2025-11-12 13:13:49,7.7349,129.8129,0.9996
2025-11-12 13:13:49,7.7350,129.4980,0.9996
2025-11-12 13:13:49,7.7350,129.0348,0.9996
2025-11-12 13:13:49,7.7361,126.5427,0.9996
2025-11-12 13:13:49,7.7357,117.5687,0.9996
2025-11-12 13:13:49,7.7374,111.7289,0.9997
2025-11-12 13:13:49,7.7384,98.1084,0.9997
2025-11-12 13:13:50,7.7361,109.7265,0.9997
2025-11-12 13:13:50,7.7344,77.6930,0.9998
2025-11-12 13:13:50,7.7341,77.6293,0.9998
2025-11-12 13:13:50,7.7322,100.5104,0.9997
2025-11-12 13:13:50,7.7290,124.4853,0.9996
2025-11-12 13:13:50,7.7305,155.2348,0.9995
2025-11-12 13:13:50,7.7306,155.5205,0.9995
2025-11-12 13:13:50,7.7333,127.7231,0.9996
2025-11-12 13:13:50,7.7331,130.0058,0.9996
2025-11-12 13:13:50,7.7296,67.4872,0.9998
2025-11-12 13:13:51,7.7297,67.9278,0.9998
2025-11-12 13:13:51,7.7274,85.3251,0.9997
2025-11-12 13:13:51,7.7289,72.6830,0.9998
2025-11-12 13:13:51,7.7320,127.4158,0.9996
2025-11-12 13:13:51,7.7323,128.1340,0.9996
2025-11-12 13:13:51,7.7326,123.8537,0.9996
2025-11-12 13:13:51,7.7359,102.5553,0.9997
2025-11-12 13:13:51,7.7350,87.2796,0.9997
2025-11-12 13:13:51,7.7347,87.1065,0.9997
2025-11-12 13:13:51,7.7342,93.9247,0.9997
2025-11-12 13:13:52,7.7348,92.9600,0.9997
2025-11-12 13:13:52,7.7359,112.6842,0.9997
2025-11-12 13:13:52,7.7349,114.2169,0.9997
2025-11-12 13:13:52,7.7363,94.7550,0.9997
2025-11-12 13:13:52,7.7356,97.0177,0.9997
2025-11-12 13:13:52,7.7341,70.4969,0.9998
2025-11-12 13:13:52,7.7344,69.9510,0.9998
2025-11-12 13:13:52,7.7339,76.2020,0.9998
2025-11-12 13:13:52,7.7349,74.5729,0.9998
2025-11-12 13:13:52,7.7381,132.7321,0.9996
2025-11-12 13:13:53,7.7383,131.9086,0.9996
2025-11-12 13:13:53,7.7394,117.0147,0.9996
2025-11-12 13:13:53,7.7394,117.0147,0.9996
2025-11-12 13:13:53,7.7400,131.0988,0.9996
2025-11-12 13:13:53,7.7407,128.5433,0.9996
2025-11-12 13:13:53,7.7404,132.4461,0.9996
2025-11-12 13:13:53,7.7385,144.1587,0.9996
2025-11-12 13:13:53,7.7378,128.9289,0.9996
2025-11-12 13:13:53,7.7354,137.5155,0.9996
2025-11-12 13:13:53,7.7346,146.8511,0.9996
2025-11-12 13:13:54,7.7341,149.4932,0.9995
2025-11-12 13:13:54,7.7333,130.8173,0.9996
2025-11-12 13:13:54,7.7333,130.7805,0.9996
2025-11-12 13:13:54,7.7329,135.5789,0.9996
2025-11-12 13:13:54,7.7350,128.5220,0.9996
2025-11-12 13:13:54,7.7362,157.0928,0.9995
2025-11-12 13:13:54,7.7379,148.8112,0.9995
2025-11-12 13:13:54,7.7392,130.4088,0.9996
2025-11-12 13:13:54,7.7392,130.4088,0.9996
2025-11-12 13:13:55,7.7396,138.9377,0.9996
2025-11-12 13:13:55,7.7396,138.9377,0.9996
2025-11-12 13:13:55,7.7396,138.6728,0.9996
2025-11-12 13:13:55,7.7392,140.6202,0.9996
2025-11-12 13:13:55,7.7392,140.6202,0.9996
2025-11-12 13:13:55,7.7392,140.6202,0.9996
2025-11-12 13:13:55,7.7392,141.1331,0.9996
2025-11-12 13:13:55,7.7389,142.8488,0.9996
2025-11-12 13:13:55,7.7390,146.3345,0.9996
2025-11-12 13:13:55,7.7399,143.8829,0.9996
2025-11-12 13:13:56,7.7383,168.3101,0.9995
2025-11-12 13:13:56,7.7383,168.3101,0.9995
2025-11-12 13:13:56,7.7364,125.9780,0.9996
2025-11-12 13:13:56,7.7354,126.6817,0.9996
2025-11-12 13:13:56,7.7369,106.5882,0.9997
2025-11-12 13:13:56,7.7367,107.4860,0.9997
2025-11-12 13:13:56,7.7379,133.0986,0.9996
2025-11-12 13:13:57,7.7380,132.6675,0.9996
2025-11-12 13:13:57,7.7365,154.2424,0.9995
2025-11-12 13:13:57,7.7377,149.7795,0.9995
2025-11-12 13:13:57,7.7349,93.1113,0.9997
2025-11-12 13:13:57,7.7341,94.5070,0.9997
2025-11-12 13:13:57,7.7358,72.9338,0.9998
2025-11-12 13:13:57,7.7348,75.1513,0.9998
2025-11-12 13:13:57,7.7329,47.4792,0.9999
2025-11-12 13:13:57,7.7331,47.1459,0.9999
2025-11-12 13:13:57,7.7326,52.4211,0.9998
2025-11-12 13:13:57,7.7312,56.6490,0.9998
2025-11-12 13:13:58,7.7247,8.5104,1.0000
2025-11-12 13:13:58,7.7253,11.3053,1.0000
2025-11-12 13:13:58,7.7238,21.6394,0.9999
2025-11-12 13:13:58,7.7227,22.2555,0.9999
2025-11-12 13:13:58,7.7289,73.6236,0.9998
2025-11-12 13:13:58,7.7277,71.4803,0.9998
2025-11-12 13:13:58,7.7297,53.9090,0.9998
2025-11-12 13:13:58,7.7299,52.6373,0.9998
2025-11-12 13:13:58,7.7276,25.7933,0.9999
2025-11-12 13:13:58,7.7288,28.1383,0.9999
2025-11-12 13:13:59,7.7270,42.8167,0.9999
2025-11-12 13:13:59,7.7280,39.8550,0.9999
2025-11-12 13:13:59,7.7181,47.7009,0.9998
2025-11-12 13:13:59,7.7168,36.5421,0.9999
2025-11-12 13:13:59,7.7170,36.0898,0.9999
2025-11-12 13:13:59,7.7189,49.8682,0.9998
2025-11-12 13:13:59,7.7210,31.3211,0.9999
2025-11-12 13:13:59,7.7228,42.7260,0.9999
2025-11-12 13:13:59,7.7246,33.2939,0.9999
2025-11-12 13:13:59,7.7231,27.1206,0.9999
2025-11-12 13:13:59,7.7333,46.7714,0.9999
2025-11-12 13:14:00,7.7319,46.7663,0.9999
2025-11-12 13:14:00,7.7310,54.6185,0.9998
2025-11-12 13:14:00,7.7313,53.7643,0.9998
2025-11-12 13:14:00,7.7319,61.5397,0.9998
2025-11-12 13:14:00,7.7314,62.3548,0.9998
2025-11-12 13:14:00,7.7318,58.8795,0.9998
2025-11-12 13:14:00,7.7329,57.4006,0.9998
2025-11-12 13:14:00,7.7334,64.6530,0.9998
2025-11-12 13:14:00,7.7348,61.5833,0.9998
2025-11-12 13:14:00,7.7353,56.4181,0.9998
2025-11-12 13:14:01,7.7354,56.2102,0.9998
2025-11-12 13:14:01,7.7315,18.9927,0.9999
2025-11-12 13:14:01,7.7324,20.7998,0.9999
2025-11-12 13:14:01,7.7306,38.8998,0.9999
2025-11-12 13:14:01,7.7311,40.0152,0.9999
2025-11-12 13:14:01,7.7376,122.0522,0.9996
2025-11-12 13:14:01,7.7360,125.6447,0.9996
2025-11-12 13:14:01,7.7358,127.6156,0.9996
2025-11-12 13:14:01,7.7324,140.7260,0.9996
2025-11-12 13:14:01,7.7338,175.8673,0.9995
2025-11-12 13:14:01,7.7305,194.3078,0.9994
2025-11-12 13:14:02,7.7297,204.7899,0.9994
2025-11-12 13:14:02,7.7318,197.6635,0.9994
2025-11-12 13:14:02,7.7307,169.4961,0.9995
2025-11-12 13:14:02,7.7345,149.8106,0.9995
2025-11-12 13:14:02,7.7354,134.9902,0.9996
2025-11-12 13:14:02,7.7329,150.5561,0.9995
2025-11-12 13:14:02,7.7328,148.5340,0.9995
2025-11-12 13:14:02,7.7334,148.5856,0.9995
2025-11-12 13:14:02,7.7342,138.9095,0.9996
2025-11-12 13:14:02,7.7383,116.3260,0.9996
2025-11-12 13:14:02,7.7383,116.2945,0.9996
2025-11-12 13:14:03,7.7363,124.8015,0.9996
2025-11-12 13:14:03,7.7371,115.2360,0.9996
2025-11-12 13:14:03,7.7346,123.0645,0.9996
2025-11-12 13:14:03,7.7356,145.7273,0.9996
2025-11-12 13:14:03,7.7356,145.7273,0.9996
2025-11-12 13:14:03,7.7365,136.0794,0.9996
2025-11-12 13:14:03,7.7382,127.0828,0.9996
2025-11-12 13:14:03,7.7375,111.4819,0.9997
2025-11-12 13:14:03,7.7384,106.2500,0.9997
2025-11-12 13:14:03,7.7361,136.4565,0.9996
2025-11-12 13:14:04,7.7360,136.5350,0.9996
2025-11-12 13:14:04,7.7359,134.7783,0.9996
2025-11-12 13:14:04,7.7368,132.2971,0.9996
2025-11-12 13:14:04,7.7366,135.0658,0.9996
2025-11-12 13:14:04,7.7358,137.4775,0.9996
2025-11-12 13:14:04,7.7336,94.2509,0.9997
2025-11-12 13:14:04,7.7331,94.5157,0.9997
2025-11-12 13:14:04,7.7348,74.4271,0.9998
2025-11-12 13:14:05,7.7330,83.5291,0.9997
2025-11-12 13:14:05,7.7348,119.2980,0.9996
2025-11-12 13:14:05,7.7326,128.4911,0.9996
2025-11-12 13:14:05,7.7328,126.9256,0.9996
2025-11-12 13:14:05,7.7352,116.5570,0.9996
2025-11-12 13:14:05,7.7346,105.5382,0.9997
2025-11-12 13:14:05,7.7356,99.3664,0.9997
2025-11-12 13:14:05,7.7357,98.1642,0.9997
2025-11-12 13:14:05,7.7355,98.5257,0.9997
2025-11-12 13:14:05,7.7363,115.3167,0.9996
2025-11-12 13:14:05,7.7370,111.3826,0.9997
2025-11-12 13:14:06,7.7350,138.0576,0.9996
2025-11-12 13:14:06,7.7336,143.2817,0.9996
2025-11-12 13:14:06,7.7343,159.8836,0.9995
2025-11-12 13:14:06,7.7351,157.7730,0.9995
2025-11-12 13:14:06,7.7328,197.4203,0.9994
2025-11-12 13:14:06,7.7335,194.7246,0.9994
2025-11-12 13:14:06,7.7322,162.5412,0.9995
2025-11-12 13:14:06,7.7331,163.6054,0.9995
2025-11-12 13:14:06,7.7358,117.3149,0.9996
2025-11-12 13:14:06,7.7371,112.7969,0.9997
2025-11-12 13:14:07,7.7383,136.0812,0.9996
2025-11-12 13:14:07,7.7356,146.6870,0.9996
2025-11-12 13:14:07,7.7354,148.5334,0.9995
2025-11-12 13:14:07,7.7333,155.3360,0.9995
2025-11-12 13:14:07,7.7340,173.8246,0.9995
2025-11-12 13:14:07,7.7325,184.4329,0.9994
2025-11-12 13:14:07,7.7326,183.8255,0.9994
2025-11-12 13:14:07,7.7344,178.3421,0.9995
2025-11-12 13:14:07,7.7346,184.1376,0.9994
2025-11-12 13:14:08,7.7356,175.0172,0.9995
2025-11-12 13:14:08,7.7334,212.3317,0.9993
2025-11-12 13:14:08,7.7329,212.8609,0.9993
2025-11-12 13:14:08,7.7325,202.0350,0.9994
2025-11-12 13:14:08,7.7322,203.8847,0.9994
2025-11-12 13:14:08,7.7355,154.2321,0.9995
2025-11-12 13:14:08,7.7361,152.6721,0.9995
2025-11-12 13:14:08,7.7357,142.0414,0.9996
2025-11-12 13:14:08,7.7393,123.5260,0.9996
2025-11-12 13:14:09,7.7382,140.2147,0.9996
2025-11-12 13:14:09,7.7382,140.2147,0.9996
2025-11-12 13:14:09,7.7381,137.2355,0.9996
2025-11-12 13:14:09,7.7383,137.1102,0.9996
2025-11-12 13:14:09,7.7400,112.1945,0.9997
2025-11-12 13:14:09,7.7405,110.0180,0.9997
2025-11-12 13:14:09,7.7406,112.0301,0.9997
2025-11-12 13:14:09,7.7380,123.3058,0.9996
2025-11-12 13:14:09,7.7375,130.4351,0.9996
2025-11-12 13:14:10,7.7364,133.2056,0.9996
2025-11-12 13:14:10,7.7354,112.1271,0.9997
2025-11-12 13:14:10,7.7354,112.1271,0.9997
2025-11-12 13:14:10,7.7339,132.2478,0.9996
2025-11-12 13:14:10,7.7337,132.8390,0.9996
2025-11-12 13:14:10,7.7351,168.0259,0.9995
2025-11-12 13:14:10,7.7370,162.0303,0.9995
2025-11-12 13:14:10,7.7374,155.6582,0.9995
2025-11-12 13:14:10,7.7367,159.5700,0.9995
2025-11-12 13:14:11,7.7354,129.1234,0.9996
2025-11-12 13:14:11,7.7353,129.1561,0.9996
2025-11-12 13:14:11,7.7352,129.8630,0.9996
2025-11-12 13:14:11,7.7359,126.5645,0.9996
2025-11-12 13:14:11,7.7364,135.8912,0.9996
2025-11-12 13:14:11,7.7356,137.3512,0.9996
2025-11-12 13:14:11,7.7350,147.8191,0.9995
2025-11-12 13:14:11,7.7337,153.4212,0.9995
2025-11-12 13:14:11,7.7335,149.3617,0.9995
2025-11-12 13:14:12,7.7321,153.3104,0.9995
2025-11-12 13:14:12,7.7337,132.2905,0.9996
2025-11-12 13:14:12,7.7354,125.5469,0.9996
2025-11-12 13:14:12,7.7352,122.4457,0.9996
2025-11-12 13:14:12,7.7371,114.2717,0.9997
2025-11-12 13:14:12,7.7363,126.6724,0.9996
2025-11-12 13:14:12,7.7350,132.3379,0.9996
2025-11-12 13:14:12,7.7362,160.6006,0.9995
2025-11-12 13:14:12,7.7369,159.7526,0.9995
2025-11-12 13:14:13,7.7383,140.1244,0.9996
2025-11-12 13:14:13,7.7400,129.5034,0.9996
2025-11-12 13:14:13,7.7390,107.8365,0.9997
2025-11-12 13:14:13,7.7364,118.8285,0.9996
2025-11-12 13:14:13,7.7345,144.8004,0.9996
2025-11-12 13:14:13,7.7328,148.8820,0.9995
2025-11-12 13:14:13,7.7336,168.1376,0.9995
2025-11-12 13:14:13,7.7330,171.3061,0.9995
2025-11-12 13:14:13,7.7331,170.6047,0.9995
2025-11-12 13:14:14,7.7331,170.6047,0.9995
2025-11-12 13:14:14,7.7318,138.4148,0.9996
2025-11-12 13:14:14,7.7311,142.3859,0.9996
2025-11-12 13:14:14,7.7329,122.2962,0.9996
2025-11-12 13:14:14,7.7318,127.4787,0.9996
2025-11-12 13:14:14,7.7328,150.4554,0.9995
2025-11-12 13:14:14,7.7351,137.9896,0.9996
2025-11-12 13:14:14,7.7353,136.1740,0.9996
2025-11-12 13:14:15,7.7378,121.5683,0.9996
2025-11-12 13:14:15,7.7376,117.7427,0.9996
2025-11-12 13:14:15,7.7382,115.1447,0.9997
2025-11-12 13:14:15,7.7340,183.4969,0.9994
2025-11-12 13:14:15,7.7345,183.1999,0.9994
2025-11-12 13:14:15,7.7327,145.3945,0.9996
2025-11-12 13:14:15,7.7313,147.3463,0.9995
2025-11-12 13:14:15,7.7338,107.3674,0.9997
2025-11-12 13:14:16,7.7338,107.3667,0.9997
2025-11-12 13:14:16,7.7353,137.7118,0.9996
2025-11-12 13:14:16,7.7348,140.5908,0.9996
2025-11-12 13:14:16,7.7332,164.8627,0.9995
2025-11-12 13:14:16,7.7327,164.8821,0.9995
2025-11-12 13:14:16,7.7335,185.6085,0.9994
2025-11-12 13:14:16,7.7333,186.7499,0.9994
2025-11-12 13:14:16,7.7350,160.0002,0.9995
2025-11-12 13:14:16,7.7353,159.5208,0.9995
2025-11-12 13:14:16,7.7339,128.2379,0.9996
2025-11-12 13:14:17,7.7350,122.6697,0.9996
2025-11-12 13:14:17,7.7362,106.0306,0.9997
2025-11-12 13:14:17,7.7349,110.7540,0.9997
2025-11-12 13:14:17,7.7346,104.1218,0.9997
2025-11-12 13:14:17,7.7357,100.9804,0.9997
2025-11-12 13:14:17,7.7342,120.8638,0.9996
2025-11-12 13:14:17,7.7343,120.6064,0.9996
2025-11-12 13:14:17,7.7357,152.5731,0.9995
2025-11-12 13:14:17,7.7360,152.1808,0.9995
2025-11-12 13:14:18,7.7361,149.8878,0.9995
2025-11-12 13:14:18,7.7362,149.5684,0.9995
2025-11-12 13:14:18,7.7364,154.0506,0.9995
2025-11-12 13:14:18,7.7352,157.1907,0.9995
2025-11-12 13:14:18,7.7365,139.1355,0.9996
2025-11-12 13:14:18,7.7380,132.8679,0.9996
2025-11-12 13:14:18,7.7387,147.9816,0.9996
2025-11-12 13:14:18,7.7395,143.5352,0.9996
2025-11-12 13:14:18,7.7383,162.0034,0.9995
2025-11-12 13:14:19,7.7364,171.1294,0.9995
2025-11-12 13:14:19,7.7360,160.0932,0.9995
2025-11-12 13:14:19,7.7339,168.4765,0.9995
2025-11-12 13:14:19,7.7362,142.2787,0.9996
2025-11-12 13:14:19,7.7370,137.4073,0.9996
2025-11-12 13:14:19,7.7367,129.7678,0.9996
2025-11-12 13:14:19,7.7356,139.6836,0.9996
2025-11-12 13:14:19,7.7321,182.5707,0.9994
2025-11-12 13:14:19,7.7321,182.5707,0.9994
2025-11-12 13:14:19,7.7325,192.7225,0.9994
2025-11-12 13:14:20,7.7356,177.1082,0.9995
2025-11-12 13:14:20,7.7372,151.3904,0.9995
2025-11-12 13:14:20,7.7383,147.3475,0.9996
2025-11-12 13:14:20,7.7364,107.4755,0.9997
2025-11-12 13:14:20,7.7354,110.7399,0.9997
2025-11-12 13:14:20,7.7354,111.4442,0.9997
2025-11-12 13:14:20,7.7343,113.4073,0.9997
2025-11-12 13:14:20,7.7350,129.8037,0.9996
2025-11-12 13:14:20,7.7354,128.4461,0.9996
2025-11-12 13:14:20,7.7366,112.7297,0.9997
2025-11-12 13:14:21,7.7368,112.1077,0.9997
2025-11-12 13:14:21,7.7361,97.6218,0.9997
2025-11-12 13:14:21,7.7375,94.1374,0.9997
2025-11-12 13:14:21,7.7374,95.7109,0.9997
2025-11-12 13:14:21,7.7313,158.3811,0.9995
2025-11-12 13:14:21,7.7316,167.3663,0.9995
2025-11-12 13:14:21,7.7304,165.5325,0.9995
2025-11-12 13:14:21,7.7313,159.1838,0.9995
2025-11-12 13:14:21,7.7336,127.6866,0.9996
2025-11-12 13:14:21,7.7329,111.7538,0.9997
2025-11-12 13:14:22,7.7335,111.3969,0.9997
2025-11-12 13:14:22,7.7326,118.2892,0.9996
2025-11-12 13:14:22,7.7356,93.4952,0.9997
2025-11-12 13:14:22,7.7358,98.0738,0.9997
2025-11-12 13:14:22,7.7359,97.9277,0.9997
2025-11-12 13:14:22,7.7327,142.7450,0.9996
2025-11-12 13:14:22,7.7340,139.4559,0.9996
2025-11-12 13:14:22,7.7346,152.5740,0.9995
2025-11-12 13:14:22,7.7354,152.7116,0.9995
2025-11-12 13:14:22,7.7371,124.1619,0.9996
2025-11-12 13:14:23,7.7371,124.2083,0.9996
2025-11-12 13:14:23,7.7377,138.1692,0.9996
2025-11-12 13:14:23,7.7373,138.6190,0.9996
2025-11-12 13:14:23,7.7363,155.2094,0.9995
2025-11-12 13:14:23,7.7365,154.5523,0.9995
2025-11-12 13:14:23,7.7362,147.4792,0.9996
2025-11-12 13:14:23,7.7346,151.4205,0.9995
2025-11-12 13:14:23,7.7372,114.2607,0.9997
2025-11-12 13:14:23,7.7301,182.1774,0.9994
2025-11-12 13:14:24,7.7302,184.9525,0.9994
2025-11-12 13:14:24,7.7318,185.6291,0.9994
2025-11-12 13:14:24,7.7298,206.2300,0.9994
2025-11-12 13:14:24,7.7324,170.2069,0.9995
2025-11-12 13:14:24,7.7330,183.4699,0.9994
2025-11-12 13:14:24,7.7306,186.0965,0.9994
2025-11-12 13:14:24,7.7286,213.7413,0.9993
2025-11-12 13:14:24,7.7322,194.7190,0.9994
2025-11-12 13:14:25,7.7317,182.7280,0.9994
2025-11-12 13:14:25,7.7329,179.1213,0.9995
2025-11-12 13:14:25,7.7370,117.6961,0.9996
2025-11-12 13:14:25,7.7387,112.1077,0.9997
2025-11-12 13:14:25,7.7394,127.7099,0.9996
2025-11-12 13:14:25,7.7395,126.8450,0.9996
2025-11-12 13:14:25,7.7375,156.9807,0.9995
2025-11-12 13:14:25,7.7360,160.8455,0.9995
2025-11-12 13:14:25,7.7366,175.3119,0.9995
2025-11-12 13:14:26,7.7372,173.2002,0.9995
2025-11-12 13:14:26,7.7376,167.0331,0.9995
2025-11-12 13:14:26,7.7387,162.6733,0.9995
2025-11-12 13:14:26,7.7380,145.9469,0.9996
2025-11-12 13:14:26,7.7380,145.9469,0.9996
2025-11-12 13:14:26,7.7377,149.8797,0.9995
2025-11-12 13:14:26,7.7358,157.8416,0.9995
2025-11-12 13:14:26,7.7354,147.3020,0.9996
2025-11-12 13:14:26,7.7362,146.8595,0.9996
2025-11-12 13:14:26,7.7372,132.1079,0.9996
2025-11-12 13:14:26,7.7378,128.3679,0.9996
2025-11-12 13:14:27,7.7378,128.3679,0.9996
2025-11-12 13:14:27,7.7368,130.0877,0.9996
2025-11-12 13:14:27,7.7361,140.0791,0.9996
2025-11-12 13:14:27,7.7371,136.4030,0.9996
2025-11-12 13:14:27,7.7364,122.3382,0.9996
2025-11-12 13:14:27,7.7373,120.9132,0.9996
2025-11-12 13:14:27,7.7383,106.3577,0.9997
2025-11-12 13:14:27,7.7389,104.7579,0.9997
2025-11-12 13:14:27,7.7389,105.6726,0.9997
2025-11-12 13:14:27,7.7373,110.8381,0.9997
2025-11-12 13:14:28,7.7376,107.8916,0.9997
2025-11-12 13:14:28,7.7347,120.2113,0.9996
2025-11-12 13:14:28,7.7354,136.1203,0.9996
2025-11-12 13:14:28,7.7366,133.2741,0.9996
2025-11-12 13:14:28,7.7361,139.2713,0.9996
2025-11-12 13:14:28,7.7391,123.8948,0.9996
2025-11-12 13:14:28,7.7380,101.2156,0.9997
2025-11-12 13:14:28,7.7367,105.6265,0.9997
2025-11-12 13:14:28,7.7357,120.3568,0.9996
2025-11-12 13:14:28,7.7302,148.5634,0.9995
2025-11-12 13:14:28,7.7309,165.3375,0.9995
2025-11-12 13:14:29,7.7319,165.3244,0.9995
2025-11-12 13:14:29,7.7327,155.6408,0.9995
2025-11-12 13:14:29,7.7366,123.1434,0.9996
2025-11-12 13:14:29,7.7367,123.7745,0.9996
2025-11-12 13:14:29,7.7350,129.8723,0.9996
2025-11-12 13:14:29,7.7339,145.4283,0.9996
2025-11-12 13:14:29,7.7341,144.9336,0.9996
2025-11-12 13:14:29,7.7335,130.9541,0.9996
2025-11-12 13:14:29,7.7341,128.7458,0.9996
2025-11-12 13:14:29,7.7347,119.5089,0.9996
2025-11-12 13:14:29,7.7348,119.1995,0.9996
2025-11-12 13:14:30,7.7344,109.9587,0.9997
2025-11-12 13:14:30,7.7331,115.8078,0.9996
2025-11-12 13:14:30,7.7342,102.7882,0.9997
2025-11-12 13:14:30,7.7339,103.6406,0.9997
2025-11-12 13:14:30,7.7345,117.7231,0.9996
2025-11-12 13:14:30,7.7371,106.7489,0.9997
2025-11-12 13:14:30,7.7357,125.7090,0.9996
2025-11-12 13:14:30,7.7349,129.7299,0.9996
2025-11-12 13:14:30,7.7331,94.1517,0.9997
2025-11-12 13:14:31,7.7332,94.3467,0.9997
2025-11-12 13:14:31,7.7333,93.1086,0.9997
2025-11-12 13:14:31,7.7322,99.6713,0.9997
2025-11-12 13:14:31,7.7323,101.6787,0.9997
2025-11-12 13:14:31,7.7315,100.7907,0.9997
2025-11-12 13:14:31,7.7332,82.3512,0.9997
2025-11-12 13:14:31,7.7353,71.2056,0.9998
2025-11-12 13:14:31,7.7378,118.0437,0.9996
2025-11-12 13:14:32,7.7364,125.2558,0.9996
2025-11-12 13:14:32,7.7355,135.2540,0.9996
2025-11-12 13:14:32,7.7328,152.5810,0.9995
2025-11-12 13:14:32,7.7321,135.8790,0.9996
2025-11-12 13:14:32,7.7332,132.8257,0.9996
2025-11-12 13:14:32,7.7338,127.1260,0.9996
2025-11-12 13:14:32,7.7366,107.9069,0.9997
2025-11-12 13:14:32,7.7362,101.4844,0.9997
2025-11-12 13:14:32,7.7335,117.6257,0.9996
2025-11-12 13:14:33,7.7331,121.4224,0.9996
2025-11-12 13:14:33,7.7331,121.4224,0.9996
2025-11-12 13:14:33,7.7321,99.7747,0.9997
2025-11-12 13:14:33,7.7337,90.0949,0.9997
2025-11-12 13:14:33,7.7325,103.5630,0.9997
2025-11-12 13:14:33,7.7325,103.5630,0.9997
2025-11-12 13:14:33,7.7337,128.2099,0.9996
2025-11-12 13:14:33,7.7349,124.1975,0.9996
2025-11-12 13:14:33,7.7362,107.0676,0.9997
2025-11-12 13:14:34,7.7320,140.9361,0.9996
2025-11-12 13:14:34,7.7325,152.3018,0.9995
2025-11-12 13:14:34,7.7315,154.0016,0.9995
2025-11-12 13:14:34,7.7314,154.8589,0.9995
2025-11-12 13:14:34,7.7328,140.5479,0.9996
2025-11-12 13:14:34,7.7317,114.3224,0.9996
2025-11-12 13:14:34,7.7303,120.0088,0.9996
2025-11-12 13:14:34,7.7285,137.5587,0.9996
2025-11-12 13:14:34,7.7310,127.5607,0.9996
2025-11-12 13:14:35,7.7316,139.7003,0.9996
2025-11-12 13:14:35,7.7353,129.5705,0.9996
2025-11-12 13:14:35,7.7370,105.1790,0.9997
2025-11-12 13:14:35,7.7381,100.5786,0.9997
2025-11-12 13:14:35,7.7367,77.5253,0.9998
2025-11-12 13:14:35,7.7362,77.7782,0.9998
2025-11-12 13:14:35,7.7353,89.6614,0.9997
2025-11-12 13:14:35,7.7351,90.0614,0.9997
2025-11-12 13:14:36,7.7357,101.6799,0.9997
2025-11-12 13:14:36,7.7343,104.6073,0.9997
2025-11-12 13:14:36,7.7319,142.5893,0.9996
2025-11-12 13:14:36,7.7315,142.6877,0.9996
2025-11-12 13:14:36,7.7298,109.4339,0.9997
2025-11-12 13:14:36,7.7293,109.8663,0.9997
2025-11-12 13:14:36,7.7333,60.2784,0.9998
2025-11-12 13:14:36,7.7331,60.6359,0.9998
2025-11-12 13:14:36,7.7347,88.1454,0.9997
2025-11-12 13:14:36,7.7367,82.3204,0.9997
2025-11-12 13:14:36,7.7352,101.4449,0.9997
2025-11-12 13:14:36,7.7363,98.8650,0.9997
2025-11-12 13:14:37,7.7360,93.8390,0.9997
2025-11-12 13:14:37,7.7345,96.7846,0.9997
2025-11-12 13:14:37,7.7344,97.8532,0.9997
2025-11-12 13:14:37,7.7333,99.1449,0.9997
2025-11-12 13:14:37,7.7328,89.6695,0.9997
2025-11-12 13:14:37,7.7322,91.5549,0.9997
2025-11-12 13:14:37,7.7332,79.6136,0.9998
2025-11-12 13:14:37,7.7317,85.1330,0.9997
2025-11-12 13:14:37,7.7303,61.1971,0.9998
2025-11-12 13:14:37,7.7314,59.8204,0.9998
2025-11-12 13:14:38,7.7299,75.4763,0.9998
2025-11-12 13:14:38,7.7306,73.1055,0.9998
2025-11-12 13:14:38,7.7311,80.0755,0.9998
2025-11-12 13:14:38,7.7306,80.3246,0.9998
2025-11-12 13:14:38,7.7286,108.2384,0.9997
2025-11-12 13:14:38,7.7290,107.9112,0.9997
2025-11-12 13:14:38,7.7305,135.6465,0.9996
2025-11-12 13:14:38,7.7296,137.3132,0.9996
2025-11-12 13:14:38,7.7317,106.0312,0.9997
2025-11-12 13:14:39,7.7323,105.0976,0.9997
2025-11-12 13:14:39,7.7272,33.5606,0.9999
2025-11-12 13:14:39,7.7254,38.3506,0.9999
2025-11-12 13:14:39,7.7254,38.0109,0.9999
2025-11-12 13:14:39,7.7248,36.1252,0.9999
2025-11-12 13:14:39,7.7252,39.8387,0.9999
2025-11-12 13:14:39,7.7253,39.3473,0.9999
2025-11-12 13:14:39,7.7247,44.9973,0.9999
2025-11-12 13:14:39,7.7245,44.5449,0.9999
2025-11-12 13:14:39,7.7261,66.1207,0.9998
2025-11-12 13:14:39,7.7288,60.6933,0.9998
2025-11-12 13:14:40,7.7305,42.5951,0.9999
2025-11-12 13:14:40,7.7313,41.7537,0.9999
2025-11-12 13:14:40,7.7275,13.6472,1.0000
2025-11-12 13:14:40,7.7261,13.3386,1.0000
2025-11-12 13:14:40,7.7264,11.5429,1.0000
2025-11-12 13:14:40,7.7256,9.9514,1.0000
2025-11-12 13:14:40,7.7184,24.9067,0.9999
2025-11-12 13:14:40,7.7196,30.8473,0.9999
2025-11-12 13:14:40,7.7192,31.3893,0.9999
2025-11-12 13:14:41,7.7188,29.4391,0.9999
2025-11-12 13:14:41,7.7224,8.6035,1.0000
2025-11-12 13:14:41,7.7235,14.5017,1.0000
2025-11-12 13:14:41,7.7224,20.7265,0.9999
2025-11-12 13:14:41,7.7227,21.3938,0.9999
2025-11-12 13:14:41,7.7192,41.6088,0.9999
2025-11-12 13:14:41,7.7192,41.6088,0.9999
2025-11-12 13:14:41,7.7210,36.2048,0.9999
2025-11-12 13:14:42,7.7222,42.0698,0.9999
2025-11-12 13:14:42,7.7339,44.1910,0.9999
2025-11-12 13:14:42,7.7334,44.6949,0.9999
2025-11-12 13:14:42,7.7316,63.5401,0.9998
2025-11-12 13:14:42,7.7307,64.3148,0.9998
2025-11-12 13:14:42,7.7289,42.0897,0.9999
2025-11-12 13:14:42,7.7295,43.2890,0.9999
2025-11-12 13:14:42,7.7277,65.6083,0.9998
2025-11-12 13:14:42,7.7272,65.7314,0.9998
2025-11-12 13:14:42,7.7288,86.1454,0.9997
2025-11-12 13:14:42,7.7291,87.1073,0.9997
2025-11-12 13:14:43,7.7311,59.9832,0.9998
2025-11-12 13:14:43,7.7313,59.6160,0.9998
2025-11-12 13:14:43,7.7315,63.2084,0.9998
2025-11-12 13:14:43,7.7312,62.6048,0.9998
2025-11-12 13:14:43,7.7323,50.4327,0.9998
2025-11-12 13:14:43,7.7326,49.5798,0.9998
2025-11-12 13:14:43,7.7330,55.6388,0.9998
2025-11-12 13:14:43,7.7313,58.3102,0.9998
2025-11-12 13:14:43,7.7299,72.6009,0.9998
2025-11-12 13:14:43,7.7307,71.9881,0.9998
2025-11-12 13:14:43,7.7310,76.8114,0.9998
2025-11-12 13:14:44,7.7332,74.9150,0.9998
2025-11-12 13:14:44,7.7326,82.8659,0.9997
2025-11-12 13:14:44,7.7302,91.4305,0.9997
2025-11-12 13:14:44,7.7303,92.9706,0.9997
2025-11-12 13:14:44,7.7279,91.1422,0.9997
2025-11-12 13:14:44,7.7292,78.2267,0.9998
2025-11-12 13:14:44,7.7300,74.7535,0.9998
2025-11-12 13:14:44,7.7265,29.0952,0.9999
2025-11-12 13:14:44,7.7273,29.1941,0.9999
2025-11-12 13:14:44,7.7265,36.0184,0.9999
2025-11-12 13:14:45,7.7280,36.0531,0.9999
2025-11-12 13:14:45,7.7288,44.3972,0.9999
2025-11-12 13:14:45,7.7276,46.0304,0.9999
2025-11-12 13:14:45,7.7277,45.4364,0.9999
2025-11-12 13:14:45,7.7263,44.9992,0.9999
2025-11-12 13:14:45,7.7264,46.5052,0.9999
2025-11-12 13:14:45,7.7281,46.2346,0.9999
2025-11-12 13:14:45,7.7297,31.8671,0.9999
2025-11-12 13:14:45,7.7310,29.3367,0.9999
2025-11-12 13:14:45,7.7312,31.3988,0.9999
2025-11-12 13:14:45,7.7316,31.3024,0.9999
2025-11-12 13:14:45,7.7314,32.5085,0.9999
