Timestamp,Group_Reward,QoE_Variance,Jain_Index
2025-11-07 16:40:51,7.7164,42.5108,0.9999
2025-11-07 16:40:51,7.7191,49.1128,0.9998
2025-11-07 16:40:51,7.7127,137.4585,0.9996
2025-11-07 16:40:51,7.7173,143.2214,0.9995
2025-11-07 16:40:52,7.7174,144.8794,0.9995
2025-11-07 16:40:52,7.7184,151.3489,0.9995
2025-11-07 16:40:52,7.7299,4.7328,1.0000
2025-11-07 16:40:52,7.7272,18.0155,0.9999
2025-11-07 16:40:52,7.7264,13.9634,1.0000
2025-11-07 16:40:52,7.7302,39.4303,0.9999
2025-11-07 16:40:52,7.7303,39.2996,0.9999
2025-11-07 16:40:52,7.7322,24.5996,0.9999
2025-11-07 16:40:52,7.7306,26.9679,0.9999
2025-11-07 16:40:52,7.7318,41.5307,0.9999
2025-11-07 16:40:52,7.7319,41.2659,0.9999
2025-11-07 16:40:52,7.7308,48.7764,0.9998
2025-11-07 16:40:53,7.7362,60.0961,0.9998
2025-11-07 16:40:53,7.7364,62.7752,0.9998
2025-11-07 16:40:53,7.7359,66.3575,0.9998
2025-11-07 16:40:53,7.7341,88.3976,0.9997
2025-11-07 16:40:53,7.7303,69.3913,0.9998
2025-11-07 16:40:53,7.7299,63.5330,0.9998
2025-11-07 16:40:53,7.7300,63.0615,0.9998
2025-11-07 16:40:53,7.7309,53.3070,0.9998
2025-11-07 16:40:53,7.7170,223.1441,0.9993
2025-11-07 16:40:53,7.7204,309.6917,0.9990
2025-11-07 16:40:53,7.7203,309.3366,0.9990
2025-11-07 16:40:53,7.7192,313.9346,0.9990
2025-11-07 16:40:54,7.7234,220.1232,0.9993
2025-11-07 16:40:54,7.7250,264.3235,0.9992
2025-11-07 16:40:54,7.7184,304.7939,0.9990
2025-11-07 16:40:54,7.7203,298.9407,0.9991
2025-11-07 16:40:54,7.7230,260.8527,0.9992
2025-11-07 16:40:54,7.7222,236.8384,0.9993
2025-11-07 16:40:54,7.7255,198.8904,0.9994
2025-11-07 16:40:54,7.7264,195.7852,0.9994
2025-11-07 16:40:54,7.7279,176.1505,0.9995
2025-11-07 16:40:54,7.7287,199.0676,0.9994
2025-11-07 16:40:55,7.7290,196.6128,0.9994
2025-11-07 16:40:55,7.7280,201.9477,0.9994
2025-11-07 16:40:55,7.7253,238.9164,0.9993
2025-11-07 16:40:55,7.7236,189.6948,0.9994
2025-11-07 16:40:55,7.7249,182.5356,0.9994
2025-11-07 16:40:55,7.7249,182.4071,0.9994
2025-11-07 16:40:55,7.7262,163.2132,0.9995
2025-11-07 16:40:55,7.7258,152.8309,0.9995
2025-11-07 16:40:55,7.7260,151.9369,0.9995
2025-11-07 16:40:55,7.7262,151.0264,0.9995
2025-11-07 16:40:55,7.7311,105.6379,0.9997
2025-11-07 16:40:56,7.7289,64.2609,0.9998
2025-11-07 16:40:56,7.7309,55.4739,0.9998
2025-11-07 16:40:56,7.7313,53.1005,0.9998
2025-11-07 16:40:56,7.7356,50.6650,0.9998
2025-11-07 16:40:56,7.7355,49.5651,0.9998
2025-11-07 16:40:56,7.7332,66.4102,0.9998
2025-11-07 16:40:56,7.7290,116.6715,0.9996
2025-11-07 16:40:56,7.7292,118.0582,0.9996
2025-11-07 16:40:56,7.7296,124.7392,0.9996
2025-11-07 16:40:56,7.7325,111.6832,0.9997
2025-11-07 16:40:56,7.7338,89.6376,0.9997
2025-11-07 16:40:56,7.7334,87.5464,0.9997
2025-11-07 16:40:57,7.7362,135.0114,0.9996
2025-11-07 16:40:57,7.7369,132.4519,0.9996
2025-11-07 16:40:57,7.7391,98.0922,0.9997
2025-11-07 16:40:57,7.7374,99.9734,0.9997
2025-11-07 16:40:57,7.7355,67.8585,0.9998
2025-11-07 16:40:57,7.7309,96.3630,0.9997
2025-11-07 16:40:57,7.7289,116.3133,0.9996
2025-11-07 16:40:57,7.7299,119.7876,0.9996
2025-11-07 16:40:57,7.7321,166.0278,0.9995
2025-11-07 16:40:57,7.7305,186.2815,0.9994
2025-11-07 16:40:57,7.7322,166.8252,0.9995
2025-11-07 16:40:57,7.7180,311.2677,0.9990
2025-11-07 16:40:57,7.7174,290.3019,0.9991
2025-11-07 16:40:58,7.7211,280.6609,0.9991
2025-11-07 16:40:58,7.7211,280.7481,0.9991
2025-11-07 16:40:58,7.7297,133.1461,0.9996
2025-11-07 16:40:58,7.7300,139.2024,0.9996
2025-11-07 16:40:58,7.7318,134.1571,0.9996
2025-11-07 16:40:58,7.7325,127.7882,0.9996
2025-11-07 16:40:58,7.7338,114.3649,0.9996
2025-11-07 16:40:58,7.7339,116.7821,0.9996
2025-11-07 16:40:59,7.7315,127.9721,0.9996
2025-11-07 16:40:59,7.7288,156.2226,0.9995
2025-11-07 16:40:59,7.7174,337.5121,0.9989
2025-11-07 16:40:59,7.7176,345.1321,0.9989
2025-11-07 16:40:59,7.7195,351.5299,0.9989
2025-11-07 16:40:59,7.7220,339.4199,0.9989
2025-11-07 16:40:59,7.7288,184.4504,0.9994
2025-11-07 16:40:59,7.7211,50.5793,0.9998
2025-11-07 16:40:59,7.7148,59.7811,0.9998
2025-11-07 16:40:59,7.7153,61.1479,0.9998
2025-11-07 16:41:00,7.7162,53.8235,0.9998
2025-11-07 16:41:00,7.7199,113.8062,0.9996
2025-11-07 16:41:00,7.7209,104.7254,0.9997
2025-11-07 16:41:00,7.7198,106.0466,0.9997
2025-11-07 16:41:00,7.7190,113.2721,0.9996
2025-11-07 16:41:00,7.7181,95.0243,0.9997
2025-11-07 16:41:00,7.7166,108.0488,0.9997
2025-11-07 16:41:00,7.7165,108.0734,0.9997
2025-11-07 16:41:00,7.7165,108.1793,0.9997
2025-11-07 16:41:00,7.7181,143.3297,0.9995
2025-11-07 16:41:01,7.7244,111.0477,0.9997
2025-11-07 16:41:01,7.7248,109.0554,0.9997
2025-11-07 16:41:01,7.7242,117.7219,0.9996
2025-11-07 16:41:01,7.7199,53.9929,0.9998
2025-11-07 16:41:01,7.7110,94.7261,0.9997
2025-11-07 16:41:01,7.7098,91.1137,0.9997
2025-11-07 16:41:01,7.7139,82.1434,0.9997
2025-11-07 16:41:01,7.7170,135.3355,0.9996
2025-11-07 16:41:01,7.7232,68.5914,0.9998
2025-11-07 16:41:01,7.7245,61.3014,0.9998
2025-11-07 16:41:01,7.7224,76.2726,0.9998
2025-11-07 16:41:01,7.7205,48.1218,0.9998
2025-11-07 16:41:02,7.7136,115.8902,0.9996
2025-11-07 16:41:02,7.7133,115.2598,0.9996
2025-11-07 16:41:02,7.7139,113.6626,0.9996
2025-11-07 16:41:02,7.7170,176.8236,0.9994
2025-11-07 16:41:02,7.7276,85.9999,0.9997
2025-11-07 16:41:02,7.7254,104.7954,0.9997
2025-11-07 16:41:02,7.7136,337.0785,0.9989
2025-11-07 16:41:02,7.7097,250.8602,0.9992
2025-11-07 16:41:02,7.7101,256.7131,0.9992
2025-11-07 16:41:02,7.7122,257.9809,0.9992
2025-11-07 16:41:02,7.7217,60.2353,0.9998
2025-11-07 16:41:03,7.7252,106.9392,0.9997
2025-11-07 16:41:03,7.7259,110.2274,0.9997
2025-11-07 16:41:03,7.7260,109.3269,0.9997
2025-11-07 16:41:03,7.7259,111.1247,0.9997
2025-11-07 16:41:03,7.7233,75.0742,0.9998
2025-11-07 16:41:03,7.7217,66.0985,0.9998
2025-11-07 16:41:03,7.7202,72.4887,0.9998
2025-11-07 16:41:03,7.7250,36.8608,0.9999
2025-11-07 16:41:03,7.7276,70.4623,0.9998
2025-11-07 16:41:03,7.7283,70.8562,0.9998
2025-11-07 16:41:03,7.7300,55.3070,0.9998
2025-11-07 16:41:03,7.7288,63.7121,0.9998
2025-11-07 16:41:04,7.7256,26.9171,0.9999
2025-11-07 16:41:04,7.7219,28.7144,0.9999
2025-11-07 16:41:04,7.7196,39.9757,0.9999
2025-11-07 16:41:04,7.7181,45.5551,0.9999
2025-11-07 16:41:04,7.7203,80.0740,0.9997
2025-11-07 16:41:04,7.7207,79.1607,0.9998
2025-11-07 16:41:04,7.7233,65.2923,0.9998
2025-11-07 16:41:04,7.7282,46.1992,0.9999
2025-11-07 16:41:04,7.7233,8.9275,1.0000
2025-11-07 16:41:04,7.7160,86.4608,0.9997
2025-11-07 16:41:04,7.7165,87.5475,0.9997
2025-11-07 16:41:05,7.7167,89.1178,0.9997
2025-11-07 16:41:05,7.7199,121.9618,0.9996
2025-11-07 16:41:05,7.7285,19.9861,0.9999
2025-11-07 16:41:05,7.7281,21.8452,0.9999
2025-11-07 16:41:05,7.7281,21.9083,0.9999
2025-11-07 16:41:05,7.7293,32.4766,0.9999
2025-11-07 16:41:05,7.7293,32.4766,0.9999
2025-11-07 16:41:05,7.7288,35.7575,0.9999
2025-11-07 16:41:05,7.7287,35.7155,0.9999
2025-11-07 16:41:05,7.7261,14.2629,1.0000
2025-11-07 16:41:05,7.7290,14.9352,1.0000
2025-11-07 16:41:05,7.7280,23.3551,0.9999
2025-11-07 16:41:06,7.7249,28.4101,0.9999
2025-11-07 16:41:06,7.7142,69.4847,0.9998
2025-11-07 16:41:06,7.7115,42.9866,0.9999
2025-11-07 16:41:06,7.7124,44.7213,0.9999
2025-11-07 16:41:06,7.7134,48.8764,0.9998
2025-11-07 16:41:06,7.7206,1.5792,1.0000
2025-11-07 16:41:06,7.7244,21.7419,0.9999
2025-11-07 16:41:07,7.7251,19.0442,0.9999
2025-11-07 16:41:07,7.7254,18.4982,0.9999
2025-11-07 16:41:07,7.7265,16.3935,0.9999
2025-11-07 16:41:07,7.7233,1.7896,1.0000
2025-11-07 16:41:07,7.7209,12.6886,1.0000
2025-11-07 16:41:07,7.7231,20.0609,0.9999
2025-11-07 16:41:07,7.7229,19.7977,0.9999
2025-11-07 16:41:07,7.7240,22.7450,0.9999
2025-11-07 16:41:07,7.7248,15.6799,1.0000
2025-11-07 16:41:07,7.7223,10.8910,1.0000
2025-11-07 16:41:08,7.7190,16.8474,0.9999
2025-11-07 16:41:08,7.7189,16.5255,0.9999
2025-11-07 16:41:08,7.7175,23.2370,0.9999
2025-11-07 16:41:08,7.7187,27.5904,0.9999
2025-11-07 16:41:08,7.7246,32.5628,0.9999
2025-11-07 16:41:08,7.7263,40.9414,0.9999
2025-11-07 16:41:08,7.7292,15.3299,1.0000
2025-11-07 16:41:08,7.7270,24.2400,0.9999
2025-11-07 16:41:08,7.7230,19.7051,0.9999
2025-11-07 16:41:08,7.7200,2.2579,1.0000
2025-11-07 16:41:08,7.7175,9.1228,1.0000
2025-11-07 16:41:08,7.7189,11.0523,1.0000
2025-11-07 16:41:09,7.7250,45.4244,0.9999
2025-11-07 16:41:09,7.7274,50.4559,0.9998
2025-11-07 16:41:09,7.7299,28.0033,0.9999
2025-11-07 16:41:09,7.7299,27.8597,0.9999
2025-11-07 16:41:09,7.7148,117.7218,0.9996
2025-11-07 16:41:09,7.7128,96.5903,0.9997
2025-11-07 16:41:09,7.7129,96.8136,0.9997
2025-11-07 16:41:09,7.7143,107.7138,0.9997
2025-11-07 16:41:09,7.7179,49.0348,0.9998
2025-11-07 16:41:09,7.7197,61.2082,0.9998
2025-11-07 16:41:09,7.7187,62.2288,0.9998
2025-11-07 16:41:10,7.7159,51.7122,0.9998
2025-11-07 16:41:10,7.7263,31.8282,0.9999
2025-11-07 16:41:10,7.7235,27.0076,0.9999
2025-11-07 16:41:10,7.7219,37.5652,0.9999
2025-11-07 16:41:10,7.7233,35.5029,0.9999
2025-11-07 16:41:10,7.7258,67.1875,0.9998
2025-11-07 16:41:10,7.7276,65.7453,0.9998
2025-11-07 16:41:10,7.7296,45.7878,0.9999
2025-11-07 16:41:10,7.7300,44.3096,0.9999
2025-11-07 16:41:10,7.7284,26.7624,0.9999
2025-11-07 16:41:10,7.7284,26.7566,0.9999
2025-11-07 16:41:10,7.7277,32.0663,0.9999
2025-11-07 16:41:11,7.7273,32.9517,0.9999
2025-11-07 16:41:11,7.7267,27.1357,0.9999
2025-11-07 16:41:11,7.7274,28.6211,0.9999
2025-11-07 16:41:11,7.7272,29.8341,0.9999
2025-11-07 16:41:11,7.7286,28.0870,0.9999
2025-11-07 16:41:11,7.7269,18.4748,0.9999
2025-11-07 16:41:11,7.7250,16.1421,0.9999
2025-11-07 16:41:11,7.7257,11.3787,1.0000
2025-11-07 16:41:11,7.7250,10.5223,1.0000
2025-11-07 16:41:11,7.7288,44.8057,0.9999
2025-11-07 16:41:11,7.7305,42.2437,0.9999
2025-11-07 16:41:11,7.7294,52.3455,0.9998
2025-11-07 16:41:12,7.7292,52.8177,0.9998
2025-11-07 16:41:12,7.7291,51.1318,0.9998
2025-11-07 16:41:12,7.7264,55.3052,0.9998
2025-11-07 16:41:12,7.7252,67.4685,0.9998
2025-11-07 16:41:12,7.7263,68.4608,0.9998
2025-11-07 16:41:12,7.7268,75.5641,0.9998
2025-11-07 16:41:12,7.7283,71.1517,0.9998
2025-11-07 16:41:12,7.7306,46.0971,0.9999
2025-11-07 16:41:12,7.7309,45.9621,0.9999
2025-11-07 16:41:12,7.7299,34.5713,0.9999
2025-11-07 16:41:12,7.7284,40.1014,0.9999
2025-11-07 16:41:12,7.7295,33.2570,0.9999
2025-11-07 16:41:13,7.7302,34.0518,0.9999
2025-11-07 16:41:13,7.7301,32.3284,0.9999
2025-11-07 16:41:13,7.7316,24.8774,0.9999
2025-11-07 16:41:13,7.7310,28.9747,0.9999
2025-11-07 16:41:13,7.7308,28.7588,0.9999
2025-11-07 16:41:13,7.7318,38.6749,0.9999
2025-11-07 16:41:13,7.7329,36.1813,0.9999
2025-11-07 16:41:13,7.7306,60.7783,0.9998
2025-11-07 16:41:13,7.7297,60.5736,0.9998
2025-11-07 16:41:13,7.7274,36.7659,0.9999
2025-11-07 16:41:14,7.7272,36.3204,0.9999
2025-11-07 16:41:14,7.7294,17.3702,0.9999
2025-11-07 16:41:14,7.7279,20.0984,0.9999
2025-11-07 16:41:14,7.7304,46.4968,0.9999
2025-11-07 16:41:14,7.7275,55.7637,0.9998
2025-11-07 16:41:14,7.7264,62.9112,0.9998
2025-11-07 16:41:15,7.7282,61.8196,0.9998
2025-11-07 16:41:15,7.7293,79.4680,0.9998
2025-11-07 16:41:15,7.7321,66.8521,0.9998
2025-11-07 16:41:15,7.7318,71.1024,0.9998
2025-11-07 16:41:15,7.7328,70.9415,0.9998
2025-11-07 16:41:15,7.7313,51.5269,0.9998
2025-11-07 16:41:15,7.7316,51.2407,0.9998
2025-11-07 16:41:15,7.7277,111.8751,0.9997
2025-11-07 16:41:15,7.7270,109.4612,0.9997
2025-11-07 16:41:15,7.7285,133.8464,0.9996
2025-11-07 16:41:15,7.7270,134.1699,0.9996
2025-11-07 16:41:15,7.7324,60.8312,0.9998
2025-11-07 16:41:16,7.7324,60.7990,0.9998
2025-11-07 16:41:16,7.7313,44.8761,0.9999
2025-11-07 16:41:16,7.7338,40.0232,0.9999
2025-11-07 16:41:16,7.7344,34.8812,0.9999
2025-11-07 16:41:16,7.7347,34.4242,0.9999
2025-11-07 16:41:16,7.7347,34.6749,0.9999
2025-11-07 16:41:16,7.7352,34.8500,0.9999
2025-11-07 16:41:16,7.7345,41.0660,0.9999
2025-11-07 16:41:16,7.7319,50.4828,0.9998
2025-11-07 16:41:16,7.7327,61.1421,0.9998
2025-11-07 16:41:17,7.7303,60.9686,0.9998
2025-11-07 16:41:17,7.7298,64.4837,0.9998
2025-11-07 16:41:17,7.7304,61.9957,0.9998
2025-11-07 16:41:17,7.7286,37.8477,0.9999
2025-11-07 16:41:17,7.7305,39.0833,0.9999
2025-11-07 16:41:17,7.7308,36.6845,0.9999
2025-11-07 16:41:17,7.7309,36.3990,0.9999
2025-11-07 16:41:17,7.7352,99.1456,0.9997
2025-11-07 16:41:17,7.7305,123.2391,0.9996
2025-11-07 16:41:17,7.7311,118.7295,0.9996
2025-11-07 16:41:17,7.7280,139.8767,0.9996
2025-11-07 16:41:18,7.7288,160.1101,0.9995
2025-11-07 16:41:18,7.7336,140.9675,0.9996
2025-11-07 16:41:18,7.7333,143.7182,0.9996
2025-11-07 16:41:18,7.7347,126.8635,0.9996
2025-11-07 16:41:18,7.7337,105.9738,0.9997
2025-11-07 16:41:18,7.7326,106.5375,0.9997
2025-11-07 16:41:18,7.7331,102.2705,0.9997
2025-11-07 16:41:18,7.7337,97.2271,0.9997
2025-11-07 16:41:18,7.7347,119.0145,0.9996
2025-11-07 16:41:18,7.7367,116.9345,0.9996
2025-11-07 16:41:18,7.7345,143.3934,0.9996
2025-11-07 16:41:19,7.7340,148.5692,0.9995
2025-11-07 16:41:19,7.7339,146.3449,0.9996
2025-11-07 16:41:19,7.7312,145.9895,0.9996
2025-11-07 16:41:19,7.7319,138.2912,0.9996
2025-11-07 16:41:19,7.7331,129.4938,0.9996
2025-11-07 16:41:19,7.7319,105.1342,0.9997
2025-11-07 16:41:19,7.7338,103.1740,0.9997
2025-11-07 16:41:19,7.7347,93.8980,0.9997
2025-11-07 16:41:19,7.7357,87.1008,0.9997
2025-11-07 16:41:19,7.7343,64.0053,0.9998
2025-11-07 16:41:19,7.7330,64.7960,0.9998
2025-11-07 16:41:19,7.7338,58.0445,0.9998
2025-11-07 16:41:20,7.7330,62.3613,0.9998
2025-11-07 16:41:20,7.7325,55.6665,0.9998
2025-11-07 16:41:20,7.7322,56.3320,0.9998
2025-11-07 16:41:20,7.7315,61.5932,0.9998
2025-11-07 16:41:20,7.7330,56.4444,0.9998
2025-11-07 16:41:20,7.7336,66.0941,0.9998
2025-11-07 16:41:20,7.7329,68.7166,0.9998
2025-11-07 16:41:20,7.7336,63.0921,0.9998
2025-11-07 16:41:20,7.7336,63.0921,0.9998
2025-11-07 16:41:20,7.7344,76.1829,0.9998
2025-11-07 16:41:21,7.7350,73.0165,0.9998
2025-11-07 16:41:21,7.7343,80.3699,0.9998
2025-11-07 16:41:21,7.7329,85.8007,0.9997
2025-11-07 16:41:21,7.7321,70.4864,0.9998
2025-11-07 16:41:21,7.7318,71.1743,0.9998
2025-11-07 16:41:21,7.7305,84.0533,0.9997
2025-11-07 16:41:21,7.7301,85.4436,0.9997
2025-11-07 16:41:21,7.7322,125.8750,0.9996
2025-11-07 16:41:21,7.7341,123.5665,0.9996
2025-11-07 16:41:21,7.7355,106.5665,0.9997
2025-11-07 16:41:21,7.7355,106.1256,0.9997
2025-11-07 16:41:21,7.7334,69.1763,0.9998
2025-11-07 16:41:22,7.7315,70.5760,0.9998
2025-11-07 16:41:22,7.7322,65.3773,0.9998
2025-11-07 16:41:22,7.7320,66.4957,0.9998
2025-11-07 16:41:22,7.7334,91.6135,0.9997
2025-11-07 16:41:22,7.7356,87.8715,0.9997
2025-11-07 16:41:22,7.7348,96.4029,0.9997
2025-11-07 16:41:22,7.7367,84.8504,0.9997
2025-11-07 16:41:22,7.7366,82.5138,0.9997
2025-11-07 16:41:23,7.7346,86.8748,0.9997
2025-11-07 16:41:23,7.7328,108.9637,0.9997
2025-11-07 16:41:23,7.7337,108.4037,0.9997
2025-11-07 16:41:23,7.7346,125.5984,0.9996
2025-11-07 16:41:23,7.7336,130.3016,0.9996
2025-11-07 16:41:23,7.7334,134.0747,0.9996
2025-11-07 16:41:23,7.7282,157.5073,0.9995
2025-11-07 16:41:23,7.7278,148.6710,0.9995
2025-11-07 16:41:23,7.7283,147.9062,0.9995
2025-11-07 16:41:23,7.7294,135.4740,0.9996
2025-11-07 16:41:23,7.7309,122.1863,0.9996
2025-11-07 16:41:23,7.7312,128.2750,0.9996
2025-11-07 16:41:24,7.7309,129.2376,0.9996
2025-11-07 16:41:24,7.7319,120.2645,0.9996
2025-11-07 16:41:24,7.7338,108.5888,0.9997
2025-11-07 16:41:24,7.7303,49.4396,0.9998
2025-11-07 16:41:24,7.7289,56.2797,0.9998
2025-11-07 16:41:24,7.7283,60.4125,0.9998
2025-11-07 16:41:24,7.7286,60.2900,0.9998
2025-11-07 16:41:24,7.7299,82.7379,0.9997
2025-11-07 16:41:24,7.7318,73.4713,0.9998
2025-11-07 16:41:24,7.7320,71.1206,0.9998
2025-11-07 16:41:24,7.7294,84.5979,0.9997
2025-11-07 16:41:24,7.7263,39.4377,0.9999
2025-11-07 16:41:25,7.7219,56.7097,0.9998
2025-11-07 16:41:25,7.7168,98.1349,0.9997
2025-11-07 16:41:25,7.7177,99.4215,0.9997
2025-11-07 16:41:25,7.7204,153.3308,0.9995
2025-11-07 16:41:25,7.7268,145.9390,0.9995
2025-11-07 16:41:25,7.7320,71.9028,0.9998
2025-11-07 16:41:25,7.7331,65.6228,0.9998
2025-11-07 16:41:25,7.7187,59.6429,0.9998
2025-11-07 16:41:25,7.7141,32.7587,0.9999
2025-11-07 16:41:25,7.7121,33.2317,0.9999
2025-11-07 16:41:25,7.7105,21.7623,0.9999
2025-11-07 16:41:25,7.7108,19.1152,0.9999
2025-11-07 16:41:25,7.7141,40.6863,0.9999
2025-11-07 16:41:25,7.7167,38.2102,0.9999
2025-11-07 16:41:26,7.7158,37.5095,0.9999
2025-11-07 16:41:26,7.7263,31.1333,0.9999
2025-11-07 16:41:26,7.7257,30.2986,0.9999
2025-11-07 16:41:26,7.7237,42.2777,0.9999
2025-11-07 16:41:26,7.7270,35.8937,0.9999
2025-11-07 16:41:26,7.7271,36.4492,0.9999
2025-11-07 16:41:26,7.7243,44.2586,0.9999
2025-11-07 16:41:26,7.7261,32.4627,0.9999
2025-11-07 16:41:26,7.7248,31.7525,0.9999
2025-11-07 16:41:26,7.7259,44.6172,0.9999
2025-11-07 16:41:26,7.7296,33.6590,0.9999
2025-11-07 16:41:27,7.7267,62.4046,0.9998
2025-11-07 16:41:27,7.7275,61.5032,0.9998
2025-11-07 16:41:27,7.7285,74.7828,0.9998
2025-11-07 16:41:27,7.7296,77.3387,0.9998
2025-11-07 16:41:27,7.7322,46.4018,0.9999
2025-11-07 16:41:27,7.7317,48.3174,0.9999
2025-11-07 16:41:27,7.7320,52.3519,0.9998
2025-11-07 16:41:27,7.7312,51.4745,0.9998
2025-11-07 16:41:27,7.7297,67.0796,0.9998
2025-11-07 16:41:27,7.7294,68.0270,0.9998
2025-11-07 16:41:27,7.7303,82.3484,0.9997
2025-11-07 16:41:27,7.7295,82.4325,0.9997
2025-11-07 16:41:28,7.7314,63.5365,0.9998
2025-11-07 16:41:28,7.7226,176.0604,0.9994
2025-11-07 16:41:28,7.7170,89.3356,0.9997
2025-11-07 16:41:28,7.7171,89.7735,0.9997
2025-11-07 16:41:28,7.7155,90.6580,0.9997
2025-11-07 16:41:28,7.7153,95.0564,0.9997
2025-11-07 16:41:28,7.7245,285.4243,0.9991
2025-11-07 16:41:28,7.7254,287.9592,0.9991
2025-11-07 16:41:28,7.7262,281.7891,0.9991
2025-11-07 16:41:28,7.7355,139.2177,0.9996
2025-11-07 16:41:28,7.7352,132.9730,0.9996
2025-11-07 16:41:29,7.7332,141.6402,0.9996
2025-11-07 16:41:29,7.7312,168.2088,0.9995
2025-11-07 16:41:29,7.7316,166.5831,0.9995
2025-11-07 16:41:29,7.7315,163.6235,0.9995
2025-11-07 16:41:29,7.7332,157.6008,0.9995
2025-11-07 16:41:29,7.7351,129.2857,0.9996
2025-11-07 16:41:29,7.7367,122.9109,0.9996
2025-11-07 16:41:29,7.7352,92.8618,0.9997
2025-11-07 16:41:29,7.7348,94.2801,0.9997
2025-11-07 16:41:29,7.7327,124.7654,0.9996
2025-11-07 16:41:30,7.7321,124.9790,0.9996
2025-11-07 16:41:30,7.7328,139.3056,0.9996
2025-11-07 16:41:30,7.7339,137.5724,0.9996
2025-11-07 16:41:30,7.7370,93.7982,0.9997
2025-11-07 16:41:30,7.7368,94.7182,0.9997
2025-11-07 16:41:30,7.7366,90.9358,0.9997
2025-11-07 16:41:30,7.7378,89.7558,0.9997
2025-11-07 16:41:30,7.7359,116.1839,0.9996
2025-11-07 16:41:30,7.7370,113.0914,0.9997
2025-11-07 16:41:31,7.7367,108.2835,0.9997
2025-11-07 16:41:31,7.7367,108.2835,0.9997
2025-11-07 16:41:31,7.7372,100.9254,0.9997
2025-11-07 16:41:31,7.7372,100.9254,0.9997
2025-11-07 16:41:31,7.7389,135.2580,0.9996
2025-11-07 16:41:31,7.7389,135.2580,0.9996
2025-11-07 16:41:31,7.7390,135.0387,0.9996
2025-11-07 16:41:31,7.7390,135.0387,0.9996
2025-11-07 16:41:31,7.7393,143.4118,0.9996
2025-11-07 16:41:31,7.7393,143.4118,0.9996
2025-11-07 16:41:31,7.7394,142.6975,0.9996
2025-11-07 16:41:32,7.7383,147.5085,0.9996
2025-11-07 16:41:32,7.7362,104.8652,0.9997
2025-11-07 16:41:32,7.7348,105.0852,0.9997
2025-11-07 16:41:32,7.7339,118.1346,0.9996
2025-11-07 16:41:32,7.7324,124.2740,0.9996
2025-11-07 16:41:32,7.7338,155.7926,0.9995
2025-11-07 16:41:32,7.7332,156.6471,0.9995
2025-11-07 16:41:32,7.7334,154.0604,0.9995
2025-11-07 16:41:32,7.7343,149.0084,0.9995
2025-11-07 16:41:32,7.7325,110.0041,0.9997
2025-11-07 16:41:32,7.7327,109.7931,0.9997
2025-11-07 16:41:32,7.7353,79.2486,0.9998
2025-11-07 16:41:33,7.7359,76.8186,0.9998
2025-11-07 16:41:33,7.7262,5.9868,1.0000
2025-11-07 16:41:33,7.7278,13.3546,1.0000
2025-11-07 16:41:33,7.7256,26.9242,0.9999
2025-11-07 16:41:33,7.7267,31.1212,0.9999
2025-11-07 16:41:33,7.7294,30.9943,0.9999
2025-11-07 16:41:33,7.7283,26.5637,0.9999
2025-11-07 16:41:33,7.7300,12.1404,1.0000
2025-11-07 16:41:33,7.7300,12.1404,1.0000
2025-11-07 16:41:33,7.7347,44.7624,0.9999
2025-11-07 16:41:33,7.7340,46.2923,0.9999
2025-11-07 16:41:33,7.7339,46.3511,0.9999
2025-11-07 16:41:34,7.7330,47.0522,0.9999
2025-11-07 16:41:34,7.7336,55.5740,0.9998
2025-11-07 16:41:34,7.7323,60.5779,0.9998
2025-11-07 16:41:34,7.7318,65.2987,0.9998
2025-11-07 16:41:34,7.7316,65.4298,0.9998
2025-11-07 16:41:34,7.7324,77.9493,0.9998
2025-11-07 16:41:34,7.7337,72.8300,0.9998
2025-11-07 16:41:34,7.7335,75.0364,0.9998
2025-11-07 16:41:34,7.7324,79.0576,0.9998
2025-11-07 16:41:34,7.7341,111.5016,0.9997
2025-11-07 16:41:34,7.7323,119.4867,0.9996
2025-11-07 16:41:35,7.7322,120.6240,0.9996
2025-11-07 16:41:35,7.7317,122.9583,0.9996
2025-11-07 16:41:35,7.7336,169.5538,0.9995
2025-11-07 16:41:35,7.7306,199.3826,0.9994
2025-11-07 16:41:35,7.7311,194.7729,0.9994
2025-11-07 16:41:35,7.7275,225.5677,0.9993
2025-11-07 16:41:35,7.7281,243.3201,0.9992
2025-11-07 16:41:35,7.7284,240.1634,0.9993
2025-11-07 16:41:35,7.7264,257.4292,0.9992
2025-11-07 16:41:35,7.7300,229.0968,0.9993
2025-11-07 16:41:35,7.7303,238.3260,0.9993
2025-11-07 16:41:36,7.7327,215.6098,0.9993
2025-11-07 16:41:36,7.7346,191.6133,0.9994
2025-11-07 16:41:36,7.7347,190.2190,0.9994
2025-11-07 16:41:36,7.7321,122.4186,0.9996
2025-11-07 16:41:36,7.7303,137.8062,0.9996
2025-11-07 16:41:36,7.7317,128.1801,0.9996
2025-11-07 16:41:36,7.7334,122.6988,0.9996
2025-11-07 16:41:36,7.7360,186.4754,0.9994
2025-11-07 16:41:36,7.7385,157.0522,0.9995
2025-11-07 16:41:36,7.7363,183.4498,0.9994
2025-11-07 16:41:36,7.7363,183.4498,0.9994
2025-11-07 16:41:36,7.7350,149.0378,0.9995
2025-11-07 16:41:37,7.7359,143.5753,0.9996
2025-11-07 16:41:37,7.7350,156.1146,0.9995
2025-11-07 16:41:37,7.7339,160.1239,0.9995
2025-11-07 16:41:37,7.7352,192.9377,0.9994
2025-11-07 16:41:37,7.7360,189.5250,0.9994
2025-11-07 16:41:37,7.7379,162.3359,0.9995
2025-11-07 16:41:37,7.7383,159.6942,0.9995
2025-11-07 16:41:37,7.7373,134.4110,0.9996
2025-11-07 16:41:37,7.7369,135.9768,0.9996
2025-11-07 16:41:37,7.7351,160.6184,0.9995
2025-11-07 16:41:38,7.7352,159.9940,0.9995
2025-11-07 16:41:38,7.7362,185.6957,0.9994
2025-11-07 16:41:38,7.7376,181.5481,0.9994
2025-11-07 16:41:38,7.7348,234.9312,0.9993
2025-11-07 16:41:38,7.7342,238.0717,0.9993
2025-11-07 16:41:38,7.7329,204.6468,0.9994
2025-11-07 16:41:38,7.7311,205.4841,0.9994
2025-11-07 16:41:38,7.7339,158.4510,0.9995
2025-11-07 16:41:38,7.7351,153.6792,0.9995
2025-11-07 16:41:38,7.7357,169.1951,0.9995
2025-11-07 16:41:38,7.7362,166.8820,0.9995
2025-11-07 16:41:38,7.7377,145.5194,0.9996
2025-11-07 16:41:39,7.7359,156.3580,0.9995
2025-11-07 16:41:39,7.7360,159.7653,0.9995
2025-11-07 16:41:39,7.7342,170.4487,0.9995
2025-11-07 16:41:39,7.7342,170.3010,0.9995
2025-11-07 16:41:39,7.7336,175.2634,0.9995
2025-11-07 16:41:39,7.7341,189.1714,0.9994
2025-11-07 16:41:39,7.7355,180.5447,0.9994
2025-11-07 16:41:39,7.7354,180.7758,0.9994
2025-11-07 16:41:39,7.7369,169.6057,0.9995
2025-11-07 16:41:39,7.7360,148.0214,0.9995
2025-11-07 16:41:39,7.7374,142.5946,0.9996
2025-11-07 16:41:39,7.7382,133.1644,0.9996
2025-11-07 16:41:40,7.7373,140.3637,0.9996
2025-11-07 16:41:40,7.7339,71.9837,0.9998
2025-11-07 16:41:40,7.7345,72.3387,0.9998
2025-11-07 16:41:40,7.7341,76.8838,0.9998
2025-11-07 16:41:40,7.7350,71.3176,0.9998
2025-11-07 16:41:40,7.7326,40.4177,0.9999
2025-11-07 16:41:40,7.7331,41.7832,0.9999
2025-11-07 16:41:40,7.7330,42.7181,0.9999
2025-11-07 16:41:40,7.7332,41.7990,0.9999
2025-11-07 16:41:40,7.7344,55.2318,0.9998
2025-11-07 16:41:40,7.7335,53.7475,0.9998
2025-11-07 16:41:41,7.7316,75.6260,0.9998
2025-11-07 16:41:41,7.7318,75.1311,0.9998
2025-11-07 16:41:41,7.7318,75.0394,0.9998
2025-11-07 16:41:41,7.7316,74.7546,0.9998
2025-11-07 16:41:41,7.7332,55.6991,0.9998
2025-11-07 16:41:41,7.7331,55.9508,0.9998
2025-11-07 16:41:41,7.7326,48.8440,0.9998
2025-11-07 16:41:41,7.7302,52.8110,0.9998
2025-11-07 16:41:41,7.7255,112.6277,0.9996
2025-11-07 16:41:41,7.7261,114.3599,0.9996
2025-11-07 16:41:41,7.7260,113.1031,0.9996
2025-11-07 16:41:42,7.7255,114.1609,0.9996
2025-11-07 16:41:42,7.7320,41.9343,0.9999
2025-11-07 16:41:42,7.7321,41.8909,0.9999
2025-11-07 16:41:42,7.7302,22.2509,0.9999
2025-11-07 16:41:42,7.7311,18.1281,0.9999
2025-11-07 16:41:42,7.7315,16.6678,0.9999
2025-11-07 16:41:42,7.7293,20.9263,0.9999
2025-11-07 16:41:42,7.7309,38.6070,0.9999
2025-11-07 16:41:42,7.7313,37.2786,0.9999
2025-11-07 16:41:42,7.7260,83.2592,0.9997
2025-11-07 16:41:43,7.7288,84.9194,0.9997
2025-11-07 16:41:43,7.7276,69.8817,0.9998
2025-11-07 16:41:43,7.7292,71.8278,0.9998
2025-11-07 16:41:43,7.7313,43.4228,0.9999
2025-11-07 16:41:43,7.7308,42.8306,0.9999
2025-11-07 16:41:43,7.7331,70.1719,0.9998
2025-11-07 16:41:43,7.7335,70.4051,0.9998
2025-11-07 16:41:43,7.7314,101.9534,0.9997
2025-11-07 16:41:43,7.7306,102.3482,0.9997
2025-11-07 16:41:43,7.7308,104.3015,0.9997
2025-11-07 16:41:43,7.7307,104.0470,0.9997
2025-11-07 16:41:44,7.7330,70.8829,0.9998
2025-11-07 16:41:44,7.7341,68.9897,0.9998
2025-11-07 16:41:44,7.7347,76.9208,0.9998
2025-11-07 16:41:44,7.7344,77.0172,0.9998
2025-11-07 16:41:44,7.7345,75.8832,0.9998
2025-11-07 16:41:44,7.7351,75.8338,0.9998
2025-11-07 16:41:44,7.7350,73.9794,0.9998
2025-11-07 16:41:44,7.7354,73.7297,0.9998
2025-11-07 16:41:44,7.7352,76.7503,0.9998
2025-11-07 16:41:44,7.7330,80.3618,0.9998
2025-11-07 16:41:45,7.7313,57.1647,0.9998
2025-11-07 16:41:45,7.7312,56.8202,0.9998
2025-11-07 16:41:45,7.7334,36.0116,0.9999
2025-11-07 16:41:45,7.7348,32.2797,0.9999
2025-11-07 16:41:45,7.7364,50.6729,0.9998
2025-11-07 16:41:45,7.7360,51.3438,0.9998
2025-11-07 16:41:45,7.7339,74.1858,0.9998
2025-11-07 16:41:45,7.7337,74.3544,0.9998
2025-11-07 16:41:45,7.7277,21.2590,0.9999
2025-11-07 16:41:46,7.7281,22.8742,0.9999
2025-11-07 16:41:46,7.7259,47.2896,0.9999
2025-11-07 16:41:46,7.7261,48.1598,0.9999
2025-11-07 16:41:46,7.7358,179.2566,0.9995
2025-11-07 16:41:46,7.7362,179.0522,0.9995
2025-11-07 16:41:46,7.7367,170.5244,0.9995
2025-11-07 16:41:46,7.7360,172.4264,0.9995
2025-11-07 16:41:46,7.7358,166.0802,0.9995
2025-11-07 16:41:47,7.7341,168.4081,0.9995
2025-11-07 16:41:47,7.7369,126.8001,0.9996
2025-11-07 16:41:47,7.7375,124.5764,0.9996
2025-11-07 16:41:47,7.7348,73.6666,0.9998
2025-11-07 16:41:47,7.7364,70.7336,0.9998
2025-11-07 16:41:47,7.7366,67.8288,0.9998
2025-11-07 16:41:47,7.7363,68.7116,0.9998
2025-11-07 16:41:47,7.7373,85.0768,0.9997
2025-11-07 16:41:47,7.7359,88.6436,0.9997
2025-11-07 16:41:47,7.7337,116.9645,0.9996
2025-11-07 16:41:48,7.7311,126.5106,0.9996
2025-11-07 16:41:48,7.7326,158.7735,0.9995
2025-11-07 16:41:48,7.7326,158.7735,0.9995
2025-11-07 16:41:48,7.7343,136.0621,0.9996
2025-11-07 16:41:48,7.7326,153.5303,0.9995
2025-11-07 16:41:48,7.7324,149.8853,0.9995
2025-11-07 16:41:48,7.7301,158.7482,0.9995
2025-11-07 16:41:48,7.7289,170.8045,0.9995
2025-11-07 16:41:48,7.7327,149.4110,0.9995
2025-11-07 16:41:48,7.7324,141.4023,0.9996
2025-11-07 16:41:48,7.7338,132.4778,0.9996
2025-11-07 16:41:49,7.7354,113.3455,0.9997
2025-11-07 16:41:49,7.7347,116.2667,0.9996
2025-11-07 16:41:49,7.7343,107.2473,0.9997
2025-11-07 16:41:49,7.7324,119.4346,0.9996
2025-11-07 16:41:49,7.7302,144.4966,0.9996
2025-11-07 16:41:49,7.7303,144.3580,0.9996
2025-11-07 16:41:49,7.7287,110.8920,0.9997
2025-11-07 16:41:49,7.7300,104.6807,0.9997
2025-11-07 16:41:49,7.7321,81.6958,0.9997
2025-11-07 16:41:49,7.7328,79.9588,0.9998
2025-11-07 16:41:49,7.7332,86.3724,0.9997
2025-11-07 16:41:50,7.7319,95.2145,0.9997
2025-11-07 16:41:50,7.7324,90.8630,0.9997
2025-11-07 16:41:50,7.7334,90.4315,0.9997
2025-11-07 16:41:50,7.7335,92.7571,0.9997
2025-11-07 16:41:50,7.7321,106.5710,0.9997
2025-11-07 16:41:50,7.7294,135.8910,0.9996
2025-11-07 16:41:50,7.7288,134.3979,0.9996
2025-11-07 16:41:50,7.7294,148.2105,0.9995
2025-11-07 16:41:50,7.7287,156.0110,0.9995
2025-11-07 16:41:50,7.7298,143.0289,0.9996
2025-11-07 16:41:50,7.7290,142.6730,0.9996
2025-11-07 16:41:50,7.7294,152.9130,0.9995
2025-11-07 16:41:50,7.7350,116.9879,0.9996
2025-11-07 16:41:51,7.7364,99.0915,0.9997
2025-11-07 16:41:51,7.7362,100.3860,0.9997
2025-11-07 16:41:51,7.7278,10.4377,1.0000
2025-11-07 16:41:51,7.7271,8.2729,1.0000
2025-11-07 16:41:51,7.7278,5.0370,1.0000
2025-11-07 16:41:51,7.7275,5.1035,1.0000
2025-11-07 16:41:51,7.7306,22.1774,0.9999
2025-11-07 16:41:51,7.7315,22.9637,0.9999
2025-11-07 16:41:51,7.7290,45.0524,0.9999
2025-11-07 16:41:51,7.7275,49.6926,0.9998
2025-11-07 16:41:52,7.7258,35.0155,0.9999
2025-11-07 16:41:52,7.7256,33.8488,0.9999
2025-11-07 16:41:52,7.7256,33.5965,0.9999
2025-11-07 16:41:52,7.7277,30.8699,0.9999
2025-11-07 16:41:52,7.7283,34.7747,0.9999
2025-11-07 16:41:52,7.7287,36.3387,0.9999
2025-11-07 16:41:52,7.7305,19.5969,0.9999
2025-11-07 16:41:52,7.7308,19.3169,0.9999
2025-11-07 16:41:52,7.7233,31.3681,0.9999
2025-11-07 16:41:52,7.7225,25.6898,0.9999
2025-11-07 16:41:52,7.7204,34.9531,0.9999
2025-11-07 16:41:52,7.7202,33.8847,0.9999
2025-11-07 16:41:53,7.7192,41.2262,0.9999
2025-11-07 16:41:53,7.7197,45.7338,0.9999
2025-11-07 16:41:53,7.7220,37.0714,0.9999
2025-11-07 16:41:53,7.7230,42.7701,0.9999
2025-11-07 16:41:53,7.7195,91.1015,0.9997
2025-11-07 16:41:53,7.7197,93.3041,0.9997
2025-11-07 16:41:53,7.7199,93.2585,0.9997
2025-11-07 16:41:53,7.7195,89.6952,0.9997
2025-11-07 16:41:53,7.7257,18.5807,0.9999
2025-11-07 16:41:53,7.7263,22.7376,0.9999
2025-11-07 16:41:54,7.7262,23.2255,0.9999
2025-11-07 16:41:54,7.7258,22.0297,0.9999
2025-11-07 16:41:54,7.7245,31.3165,0.9999
2025-11-07 16:41:54,7.7230,20.9946,0.9999
2025-11-07 16:41:54,7.7212,28.1521,0.9999
2025-11-07 16:41:54,7.7220,33.1450,0.9999
2025-11-07 16:41:54,7.7104,229.5490,0.9993
2025-11-07 16:41:54,7.7114,243.9943,0.9992
2025-11-07 16:41:54,7.7132,247.4516,0.9992
2025-11-07 16:41:55,7.7093,213.7195,0.9993
2025-11-07 16:41:55,7.7310,61.4658,0.9998
2025-11-07 16:41:55,7.7296,59.5544,0.9998
2025-11-07 16:41:55,7.7290,64.1882,0.9998
2025-11-07 16:41:55,7.7297,59.3337,0.9998
2025-11-07 16:41:55,7.7313,85.4492,0.9997
2025-11-07 16:41:55,7.7325,85.5057,0.9997
2025-11-07 16:41:55,7.7324,87.2641,0.9997
2025-11-07 16:41:55,7.7331,82.1080,0.9997
2025-11-07 16:41:55,7.7316,59.1546,0.9998
2025-11-07 16:41:55,7.7285,62.7928,0.9998
2025-11-07 16:41:56,7.7297,54.7025,0.9998
2025-11-07 16:41:56,7.7289,58.4538,0.9998
2025-11-07 16:41:56,7.7330,140.8707,0.9996
2025-11-07 16:41:56,7.7326,143.8375,0.9996
2025-11-07 16:41:56,7.7318,150.9453,0.9995
2025-11-07 16:41:56,7.7318,151.0588,0.9995
2025-11-07 16:41:56,7.7321,159.8573,0.9995
2025-11-07 16:41:56,7.7335,151.1987,0.9995
2025-11-07 16:41:56,7.7286,223.1565,0.9993
2025-11-07 16:41:56,7.7282,225.8835,0.9993
2025-11-07 16:41:56,7.7241,128.1034,0.9996
2025-11-07 16:41:57,7.7237,127.8194,0.9996
2025-11-07 16:41:57,7.7272,83.6077,0.9997
2025-11-07 16:41:57,7.7303,75.7580,0.9998
2025-11-07 16:41:57,7.7297,67.2837,0.9998
2025-11-07 16:41:57,7.7298,66.9878,0.9998
2025-11-07 16:41:57,7.7328,40.5399,0.9999
2025-11-07 16:41:57,7.7331,40.3179,0.9999
2025-11-07 16:41:57,7.7354,73.6421,0.9998
2025-11-07 16:41:57,7.7351,75.6650,0.9998
2025-11-07 16:41:57,7.7314,115.1426,0.9996
2025-11-07 16:41:57,7.7309,115.2191,0.9996
2025-11-07 16:41:58,7.7317,131.3553,0.9996
2025-11-07 16:41:58,7.7330,126.1724,0.9996
2025-11-07 16:41:58,7.7333,122.1264,0.9996
2025-11-07 16:41:58,7.7340,121.0454,0.9996
2025-11-07 16:41:58,7.7325,93.1373,0.9997
2025-11-07 16:41:58,7.7327,92.7327,0.9997
2025-11-07 16:41:58,7.7335,81.9063,0.9997
2025-11-07 16:41:58,7.7340,82.0013,0.9997
2025-11-07 16:41:58,7.7358,112.7568,0.9997
2025-11-07 16:41:58,7.7373,108.9596,0.9997
2025-11-07 16:41:58,7.7386,89.9525,0.9997
2025-11-07 16:41:58,7.7373,94.6034,0.9997
2025-11-07 16:41:58,7.7371,90.4452,0.9997
2025-11-07 16:41:59,7.7359,92.8321,0.9997
2025-11-07 16:41:59,7.7325,141.7768,0.9996
2025-11-07 16:41:59,7.7328,141.3349,0.9996
2025-11-07 16:41:59,7.7313,113.2314,0.9997
2025-11-07 16:41:59,7.7326,114.5549,0.9996
2025-11-07 16:41:59,7.7347,82.6944,0.9997
2025-11-07 16:41:59,7.7324,93.0336,0.9997
2025-11-07 16:41:59,7.7303,62.2316,0.9998
2025-11-07 16:41:59,7.7290,58.9477,0.9998
2025-11-07 16:41:59,7.7286,63.4171,0.9998
2025-11-07 16:41:59,7.7309,58.7130,0.9998
2025-11-07 16:42:00,7.7346,119.6410,0.9996
2025-11-07 16:42:00,7.7341,121.1374,0.9996
2025-11-07 16:42:00,7.7335,131.0092,0.9996
2025-11-07 16:42:00,7.7336,130.7912,0.9996
2025-11-07 16:42:00,7.7327,111.8343,0.9997
2025-11-07 16:42:00,7.7342,110.4095,0.9997
2025-11-07 16:42:00,7.7347,101.4995,0.9997
2025-11-07 16:42:00,7.7337,104.5100,0.9997
2025-11-07 16:42:00,7.7352,134.3082,0.9996
2025-11-07 16:42:00,7.7351,134.3345,0.9996
2025-11-07 16:42:00,7.7353,132.0188,0.9996
2025-11-07 16:42:01,7.7369,126.4558,0.9996
2025-11-07 16:42:01,7.7374,136.7024,0.9996
2025-11-07 16:42:01,7.7354,144.3215,0.9996
2025-11-07 16:42:01,7.7365,129.1513,0.9996
2025-11-07 16:42:01,7.7358,130.7070,0.9996
2025-11-07 16:42:01,7.7347,107.6640,0.9997
2025-11-07 16:42:01,7.7335,115.1331,0.9996
2025-11-07 16:42:01,7.7309,150.9394,0.9995
2025-11-07 16:42:01,7.7274,161.3661,0.9995
2025-11-07 16:42:02,7.7256,118.9956,0.9996
2025-11-07 16:42:02,7.7209,151.3685,0.9995
2025-11-07 16:42:02,7.7246,128.1917,0.9996
2025-11-07 16:42:02,7.7239,131.6144,0.9996
2025-11-07 16:42:02,7.7255,168.1884,0.9995
2025-11-07 16:42:02,7.7313,117.2011,0.9996
2025-11-07 16:42:02,7.7293,135.2936,0.9996
2025-11-07 16:42:02,7.7326,115.3129,0.9996
2025-11-07 16:42:02,7.7334,133.2315,0.9996
2025-11-07 16:42:02,7.7327,137.4928,0.9996
2025-11-07 16:42:02,7.7325,139.4107,0.9996
2025-11-07 16:42:02,7.7333,137.8839,0.9996
2025-11-07 16:42:02,7.7335,142.5752,0.9996
2025-11-07 16:42:03,7.7360,131.7349,0.9996
2025-11-07 16:42:03,7.7378,107.1163,0.9997
2025-11-07 16:42:03,7.7333,146.1163,0.9996
2025-11-07 16:42:03,7.7329,138.4406,0.9996
2025-11-07 16:42:03,7.7317,139.4851,0.9996
2025-11-07 16:42:03,7.7310,146.0670,0.9995
2025-11-07 16:42:03,7.7318,137.9751,0.9996
2025-11-07 16:42:03,7.7319,141.6634,0.9996
2025-11-07 16:42:03,7.7289,156.7413,0.9995
2025-11-07 16:42:03,7.7291,155.2991,0.9995
2025-11-07 16:42:03,7.7287,158.7614,0.9995
2025-11-07 16:42:03,7.7278,137.4130,0.9996
2025-11-07 16:42:03,7.7295,128.0779,0.9996
2025-11-07 16:42:04,7.7278,145.1755,0.9995
2025-11-07 16:42:04,7.7280,143.5771,0.9996
2025-11-07 16:42:04,7.7278,139.7986,0.9996
2025-11-07 16:42:04,7.7284,138.4966,0.9996
2025-11-07 16:42:04,7.7304,118.5057,0.9996
2025-11-07 16:42:04,7.7309,113.4824,0.9997
2025-11-07 16:42:04,7.7312,120.4568,0.9996
2025-11-07 16:42:04,7.7322,117.8715,0.9996
2025-11-07 16:42:04,7.7319,120.1858,0.9996
2025-11-07 16:42:04,7.7350,100.8079,0.9997
2025-11-07 16:42:04,7.7355,109.9604,0.9997
2025-11-07 16:42:04,7.7360,107.9362,0.9997
2025-11-07 16:42:05,7.7360,108.0782,0.9997
2025-11-07 16:42:05,7.7342,118.4595,0.9996
2025-11-07 16:42:05,7.7343,119.9136,0.9996
2025-11-07 16:42:05,7.7342,120.1470,0.9996
2025-11-07 16:42:05,7.7346,115.7900,0.9996
2025-11-07 16:42:05,7.7350,112.8766,0.9997
2025-11-07 16:42:05,7.7356,126.3160,0.9996
2025-11-07 16:42:05,7.7349,129.0283,0.9996
2025-11-07 16:42:05,7.7324,160.6627,0.9995
2025-11-07 16:42:05,7.7312,168.3073,0.9995
2025-11-07 16:42:05,7.7300,139.8379,0.9996
2025-11-07 16:42:05,7.7313,139.8592,0.9996
2025-11-07 16:42:05,7.7338,109.5555,0.9997
2025-11-07 16:42:06,7.7349,100.8617,0.9997
2025-11-07 16:42:06,7.7351,105.3271,0.9997
2025-11-07 16:42:06,7.7351,105.3271,0.9997
2025-11-07 16:42:06,7.7351,105.7242,0.9997
2025-11-07 16:42:06,7.7357,101.6091,0.9997
2025-11-07 16:42:06,7.7355,96.9361,0.9997
2025-11-07 16:42:06,7.7359,96.5483,0.9997
2025-11-07 16:42:06,7.7358,97.5983,0.9997
2025-11-07 16:42:06,7.7367,92.6372,0.9997
2025-11-07 16:42:06,7.7361,82.5280,0.9997
2025-11-07 16:42:06,7.7346,85.9845,0.9997
2025-11-07 16:42:06,7.7321,118.7305,0.9996
2025-11-07 16:42:07,7.7291,131.1109,0.9996
2025-11-07 16:42:07,7.7288,123.8878,0.9996
2025-11-07 16:42:07,7.7261,130.8325,0.9996
2025-11-07 16:42:07,7.7289,105.5472,0.9997
2025-11-07 16:42:07,7.7314,94.3506,0.9997
2025-11-07 16:42:07,7.7317,99.5058,0.9997
2025-11-07 16:42:07,7.7339,84.6599,0.9997
2025-11-07 16:42:07,7.7303,131.6125,0.9996
2025-11-07 16:42:07,7.7303,131.5759,0.9996
2025-11-07 16:42:07,7.7317,162.3659,0.9995
2025-11-07 16:42:07,7.7306,166.9742,0.9995
2025-11-07 16:42:07,7.7327,135.9022,0.9996
2025-11-07 16:42:08,7.7335,134.1608,0.9996
2025-11-07 16:42:08,7.7310,83.7278,0.9997
2025-11-07 16:42:08,7.7340,76.3369,0.9998
2025-11-07 16:42:08,7.7354,58.9578,0.9998
2025-11-07 16:42:08,7.7358,58.0999,0.9998
2025-11-07 16:42:08,7.7338,34.8156,0.9999
2025-11-07 16:42:08,7.7345,35.5756,0.9999
2025-11-07 16:42:08,7.7339,40.8943,0.9999
2025-11-07 16:42:08,7.7325,43.8418,0.9999
2025-11-07 16:42:08,7.7323,41.5164,0.9999
2025-11-07 16:42:09,7.7306,38.8237,0.9999
2025-11-07 16:42:09,7.7312,33.6953,0.9999
2025-11-07 16:42:09,7.7320,32.2695,0.9999
2025-11-07 16:42:09,7.7343,61.4461,0.9998
2025-11-07 16:42:09,7.7341,61.9128,0.9998
2025-11-07 16:42:09,7.7336,66.4934,0.9998
2025-11-07 16:42:09,7.7326,69.7878,0.9998
2025-11-07 16:42:09,7.7319,58.6340,0.9998
2025-11-07 16:42:09,7.7311,60.2337,0.9998
2025-11-07 16:42:09,7.7290,83.1518,0.9997
2025-11-07 16:42:09,7.7282,85.0771,0.9997
2025-11-07 16:42:10,7.7276,75.4119,0.9998
2025-11-07 16:42:10,7.7280,75.3177,0.9998
2025-11-07 16:42:10,7.7282,72.8747,0.9998
2025-11-07 16:42:10,7.7262,83.2956,0.9997
2025-11-07 16:42:10,7.7263,84.8587,0.9997
2025-11-07 16:42:10,7.7265,85.2430,0.9997
2025-11-07 16:42:10,7.7294,62.7474,0.9998
2025-11-07 16:42:10,7.7288,68.0096,0.9998
2025-11-07 16:42:10,7.7295,78.5606,0.9998
2025-11-07 16:42:10,7.7310,80.4266,0.9998
2025-11-07 16:42:10,7.7288,98.3594,0.9997
2025-11-07 16:42:11,7.7332,72.0119,0.9998
2025-11-07 16:42:11,7.7326,63.6979,0.9998
2025-11-07 16:42:11,7.7289,70.6203,0.9998
2025-11-07 16:42:11,7.7272,90.8714,0.9997
2025-11-07 16:42:11,7.7273,91.1044,0.9997
2025-11-07 16:42:11,7.7278,99.9376,0.9997
2025-11-07 16:42:11,7.7299,94.1447,0.9997
2025-11-07 16:42:11,7.7310,78.5392,0.9998
2025-11-07 16:42:11,7.7309,78.6203,0.9998
2025-11-07 16:42:11,7.7315,88.4425,0.9997
2025-11-07 16:42:11,7.7300,92.8323,0.9997
2025-11-07 16:42:11,7.7306,85.7042,0.9997
2025-11-07 16:42:12,7.7310,85.6892,0.9997
2025-11-07 16:42:12,7.7315,92.9964,0.9997
2025-11-07 16:42:12,7.7327,87.8574,0.9997
2025-11-07 16:42:12,7.7343,69.9994,0.9998
2025-11-07 16:42:12,7.7334,72.2807,0.9998
2025-11-07 16:42:12,7.7306,34.0933,0.9999
2025-11-07 16:42:12,7.7324,34.2934,0.9999
2025-11-07 16:42:12,7.7303,55.6191,0.9998
2025-11-07 16:42:12,7.7293,58.0399,0.9998
2025-11-07 16:42:12,7.7290,54.6391,0.9998
2025-11-07 16:42:12,7.7293,55.8104,0.9998
2025-11-07 16:42:12,7.7288,62.0789,0.9998
2025-11-07 16:42:13,7.7277,66.6558,0.9998
2025-11-07 16:42:13,7.7329,158.8554,0.9995
2025-11-07 16:42:13,7.7325,158.1879,0.9995
2025-11-07 16:42:13,7.7347,130.1226,0.9996
2025-11-07 16:42:13,7.7362,117.5306,0.9996
2025-11-07 16:42:13,7.7370,135.6456,0.9996
2025-11-07 16:42:13,7.7377,135.0126,0.9996
2025-11-07 16:42:13,7.7369,145.3003,0.9996
2025-11-07 16:42:13,7.7383,137.0591,0.9996
2025-11-07 16:42:13,7.7360,92.5369,0.9997
2025-11-07 16:42:13,7.7337,95.7854,0.9997
2025-11-07 16:42:13,7.7332,103.0579,0.9997
2025-11-07 16:42:14,7.7332,103.0579,0.9997
2025-11-07 16:42:14,7.7355,151.7618,0.9995
2025-11-07 16:42:14,7.7367,147.2290,0.9996
2025-11-07 16:42:14,7.7378,130.7999,0.9996
2025-11-07 16:42:14,7.7364,138.7972,0.9996
2025-11-07 16:42:14,7.7363,134.6689,0.9996
2025-11-07 16:42:14,7.7344,141.7378,0.9996
2025-11-07 16:42:14,7.7329,161.0986,0.9995
2025-11-07 16:42:14,7.7331,160.2062,0.9995
2025-11-07 16:42:14,7.7326,147.2764,0.9995
2025-11-07 16:42:14,7.7318,151.3258,0.9995
2025-11-07 16:42:14,7.7324,143.7995,0.9996
2025-11-07 16:42:15,7.7325,143.2328,0.9996
2025-11-07 16:42:15,7.7319,128.7634,0.9996
2025-11-07 16:42:15,7.7329,123.8962,0.9996
2025-11-07 16:42:15,7.7292,181.9923,0.9994
2025-11-07 16:42:15,7.7298,181.4011,0.9994
2025-11-07 16:42:15,7.7307,202.1988,0.9994
2025-11-07 16:42:15,7.7314,200.7350,0.9994
2025-11-07 16:42:15,7.7364,119.5898,0.9996
2025-11-07 16:42:15,7.7367,118.2603,0.9996
2025-11-07 16:42:15,7.7365,113.7728,0.9997
2025-11-07 16:42:16,7.7341,130.3212,0.9996
2025-11-07 16:42:16,7.7324,149.6985,0.9995
2025-11-07 16:42:16,7.7334,149.2760,0.9995
2025-11-07 16:42:16,7.7329,139.0080,0.9996
2025-11-07 16:42:16,7.7362,121.5560,0.9996
2025-11-07 16:42:16,7.7380,96.1334,0.9997
2025-11-07 16:42:16,7.7366,102.0381,0.9997
2025-11-07 16:42:16,7.7352,77.3922,0.9998
2025-11-07 16:42:17,7.7353,77.2361,0.9998
2025-11-07 16:42:17,7.7352,78.4293,0.9998
2025-11-07 16:42:17,7.7356,76.7149,0.9998
2025-11-07 16:42:17,7.7362,86.7901,0.9997
2025-11-07 16:42:17,7.7362,86.8583,0.9997
2025-11-07 16:42:17,7.7347,105.0653,0.9997
2025-11-07 16:42:17,7.7328,114.5423,0.9996
2025-11-07 16:42:17,7.7330,117.7354,0.9996
2025-11-07 16:42:17,7.7311,120.9002,0.9996
2025-11-07 16:42:17,7.7295,141.1254,0.9996
2025-11-07 16:42:18,7.7301,138.7473,0.9996
2025-11-07 16:42:18,7.7302,141.4384,0.9996
2025-11-07 16:42:18,7.7312,139.4720,0.9996
2025-11-07 16:42:18,7.7340,103.1358,0.9997
2025-11-07 16:42:18,7.7295,148.8793,0.9995
2025-11-07 16:42:18,7.7300,158.5831,0.9995
2025-11-07 16:42:18,7.7293,159.2124,0.9995
2025-11-07 16:42:18,7.7274,176.4669,0.9995
2025-11-07 16:42:18,7.7325,134.2240,0.9996
2025-11-07 16:42:18,7.7325,135.3387,0.9996
2025-11-07 16:42:18,7.7332,133.1828,0.9996
2025-11-07 16:42:18,7.7353,107.1798,0.9997
2025-11-07 16:42:19,7.7335,119.8713,0.9996
2025-11-07 16:42:19,7.7341,132.0882,0.9996
2025-11-07 16:42:19,7.7349,130.4016,0.9996
2025-11-07 16:42:19,7.7335,147.9652,0.9995
2025-11-07 16:42:19,7.7364,130.4520,0.9996
2025-11-07 16:42:19,7.7359,120.9749,0.9996
2025-11-07 16:42:19,7.7368,120.2786,0.9996
2025-11-07 16:42:19,7.7374,111.3197,0.9997
2025-11-07 16:42:19,7.7363,116.4730,0.9996
2025-11-07 16:42:20,7.7361,111.6889,0.9997
2025-11-07 16:42:20,7.7342,114.1523,0.9997
2025-11-07 16:42:20,7.7329,131.5974,0.9996
2025-11-07 16:42:20,7.7322,134.9639,0.9996
2025-11-07 16:42:20,7.7321,132.1725,0.9996
2025-11-07 16:42:20,7.7326,131.5252,0.9996
2025-11-07 16:42:20,7.7348,103.9188,0.9997
2025-11-07 16:42:20,7.7373,92.7115,0.9997
2025-11-07 16:42:20,7.7365,78.2456,0.9998
2025-11-07 16:42:20,7.7361,79.7543,0.9998
2025-11-07 16:42:20,7.7343,103.1482,0.9997
2025-11-07 16:42:21,7.7332,104.3346,0.9997
2025-11-07 16:42:21,7.7346,133.1201,0.9996
2025-11-07 16:42:21,7.7361,130.6802,0.9996
2025-11-07 16:42:21,7.7380,103.7664,0.9997
2025-11-07 16:42:21,7.7373,107.9157,0.9997
2025-11-07 16:42:21,7.7347,62.7458,0.9998
2025-11-07 16:42:21,7.7337,63.0470,0.9998
2025-11-07 16:42:21,7.7331,68.7550,0.9998
2025-11-07 16:42:21,7.7338,66.5569,0.9998
2025-11-07 16:42:21,7.7349,84.8063,0.9997
2025-11-07 16:42:21,7.7353,84.1195,0.9997
2025-11-07 16:42:21,7.7347,90.5302,0.9997
2025-11-07 16:42:22,7.7315,110.6858,0.9997
2025-11-07 16:42:22,7.7330,143.0110,0.9996
2025-11-07 16:42:22,7.7325,143.2526,0.9996
2025-11-07 16:42:22,7.7329,138.9900,0.9996
2025-11-07 16:42:22,7.7361,116.0003,0.9996
2025-11-07 16:42:22,7.7355,104.1809,0.9997
2025-11-07 16:42:22,7.7363,102.5373,0.9997
2025-11-07 16:42:22,7.7374,88.9360,0.9997
2025-11-07 16:42:22,7.7376,88.3720,0.9997
2025-11-07 16:42:22,7.7355,55.4178,0.9998
2025-11-07 16:42:23,7.7354,55.4953,0.9998
2025-11-07 16:42:23,7.7327,88.0587,0.9997
2025-11-07 16:42:23,7.7329,87.7444,0.9997
2025-11-07 16:42:23,7.7317,69.6541,0.9998
2025-11-07 16:42:23,7.7319,69.9645,0.9998
2025-11-07 16:42:23,7.7325,61.2689,0.9998
2025-11-07 16:42:23,7.7305,66.9236,0.9998
2025-11-07 16:42:23,7.7300,60.7561,0.9998
2025-11-07 16:42:23,7.7296,59.6253,0.9998
2025-11-07 16:42:23,7.7313,44.1989,0.9999
2025-11-07 16:42:24,7.7328,38.5806,0.9999
2025-11-07 16:42:24,7.7310,22.2191,0.9999
2025-11-07 16:42:24,7.7276,29.1724,0.9999
2025-11-07 16:42:24,7.7270,32.4011,0.9999
2025-11-07 16:42:24,7.7277,33.6029,0.9999
2025-11-07 16:42:24,7.7290,48.9848,0.9998
2025-11-07 16:42:24,7.7301,43.2556,0.9999
2025-11-07 16:42:24,7.7291,53.3368,0.9998
2025-11-07 16:42:24,7.7288,53.0103,0.9998
2025-11-07 16:42:24,7.7293,59.1541,0.9998
2025-11-07 16:42:24,7.7293,58.9549,0.9998
2025-11-07 16:42:24,7.7305,47.8507,0.9999
2025-11-07 16:42:25,7.7308,47.9394,0.9999
2025-11-07 16:42:25,7.7322,67.8903,0.9998
2025-11-07 16:42:25,7.7290,94.9406,0.9997
2025-11-07 16:42:25,7.7263,120.9788,0.9996
2025-11-07 16:42:25,7.7254,118.6860,0.9996
2025-11-07 16:42:25,7.7242,96.5284,0.9997
2025-11-07 16:42:25,7.7289,77.8634,0.9998
2025-11-07 16:42:25,7.7301,63.3557,0.9998
2025-11-07 16:42:25,7.7295,64.4237,0.9998
2025-11-07 16:42:25,7.7326,118.7888,0.9996
2025-11-07 16:42:25,7.7305,127.2392,0.9996
2025-11-07 16:42:25,7.7295,139.6060,0.9996
2025-11-07 16:42:26,7.7289,141.4011,0.9996
2025-11-07 16:42:26,7.7299,165.9218,0.9995
2025-11-07 16:42:26,7.7325,157.5325,0.9995
2025-11-07 16:42:26,7.7345,130.2322,0.9996
2025-11-07 16:42:26,7.7336,137.4671,0.9996
2025-11-07 16:42:26,7.7326,115.4537,0.9996
2025-11-07 16:42:26,7.7306,120.8108,0.9996
2025-11-07 16:42:26,7.7299,127.8261,0.9996
2025-11-07 16:42:26,7.7295,130.2887,0.9996
2025-11-07 16:42:26,7.7305,153.7987,0.9995
2025-11-07 16:42:26,7.7317,149.6479,0.9995
2025-11-07 16:42:27,7.7320,146.4485,0.9995
2025-11-07 16:42:27,7.7347,129.4901,0.9996
2025-11-07 16:42:27,7.7323,81.8582,0.9997
2025-11-07 16:42:27,7.7333,80.2555,0.9998
2025-11-07 16:42:27,7.7326,89.4379,0.9997
2025-11-07 16:42:27,7.7311,95.0829,0.9997
2025-11-07 16:42:27,7.7335,145.5565,0.9996
2025-11-07 16:42:27,7.7333,145.7466,0.9996
2025-11-07 16:42:27,7.7353,121.4659,0.9996
2025-11-07 16:42:27,7.7342,131.4131,0.9996
2025-11-07 16:42:27,7.7342,132.0367,0.9996
2025-11-07 16:42:27,7.7302,154.6235,0.9995
2025-11-07 16:42:27,7.7273,182.9604,0.9994
2025-11-07 16:42:28,7.7282,178.6803,0.9994
2025-11-07 16:42:28,7.7293,209.4059,0.9994
2025-11-07 16:42:28,7.7314,195.1523,0.9994
2025-11-07 16:42:28,7.7338,163.1718,0.9995
2025-11-07 16:42:28,7.7309,193.8776,0.9994
2025-11-07 16:42:28,7.7284,132.4278,0.9996
2025-11-07 16:42:28,7.7296,130.0634,0.9996
2025-11-07 16:42:28,7.7306,123.2357,0.9996
2025-11-07 16:42:28,7.7305,123.5620,0.9996
2025-11-07 16:42:28,7.7291,95.5283,0.9997
2025-11-07 16:42:29,7.7304,96.3187,0.9997
2025-11-07 16:42:29,7.7296,101.8166,0.9997
2025-11-07 16:42:29,7.7304,91.9374,0.9997
2025-11-07 16:42:29,7.7257,32.3354,0.9999
2025-11-07 16:42:29,7.7221,27.0899,0.9999
2025-11-07 16:42:29,7.7195,39.9960,0.9999
2025-11-07 16:42:29,7.7226,37.6596,0.9999
2025-11-07 16:42:29,7.7260,83.1398,0.9997
2025-11-07 16:42:29,7.7297,79.2176,0.9998
2025-11-07 16:42:29,7.7326,46.4197,0.9999
2025-11-07 16:42:29,7.7317,51.0563,0.9998
2025-11-07 16:42:29,7.7287,21.2396,0.9999
2025-11-07 16:42:29,7.7266,19.0145,0.9999
2025-11-07 16:42:29,7.7246,32.3225,0.9999
2025-11-07 16:42:30,7.7257,31.9280,0.9999
2025-11-07 16:42:30,7.7258,33.6874,0.9999
2025-11-07 16:42:30,7.7291,42.6317,0.9999
2025-11-07 16:42:30,7.7297,36.8404,0.9999
2025-11-07 16:42:30,7.7289,38.7941,0.9999
2025-11-07 16:42:30,7.7163,99.0668,0.9997
2025-11-07 16:42:30,7.7136,68.1944,0.9998
2025-11-07 16:42:30,7.7123,70.0625,0.9998
2025-11-07 16:42:30,7.7130,75.9822,0.9998
2025-11-07 16:42:30,7.7229,23.3190,0.9999
2025-11-07 16:42:30,7.7248,32.6253,0.9999
2025-11-07 16:42:31,7.7248,33.3244,0.9999
2025-11-07 16:42:31,7.7238,33.0567,0.9999
2025-11-07 16:42:31,7.7232,31.3475,0.9999
2025-11-07 16:42:31,7.7219,22.7848,0.9999
2025-11-07 16:42:31,7.7212,29.1486,0.9999
2025-11-07 16:42:31,7.7222,31.0921,0.9999
2025-11-07 16:42:31,7.7209,28.9130,0.9999
2025-11-07 16:42:31,7.7224,39.7207,0.9999
2025-11-07 16:42:31,7.7242,23.4847,0.9999
2025-11-07 16:42:31,7.7234,22.8001,0.9999
2025-11-07 16:42:32,7.7235,22.6767,0.9999
2025-11-07 16:42:32,7.7232,20.1027,0.9999
2025-11-07 16:42:32,7.7254,9.3633,1.0000
2025-11-07 16:42:32,7.7259,9.0540,1.0000
2025-11-07 16:42:32,7.7166,109.0529,0.9997
2025-11-07 16:42:32,7.7171,114.6327,0.9996
2025-11-07 16:42:32,7.7165,113.5786,0.9996
2025-11-07 16:42:32,7.7163,112.2783,0.9996
2025-11-07 16:42:32,7.7318,39.6246,0.9999
2025-11-07 16:42:33,7.7307,37.4541,0.9999
2025-11-07 16:42:33,7.7289,53.8214,0.9998
2025-11-07 16:42:33,7.7298,51.9660,0.9998
2025-11-07 16:42:33,7.7296,50.0526,0.9998
2025-11-07 16:42:33,7.7299,50.5569,0.9998
2025-11-07 16:42:33,7.7317,33.5440,0.9999
2025-11-07 16:42:33,7.7314,34.3244,0.9999
2025-11-07 16:42:33,7.7281,11.6839,1.0000
2025-11-07 16:42:33,7.7259,9.4219,1.0000
2025-11-07 16:42:33,7.7237,24.2157,0.9999
2025-11-07 16:42:33,7.7245,26.6274,0.9999
2025-11-07 16:42:33,7.7273,50.9258,0.9998
2025-11-07 16:42:34,7.7295,51.1376,0.9998
2025-11-07 16:42:34,7.7313,31.2115,0.9999
2025-11-07 16:42:34,7.7293,36.7741,0.9999
2025-11-07 16:42:34,7.7291,34.9481,0.9999
2025-11-07 16:42:34,7.7269,34.1648,0.9999
2025-11-07 16:42:34,7.7257,42.8069,0.9999
2025-11-07 16:42:34,7.7279,42.1344,0.9999
2025-11-07 16:42:34,7.7285,48.6615,0.9998
2025-11-07 16:42:34,7.7308,47.3872,0.9999
2025-11-07 16:42:34,7.7320,34.2996,0.9999
2025-11-07 16:42:35,7.7300,40.0830,0.9999
2025-11-07 16:42:35,7.7281,22.9815,0.9999
2025-11-07 16:42:35,7.7268,20.1820,0.9999
2025-11-07 16:42:35,7.7247,36.6601,0.9999
2025-11-07 16:42:35,7.7268,37.9795,0.9999
2025-11-07 16:42:35,7.7281,49.0817,0.9998
2025-11-07 16:42:35,7.7293,50.7375,0.9998
2025-11-07 16:42:35,7.7317,25.3034,0.9999
2025-11-07 16:42:35,7.7319,25.2451,0.9999
2025-11-07 16:42:35,7.7328,32.7947,0.9999
2025-11-07 16:42:35,7.7333,33.1724,0.9999
2025-11-07 16:42:35,7.7312,55.6850,0.9998
2025-11-07 16:42:36,7.7319,56.2597,0.9998
2025-11-07 16:42:36,7.7318,55.2964,0.9998
2025-11-07 16:42:36,7.7317,55.0326,0.9998
2025-11-07 16:42:36,7.7324,45.3312,0.9999
2025-11-07 16:42:36,7.7302,47.4609,0.9999
2025-11-07 16:42:36,7.7315,63.1547,0.9998
2025-11-07 16:42:36,7.7312,62.6406,0.9998
2025-11-07 16:42:36,7.7298,80.2503,0.9998
2025-11-07 16:42:36,7.7300,79.6277,0.9998
2025-11-07 16:42:36,7.7282,56.3928,0.9998
2025-11-07 16:42:36,7.7281,56.2673,0.9998
2025-11-07 16:42:36,7.7303,33.5246,0.9999
2025-11-07 16:42:37,7.7321,32.1064,0.9999
2025-11-07 16:42:37,7.7328,39.0827,0.9999
2025-11-07 16:42:37,7.7336,39.9212,0.9999
2025-11-07 16:42:37,7.7338,37.8168,0.9999
2025-11-07 16:42:37,7.7332,38.3324,0.9999
2025-11-07 16:42:37,7.7278,15.5826,1.0000
2025-11-07 16:42:37,7.7251,7.5720,1.0000
2025-11-07 16:42:37,7.7234,18.5804,0.9999
2025-11-07 16:42:37,7.7224,14.5413,1.0000
2025-11-07 16:42:37,7.7168,29.4131,0.9999
2025-11-07 16:42:37,7.7179,36.1757,0.9999
2025-11-07 16:42:37,7.7146,61.1529,0.9998
2025-11-07 16:42:38,7.7127,50.2218,0.9998
2025-11-07 16:42:38,7.7183,49.3211,0.9998
2025-11-07 16:42:38,7.7184,50.5259,0.9998
2025-11-07 16:42:38,7.7238,7.2778,1.0000
2025-11-07 16:42:38,7.7231,9.6592,1.0000
2025-11-07 16:42:38,7.7234,10.4880,1.0000
2025-11-07 16:42:38,7.7233,10.1672,1.0000
2025-11-07 16:42:38,7.7236,9.5007,1.0000
2025-11-07 16:42:38,7.7252,4.9256,1.0000
2025-11-07 16:42:38,7.7183,39.2816,0.9999
2025-11-07 16:42:38,7.7192,46.6560,0.9999
2025-11-07 16:42:38,7.7187,46.7212,0.9999
2025-11-07 16:42:39,7.7206,56.1691,0.9998
2025-11-07 16:42:39,7.7325,36.3568,0.9999
2025-11-07 16:42:39,7.7316,36.6118,0.9999
2025-11-07 16:42:39,7.7311,41.2601,0.9999
2025-11-07 16:42:39,7.7308,41.3417,0.9999
2025-11-07 16:42:39,7.7305,38.5410,0.9999
2025-11-07 16:42:39,7.7314,38.8022,0.9999
2025-11-07 16:42:39,7.7315,37.8365,0.9999
2025-11-07 16:42:39,7.7320,37.5815,0.9999
2025-11-07 16:42:39,7.7308,27.3036,0.9999
2025-11-07 16:42:40,7.7309,27.5741,0.9999
2025-11-07 16:42:40,7.7300,36.7636,0.9999
2025-11-07 16:42:40,7.7303,37.1318,0.9999
2025-11-07 16:42:40,7.7292,30.4457,0.9999
2025-11-07 16:42:40,7.7299,32.8706,0.9999
2025-11-07 16:42:40,7.7315,17.9460,0.9999
2025-11-07 16:42:40,7.7311,17.6945,0.9999
2025-11-07 16:42:40,7.7331,30.0004,0.9999
2025-11-07 16:42:40,7.7325,29.0146,0.9999
2025-11-07 16:42:40,7.7320,32.9282,0.9999
2025-11-07 16:42:41,7.7320,32.9505,0.9999
2025-11-07 16:42:41,7.7321,34.3665,0.9999
2025-11-07 16:42:41,7.7308,34.5936,0.9999
2025-11-07 16:42:41,7.7278,69.2647,0.9998
2025-11-07 16:42:41,7.7275,68.7039,0.9998
2025-11-07 16:42:41,7.7274,67.3946,0.9998
2025-11-07 16:42:41,7.7287,69.9809,0.9998
2025-11-07 16:42:41,7.7299,53.6448,0.9998
2025-11-07 16:42:41,7.7303,53.8607,0.9998
2025-11-07 16:42:41,7.7307,58.0918,0.9998
2025-11-07 16:42:41,7.7309,58.6115,0.9998
2025-11-07 16:42:42,7.7328,36.1208,0.9999
2025-11-07 16:42:42,7.7316,38.5600,0.9999
2025-11-07 16:42:42,7.7328,52.9335,0.9998
2025-11-07 16:42:42,7.7329,53.1003,0.9998
2025-11-07 16:42:42,7.7331,51.5104,0.9998
2025-11-07 16:42:42,7.7339,48.7546,0.9999
2025-11-07 16:42:42,7.7380,116.4805,0.9996
2025-11-07 16:42:42,7.7385,115.7901,0.9996
2025-11-07 16:42:42,7.7355,162.3799,0.9995
2025-11-07 16:42:43,7.7339,170.8474,0.9995
2025-11-07 16:42:43,7.7335,162.0207,0.9995
2025-11-07 16:42:43,7.7314,161.9737,0.9995
2025-11-07 16:42:43,7.7351,115.7693,0.9996
2025-11-07 16:42:43,7.7360,109.6301,0.9997
2025-11-07 16:42:43,7.7364,116.7436,0.9996
2025-11-07 16:42:43,7.7376,111.7703,0.9997
2025-11-07 16:42:43,7.7366,122.9632,0.9996
2025-11-07 16:42:43,7.7375,118.0631,0.9996
2025-11-07 16:42:43,7.7376,120.9662,0.9996
2025-11-07 16:42:43,7.7379,120.1820,0.9996
2025-11-07 16:42:43,7.7360,148.5273,0.9995
2025-11-07 16:42:44,7.7349,153.7240,0.9995
2025-11-07 16:42:44,7.7346,147.7675,0.9995
2025-11-07 16:42:44,7.7347,147.7383,0.9995
2025-11-07 16:42:44,7.7370,116.5423,0.9996
2025-11-07 16:42:44,7.7350,133.9398,0.9996
2025-11-07 16:42:44,7.7339,109.7122,0.9997
2025-11-07 16:42:44,7.7338,109.6931,0.9997
2025-11-07 16:42:44,7.7315,137.5950,0.9996
2025-11-07 16:42:44,7.7329,127.3835,0.9996
2025-11-07 16:42:44,7.7339,149.0119,0.9995
2025-11-07 16:42:45,7.7340,149.0248,0.9995
2025-11-07 16:42:45,7.7349,135.0985,0.9996
2025-11-07 16:42:45,7.7363,127.2037,0.9996
2025-11-07 16:42:45,7.7365,130.2845,0.9996
2025-11-07 16:42:45,7.7349,134.7943,0.9996
2025-11-07 16:42:45,7.7328,167.3322,0.9995
2025-11-07 16:42:45,7.7319,169.7902,0.9995
2025-11-07 16:42:45,7.7310,147.9160,0.9995
2025-11-07 16:42:45,7.7281,161.4429,0.9995
2025-11-07 16:42:45,7.7313,123.8816,0.9996
2025-11-07 16:42:46,7.7327,121.2952,0.9996
2025-11-07 16:42:46,7.7324,114.3243,0.9996
2025-11-07 16:42:46,7.7336,103.2330,0.9997
2025-11-07 16:42:46,7.7309,137.6174,0.9996
2025-11-07 16:42:46,7.7298,138.1443,0.9996
2025-11-07 16:42:46,7.7310,168.1628,0.9995
2025-11-07 16:42:46,7.7289,185.6322,0.9994
2025-11-07 16:42:46,7.7318,153.2707,0.9995
2025-11-07 16:42:46,7.7316,153.8807,0.9995
2025-11-07 16:42:46,7.7294,105.1712,0.9997
2025-11-07 16:42:46,7.7345,76.5908,0.9998
2025-11-07 16:42:46,7.7347,75.0440,0.9998
2025-11-07 16:42:46,7.7352,72.5748,0.9998
2025-11-07 16:42:47,7.7360,86.9088,0.9997
2025-11-07 16:42:47,7.7352,88.9042,0.9997
2025-11-07 16:42:47,7.7358,82.9761,0.9997
2025-11-07 16:42:47,7.7352,86.1208,0.9997
2025-11-07 16:42:47,7.7365,111.9530,0.9997
2025-11-07 16:42:47,7.7360,114.1421,0.9997
2025-11-07 16:42:47,7.7349,125.8478,0.9996
2025-11-07 16:42:47,7.7350,125.1493,0.9996
2025-11-07 16:42:47,7.7355,136.6831,0.9996
2025-11-07 16:42:48,7.7367,132.3648,0.9996
2025-11-07 16:42:48,7.7352,154.2468,0.9995
2025-11-07 16:42:48,7.7347,157.4613,0.9995
2025-11-07 16:42:48,7.7347,158.9098,0.9995
2025-11-07 16:42:48,7.7318,170.3769,0.9995
2025-11-07 16:42:48,7.7336,149.4913,0.9995
2025-11-07 16:42:48,7.7352,142.6672,0.9996
2025-11-07 16:42:48,7.7350,137.4336,0.9996
2025-11-07 16:42:48,7.7339,147.8612,0.9995
2025-11-07 16:42:48,7.7337,149.3856,0.9995
2025-11-07 16:42:49,7.7334,150.0298,0.9995
2025-11-07 16:42:49,7.7322,121.6079,0.9996
2025-11-07 16:42:49,7.7317,126.7840,0.9996
2025-11-07 16:42:49,7.7298,147.7317,0.9995
2025-11-07 16:42:49,7.7295,147.8093,0.9995
2025-11-07 16:42:49,7.7308,179.5411,0.9994
2025-11-07 16:42:49,7.7305,181.7834,0.9994
2025-11-07 16:42:49,7.7329,155.2735,0.9995
2025-11-07 16:42:49,7.7312,163.0671,0.9995
2025-11-07 16:42:49,7.7312,162.1625,0.9995
2025-11-07 16:42:49,7.7335,142.2718,0.9996
2025-11-07 16:42:49,7.7331,145.5884,0.9996
2025-11-07 16:42:50,7.7356,133.1011,0.9996
2025-11-07 16:42:50,7.7356,132.7443,0.9996
2025-11-07 16:42:50,7.7344,143.9939,0.9996
2025-11-07 16:42:50,7.7345,142.7287,0.9996
2025-11-07 16:42:50,7.7337,144.8465,0.9996
2025-11-07 16:42:50,7.7330,129.2577,0.9996
2025-11-07 16:42:50,7.7355,111.9938,0.9997
2025-11-07 16:42:50,7.7354,113.3459,0.9997
2025-11-07 16:42:50,7.7364,109.6889,0.9997
2025-11-07 16:42:50,7.7367,114.4206,0.9997
2025-11-07 16:42:50,7.7372,111.7916,0.9997
2025-11-07 16:42:50,7.7359,129.5987,0.9996
2025-11-07 16:42:51,7.7348,133.0450,0.9996
2025-11-07 16:42:51,7.7354,148.6884,0.9995
2025-11-07 16:42:51,7.7340,155.2945,0.9995
2025-11-07 16:42:51,7.7355,137.8075,0.9996
2025-11-07 16:42:51,7.7349,140.5291,0.9996
2025-11-07 16:42:51,7.7353,149.6864,0.9995
2025-11-07 16:42:51,7.7364,143.1442,0.9996
2025-11-07 16:42:51,7.7323,206.3772,0.9994
2025-11-07 16:42:51,7.7323,206.3772,0.9994
2025-11-07 16:42:51,7.7307,164.5808,0.9995
2025-11-07 16:42:51,7.7294,167.3523,0.9995
2025-11-07 16:42:51,7.7312,138.5029,0.9996
2025-11-07 16:42:52,7.7326,135.9120,0.9996
2025-11-07 16:42:52,7.7335,156.4164,0.9995
2025-11-07 16:42:52,7.7332,157.8953,0.9995
2025-11-07 16:42:52,7.7355,128.4941,0.9996
2025-11-07 16:42:52,7.7347,130.8887,0.9996
2025-11-07 16:42:52,7.7346,127.9230,0.9996
2025-11-07 16:42:52,7.7330,141.7741,0.9996
2025-11-07 16:42:52,7.7339,134.3963,0.9996
2025-11-07 16:42:52,7.7346,132.5002,0.9996
2025-11-07 16:42:52,7.7349,139.5484,0.9996
2025-11-07 16:42:52,7.7367,121.4754,0.9996
2025-11-07 16:42:52,7.7337,159.7314,0.9995
2025-11-07 16:42:53,7.7340,159.3591,0.9995
2025-11-07 16:42:53,7.7337,154.0612,0.9995
2025-11-07 16:42:53,7.7367,144.5114,0.9996
2025-11-07 16:42:53,7.7359,159.3633,0.9995
2025-11-07 16:42:53,7.7354,160.6978,0.9995
2025-11-07 16:42:53,7.7366,189.8323,0.9994
2025-11-07 16:42:53,7.7346,194.3528,0.9994
2025-11-07 16:42:53,7.7359,172.8230,0.9995
2025-11-07 16:42:53,7.7350,176.6278,0.9995
2025-11-07 16:42:53,7.7351,177.7603,0.9995
2025-11-07 16:42:54,7.7338,184.8068,0.9994
2025-11-07 16:42:54,7.7350,169.5958,0.9995
2025-11-07 16:42:54,7.7359,165.6006,0.9995
2025-11-07 16:42:54,7.7353,149.5641,0.9995
2025-11-07 16:42:54,7.7353,149.1481,0.9995
2025-11-07 16:42:54,7.7335,174.5085,0.9995
2025-11-07 16:42:54,7.7328,176.3857,0.9995
2025-11-07 16:42:54,7.7332,187.0813,0.9994
2025-11-07 16:42:54,7.7302,214.3007,0.9993
2025-11-07 16:42:54,7.7323,189.9298,0.9994
2025-11-07 16:42:55,7.7320,190.6684,0.9994
2025-11-07 16:42:55,7.7317,182.4909,0.9994
2025-11-07 16:42:55,7.7328,169.9022,0.9995
2025-11-07 16:42:55,7.7318,181.6306,0.9994
2025-11-07 16:42:55,7.7294,194.0636,0.9994
2025-11-07 16:42:55,7.7290,182.0148,0.9994
2025-11-07 16:42:55,7.7216,293.5833,0.9991
2025-11-07 16:42:55,7.7231,286.8729,0.9991
2025-11-07 16:42:55,7.7259,284.0713,0.9991
2025-11-07 16:42:56,7.7260,288.0555,0.9991
2025-11-07 16:42:56,7.7258,293.3965,0.9991
2025-11-07 16:42:56,7.7239,305.4894,0.9990
2025-11-07 16:42:56,7.7243,306.6354,0.9990
2025-11-07 16:42:56,7.7242,302.5487,0.9991
2025-11-07 16:42:56,7.7266,250.7592,0.9992
2025-11-07 16:42:56,7.7283,236.4068,0.9993
2025-11-07 16:42:56,7.7260,239.0859,0.9993
2025-11-07 16:42:56,7.7247,202.6032,0.9994
2025-11-07 16:42:56,7.7148,468.7176,0.9985
2025-11-07 16:42:56,7.7124,469.7538,0.9985
2025-11-07 16:42:57,7.7131,473.9717,0.9985
2025-11-07 16:42:57,7.7140,507.5798,0.9984
2025-11-07 16:42:57,7.7273,195.5510,0.9994
2025-11-07 16:42:57,7.7284,184.1649,0.9994
2025-11-07 16:42:57,7.7274,187.9916,0.9994
2025-11-07 16:42:57,7.7268,170.3111,0.9995
2025-11-07 16:42:57,7.7292,146.9972,0.9995
2025-11-07 16:42:57,7.7312,130.1453,0.9996
2025-11-07 16:42:57,7.7320,125.1228,0.9996
2025-11-07 16:42:57,7.7331,150.4679,0.9995
2025-11-07 16:42:57,7.7350,135.6165,0.9996
2025-11-07 16:42:57,7.7325,164.2154,0.9995
2025-11-07 16:42:58,7.7334,159.4742,0.9995
2025-11-07 16:42:58,7.7328,145.3461,0.9996
2025-11-07 16:42:58,7.7354,140.2289,0.9996
2025-11-07 16:42:58,7.7355,137.8140,0.9996
2025-11-07 16:42:58,7.7363,133.8353,0.9996
2025-11-07 16:42:58,7.7367,141.0747,0.9996
2025-11-07 16:42:58,7.7319,164.4362,0.9995
2025-11-07 16:42:58,7.7324,158.6372,0.9995
2025-11-07 16:42:59,7.7327,158.2466,0.9995
2025-11-07 16:42:59,7.7300,101.0426,0.9997
2025-11-07 16:42:59,7.7330,85.1812,0.9997
2025-11-07 16:42:59,7.7315,106.1133,0.9997
2025-11-07 16:42:59,7.7304,107.5424,0.9997
2025-11-07 16:42:59,7.7307,111.9630,0.9997
2025-11-07 16:42:59,7.7304,112.2714,0.9997
2025-11-07 16:42:59,7.7325,86.1957,0.9997
2025-11-07 16:42:59,7.7331,84.3695,0.9997
2025-11-07 16:42:59,7.7286,27.1194,0.9999
2025-11-07 16:42:59,7.7298,28.0508,0.9999
2025-11-07 16:42:59,7.7307,20.6521,0.9999
2025-11-07 16:42:59,7.7305,20.8961,0.9999
2025-11-07 16:42:59,7.7272,7.9077,1.0000
2025-11-07 16:42:59,7.7274,8.6498,1.0000
2025-11-07 16:43:00,7.7264,14.6626,1.0000
2025-11-07 16:43:00,7.7271,15.9947,1.0000
2025-11-07 16:43:00,7.7288,19.9741,0.9999
2025-11-07 16:43:00,7.7271,17.5137,0.9999
2025-11-07 16:43:00,7.7276,14.0141,1.0000
2025-11-07 16:43:00,7.7270,13.0051,1.0000
2025-11-07 16:43:00,7.7292,29.6271,0.9999
2025-11-07 16:43:00,7.7297,29.1533,0.9999
2025-11-07 16:43:00,7.7300,26.6049,0.9999
2025-11-07 16:43:00,7.7306,26.5098,0.9999
2025-11-07 16:43:00,7.7316,36.4803,0.9999
2025-11-07 16:43:01,7.7323,35.5814,0.9999
2025-11-07 16:43:01,7.7303,56.4853,0.9998
2025-11-07 16:43:01,7.7297,56.4641,0.9998
2025-11-07 16:43:01,7.7291,49.8020,0.9998
2025-11-07 16:43:01,7.7257,56.6040,0.9998
2025-11-07 16:43:01,7.7279,40.4663,0.9999
2025-11-07 16:43:01,7.7271,40.5729,0.9999
2025-11-07 16:43:01,7.7275,46.0040,0.9999
2025-11-07 16:43:01,7.7299,36.2267,0.9999
2025-11-07 16:43:01,7.7246,98.2234,0.9997
2025-11-07 16:43:01,7.7259,100.8437,0.9997
2025-11-07 16:43:01,7.7278,130.7176,0.9996
2025-11-07 16:43:01,7.7280,130.6346,0.9996
2025-11-07 16:43:01,7.7318,72.0976,0.9998
2025-11-07 16:43:02,7.7309,73.5636,0.9998
2025-11-07 16:43:02,7.7254,16.5795,0.9999
2025-11-07 16:43:02,7.7220,22.0706,0.9999
2025-11-07 16:43:02,7.7233,16.7318,0.9999
2025-11-07 16:43:02,7.7243,20.5867,0.9999
2025-11-07 16:43:02,7.7331,148.3273,0.9995
2025-11-07 16:43:02,7.7340,139.1150,0.9996
2025-11-07 16:43:02,7.7337,141.8091,0.9996
2025-11-07 16:43:02,7.7325,144.8436,0.9996
2025-11-07 16:43:02,7.7310,109.9122,0.9997
2025-11-07 16:43:03,7.7280,143.4122,0.9996
2025-11-07 16:43:03,7.7264,157.5103,0.9995
2025-11-07 16:43:03,7.7271,158.2590,0.9995
2025-11-07 16:43:03,7.7260,133.7139,0.9996
2025-11-07 16:43:03,7.7196,252.2534,0.9992
2025-11-07 16:43:03,7.7208,246.5547,0.9992
2025-11-07 16:43:03,7.7211,248.4944,0.9992
2025-11-07 16:43:03,7.7207,238.4616,0.9993
2025-11-07 16:43:03,7.7256,138.4179,0.9996
2025-11-07 16:43:03,7.7261,135.4030,0.9996
2025-11-07 16:43:04,7.7251,133.1099,0.9996
2025-11-07 16:43:04,7.7277,193.5764,0.9994
2025-11-07 16:43:04,7.7327,128.4259,0.9996
2025-11-07 16:43:04,7.7320,135.6395,0.9996
2025-11-07 16:43:04,7.7321,135.3375,0.9996
2025-11-07 16:43:04,7.7317,126.1733,0.9996
2025-11-07 16:43:04,7.7333,115.6951,0.9996
2025-11-07 16:43:04,7.7347,101.1989,0.9997
2025-11-07 16:43:04,7.7335,108.6267,0.9997
2025-11-07 16:43:04,7.7344,129.9648,0.9996
2025-11-07 16:43:04,7.7366,122.6190,0.9996
2025-11-07 16:43:04,7.7334,165.2749,0.9995
2025-11-07 16:43:04,7.7342,160.6376,0.9995
2025-11-07 16:43:04,7.7342,160.4253,0.9995
2025-11-07 16:43:05,7.7345,160.7044,0.9995
2025-11-07 16:43:05,7.7353,148.0803,0.9995
2025-11-07 16:43:05,7.7372,139.1566,0.9996
2025-11-07 16:43:05,7.7368,130.7780,0.9996
2025-11-07 16:43:05,7.7361,131.4764,0.9996
2025-11-07 16:43:05,7.7381,102.6261,0.9997
2025-11-07 16:43:05,7.7358,115.8009,0.9996
2025-11-07 16:43:05,7.7356,111.1990,0.9997
2025-11-07 16:43:05,7.7358,110.9245,0.9997
2025-11-07 16:43:05,7.7342,131.4789,0.9996
2025-11-07 16:43:05,7.7362,121.6889,0.9996
2025-11-07 16:43:05,7.7356,111.0113,0.9997
2025-11-07 16:43:06,7.7353,111.2948,0.9997
2025-11-07 16:43:06,7.7358,103.8011,0.9997
2025-11-07 16:43:06,7.7362,102.8803,0.9997
2025-11-07 16:43:06,7.7317,40.1356,0.9999
2025-11-07 16:43:06,7.7318,40.2434,0.9999
2025-11-07 16:43:06,7.7330,28.7083,0.9999
2025-11-07 16:43:06,7.7335,29.0155,0.9999
2025-11-07 16:43:06,7.7376,80.3537,0.9998
2025-11-07 16:43:06,7.7372,81.6340,0.9998
2025-11-07 16:43:06,7.7355,104.2192,0.9997
2025-11-07 16:43:06,7.7342,106.2205,0.9997
2025-11-07 16:43:07,7.7339,100.2318,0.9997
2025-11-07 16:43:07,7.7308,112.9416,0.9997
2025-11-07 16:43:07,7.7304,118.5913,0.9996
2025-11-07 16:43:07,7.7304,118.5724,0.9996
2025-11-07 16:43:07,7.7313,137.5085,0.9996
2025-11-07 16:43:07,7.7315,136.2051,0.9996
2025-11-07 16:43:07,7.7333,114.9375,0.9996
2025-11-07 16:43:07,7.7340,113.9984,0.9997
2025-11-07 16:43:07,7.7340,114.1598,0.9997
2025-11-07 16:43:07,7.7384,94.5302,0.9997
2025-11-07 16:43:08,7.7370,115.0972,0.9996
2025-11-07 16:43:08,7.7375,113.9541,0.9997
2025-11-07 16:43:08,7.7378,119.6572,0.9996
2025-11-07 16:43:08,7.7371,120.0761,0.9996
2025-11-07 16:43:08,7.7388,95.7591,0.9997
2025-11-07 16:43:08,7.7388,95.7591,0.9997
2025-11-07 16:43:08,7.7397,112.6934,0.9997
2025-11-07 16:43:08,7.7388,116.1226,0.9996
2025-11-07 16:43:08,7.7386,118.3951,0.9996
2025-11-07 16:43:08,7.7373,123.0407,0.9996
2025-11-07 16:43:08,7.7375,127.1033,0.9996
2025-11-07 16:43:09,7.7376,126.5430,0.9996
2025-11-07 16:43:09,7.7343,179.0482,0.9995
2025-11-07 16:43:09,7.7326,186.2557,0.9994
2025-11-07 16:43:09,7.7322,174.3852,0.9995
2025-11-07 16:43:09,7.7312,175.4611,0.9995
2025-11-07 16:43:09,7.7331,146.8667,0.9995
2025-11-07 16:43:09,7.7336,143.7188,0.9996
2025-11-07 16:43:09,7.7341,154.6787,0.9995
2025-11-07 16:43:09,7.7331,159.1387,0.9995
2025-11-07 16:43:10,7.7324,169.7200,0.9995
2025-11-07 16:43:10,7.7326,168.7006,0.9995
2025-11-07 16:43:10,7.7314,139.1563,0.9996
2025-11-07 16:43:10,7.7314,139.1756,0.9996
2025-11-07 16:43:10,7.7321,130.2255,0.9996
2025-11-07 16:43:10,7.7327,128.3637,0.9996
2025-11-07 16:43:10,7.7328,130.5573,0.9996
2025-11-07 16:43:10,7.7346,123.9388,0.9996
2025-11-07 16:43:10,7.7341,130.8719,0.9996
2025-11-07 16:43:11,7.7324,138.9554,0.9996
2025-11-07 16:43:11,7.7312,113.0404,0.9997
2025-11-07 16:43:11,7.7301,114.1213,0.9996
2025-11-07 16:43:11,7.7302,112.2922,0.9997
2025-11-07 16:43:11,7.7300,113.4982,0.9996
2025-11-07 16:43:11,7.7304,122.1360,0.9996
2025-11-07 16:43:11,7.7273,138.6576,0.9996
2025-11-07 16:43:11,7.7274,137.2434,0.9996
2025-11-07 16:43:12,7.7279,135.5927,0.9996
2025-11-07 16:43:12,7.7279,134.7484,0.9996
2025-11-07 16:43:12,7.7285,129.2820,0.9996
2025-11-07 16:43:12,7.7300,115.5236,0.9996
2025-11-07 16:43:12,7.7297,116.7113,0.9996
2025-11-07 16:43:12,7.7306,137.8885,0.9996
2025-11-07 16:43:12,7.7261,194.7254,0.9994
2025-11-07 16:43:12,7.7249,203.5737,0.9994
2025-11-07 16:43:12,7.7270,204.2851,0.9994
2025-11-07 16:43:12,7.7265,191.8202,0.9994
2025-11-07 16:43:13,7.7316,128.6793,0.9996
2025-11-07 16:43:13,7.7332,111.3912,0.9997
2025-11-07 16:43:13,7.7334,111.0674,0.9997
2025-11-07 16:43:13,7.7276,26.4470,0.9999
2025-11-07 16:43:13,7.7273,27.5352,0.9999
2025-11-07 16:43:13,7.7282,23.0441,0.9999
2025-11-07 16:43:13,7.7281,22.6261,0.9999
2025-11-07 16:43:13,7.7301,42.9656,0.9999
2025-11-07 16:43:13,7.7336,29.5876,0.9999
2025-11-07 16:43:13,7.7314,50.3215,0.9998
2025-11-07 16:43:14,7.7312,50.3663,0.9998
2025-11-07 16:43:14,7.7296,34.7321,0.9999
2025-11-07 16:43:14,7.7265,37.8163,0.9999
2025-11-07 16:43:14,7.7257,44.6423,0.9999
2025-11-07 16:43:14,7.7253,43.4638,0.9999
2025-11-07 16:43:14,7.7279,78.1097,0.9998
2025-11-07 16:43:14,7.7303,71.8438,0.9998
2025-11-07 16:43:14,7.7303,71.3431,0.9998
2025-11-07 16:43:14,7.7317,71.7605,0.9998
2025-11-07 16:43:14,7.7313,66.5775,0.9998
2025-11-07 16:43:15,7.7323,66.6770,0.9998
2025-11-07 16:43:15,7.7328,60.9261,0.9998
2025-11-07 16:43:15,7.7319,60.8915,0.9998
2025-11-07 16:43:15,7.7305,45.5803,0.9999
2025-11-07 16:43:15,7.7302,44.9878,0.9999
2025-11-07 16:43:15,7.7276,80.5639,0.9998
2025-11-07 16:43:15,7.7282,82.0891,0.9997
2025-11-07 16:43:15,7.7286,85.9817,0.9997
2025-11-07 16:43:15,7.7288,86.6366,0.9997
2025-11-07 16:43:15,7.7315,47.0795,0.9999
2025-11-07 16:43:15,7.7321,47.8715,0.9999
2025-11-07 16:43:16,7.7386,154.2778,0.9995
2025-11-07 16:43:16,7.7383,155.2498,0.9995
2025-11-07 16:43:16,7.7399,130.7417,0.9996
2025-11-07 16:43:16,7.7399,130.7417,0.9996
2025-11-07 16:43:16,7.7399,130.1757,0.9996
2025-11-07 16:43:16,7.7402,129.0348,0.9996
2025-11-07 16:43:16,7.7391,145.1359,0.9996
2025-11-07 16:43:16,7.7391,145.1359,0.9996
2025-11-07 16:43:16,7.7389,141.8998,0.9996
2025-11-07 16:43:16,7.7392,141.1341,0.9996
2025-11-07 16:43:16,7.7399,129.4184,0.9996
2025-11-07 16:43:17,7.7399,129.4184,0.9996
2025-11-07 16:43:17,7.7394,117.5283,0.9996
2025-11-07 16:43:17,7.7385,121.2659,0.9996
2025-11-07 16:43:17,7.7377,131.7270,0.9996
2025-11-07 16:43:17,7.7364,135.6270,0.9996
2025-11-07 16:43:17,7.7359,124.8491,0.9996
2025-11-07 16:43:17,7.7202,401.4128,0.9987
2025-11-07 16:43:17,7.7213,398.5384,0.9988
2025-11-07 16:43:17,7.7214,399.3167,0.9987
2025-11-07 16:43:17,7.7206,375.5379,0.9988
2025-11-07 16:43:18,7.7289,174.3012,0.9995
2025-11-07 16:43:18,7.7280,180.2142,0.9994
2025-11-07 16:43:18,7.7276,179.7456,0.9994
2025-11-07 16:43:18,7.7256,134.7851,0.9996
2025-11-07 16:43:18,7.7315,76.0511,0.9998
2025-11-07 16:43:18,7.7299,94.9808,0.9997
2025-11-07 16:43:18,7.7293,95.6449,0.9997
2025-11-07 16:43:18,7.7294,96.6681,0.9997
2025-11-07 16:43:18,7.7313,94.2117,0.9997
2025-11-07 16:43:18,7.7296,121.5576,0.9996
2025-11-07 16:43:18,7.7304,120.6139,0.9996
2025-11-07 16:43:19,7.7326,163.6023,0.9995
2025-11-07 16:43:19,7.7315,164.8972,0.9995
2025-11-07 16:43:19,7.7339,126.5881,0.9996
2025-11-07 16:43:19,7.7319,135.7373,0.9996
2025-11-07 16:43:19,7.7316,129.9094,0.9996
2025-11-07 16:43:19,7.7331,128.6699,0.9996
2025-11-07 16:43:19,7.7345,110.7854,0.9997
2025-11-07 16:43:19,7.7354,104.7785,0.9997
2025-11-07 16:43:20,7.7356,109.7490,0.9997
2025-11-07 16:43:20,7.7341,113.3319,0.9997
2025-11-07 16:43:20,7.7325,133.0861,0.9996
2025-11-07 16:43:20,7.7345,127.3239,0.9996
2025-11-07 16:43:20,7.7344,124.7650,0.9996
2025-11-07 16:43:20,7.7361,120.6928,0.9996
2025-11-07 16:43:20,7.7364,116.4334,0.9996
2025-11-07 16:43:20,7.7372,115.2709,0.9996
2025-11-07 16:43:20,7.7381,133.2400,0.9996
2025-11-07 16:43:20,7.7381,133.2400,0.9996
2025-11-07 16:43:21,7.7355,181.4206,0.9994
2025-11-07 16:43:21,7.7340,183.3554,0.9994
2025-11-07 16:43:21,7.7335,171.6739,0.9995
2025-11-07 16:43:21,7.7323,171.7121,0.9995
2025-11-07 16:43:21,7.7364,109.0322,0.9997
2025-11-07 16:43:21,7.7371,106.3707,0.9997
2025-11-07 16:43:21,7.7366,95.6390,0.9997
2025-11-07 16:43:21,7.7376,92.6811,0.9997
2025-11-07 16:43:21,7.7355,122.5025,0.9996
2025-11-07 16:43:22,7.7345,125.3715,0.9996
2025-11-07 16:43:22,7.7329,96.0605,0.9997
2025-11-07 16:43:22,7.7324,95.7408,0.9997
2025-11-07 16:43:22,7.7326,93.2914,0.9997
2025-11-07 16:43:22,7.7324,93.7621,0.9997
2025-11-07 16:43:22,7.7352,150.5624,0.9995
2025-11-07 16:43:22,7.7355,150.0863,0.9995
2025-11-07 16:43:22,7.7361,141.2905,0.9996
2025-11-07 16:43:22,7.7366,139.0287,0.9996
2025-11-07 16:43:22,7.7347,100.5478,0.9997
2025-11-07 16:43:22,7.7330,104.0607,0.9997
2025-11-07 16:43:23,7.7326,108.4525,0.9997
2025-11-07 16:43:23,7.7313,112.5598,0.9997
2025-11-07 16:43:23,7.7326,139.8048,0.9996
2025-11-07 16:43:23,7.7332,138.0917,0.9996
2025-11-07 16:43:23,7.7347,119.4039,0.9996
2025-11-07 16:43:23,7.7359,112.7460,0.9997
2025-11-07 16:43:23,7.7363,120.6508,0.9996
2025-11-07 16:43:23,7.7374,116.9342,0.9996
2025-11-07 16:43:23,7.7378,112.0397,0.9997
2025-11-07 16:43:24,7.7389,107.2842,0.9997
2025-11-07 16:43:24,7.7385,99.3757,0.9997
2025-11-07 16:43:24,7.7383,100.1331,0.9997
2025-11-07 16:43:24,7.7382,100.8468,0.9997
2025-11-07 16:43:24,7.7375,103.3079,0.9997
2025-11-07 16:43:24,7.7378,109.6656,0.9997
2025-11-07 16:43:24,7.7387,107.7465,0.9997
2025-11-07 16:43:24,7.7373,126.9894,0.9996
2025-11-07 16:43:24,7.7373,127.1462,0.9996
2025-11-07 16:43:24,7.7368,116.7832,0.9996
2025-11-07 16:43:24,7.7319,139.6673,0.9996
2025-11-07 16:43:25,7.7304,159.7648,0.9995
2025-11-07 16:43:25,7.7294,160.4623,0.9995
2025-11-07 16:43:25,7.7296,165.0034,0.9995
2025-11-07 16:43:25,7.7314,153.6487,0.9995
2025-11-07 16:43:25,7.7341,120.0577,0.9996
2025-11-07 16:43:25,7.7345,118.1519,0.9996
2025-11-07 16:43:25,7.7360,153.4432,0.9995
2025-11-07 16:43:25,7.7371,146.7896,0.9996
2025-11-07 16:43:25,7.7345,184.6330,0.9994
2025-11-07 16:43:26,7.7348,183.5996,0.9994
2025-11-07 16:43:26,7.7345,175.7559,0.9995
2025-11-07 16:43:26,7.7351,174.0297,0.9995
2025-11-07 16:43:26,7.7381,129.8809,0.9996
2025-11-07 16:43:26,7.7372,135.4667,0.9996
2025-11-07 16:43:26,7.7373,137.6457,0.9996
2025-11-07 16:43:26,7.7370,138.5668,0.9996
2025-11-07 16:43:26,7.7350,165.3128,0.9995
2025-11-07 16:43:26,7.7341,171.0944,0.9995
2025-11-07 16:43:26,7.7345,180.5034,0.9994
2025-11-07 16:43:26,7.7322,191.3961,0.9994
2025-11-07 16:43:27,7.7346,164.7324,0.9995
2025-11-07 16:43:27,7.7356,158.1845,0.9995
2025-11-07 16:43:27,7.7357,159.9460,0.9995
2025-11-07 16:43:27,7.7385,141.7347,0.9996
2025-11-07 16:43:27,7.7363,170.0304,0.9995
2025-11-07 16:43:27,7.7372,165.4591,0.9995
2025-11-07 16:43:27,7.7368,155.4521,0.9995
2025-11-07 16:43:27,7.7368,155.4521,0.9995
2025-11-07 16:43:27,7.7354,178.4890,0.9995
2025-11-07 16:43:27,7.7354,178.4890,0.9995
2025-11-07 16:43:28,7.7350,170.0834,0.9995
2025-11-07 16:43:28,7.7354,169.6194,0.9995
2025-11-07 16:43:28,7.7385,122.7046,0.9996
2025-11-07 16:43:28,7.7385,122.7046,0.9996
2025-11-07 16:43:28,7.7389,131.8907,0.9996
2025-11-07 16:43:28,7.7387,132.4591,0.9996
2025-11-07 16:43:28,7.7370,156.0837,0.9995
2025-11-07 16:43:28,7.7377,153.4566,0.9995
2025-11-07 16:43:29,7.7381,164.2050,0.9995
2025-11-07 16:43:29,7.7381,164.3225,0.9995
2025-11-07 16:43:29,7.7398,138.9245,0.9996
2025-11-07 16:43:29,7.7395,140.4732,0.9996
2025-11-07 16:43:29,7.7385,116.4755,0.9996
2025-11-07 16:43:29,7.7383,117.0335,0.9996
2025-11-07 16:43:29,7.7358,152.3870,0.9995
2025-11-07 16:43:29,7.7357,152.8629,0.9995
2025-11-07 16:43:29,7.7350,136.7821,0.9996
2025-11-07 16:43:29,7.7324,146.9091,0.9995
2025-11-07 16:43:29,7.7328,141.4461,0.9996
2025-11-07 16:43:30,7.7326,141.7553,0.9996
2025-11-07 16:43:30,7.7332,154.9146,0.9995
2025-11-07 16:43:30,7.7325,160.3463,0.9995
2025-11-07 16:43:30,7.7325,160.0718,0.9995
2025-11-07 16:43:30,7.7317,162.1607,0.9995
2025-11-07 16:43:30,7.7316,159.8439,0.9995
2025-11-07 16:43:30,7.7349,144.8115,0.9996
2025-11-07 16:43:30,7.7351,141.8376,0.9996
2025-11-07 16:43:30,7.7368,135.2950,0.9996
2025-11-07 16:43:31,7.7349,98.9345,0.9997
2025-11-07 16:43:31,7.7349,98.9345,0.9997
2025-11-07 16:43:31,7.7348,100.3499,0.9997
2025-11-07 16:43:31,7.7347,100.4373,0.9997
2025-11-07 16:43:31,7.7371,148.0457,0.9995
2025-11-07 16:43:31,7.7372,147.8041,0.9996
2025-11-07 16:43:31,7.7373,146.0312,0.9996
2025-11-07 16:43:31,7.7373,146.0312,0.9996
2025-11-07 16:43:31,7.7364,126.5790,0.9996
2025-11-07 16:43:31,7.7361,127.3730,0.9996
2025-11-07 16:43:32,7.7361,126.3538,0.9996
2025-11-07 16:43:32,7.7367,125.5132,0.9996
2025-11-07 16:43:32,7.7368,129.4119,0.9996
2025-11-07 16:43:32,7.7358,133.6941,0.9996
2025-11-07 16:43:32,7.7362,128.1149,0.9996
2025-11-07 16:43:32,7.7341,134.1004,0.9996
2025-11-07 16:43:32,7.7335,120.4689,0.9996
2025-11-07 16:43:32,7.7336,120.1704,0.9996
2025-11-07 16:43:32,7.7327,132.2015,0.9996
2025-11-07 16:43:32,7.7343,128.3180,0.9996
2025-11-07 16:43:33,7.7350,142.8436,0.9996
2025-11-07 16:43:33,7.7367,138.0458,0.9996
2025-11-07 16:43:33,7.7380,117.6639,0.9996
2025-11-07 16:43:33,7.7365,124.7955,0.9996
2025-11-07 16:43:33,7.7362,118.6510,0.9996
2025-11-07 16:43:33,7.7361,118.7705,0.9996
2025-11-07 16:43:33,7.7351,132.0084,0.9996
2025-11-07 16:43:33,7.7349,133.1512,0.9996
2025-11-07 16:43:33,7.7350,134.3775,0.9996
2025-11-07 16:43:33,7.7347,134.5437,0.9996
2025-11-07 16:43:34,7.7344,138.5920,0.9996
2025-11-07 16:43:34,7.7340,140.8727,0.9996
2025-11-07 16:43:34,7.7341,143.4715,0.9996
2025-11-07 16:43:34,7.7325,146.8800,0.9995
2025-11-07 16:43:34,7.7322,151.0298,0.9995
2025-11-07 16:43:34,7.7334,146.5024,0.9996
2025-11-07 16:43:34,7.7341,164.3228,0.9995
2025-11-07 16:43:34,7.7331,170.5250,0.9995
2025-11-07 16:43:34,7.7339,158.2946,0.9995
2025-11-07 16:43:35,7.7337,159.0871,0.9995
2025-11-07 16:43:35,7.7338,162.5308,0.9995
2025-11-07 16:43:35,7.7333,166.0997,0.9995
2025-11-07 16:43:35,7.7326,176.8041,0.9995
2025-11-07 16:43:35,7.7324,177.1435,0.9995
2025-11-07 16:43:35,7.7318,161.7667,0.9995
2025-11-07 16:43:35,7.7354,148.3185,0.9995
2025-11-07 16:43:35,7.7358,142.4477,0.9996
2025-11-07 16:43:36,7.7362,140.2903,0.9996
2025-11-07 16:43:36,7.7365,145.9335,0.9996
2025-11-07 16:43:36,7.7368,145.6856,0.9996
2025-11-07 16:43:36,7.7370,141.9453,0.9996
2025-11-07 16:43:36,7.7366,144.3502,0.9996
2025-11-07 16:43:36,7.7366,144.4311,0.9996
2025-11-07 16:43:36,7.7357,145.4203,0.9996
2025-11-07 16:43:36,7.7354,150.4028,0.9995
2025-11-07 16:43:36,7.7350,152.2156,0.9995
2025-11-07 16:43:36,7.7344,136.8343,0.9996
2025-11-07 16:43:37,7.7347,136.5687,0.9996
2025-11-07 16:43:37,7.7328,168.5011,0.9995
2025-11-07 16:43:37,7.7336,165.8102,0.9995
2025-11-07 16:43:37,7.7351,200.7254,0.9994
2025-11-07 16:43:37,7.7358,200.7220,0.9994
2025-11-07 16:43:37,7.7381,158.8818,0.9995
2025-11-07 16:43:38,7.7388,155.3278,0.9995
2025-11-07 16:43:38,7.7390,158.4554,0.9995
2025-11-07 16:43:38,7.7381,160.4581,0.9995
2025-11-07 16:43:38,7.7379,163.9967,0.9995
2025-11-07 16:43:38,7.7382,163.0943,0.9995
2025-11-07 16:43:38,7.7378,155.5056,0.9995
2025-11-07 16:43:38,7.7366,160.8906,0.9995
2025-11-07 16:43:38,7.7374,147.5118,0.9996
2025-11-07 16:43:38,7.7379,146.7358,0.9996
2025-11-07 16:43:38,7.7361,108.6808,0.9997
2025-11-07 16:43:38,7.7369,105.1029,0.9997
2025-11-07 16:43:39,7.7360,118.6165,0.9996
2025-11-07 16:43:39,7.7335,124.7756,0.9996
2025-11-07 16:43:39,7.7332,117.4444,0.9996
2025-11-07 16:43:39,7.7322,119.3232,0.9996
2025-11-07 16:43:39,7.7317,127.3263,0.9996
2025-11-07 16:43:39,7.7302,134.4830,0.9996
2025-11-07 16:43:39,7.7305,141.4986,0.9996
2025-11-07 16:43:39,7.7306,141.4431,0.9996
2025-11-07 16:43:39,7.7316,127.9659,0.9996
2025-11-07 16:43:40,7.7340,116.2123,0.9996
2025-11-07 16:43:40,7.7344,124.7823,0.9996
2025-11-07 16:43:40,7.7341,125.8218,0.9996
2025-11-07 16:43:40,7.7360,104.3550,0.9997
2025-11-07 16:43:40,7.7364,102.7165,0.9997
2025-11-07 16:43:40,7.7355,83.7488,0.9997
2025-11-07 16:43:40,7.7371,77.3207,0.9998
2025-11-07 16:43:40,7.7365,84.0773,0.9997
2025-11-07 16:43:40,7.7364,84.4587,0.9997
2025-11-07 16:43:40,7.7371,97.8434,0.9997
2025-11-07 16:43:41,7.7369,98.4756,0.9997
2025-11-07 16:43:41,7.7367,100.0780,0.9997
2025-11-07 16:43:41,7.7363,101.7100,0.9997
2025-11-07 16:43:41,7.7369,113.7707,0.9997
2025-11-07 16:43:41,7.7370,113.7056,0.9997
2025-11-07 16:43:41,7.7361,124.5900,0.9996
2025-11-07 16:43:41,7.7365,123.0646,0.9996
2025-11-07 16:43:41,7.7337,71.6258,0.9998
2025-11-07 16:43:41,7.7332,72.0377,0.9998
2025-11-07 16:43:41,7.7319,90.2948,0.9997
2025-11-07 16:43:42,7.7324,90.2233,0.9997
2025-11-07 16:43:42,7.7301,59.3491,0.9998
2025-11-07 16:43:42,7.7310,60.7022,0.9998
2025-11-07 16:43:42,7.7318,50.2753,0.9998
2025-11-07 16:43:42,7.7323,50.9776,0.9998
2025-11-07 16:43:42,7.7334,62.2838,0.9998
2025-11-07 16:43:42,7.7338,62.8339,0.9998
2025-11-07 16:43:42,7.7339,61.3828,0.9998
2025-11-07 16:43:42,7.7339,61.3828,0.9998
2025-11-07 16:43:42,7.7380,126.9891,0.9996
2025-11-07 16:43:42,7.7384,126.7202,0.9996
2025-11-07 16:43:43,7.7399,104.2512,0.9997
2025-11-07 16:43:43,7.7382,112.1754,0.9997
2025-11-07 16:43:43,7.7382,112.7128,0.9997
2025-11-07 16:43:43,7.7372,114.0925,0.9997
2025-11-07 16:43:43,7.7372,114.4399,0.9997
2025-11-07 16:43:43,7.7377,111.7358,0.9997
2025-11-07 16:43:43,7.7372,102.3211,0.9997
2025-11-07 16:43:43,7.7375,101.8149,0.9997
2025-11-07 16:43:43,7.7354,131.5192,0.9996
2025-11-07 16:43:43,7.7354,131.4050,0.9996
2025-11-07 16:43:43,7.7361,145.4871,0.9996
2025-11-07 16:43:44,7.7357,146.0408,0.9996
2025-11-07 16:43:44,7.7385,107.0874,0.9997
2025-11-07 16:43:44,7.7380,109.7521,0.9997
2025-11-07 16:43:44,7.7383,116.0420,0.9996
2025-11-07 16:43:44,7.7385,115.5613,0.9996
2025-11-07 16:43:44,7.7363,143.7315,0.9996
2025-11-07 16:43:44,7.7376,138.9407,0.9996
2025-11-07 16:43:44,7.7375,137.2250,0.9996
2025-11-07 16:43:44,7.7375,137.3278,0.9996
2025-11-07 16:43:44,7.7390,116.1092,0.9996
2025-11-07 16:43:45,7.7382,119.0591,0.9996
2025-11-07 16:43:45,7.7375,104.0956,0.9997
2025-11-07 16:43:45,7.7365,107.6824,0.9997
2025-11-07 16:43:45,7.7346,132.8821,0.9996
2025-11-07 16:43:45,7.7308,155.4823,0.9995
2025-11-07 16:43:45,7.7312,163.3906,0.9995
2025-11-07 16:43:45,7.7299,166.3544,0.9995
2025-11-07 16:43:45,7.7301,164.5155,0.9995
2025-11-07 16:43:45,7.7330,145.8721,0.9996
2025-11-07 16:43:45,7.7329,142.7648,0.9996
2025-11-07 16:43:46,7.7305,161.7277,0.9995
2025-11-07 16:43:46,7.7317,148.1790,0.9995
2025-11-07 16:43:46,7.7325,146.7384,0.9995
2025-11-07 16:43:46,7.7335,171.0681,0.9995
2025-11-07 16:43:46,7.7362,145.4960,0.9996
2025-11-07 16:43:46,7.7334,187.4182,0.9994
2025-11-07 16:43:46,7.7335,187.2458,0.9994
2025-11-07 16:43:46,7.7334,185.2373,0.9994
2025-11-07 16:43:46,7.7356,178.4771,0.9995
2025-11-07 16:43:46,7.7391,122.7200,0.9996
2025-11-07 16:43:47,7.7399,119.2551,0.9996
2025-11-07 16:43:47,7.7389,98.7242,0.9997
2025-11-07 16:43:47,7.7388,99.0782,0.9997
2025-11-07 16:43:47,7.7373,120.3684,0.9996
2025-11-07 16:43:47,7.7353,127.7689,0.9996
2025-11-07 16:43:47,7.7365,155.5762,0.9995
2025-11-07 16:43:47,7.7373,154.6802,0.9995
2025-11-07 16:43:47,7.7383,140.1948,0.9996
2025-11-07 16:43:48,7.7400,130.1703,0.9996
2025-11-07 16:43:48,7.7407,146.4918,0.9996
2025-11-07 16:43:48,7.7409,145.9896,0.9996
2025-11-07 16:43:48,7.7412,141.3728,0.9996
2025-11-07 16:43:48,7.7412,141.3728,0.9996
2025-11-07 16:43:48,7.7411,138.1680,0.9996
2025-11-07 16:43:48,7.7411,138.1680,0.9996
2025-11-07 16:43:48,7.7409,140.2039,0.9996
2025-11-07 16:43:48,7.7409,140.2039,0.9996
2025-11-07 16:43:48,7.7410,140.5840,0.9996
2025-11-07 16:43:49,7.7403,142.4346,0.9996
2025-11-07 16:43:49,7.7406,138.6266,0.9996
2025-11-07 16:43:49,7.7397,143.3898,0.9996
2025-11-07 16:43:49,7.7391,129.6164,0.9996
2025-11-07 16:43:49,7.7384,132.0498,0.9996
2025-11-07 16:43:49,7.7377,140.7717,0.9996
2025-11-07 16:43:49,7.7379,140.0433,0.9996
2025-11-07 16:43:49,7.7389,166.4151,0.9995
2025-11-07 16:43:49,7.7392,165.1920,0.9995
2025-11-07 16:43:50,7.7380,183.9917,0.9994
2025-11-07 16:43:50,7.7379,184.6478,0.9994
2025-11-07 16:43:50,7.7383,196.4625,0.9994
2025-11-07 16:43:50,7.7379,198.1995,0.9994
2025-11-07 16:43:50,7.7394,175.6919,0.9995
2025-11-07 16:43:50,7.7409,168.6016,0.9995
2025-11-07 16:43:50,7.7404,158.2803,0.9995
2025-11-07 16:43:50,7.7416,152.7326,0.9995
2025-11-07 16:43:50,7.7399,181.2499,0.9995
2025-11-07 16:43:50,7.7384,187.5623,0.9994
2025-11-07 16:43:50,7.7383,185.4072,0.9994
2025-11-07 16:43:51,7.7383,185.4072,0.9994
2025-11-07 16:43:51,7.7384,184.2823,0.9994
2025-11-07 16:43:51,7.7395,179.3364,0.9995
2025-11-07 16:43:51,7.7380,144.6179,0.9996
2025-11-07 16:43:51,7.7380,144.6179,0.9996
2025-11-07 16:43:51,7.7381,143.3667,0.9996
2025-11-07 16:43:51,7.7381,143.3667,0.9996
2025-11-07 16:43:51,7.7384,149.7416,0.9995
2025-11-07 16:43:51,7.7384,149.7249,0.9995
2025-11-07 16:43:51,7.7385,147.2490,0.9996
2025-11-07 16:43:52,7.7378,150.0405,0.9995
2025-11-07 16:43:52,7.7383,161.9533,0.9995
2025-11-07 16:43:52,7.7386,161.6220,0.9995
2025-11-07 16:43:52,7.7403,135.7089,0.9996
2025-11-07 16:43:52,7.7415,129.8884,0.9996
2025-11-07 16:43:52,7.7408,115.3284,0.9997
2025-11-07 16:43:52,7.7397,118.7873,0.9996
2025-11-07 16:43:52,7.7380,143.6865,0.9996
2025-11-07 16:43:52,7.7365,148.0633,0.9995
2025-11-07 16:43:52,7.7362,140.6864,0.9996
2025-11-07 16:43:52,7.7365,140.1484,0.9996
2025-11-07 16:43:52,7.7362,144.9168,0.9996
2025-11-07 16:43:53,7.7362,144.9168,0.9996
2025-11-07 16:43:53,7.7371,165.3319,0.9995
2025-11-07 16:43:53,7.7375,164.7703,0.9995
2025-11-07 16:43:53,7.7380,157.4276,0.9995
2025-11-07 16:43:53,7.7391,152.8111,0.9995
2025-11-07 16:43:53,7.7392,156.1097,0.9995
2025-11-07 16:43:53,7.7395,155.5795,0.9995
2025-11-07 16:43:53,7.7395,156.5149,0.9995
2025-11-07 16:43:53,7.7395,156.5149,0.9995
2025-11-07 16:43:53,7.7398,164.7688,0.9995
2025-11-07 16:43:53,7.7398,164.7688,0.9995
2025-11-07 16:43:54,7.7414,139.5026,0.9996
2025-11-07 16:43:54,7.7414,139.5026,0.9996
2025-11-07 16:43:54,7.7406,120.6578,0.9996
2025-11-07 16:43:54,7.7390,125.7883,0.9996
2025-11-07 16:43:54,7.7373,151.7074,0.9995
2025-11-07 16:43:54,7.7354,159.1034,0.9995
2025-11-07 16:43:54,7.7362,180.0351,0.9995
2025-11-07 16:43:54,7.7358,181.2554,0.9994
2025-11-07 16:43:54,7.7355,187.0450,0.9994
2025-11-07 16:43:55,7.7326,210.8882,0.9994
2025-11-07 16:43:55,7.7326,210.2755,0.9994
2025-11-07 16:43:55,7.7334,209.5415,0.9994
2025-11-07 16:43:55,7.7333,212.1406,0.9993
2025-11-07 16:43:55,7.7363,186.0326,0.9994
2025-11-07 16:43:55,7.7358,172.9642,0.9995
2025-11-07 16:43:55,7.7365,172.3149,0.9995
2025-11-07 16:43:55,7.7369,164.8710,0.9995
2025-11-07 16:43:55,7.7360,171.4436,0.9995
2025-11-07 16:43:56,7.7358,166.4136,0.9995
2025-11-07 16:43:56,7.7345,167.8474,0.9995
2025-11-07 16:43:56,7.7346,165.9677,0.9995
2025-11-07 16:43:56,7.7307,207.4945,0.9994
2025-11-07 16:43:56,7.7294,174.1717,0.9995
2025-11-07 16:43:56,7.7283,174.4885,0.9995
2025-11-07 16:43:56,7.7282,175.2606,0.9995
2025-11-07 16:43:56,7.7308,148.2793,0.9995
2025-11-07 16:43:56,7.7317,170.0426,0.9995
2025-11-07 16:43:56,7.7296,181.5582,0.9994
2025-11-07 16:43:57,7.7299,178.8307,0.9994
2025-11-07 16:43:57,7.7321,167.3832,0.9995
2025-11-07 16:43:57,7.7320,162.5646,0.9995
2025-11-07 16:43:57,7.7326,157.5100,0.9995
2025-11-07 16:43:57,7.7323,160.3590,0.9995
2025-11-07 16:43:57,7.7306,168.3702,0.9995
2025-11-07 16:43:57,7.7313,188.3403,0.9994
2025-11-07 16:43:57,7.7330,178.9775,0.9995
2025-11-07 16:43:57,7.7331,178.0168,0.9995
2025-11-07 16:43:57,7.7349,166.9597,0.9995
2025-11-07 16:43:58,7.7349,167.7006,0.9995
2025-11-07 16:43:58,7.7367,161.6274,0.9995
2025-11-07 16:43:58,7.7352,186.5603,0.9994
2025-11-07 16:43:58,7.7357,184.5397,0.9994
2025-11-07 16:43:58,7.7343,151.5749,0.9995
2025-11-07 16:43:58,7.7345,151.5829,0.9995
2025-11-07 16:43:58,7.7347,146.3556,0.9996
2025-11-07 16:43:58,7.7347,146.3556,0.9996
2025-11-07 16:43:58,7.7344,139.3860,0.9996
2025-11-07 16:43:58,7.7331,140.7286,0.9996
2025-11-07 16:43:58,7.7360,101.4282,0.9997
2025-11-07 16:43:59,7.7360,101.4282,0.9997
2025-11-07 16:43:59,7.7353,87.5999,0.9997
2025-11-07 16:43:59,7.7353,87.4905,0.9997
2025-11-07 16:43:59,7.7315,141.1590,0.9996
2025-11-07 16:43:59,7.7323,140.8958,0.9996
2025-11-07 16:43:59,7.7323,141.9343,0.9996
2025-11-07 16:43:59,7.7334,141.2493,0.9996
2025-11-07 16:43:59,7.7356,103.6708,0.9997
2025-11-07 16:43:59,7.7359,103.2248,0.9997
2025-11-07 16:43:59,7.7364,111.8225,0.9997
2025-11-07 16:43:59,7.7361,112.3133,0.9997
2025-11-07 16:44:00,7.7360,115.0131,0.9996
2025-11-07 16:44:00,7.7353,116.2969,0.9996
2025-11-07 16:44:00,7.7363,137.2782,0.9996
2025-11-07 16:44:00,7.7362,137.5273,0.9996
2025-11-07 16:44:00,7.7380,112.2762,0.9997
2025-11-07 16:44:00,7.7388,109.4208,0.9997
2025-11-07 16:44:00,7.7388,108.9924,0.9997
2025-11-07 16:44:00,7.7377,114.6309,0.9997
2025-11-07 16:44:00,7.7370,123.0086,0.9996
2025-11-07 16:44:00,7.7349,130.6088,0.9996
2025-11-07 16:44:00,7.7349,130.6088,0.9996
2025-11-07 16:44:00,7.7316,155.1551,0.9995
2025-11-07 16:44:01,7.7303,169.7473,0.9995
2025-11-07 16:44:01,7.7308,168.7383,0.9995
2025-11-07 16:44:01,7.7312,181.5342,0.9994
2025-11-07 16:44:01,7.7323,171.4700,0.9995
2025-11-07 16:44:01,7.7325,169.7252,0.9995
2025-11-07 16:44:01,7.7321,170.7730,0.9995
2025-11-07 16:44:01,7.7328,189.1445,0.9994
2025-11-07 16:44:01,7.7319,198.2813,0.9994
2025-11-07 16:44:01,7.7327,188.2615,0.9994
2025-11-07 16:44:01,7.7324,189.4038,0.9994
2025-11-07 16:44:02,7.7320,178.6353,0.9995
2025-11-07 16:44:02,7.7317,182.1393,0.9994
2025-11-07 16:44:02,7.7328,171.7635,0.9995
2025-11-07 16:44:02,7.7336,168.5300,0.9995
2025-11-07 16:44:02,7.7338,174.2424,0.9995
2025-11-07 16:44:02,7.7362,149.6365,0.9995
2025-11-07 16:44:02,7.7367,145.1526,0.9996
2025-11-07 16:44:02,7.7375,141.4572,0.9996
2025-11-07 16:44:02,7.7375,141.7347,0.9996
2025-11-07 16:44:02,7.7379,138.5677,0.9996
2025-11-07 16:44:03,7.7365,156.5071,0.9995
2025-11-07 16:44:03,7.7343,166.7302,0.9995
2025-11-07 16:44:03,7.7334,145.1270,0.9996
2025-11-07 16:44:03,7.7313,160.9305,0.9995
2025-11-07 16:44:03,7.7308,166.3525,0.9995
2025-11-07 16:44:03,7.7323,161.7271,0.9995
2025-11-07 16:44:03,7.7330,179.5659,0.9994
2025-11-07 16:44:03,7.7355,159.1028,0.9995
2025-11-07 16:44:03,7.7369,140.6178,0.9996
2025-11-07 16:44:04,7.7376,138.0478,0.9996
2025-11-07 16:44:04,7.7369,123.3014,0.9996
2025-11-07 16:44:04,7.7363,127.4227,0.9996
2025-11-07 16:44:04,7.7343,154.8306,0.9995
2025-11-07 16:44:04,7.7344,154.6922,0.9995
2025-11-07 16:44:04,7.7349,166.7224,0.9995
2025-11-07 16:44:04,7.7367,157.6343,0.9995
2025-11-07 16:44:04,7.7373,148.2007,0.9995
2025-11-07 16:44:04,7.7378,146.9418,0.9996
2025-11-07 16:44:04,7.7367,122.7067,0.9996
2025-11-07 16:44:04,7.7371,121.6000,0.9996
2025-11-07 16:44:05,7.7372,120.0552,0.9996
2025-11-07 16:44:05,7.7372,120.0552,0.9996
2025-11-07 16:44:05,7.7372,119.9277,0.9996
2025-11-07 16:44:05,7.7376,119.0337,0.9996
2025-11-07 16:44:05,7.7382,111.1450,0.9997
2025-11-07 16:44:05,7.7369,115.4128,0.9996
2025-11-07 16:44:05,7.7365,107.9969,0.9997
2025-11-07 16:44:05,7.7368,107.8223,0.9997
2025-11-07 16:44:05,7.7358,122.2585,0.9996
2025-11-07 16:44:05,7.7353,124.2710,0.9996
2025-11-07 16:44:05,7.7342,103.2338,0.9997
2025-11-07 16:44:06,7.7332,102.8808,0.9997
2025-11-07 16:44:06,7.7333,100.4013,0.9997
2025-11-07 16:44:06,7.7338,98.9992,0.9997
2025-11-07 16:44:06,7.7358,139.7779,0.9996
2025-11-07 16:44:06,7.7353,141.2045,0.9996
2025-11-07 16:44:06,7.7355,138.8966,0.9996
2025-11-07 16:44:06,7.7356,138.6114,0.9996
2025-11-07 16:44:06,7.7334,94.5029,0.9997
2025-11-07 16:44:06,7.7327,96.3201,0.9997
2025-11-07 16:44:06,7.7335,86.5905,0.9997
2025-11-07 16:44:07,7.7332,87.4687,0.9997
2025-11-07 16:44:07,7.7344,110.4095,0.9997
2025-11-07 16:44:07,7.7344,110.4171,0.9997
2025-11-07 16:44:07,7.7347,107.2244,0.9997
2025-11-07 16:44:07,7.7315,128.4669,0.9996
2025-11-07 16:44:07,7.7328,157.8210,0.9995
2025-11-07 16:44:07,7.7329,157.1826,0.9995
2025-11-07 16:44:07,7.7331,155.6027,0.9995
2025-11-07 16:44:07,7.7258,282.8065,0.9991
2025-11-07 16:44:07,7.7263,298.7350,0.9991
2025-11-07 16:44:08,7.7269,299.7153,0.9991
2025-11-07 16:44:08,7.7267,301.0843,0.9991
2025-11-07 16:44:08,7.7344,165.3896,0.9995
2025-11-07 16:44:08,7.7343,161.9008,0.9995
2025-11-07 16:44:08,7.7323,170.1060,0.9995
2025-11-07 16:44:08,7.7301,196.5877,0.9994
2025-11-07 16:44:08,7.7311,189.3900,0.9994
2025-11-07 16:44:08,7.7300,158.7216,0.9995
2025-11-07 16:44:08,7.7305,156.6027,0.9995
2025-11-07 16:44:08,7.7311,147.7635,0.9995
2025-11-07 16:44:09,7.7299,156.4480,0.9995
2025-11-07 16:44:09,7.7309,181.3598,0.9994
2025-11-07 16:44:09,7.7284,196.3704,0.9994
2025-11-07 16:44:09,7.7261,227.1381,0.9993
2025-11-07 16:44:09,7.7237,246.7946,0.9992
2025-11-07 16:44:09,7.7236,243.8147,0.9992
2025-11-07 16:44:09,7.7255,236.9370,0.9993
2025-11-07 16:44:09,7.7279,205.5702,0.9994
2025-11-07 16:44:09,7.7282,202.2215,0.9994
2025-11-07 16:44:09,7.7286,214.5019,0.9993
2025-11-07 16:44:10,7.7282,216.1359,0.9993
2025-11-07 16:44:10,7.7288,209.9119,0.9994
2025-11-07 16:44:10,7.7293,204.1443,0.9994
2025-11-07 16:44:10,7.7298,219.5031,0.9993
2025-11-07 16:44:10,7.7304,216.4318,0.9993
2025-11-07 16:44:10,7.7316,205.0053,0.9994
2025-11-07 16:44:10,7.7323,196.6230,0.9994
2025-11-07 16:44:10,7.7321,192.1791,0.9994
2025-11-07 16:44:10,7.7325,189.9637,0.9994
2025-11-07 16:44:10,7.7312,204.4473,0.9994
2025-11-07 16:44:11,7.7336,181.3953,0.9994
2025-11-07 16:44:11,7.7336,182.4356,0.9994
2025-11-07 16:44:11,7.7345,178.3567,0.9995
2025-11-07 16:44:11,7.7343,182.4934,0.9994
2025-11-07 16:44:11,7.7357,173.6621,0.9995
2025-11-07 16:44:11,7.7346,146.4494,0.9996
2025-11-07 16:44:11,7.7337,150.5909,0.9995
2025-11-07 16:44:12,7.7325,167.5712,0.9995
2025-11-07 16:44:12,7.7334,165.9301,0.9995
2025-11-07 16:44:12,7.7341,183.4955,0.9994
2025-11-07 16:44:12,7.7339,184.5273,0.9994
2025-11-07 16:44:12,7.7365,147.4871,0.9996
2025-11-07 16:44:12,7.7345,156.8306,0.9995
2025-11-07 16:44:12,7.7353,175.9091,0.9995
2025-11-07 16:44:12,7.7377,164.7644,0.9995
2025-11-07 16:44:12,7.7365,182.5997,0.9994
2025-11-07 16:44:12,7.7379,173.2413,0.9995
2025-11-07 16:44:13,7.7372,155.8276,0.9995
2025-11-07 16:44:13,7.7372,155.7332,0.9995
2025-11-07 16:44:13,7.7372,155.7293,0.9995
2025-11-07 16:44:13,7.7383,151.6517,0.9995
2025-11-07 16:44:13,7.7387,160.9923,0.9995
2025-11-07 16:44:13,7.7393,159.6443,0.9995
2025-11-07 16:44:13,7.7399,149.4369,0.9995
2025-11-07 16:44:13,7.7392,152.9568,0.9995
2025-11-07 16:44:13,7.7390,148.7114,0.9995
2025-11-07 16:44:13,7.7386,149.4261,0.9995
2025-11-07 16:44:14,7.7382,154.7522,0.9995
2025-11-07 16:44:14,7.7373,159.7452,0.9995
2025-11-07 16:44:14,7.7371,154.1477,0.9995
2025-11-07 16:44:14,7.7365,155.1251,0.9995
2025-11-07 16:44:14,7.7359,164.8219,0.9995
2025-11-07 16:44:14,7.7359,164.6394,0.9995
2025-11-07 16:44:14,7.7360,165.5777,0.9995
2025-11-07 16:44:14,7.7336,175.4324,0.9995
2025-11-07 16:44:14,7.7338,173.0348,0.9995
2025-11-07 16:44:14,7.7343,171.0670,0.9995
2025-11-07 16:44:14,7.7350,189.4454,0.9994
2025-11-07 16:44:15,7.7386,175.3435,0.9995
2025-11-07 16:44:15,7.7405,146.2772,0.9996
2025-11-07 16:44:15,7.7416,139.9300,0.9996
2025-11-07 16:44:15,7.7410,127.9904,0.9996
2025-11-07 16:44:15,7.7410,127.9904,0.9996
2025-11-07 16:44:15,7.7394,154.2697,0.9995
2025-11-07 16:44:15,7.7394,154.2697,0.9995
2025-11-07 16:44:15,7.7397,162.2682,0.9995
2025-11-07 16:44:15,7.7397,162.2682,0.9995
2025-11-07 16:44:15,7.7406,147.9043,0.9996
2025-11-07 16:44:16,7.7387,159.3929,0.9995
2025-11-07 16:44:16,7.7375,132.7456,0.9996
2025-11-07 16:44:16,7.7354,136.2306,0.9996
2025-11-07 16:44:16,7.7339,157.4835,0.9995
2025-11-07 16:44:16,7.7336,158.9567,0.9995
2025-11-07 16:44:16,7.7338,163.7191,0.9995
2025-11-07 16:44:16,7.7344,162.4174,0.9995
2025-11-07 16:44:16,7.7360,140.4092,0.9996
2025-11-07 16:44:16,7.7365,136.9297,0.9996
2025-11-07 16:44:16,7.7362,129.3109,0.9996
2025-11-07 16:44:16,7.7362,129.3853,0.9996
2025-11-07 16:44:17,7.7346,151.7055,0.9995
2025-11-07 16:44:17,7.7351,149.7599,0.9995
2025-11-07 16:44:17,7.7342,129.8562,0.9996
2025-11-07 16:44:17,7.7342,129.7864,0.9996
2025-11-07 16:44:17,7.7364,99.9623,0.9997
2025-11-07 16:44:17,7.7367,98.6876,0.9997
2025-11-07 16:44:17,7.7377,119.2603,0.9996
2025-11-07 16:44:17,7.7358,129.5315,0.9996
2025-11-07 16:44:17,7.7361,126.0077,0.9996
2025-11-07 16:44:17,7.7367,124.3746,0.9996
2025-11-07 16:44:18,7.7378,149.3135,0.9995
2025-11-07 16:44:18,7.7402,134.4887,0.9996
2025-11-07 16:44:18,7.7365,194.1540,0.9994
2025-11-07 16:44:18,7.7364,194.6608,0.9994
2025-11-07 16:44:18,7.7355,172.9295,0.9995
2025-11-07 16:44:18,7.7357,172.7804,0.9995
2025-11-07 16:44:18,7.7372,146.2508,0.9996
2025-11-07 16:44:18,7.7374,145.6441,0.9996
2025-11-07 16:44:18,7.7371,139.5457,0.9996
2025-11-07 16:44:18,7.7365,140.6892,0.9996
2025-11-07 16:44:18,7.7383,114.6320,0.9997
2025-11-07 16:44:19,7.7376,117.6903,0.9996
2025-11-07 16:44:19,7.7378,121.9078,0.9996
2025-11-07 16:44:19,7.7370,124.9537,0.9996
2025-11-07 16:44:19,7.7331,185.1989,0.9994
2025-11-07 16:44:19,7.7317,190.2557,0.9994
2025-11-07 16:44:19,7.7315,186.2269,0.9994
2025-11-07 16:44:19,7.7324,185.9412,0.9994
2025-11-07 16:44:20,7.7364,126.1051,0.9996
2025-11-07 16:44:20,7.7389,112.4446,0.9997
2025-11-07 16:44:20,7.7381,96.2674,0.9997
2025-11-07 16:44:20,7.7381,96.2674,0.9997
2025-11-07 16:44:20,7.7364,120.1120,0.9996
2025-11-07 16:44:20,7.7349,124.1430,0.9996
2025-11-07 16:44:20,7.7365,160.2436,0.9995
2025-11-07 16:44:20,7.7361,161.4774,0.9995
2025-11-07 16:44:20,7.7374,142.3795,0.9996
2025-11-07 16:44:20,7.7376,141.4773,0.9996
2025-11-07 16:44:21,7.7371,131.7184,0.9996
2025-11-07 16:44:21,7.7360,137.3506,0.9996
2025-11-07 16:44:21,7.7358,139.1906,0.9996
2025-11-07 16:44:21,7.7360,138.3772,0.9996
2025-11-07 16:44:21,7.7364,148.6345,0.9995
2025-11-07 16:44:21,7.7375,143.0584,0.9996
2025-11-07 16:44:21,7.7364,158.4287,0.9995
2025-11-07 16:44:21,7.7355,163.4710,0.9995
2025-11-07 16:44:21,7.7345,139.1622,0.9996
2025-11-07 16:44:22,7.7337,141.3550,0.9996
2025-11-07 16:44:22,7.7335,144.7229,0.9996
2025-11-07 16:44:22,7.7339,142.8044,0.9996
2025-11-07 16:44:22,7.7334,131.9290,0.9996
2025-11-07 16:44:22,7.7344,129.4912,0.9996
2025-11-07 16:44:22,7.7357,112.0707,0.9997
2025-11-07 16:44:22,7.7360,110.6212,0.9997
2025-11-07 16:44:22,7.7368,127.4874,0.9996
2025-11-07 16:44:22,7.7371,126.6211,0.9996
2025-11-07 16:44:22,7.7370,127.6234,0.9996
2025-11-07 16:44:23,7.7364,130.9095,0.9996
2025-11-07 16:44:23,7.7364,129.5061,0.9996
2025-11-07 16:44:23,7.7362,129.7860,0.9996
2025-11-07 16:44:23,7.7353,142.8047,0.9996
2025-11-07 16:44:23,7.7351,143.7493,0.9996
2025-11-07 16:44:23,7.7347,135.0140,0.9996
2025-11-07 16:44:23,7.7354,134.5166,0.9996
2025-11-07 16:44:23,7.7354,133.7767,0.9996
2025-11-07 16:44:23,7.7354,133.7767,0.9996
2025-11-07 16:44:23,7.7348,120.7159,0.9996
2025-11-07 16:44:24,7.7353,121.1143,0.9996
2025-11-07 16:44:24,7.7370,100.2220,0.9997
2025-11-07 16:44:24,7.7387,90.8865,0.9997
2025-11-07 16:44:24,7.7398,112.1870,0.9997
2025-11-07 16:44:24,7.7390,114.1100,0.9997
2025-11-07 16:44:24,7.7369,144.7725,0.9996
2025-11-07 16:44:24,7.7377,143.3398,0.9996
2025-11-07 16:44:24,7.7362,114.3088,0.9997
2025-11-07 16:44:24,7.7369,113.8282,0.9997
2025-11-07 16:44:24,7.7389,84.7835,0.9997
2025-11-07 16:44:24,7.7382,86.7832,0.9997
2025-11-07 16:44:25,7.7396,113.5707,0.9997
2025-11-07 16:44:25,7.7387,115.8998,0.9996
2025-11-07 16:44:25,7.7367,144.3206,0.9996
2025-11-07 16:44:25,7.7364,145.4363,0.9996
2025-11-07 16:44:25,7.7364,145.4363,0.9996
2025-11-07 16:44:25,7.7372,144.4712,0.9996
2025-11-07 16:44:25,7.7393,113.2703,0.9997
2025-11-07 16:44:25,7.7385,117.9969,0.9996
2025-11-07 16:44:25,7.7374,96.1069,0.9997
2025-11-07 16:44:25,7.7365,97.3797,0.9997
2025-11-07 16:44:25,7.7342,126.8277,0.9996
2025-11-07 16:44:26,7.7331,132.0744,0.9996
2025-11-07 16:44:26,7.7336,141.6428,0.9996
2025-11-07 16:44:26,7.7340,141.6288,0.9996
2025-11-07 16:44:26,7.7363,112.3467,0.9997
2025-11-07 16:44:26,7.7350,124.0698,0.9996
2025-11-07 16:44:26,7.7348,119.9975,0.9996
2025-11-07 16:44:26,7.7329,123.8884,0.9996
2025-11-07 16:44:26,7.7324,127.7935,0.9996
2025-11-07 16:44:26,7.7346,113.1521,0.9997
2025-11-07 16:44:26,7.7353,127.0889,0.9996
2025-11-07 16:44:27,7.7305,173.8544,0.9995
2025-11-07 16:44:27,7.7305,174.0468,0.9995
2025-11-07 16:44:27,7.7311,173.2674,0.9995
2025-11-07 16:44:27,7.7298,142.0427,0.9996
2025-11-07 16:44:27,7.7312,124.5920,0.9996
2025-11-07 16:44:27,7.7311,125.2084,0.9996
2025-11-07 16:44:27,7.7317,125.0796,0.9996
2025-11-07 16:44:27,7.7315,121.7725,0.9996
2025-11-07 16:44:27,7.7340,99.1401,0.9997
2025-11-07 16:44:28,7.7335,104.4198,0.9997
2025-11-07 16:44:28,7.7316,109.6521,0.9997
2025-11-07 16:44:28,7.7321,121.0136,0.9996
2025-11-07 16:44:28,7.7349,113.0323,0.9997
2025-11-07 16:44:28,7.7365,95.8638,0.9997
2025-11-07 16:44:28,7.7371,91.0108,0.9997
2025-11-07 16:44:28,7.7373,94.3725,0.9997
2025-11-07 16:44:28,7.7369,95.4418,0.9997
2025-11-07 16:44:28,7.7346,122.2614,0.9996
2025-11-07 16:44:29,7.7339,126.0438,0.9996
2025-11-07 16:44:29,7.7339,125.6735,0.9996
2025-11-07 16:44:29,7.7344,125.5013,0.9996
2025-11-07 16:44:29,7.7358,108.0762,0.9997
2025-11-07 16:44:29,7.7371,99.9981,0.9997
2025-11-07 16:44:29,7.7382,121.2927,0.9996
2025-11-07 16:44:29,7.7378,122.1858,0.9996
2025-11-07 16:44:29,7.7364,142.0498,0.9996
2025-11-07 16:44:29,7.7364,142.0498,0.9996
2025-11-07 16:44:29,7.7347,106.6564,0.9997
2025-11-07 16:44:30,7.7337,108.5773,0.9997
2025-11-07 16:44:30,7.7349,93.9535,0.9997
2025-11-07 16:44:30,7.7359,91.5955,0.9997
2025-11-07 16:44:30,7.7379,130.5494,0.9996
2025-11-07 16:44:30,7.7388,125.9845,0.9996
2025-11-07 16:44:30,7.7378,141.8095,0.9996
2025-11-07 16:44:30,7.7370,144.2288,0.9996
2025-11-07 16:44:30,7.7365,133.3722,0.9996
2025-11-07 16:44:30,7.7358,135.5536,0.9996
2025-11-07 16:44:31,7.7357,136.2832,0.9996
2025-11-07 16:44:31,7.7366,134.3843,0.9996
2025-11-07 16:44:31,7.7375,154.1465,0.9995
2025-11-07 16:44:31,7.7389,149.2928,0.9995
2025-11-07 16:44:31,7.7391,145.5756,0.9996
2025-11-07 16:44:31,7.7373,154.4755,0.9995
2025-11-07 16:44:31,7.7366,139.4814,0.9996
2025-11-07 16:44:31,7.7345,144.8515,0.9996
2025-11-07 16:44:31,7.7353,134.9739,0.9996
2025-11-07 16:44:31,7.7356,133.4802,0.9996
2025-11-07 16:44:32,7.7354,127.7768,0.9996
2025-11-07 16:44:32,7.7357,126.1875,0.9996
2025-11-07 16:44:32,7.7345,141.9985,0.9996
2025-11-07 16:44:32,7.7298,181.4152,0.9994
2025-11-07 16:44:32,7.7280,138.6068,0.9996
2025-11-07 16:44:32,7.7296,141.6141,0.9996
2025-11-07 16:44:32,7.7272,172.6604,0.9995
2025-11-07 16:44:32,7.7314,142.3405,0.9996
2025-11-07 16:44:32,7.7325,164.6230,0.9995
2025-11-07 16:44:32,7.7323,164.3472,0.9995
2025-11-07 16:44:32,7.7342,131.9734,0.9996
2025-11-07 16:44:33,7.7352,127.7284,0.9996
2025-11-07 16:44:33,7.7358,138.7863,0.9996
2025-11-07 16:44:33,7.7359,138.6782,0.9996
2025-11-07 16:44:33,7.7372,118.9303,0.9996
2025-11-07 16:44:33,7.7378,116.7147,0.9996
2025-11-07 16:44:33,7.7372,105.8063,0.9997
2025-11-07 16:44:33,7.7379,105.0925,0.9997
2025-11-07 16:44:33,7.7387,94.0252,0.9997
2025-11-07 16:44:33,7.7379,97.4647,0.9997
2025-11-07 16:44:33,7.7380,99.4532,0.9997
2025-11-07 16:44:33,7.7371,100.9881,0.9997
2025-11-07 16:44:33,7.7350,129.1825,0.9996
2025-11-07 16:44:34,7.7350,129.1825,0.9996
2025-11-07 16:44:34,7.7283,36.3795,0.9999
2025-11-07 16:44:34,7.7274,34.2787,0.9999
2025-11-07 16:44:34,7.7293,17.5455,0.9999
2025-11-07 16:44:34,7.7295,17.6329,0.9999
2025-11-07 16:44:34,7.7305,24.9231,0.9999
2025-11-07 16:44:34,7.7313,25.2638,0.9999
2025-11-07 16:44:34,7.7320,20.2424,0.9999
2025-11-07 16:44:34,7.7316,20.8268,0.9999
2025-11-07 16:44:35,7.7324,28.2088,0.9999
2025-11-07 16:44:35,7.7332,29.2621,0.9999
2025-11-07 16:44:35,7.7329,32.1902,0.9999
2025-11-07 16:44:35,7.7333,31.2270,0.9999
2025-11-07 16:44:35,7.7339,36.7916,0.9999
2025-11-07 16:44:35,7.7336,36.4175,0.9999
2025-11-07 16:44:35,7.7341,32.2140,0.9999
2025-11-07 16:44:35,7.7343,31.8777,0.9999
2025-11-07 16:44:35,7.7340,29.7264,0.9999
2025-11-07 16:44:35,7.7335,29.5634,0.9999
2025-11-07 16:44:36,7.7314,48.8453,0.9998
2025-11-07 16:44:36,7.7311,48.9875,0.9998
2025-11-07 16:44:36,7.7318,57.4104,0.9998
2025-11-07 16:44:36,7.7312,57.3710,0.9998
2025-11-07 16:44:36,7.7301,69.8784,0.9998
2025-11-07 16:44:36,7.7312,70.8599,0.9998
2025-11-07 16:44:36,7.7292,49.0659,0.9998
2025-11-07 16:44:36,7.7307,51.9961,0.9998
2025-11-07 16:44:36,7.7330,25.7732,0.9999
2025-11-07 16:44:37,7.7320,25.8180,0.9999
2025-11-07 16:44:37,7.7348,53.9510,0.9998
2025-11-07 16:44:37,7.7333,55.1068,0.9998
2025-11-07 16:44:37,7.7335,53.8095,0.9998
2025-11-07 16:44:37,7.7337,53.4317,0.9998
2025-11-07 16:44:37,7.7329,43.6684,0.9999
2025-11-07 16:44:37,7.7306,53.7720,0.9998
2025-11-07 16:44:37,7.7303,55.5663,0.9998
2025-11-07 16:44:38,7.7303,55.5865,0.9998
2025-11-07 16:44:38,7.7307,61.0724,0.9998
2025-11-07 16:44:38,7.7340,49.5742,0.9998
2025-11-07 16:44:38,7.7317,78.3582,0.9998
2025-11-07 16:44:38,7.7295,83.3222,0.9997
2025-11-07 16:44:38,7.7302,93.8499,0.9997
2025-11-07 16:44:38,7.7304,94.4945,0.9997
2025-11-07 16:44:38,7.7330,65.2866,0.9998
2025-11-07 16:44:38,7.7355,54.8578,0.9998
2025-11-07 16:44:38,7.7350,48.5850,0.9999
2025-11-07 16:44:39,7.7356,48.8622,0.9999
2025-11-07 16:44:39,7.7358,47.2815,0.9999
2025-11-07 16:44:39,7.7359,47.0356,0.9999
2025-11-07 16:44:39,7.7342,30.3202,0.9999
2025-11-07 16:44:39,7.7342,30.3202,0.9999
2025-11-07 16:44:39,7.7340,32.5048,0.9999
2025-11-07 16:44:39,7.7338,32.6572,0.9999
2025-11-07 16:44:39,7.7384,94.8601,0.9997
2025-11-07 16:44:39,7.7364,100.5542,0.9997
2025-11-07 16:44:39,7.7346,124.0289,0.9996
2025-11-07 16:44:40,7.7348,123.7556,0.9996
2025-11-07 16:44:40,7.7344,115.7218,0.9996
2025-11-07 16:44:40,7.7359,112.6710,0.9997
2025-11-07 16:44:40,7.7361,109.8949,0.9997
2025-11-07 16:44:40,7.7345,115.5429,0.9996
2025-11-07 16:44:40,7.7341,106.9438,0.9997
2025-11-07 16:44:40,7.7338,106.8344,0.9997
2025-11-07 16:44:40,7.7340,104.4166,0.9997
2025-11-07 16:44:40,7.7357,99.1766,0.9997
2025-11-07 16:44:40,7.7348,84.8263,0.9997
2025-11-07 16:44:41,7.7347,84.8922,0.9997
2025-11-07 16:44:41,7.7361,67.2840,0.9998
2025-11-07 16:44:41,7.7343,73.7495,0.9998
2025-11-07 16:44:41,7.7349,84.7730,0.9997
2025-11-07 16:44:41,7.7361,85.0869,0.9997
2025-11-07 16:44:41,7.7346,102.9198,0.9997
2025-11-07 16:44:41,7.7348,102.1412,0.9997
2025-11-07 16:44:41,7.7353,112.2456,0.9997
2025-11-07 16:44:41,7.7341,111.4469,0.9997
2025-11-07 16:44:41,7.7351,99.0074,0.9997
2025-11-07 16:44:42,7.7354,97.7541,0.9997
2025-11-07 16:44:42,7.7320,45.9513,0.9999
2025-11-07 16:44:42,7.7314,45.7183,0.9999
2025-11-07 16:44:42,7.7315,45.1862,0.9999
2025-11-07 16:44:42,7.7321,44.0626,0.9999
2025-11-07 16:44:42,7.7338,68.3384,0.9998
2025-11-07 16:44:42,7.7340,68.1133,0.9998
2025-11-07 16:44:42,7.7342,66.1530,0.9998
2025-11-07 16:44:42,7.7349,64.6347,0.9998
2025-11-07 16:44:42,7.7336,46.8934,0.9999
2025-11-07 16:44:43,7.7347,46.7172,0.9999
2025-11-07 16:44:43,7.7329,68.6354,0.9998
2025-11-07 16:44:43,7.7322,69.1790,0.9998
2025-11-07 16:44:43,7.7359,133.2348,0.9996
2025-11-07 16:44:43,7.7355,133.4553,0.9996
2025-11-07 16:44:43,7.7360,125.6295,0.9996
2025-11-07 16:44:43,7.7371,122.4569,0.9996
2025-11-07 16:44:43,7.7354,92.4929,0.9997
2025-11-07 16:44:43,7.7353,92.6693,0.9997
2025-11-07 16:44:43,7.7327,135.7235,0.9996
2025-11-07 16:44:44,7.7316,135.8294,0.9996
2025-11-07 16:44:44,7.7332,170.0722,0.9995
2025-11-07 16:44:44,7.7341,170.8259,0.9995
2025-11-07 16:44:44,7.7381,105.9191,0.9997
2025-11-07 16:44:44,7.7391,101.2977,0.9997
2025-11-07 16:44:44,7.7383,86.8906,0.9997
2025-11-07 16:44:44,7.7368,90.8126,0.9997
2025-11-07 16:44:44,7.7352,112.2690,0.9997
2025-11-07 16:44:44,7.7352,112.2767,0.9997
2025-11-07 16:44:45,7.7363,134.9298,0.9996
2025-11-07 16:44:45,7.7364,134.3350,0.9996
2025-11-07 16:44:45,7.7376,116.8557,0.9996
2025-11-07 16:44:45,7.7359,123.8240,0.9996
2025-11-07 16:44:45,7.7359,123.2493,0.9996
2025-11-07 16:44:45,7.7335,135.9735,0.9996
2025-11-07 16:44:45,7.7336,134.2352,0.9996
2025-11-07 16:44:45,7.7339,133.2681,0.9996
2025-11-07 16:44:45,7.7338,130.3388,0.9996
2025-11-07 16:44:45,7.7354,120.2167,0.9996
2025-11-07 16:44:46,7.7328,155.8475,0.9995
2025-11-07 16:44:46,7.7332,154.6859,0.9995
2025-11-07 16:44:46,7.7339,170.7194,0.9995
2025-11-07 16:44:46,7.7344,169.0879,0.9995
2025-11-07 16:44:46,7.7370,130.0410,0.9996
2025-11-07 16:44:46,7.7370,130.0410,0.9996
2025-11-07 16:44:47,7.7373,135.4165,0.9996
2025-11-07 16:44:47,7.7370,136.6712,0.9996
2025-11-07 16:44:47,7.7360,150.6224,0.9995
2025-11-07 16:44:47,7.7360,150.6224,0.9995
2025-11-07 16:44:47,7.7337,100.9240,0.9997
2025-11-07 16:44:47,7.7330,103.2596,0.9997
2025-11-07 16:44:47,7.7322,113.8882,0.9996
2025-11-07 16:44:47,7.7325,113.5141,0.9997
2025-11-07 16:44:47,7.7338,141.2472,0.9996
2025-11-07 16:44:47,7.7352,136.4624,0.9996
2025-11-07 16:44:47,7.7371,110.2890,0.9997
2025-11-07 16:44:48,7.7363,113.8812,0.9997
2025-11-07 16:44:48,7.7364,115.0148,0.9996
2025-11-07 16:44:48,7.7335,130.6230,0.9996
2025-11-07 16:44:48,7.7316,153.9892,0.9995
2025-11-07 16:44:48,7.7330,152.6076,0.9995
2025-11-07 16:44:48,7.7325,142.2669,0.9996
2025-11-07 16:44:48,7.7369,127.4670,0.9996
2025-11-07 16:44:48,7.7393,91.8361,0.9997
2025-11-07 16:44:48,7.7393,91.8361,0.9997
2025-11-07 16:44:48,7.7374,62.6145,0.9998
2025-11-07 16:44:48,7.7366,62.7886,0.9998
2025-11-07 16:44:49,7.7347,88.0050,0.9997
2025-11-07 16:44:49,7.7333,90.8660,0.9997
2025-11-07 16:44:49,7.7286,35.8090,0.9999
2025-11-07 16:44:49,7.7279,33.2489,0.9999
2025-11-07 16:44:49,7.7277,34.8914,0.9999
2025-11-07 16:44:49,7.7291,37.1844,0.9999
2025-11-07 16:44:49,7.7286,33.9549,0.9999
2025-11-07 16:44:49,7.7270,32.5854,0.9999
2025-11-07 16:44:49,7.7273,29.7354,0.9999
2025-11-07 16:44:49,7.7263,26.6321,0.9999
2025-11-07 16:44:49,7.7272,33.1776,0.9999
2025-11-07 16:44:49,7.7295,36.5616,0.9999
2025-11-07 16:44:50,7.7297,34.3073,0.9999
2025-11-07 16:44:50,7.7297,34.3073,0.9999
2025-11-07 16:44:50,7.7311,45.9787,0.9999
2025-11-07 16:44:50,7.7308,45.3668,0.9999
2025-11-07 16:44:50,7.7321,32.7985,0.9999
2025-11-07 16:44:50,7.7313,34.5599,0.9999
2025-11-07 16:44:50,7.7329,53.7361,0.9998
2025-11-07 16:44:50,7.7336,54.8445,0.9998
2025-11-07 16:44:50,7.7339,52.5762,0.9998
2025-11-07 16:44:51,7.7355,47.5023,0.9999
2025-11-07 16:44:51,7.7359,51.5265,0.9998
2025-11-07 16:44:51,7.7350,51.5547,0.9998
2025-11-07 16:44:51,7.7333,72.5761,0.9998
2025-11-07 16:44:51,7.7324,73.2662,0.9998
2025-11-07 16:44:51,7.7313,58.0239,0.9998
2025-11-07 16:44:51,7.7312,57.8273,0.9998
2025-11-07 16:44:51,7.7315,53.2975,0.9998
2025-11-07 16:44:51,7.7326,53.3166,0.9998
2025-11-07 16:44:51,7.7335,63.7107,0.9998
2025-11-07 16:44:51,7.7336,63.7012,0.9998
2025-11-07 16:44:52,7.7350,46.8311,0.9999
2025-11-07 16:44:52,7.7339,48.4929,0.9999
2025-11-07 16:44:52,7.7287,9.9214,1.0000
2025-11-07 16:44:52,7.7287,9.9214,1.0000
2025-11-07 16:44:52,7.7284,11.6861,1.0000
2025-11-07 16:44:52,7.7286,12.0014,1.0000
2025-11-07 16:44:52,7.7378,115.6381,0.9996
2025-11-07 16:44:52,7.7378,115.4765,0.9996
2025-11-07 16:44:52,7.7385,107.7708,0.9997
2025-11-07 16:44:53,7.7379,110.6867,0.9997
2025-11-07 16:44:53,7.7372,95.2892,0.9997
2025-11-07 16:44:53,7.7375,94.5899,0.9997
2025-11-07 16:44:53,7.7355,119.7517,0.9996
2025-11-07 16:44:53,7.7368,115.6368,0.9996
2025-11-07 16:44:53,7.7373,124.4586,0.9996
2025-11-07 16:44:53,7.7378,123.9520,0.9996
2025-11-07 16:44:53,7.7392,103.2696,0.9997
2025-11-07 16:44:53,7.7390,104.1304,0.9997
2025-11-07 16:44:54,7.7393,109.6504,0.9997
2025-11-07 16:44:54,7.7388,110.4674,0.9997
2025-11-07 16:44:54,7.7389,109.1943,0.9997
2025-11-07 16:44:54,7.7382,112.7558,0.9997
2025-11-07 16:44:54,7.7377,103.2036,0.9997
2025-11-07 16:44:54,7.7361,108.0259,0.9997
2025-11-07 16:44:54,7.7340,135.7801,0.9996
2025-11-07 16:44:54,7.7340,135.7801,0.9996
2025-11-07 16:44:54,7.7348,155.1622,0.9995
2025-11-07 16:44:55,7.7364,151.5713,0.9995
2025-11-07 16:44:55,7.7367,146.8872,0.9996
2025-11-07 16:44:55,7.7378,143.1689,0.9996
2025-11-07 16:44:55,7.7379,144.5710,0.9996
2025-11-07 16:44:55,7.7378,144.7476,0.9996
2025-11-07 16:44:55,7.7381,139.7815,0.9996
2025-11-07 16:44:55,7.7365,146.4115,0.9996
2025-11-07 16:44:55,7.7366,148.9690,0.9995
2025-11-07 16:44:55,7.7363,149.2744,0.9995
2025-11-07 16:44:56,7.7358,157.8689,0.9995
2025-11-07 16:44:56,7.7334,175.7789,0.9995
2025-11-07 16:44:56,7.7330,167.5472,0.9995
2025-11-07 16:44:56,7.7307,171.2055,0.9995
2025-11-07 16:44:56,7.7312,165.3784,0.9995
2025-11-07 16:44:56,7.7319,160.2600,0.9995
2025-11-07 16:44:56,7.7314,149.3995,0.9995
2025-11-07 16:44:56,7.7336,144.7435,0.9996
2025-11-07 16:44:56,7.7338,141.8403,0.9996
2025-11-07 16:44:56,7.7314,167.1157,0.9995
2025-11-07 16:44:56,7.7327,199.4392,0.9994
2025-11-07 16:44:57,7.7324,199.3694,0.9994
2025-11-07 16:44:57,7.7340,181.9854,0.9994
2025-11-07 16:44:57,7.7393,131.7925,0.9996
2025-11-07 16:44:57,7.7390,126.4558,0.9996
2025-11-07 16:44:57,7.7384,129.7537,0.9996
2025-11-07 16:44:57,7.7347,185.8203,0.9994
2025-11-07 16:44:57,7.7336,188.8457,0.9994
2025-11-07 16:44:57,7.7337,190.0349,0.9994
2025-11-07 16:44:57,7.7333,191.0767,0.9994
2025-11-07 16:44:57,7.7340,178.9854,0.9995
2025-11-07 16:44:58,7.7321,190.0021,0.9994
2025-11-07 16:44:58,7.7343,253.1749,0.9992
2025-11-07 16:44:58,7.7347,251.6364,0.9992
2025-11-07 16:44:58,7.7372,214.3185,0.9993
2025-11-07 16:44:58,7.7396,193.5730,0.9994
2025-11-07 16:44:58,7.7395,190.4892,0.9994
2025-11-07 16:44:58,7.7395,190.6198,0.9994
2025-11-07 16:44:58,7.7398,187.0730,0.9994
2025-11-07 16:44:58,7.7398,187.0730,0.9994
2025-11-07 16:44:58,7.7398,187.8590,0.9994
2025-11-07 16:44:59,7.7402,185.5584,0.9994
2025-11-07 16:44:59,7.7386,208.9854,0.9994
2025-11-07 16:44:59,7.7397,203.8596,0.9994
2025-11-07 16:44:59,7.7389,182.5345,0.9994
2025-11-07 16:44:59,7.7392,181.3551,0.9995
2025-11-07 16:44:59,7.7401,166.8237,0.9995
2025-11-07 16:44:59,7.7385,175.6400,0.9995
2025-11-07 16:44:59,7.7385,175.2841,0.9995
2025-11-07 16:44:59,7.7359,191.5873,0.9994
2025-11-07 16:44:59,7.7338,221.1498,0.9993
2025-11-07 16:45:00,7.7332,224.0083,0.9993
2025-11-07 16:45:00,7.7338,242.5976,0.9993
2025-11-12 12:15:22,7.7029,45.2588,0.9999
2025-11-12 12:15:22,7.7064,59.3599,0.9998
2025-11-12 12:15:22,7.7037,84.1252,0.9997
2025-11-12 12:15:22,7.7111,224.5174,0.9993
2025-11-12 12:15:23,7.7164,181.1449,0.9994
2025-11-12 12:15:23,7.7192,191.8490,0.9994
2025-11-12 12:15:23,7.7175,230.6469,0.9993
2025-11-12 12:15:23,7.7176,232.5125,0.9993
2025-11-12 12:15:23,7.7187,228.9313,0.9993
2025-11-12 12:15:23,7.7196,235.9987,0.9993
2025-11-12 12:15:23,7.7238,144.5219,0.9995
2025-11-12 12:15:23,7.7168,64.2251,0.9998
2025-11-12 12:15:24,7.7169,64.1264,0.9998
2025-11-12 12:15:24,7.7161,56.2410,0.9998
2025-11-12 12:15:24,7.7162,55.8069,0.9998
2025-11-12 12:15:24,7.7134,49.6634,0.9998
2025-11-12 12:15:24,7.7137,50.3275,0.9998
2025-11-12 12:15:24,7.7142,56.1661,0.9998
2025-11-12 12:15:24,7.7173,28.0987,0.9999
2025-11-12 12:15:24,7.7183,26.1440,0.9999
2025-11-12 12:15:24,7.7145,41.6860,0.9999
2025-11-12 12:15:24,7.7122,20.5521,0.9999
2025-11-12 12:15:24,7.7138,17.5589,0.9999
2025-11-12 12:15:25,7.7130,16.6868,0.9999
2025-11-12 12:15:25,7.7177,6.0941,1.0000
2025-11-12 12:15:25,7.7146,5.0431,1.0000
2025-11-12 12:15:25,7.7189,19.2428,0.9999
2025-11-12 12:15:25,7.7183,21.7020,0.9999
2025-11-12 12:15:25,7.7195,25.4186,0.9999
2025-11-12 12:15:25,7.7205,20.7627,0.9999
2025-11-12 12:15:25,7.7149,14.8478,1.0000
2025-11-12 12:15:25,7.7161,13.3038,1.0000
2025-11-12 12:15:26,7.7228,100.8496,0.9997
2025-11-12 12:15:26,7.7250,93.2980,0.9997
2025-11-12 12:15:26,7.7251,91.9417,0.9997
2025-11-12 12:15:26,7.7252,91.7535,0.9997
2025-11-12 12:15:26,7.7271,131.2110,0.9996
2025-11-12 12:15:26,7.7283,129.3398,0.9996
2025-11-12 12:15:26,7.7297,113.2003,0.9997
2025-11-12 12:15:26,7.7305,107.0847,0.9997
2025-11-12 12:15:26,7.7240,19.6373,0.9999
2025-11-12 12:15:27,7.7224,18.2582,0.9999
2025-11-12 12:15:27,7.7258,11.8344,1.0000
2025-11-12 12:15:27,7.7238,24.6250,0.9999
2025-11-12 12:15:27,7.7278,70.5419,0.9998
2025-11-12 12:15:27,7.7282,69.2546,0.9998
2025-11-12 12:15:27,7.7263,73.1347,0.9998
2025-11-12 12:15:27,7.7278,60.7103,0.9998
2025-11-12 12:15:27,7.7206,1.7090,1.0000
2025-11-12 12:15:27,7.7211,2.8315,1.0000
2025-11-12 12:15:27,7.7175,16.6897,0.9999
2025-11-12 12:15:27,7.7161,19.2613,0.9999
2025-11-12 12:15:28,7.7166,21.3002,0.9999
2025-11-12 12:15:28,7.7144,14.1108,1.0000
2025-11-12 12:15:28,7.7158,8.6389,1.0000
2025-11-12 12:15:28,7.7147,12.9289,1.0000
2025-11-12 12:15:28,7.7213,96.1063,0.9997
2025-11-12 12:15:28,7.7268,107.3576,0.9997
2025-11-12 12:15:28,7.7198,220.3464,0.9993
2025-11-12 12:15:28,7.7208,212.6762,0.9993
2025-11-12 12:15:28,7.7202,201.6523,0.9994
2025-11-12 12:15:29,7.7145,167.3549,0.9995
2025-11-12 12:15:29,7.7115,233.1540,0.9993
2025-11-12 12:15:29,7.7134,235.4844,0.9992
2025-11-12 12:15:29,7.7131,229.2807,0.9993
2025-11-12 12:15:29,7.7135,229.9773,0.9993
2025-11-12 12:15:29,7.7182,129.9120,0.9996
2025-11-12 12:15:29,7.7159,134.6081,0.9996
2025-11-12 12:15:29,7.7151,119.0911,0.9996
2025-11-12 12:15:29,7.7166,122.9531,0.9996
2025-11-12 12:15:29,7.7221,60.0525,0.9998
2025-11-12 12:15:30,7.7212,67.7191,0.9998
2025-11-12 12:15:30,7.7127,12.8181,1.0000
2025-11-12 12:15:30,7.7101,2.1145,1.0000
2025-11-12 12:15:30,7.7091,2.0244,1.0000
2025-11-12 12:15:30,7.7110,1.7579,1.0000
2025-11-12 12:15:30,7.7158,20.9338,0.9999
2025-11-12 12:15:30,7.7093,72.7448,0.9998
2025-11-12 12:15:30,7.7159,106.4723,0.9997
2025-11-12 12:15:30,7.7159,106.4015,0.9997
2025-11-12 12:15:30,7.7144,95.4104,0.9997
2025-11-12 12:15:31,7.7193,33.4317,0.9999
2025-11-12 12:15:31,7.7178,21.1060,0.9999
2025-11-12 12:15:31,7.7197,19.9263,0.9999
2025-11-12 12:15:31,7.7199,20.3623,0.9999
2025-11-12 12:15:31,7.7137,105.7987,0.9997
2025-11-12 12:15:31,7.7154,123.4780,0.9996
2025-11-12 12:15:31,7.7123,120.6586,0.9996
2025-11-12 12:15:32,7.7137,132.3032,0.9996
2025-11-12 12:15:32,7.7205,42.0071,0.9999
2025-11-12 12:15:32,7.7175,24.0598,0.9999
2025-11-12 12:15:32,7.7169,27.6496,0.9999
2025-11-12 12:15:32,7.7190,48.4188,0.9998
2025-11-12 12:15:32,7.7233,38.8043,0.9999
2025-11-12 12:15:32,7.7220,41.1408,0.9999
2025-11-12 12:15:32,7.7208,53.7375,0.9998
2025-11-12 12:15:32,7.7216,63.8240,0.9998
2025-11-12 12:15:32,7.7203,61.6719,0.9998
2025-11-12 12:15:33,7.7236,65.6537,0.9998
2025-11-12 12:15:33,7.7286,21.3636,0.9999
2025-11-12 12:15:33,7.7310,46.9766,0.9999
2025-11-12 12:15:33,7.7296,57.7607,0.9998
2025-11-12 12:15:33,7.7290,57.7675,0.9998
2025-11-12 12:15:33,7.7249,92.0271,0.9997
2025-11-12 12:15:33,7.7224,55.3768,0.9998
2025-11-12 12:15:33,7.7305,81.8974,0.9997
2025-11-12 12:15:33,7.7312,81.2816,0.9997
2025-11-12 12:15:33,7.7349,34.6546,0.9999
2025-11-12 12:15:33,7.7361,40.5844,0.9999
2025-11-12 12:15:33,7.7374,51.9191,0.9998
2025-11-12 12:15:34,7.7355,62.8206,0.9998
2025-11-12 12:15:34,7.7352,65.9597,0.9998
2025-11-12 12:15:34,7.7339,59.1756,0.9998
2025-11-12 12:15:34,7.7338,57.6394,0.9998
2025-11-12 12:15:34,7.7356,49.1377,0.9998
2025-11-12 12:15:34,7.7319,100.4445,0.9997
2025-11-12 12:15:34,7.7350,127.4963,0.9996
2025-11-12 12:15:34,7.7355,132.5941,0.9996
2025-11-12 12:15:35,7.7351,134.1015,0.9996
2025-11-12 12:15:35,7.7384,79.4049,0.9998
2025-11-12 12:15:35,7.7375,71.2061,0.9998
2025-11-12 12:15:35,7.7376,72.4699,0.9998
2025-11-12 12:15:35,7.7387,67.4966,0.9998
2025-11-12 12:15:35,7.7390,62.9819,0.9998
2025-11-12 12:15:35,7.7378,56.3097,0.9998
2025-11-12 12:15:35,7.7361,40.7615,0.9999
2025-11-12 12:15:35,7.7361,40.8886,0.9999
2025-11-12 12:15:35,7.7328,86.1366,0.9997
2025-11-12 12:15:35,7.7233,103.4072,0.9997
2025-11-12 12:15:35,7.7221,85.6519,0.9997
2025-11-12 12:15:36,7.7221,85.3955,0.9997
2025-11-12 12:15:36,7.7227,79.5142,0.9998
2025-11-12 12:15:36,7.7233,73.6929,0.9998
2025-11-12 12:15:36,7.7239,81.4382,0.9997
2025-11-12 12:15:36,7.7220,73.8348,0.9998
2025-11-12 12:15:36,7.7231,65.9960,0.9998
2025-11-12 12:15:36,7.7254,49.9381,0.9998
2025-11-12 12:15:36,7.7224,20.1852,0.9999
2025-11-12 12:15:36,7.7199,21.0591,0.9999
2025-11-12 12:15:36,7.7217,15.8692,1.0000
2025-11-12 12:15:37,7.7198,23.5087,0.9999
2025-11-12 12:15:37,7.7223,52.3867,0.9998
2025-11-12 12:15:37,7.7021,491.6752,0.9984
2025-11-12 12:15:37,7.6982,465.4829,0.9985
2025-11-12 12:15:37,7.6977,461.9994,0.9985
2025-11-12 12:15:37,7.6973,450.2254,0.9985
2025-11-12 12:15:37,7.7111,115.1891,0.9996
2025-11-12 12:15:37,7.7155,113.0543,0.9996
2025-11-12 12:15:37,7.7192,109.0465,0.9997
2025-11-12 12:15:38,7.7209,137.2534,0.9996
2025-11-12 12:15:38,7.7198,158.5625,0.9995
2025-11-12 12:15:38,7.7181,159.8290,0.9995
2025-11-12 12:15:38,7.7191,163.5220,0.9995
2025-11-12 12:15:38,7.7174,133.3259,0.9996
2025-11-12 12:15:38,7.7197,93.6969,0.9997
2025-11-12 12:15:38,7.7209,91.1603,0.9997
2025-11-12 12:15:38,7.7166,92.1955,0.9997
2025-11-12 12:15:38,7.7189,135.1729,0.9996
2025-11-12 12:15:38,7.7147,213.0423,0.9993
2025-11-12 12:15:38,7.7132,211.0223,0.9993
2025-11-12 12:15:39,7.7239,297.9991,0.9991
2025-11-12 12:15:39,7.7219,266.8245,0.9992
2025-11-12 12:15:39,7.7210,291.0619,0.9991
2025-11-12 12:15:39,7.7222,286.3356,0.9991
2025-11-12 12:15:39,7.7226,295.0875,0.9991
2025-11-12 12:15:39,7.7245,323.4374,0.9990
2025-11-12 12:15:39,7.7336,119.9642,0.9996
2025-11-12 12:15:39,7.7302,163.3440,0.9995
2025-11-12 12:15:39,7.7289,144.1803,0.9996
2025-11-12 12:15:40,7.7273,122.9891,0.9996
2025-11-12 12:15:40,7.7256,142.3342,0.9996
2025-11-12 12:15:40,7.7297,104.3475,0.9997
2025-11-12 12:15:40,7.7296,102.4375,0.9997
2025-11-12 12:15:40,7.7318,128.7892,0.9996
2025-11-12 12:15:40,7.7391,51.9345,0.9998
2025-11-12 12:15:40,7.7361,94.0350,0.9997
2025-11-12 12:15:40,7.7352,87.0784,0.9997
2025-11-12 12:15:40,7.7335,69.6235,0.9998
2025-11-12 12:15:40,7.7302,80.0250,0.9998
2025-11-12 12:15:41,7.7331,49.1461,0.9998
2025-11-12 12:15:41,7.7344,60.0017,0.9998
2025-11-12 12:15:41,7.7324,48.5362,0.9999
2025-11-12 12:15:41,7.7305,66.4107,0.9998
2025-11-12 12:15:41,7.7261,109.6004,0.9997
2025-11-12 12:15:41,7.7252,95.6079,0.9997
2025-11-12 12:15:41,7.7247,91.8091,0.9997
2025-11-12 12:15:41,7.7283,76.7903,0.9998
2025-11-12 12:15:41,7.7323,30.6171,0.9999
2025-11-12 12:15:42,7.7338,45.8465,0.9999
2025-11-12 12:15:42,7.7353,50.5307,0.9998
2025-11-12 12:15:42,7.7334,63.3606,0.9998
2025-11-12 12:15:42,7.7296,110.7794,0.9997
2025-11-12 12:15:42,7.7278,88.4830,0.9997
2025-11-12 12:15:42,7.7288,98.9143,0.9997
2025-11-12 12:15:42,7.7316,90.3841,0.9997
2025-11-12 12:15:42,7.7317,88.7893,0.9997
2025-11-12 12:15:42,7.7323,93.9320,0.9997
2025-11-12 12:15:43,7.7336,108.6814,0.9997
2025-11-12 12:15:43,7.7342,107.9645,0.9997
2025-11-12 12:15:43,7.7370,63.2942,0.9998
2025-11-12 12:15:43,7.7324,54.4020,0.9998
2025-11-12 12:15:43,7.7329,61.5438,0.9998
2025-11-12 12:15:43,7.7334,61.8606,0.9998
2025-11-12 12:15:43,7.7347,49.1353,0.9998
2025-11-12 12:15:43,7.7372,45.0597,0.9999
2025-11-12 12:15:43,7.7355,29.5241,0.9999
2025-11-12 12:15:43,7.7310,50.6601,0.9998
2025-11-12 12:15:44,7.7290,66.5647,0.9998
2025-11-12 12:15:44,7.7326,101.5543,0.9997
2025-11-12 12:15:44,7.7337,113.0179,0.9997
2025-11-12 12:15:44,7.7160,574.1076,0.9982
2025-11-12 12:15:44,7.7159,574.3049,0.9982
2025-11-12 12:15:44,7.7153,561.6963,0.9982
2025-11-12 12:15:44,7.7148,548.1519,0.9983
2025-11-12 12:15:44,7.7248,228.9910,0.9993
2025-11-12 12:15:44,7.7253,225.4596,0.9993
2025-11-12 12:15:45,7.7240,205.8313,0.9994
2025-11-12 12:15:45,7.7220,176.6126,0.9994
2025-11-12 12:15:45,7.7212,194.8921,0.9994
2025-11-12 12:15:45,7.7198,202.3974,0.9994
2025-11-12 12:15:45,7.7205,215.0121,0.9993
2025-11-12 12:15:45,7.7107,178.3390,0.9994
2025-11-12 12:15:45,7.7138,134.9130,0.9996
2025-11-12 12:15:45,7.7163,133.3128,0.9996
2025-11-12 12:15:46,7.7152,112.6348,0.9996
2025-11-12 12:15:46,7.7151,113.4018,0.9996
2025-11-12 12:15:46,7.7198,76.7711,0.9998
2025-11-12 12:15:46,7.7205,76.8471,0.9998
2025-11-12 12:15:46,7.7203,73.8427,0.9998
2025-11-12 12:15:46,7.7230,49.2388,0.9998
2025-11-12 12:15:46,7.7197,78.0488,0.9998
2025-11-12 12:15:46,7.7176,79.3433,0.9997
2025-11-12 12:15:46,7.7171,70.9313,0.9998
2025-11-12 12:15:46,7.7180,68.9799,0.9998
2025-11-12 12:15:47,7.7223,40.0540,0.9999
2025-11-12 12:15:47,7.7243,32.8628,0.9999
2025-11-12 12:15:47,7.7257,50.9452,0.9998
2025-11-12 12:15:47,7.7240,63.8579,0.9998
2025-11-12 12:15:47,7.7230,69.2015,0.9998
2025-11-12 12:15:47,7.7187,90.3242,0.9997
2025-11-12 12:15:47,7.7179,76.9941,0.9998
2025-11-12 12:15:47,7.7234,75.6945,0.9998
2025-11-12 12:15:47,7.7256,66.6411,0.9998
2025-11-12 12:15:47,7.7285,35.9964,0.9999
2025-11-12 12:15:47,7.7279,30.6971,0.9999
2025-11-12 12:15:48,7.7282,31.4467,0.9999
2025-11-12 12:15:48,7.7269,37.9988,0.9999
2025-11-12 12:15:48,7.7263,42.9467,0.9999
2025-11-12 12:15:48,7.7241,25.5435,0.9999
2025-11-12 12:15:48,7.7253,33.2873,0.9999
2025-11-12 12:15:48,7.7241,41.2611,0.9999
2025-11-12 12:15:48,7.7262,31.3872,0.9999
2025-11-12 12:15:48,7.7294,57.8051,0.9998
2025-11-12 12:15:49,7.7299,60.5579,0.9998
2025-11-12 12:15:49,7.7332,33.5199,0.9999
2025-11-12 12:15:49,7.7314,49.5913,0.9998
2025-11-12 12:15:49,7.7304,40.0815,0.9999
2025-11-12 12:15:49,7.7287,33.3026,0.9999
2025-11-12 12:15:49,7.7302,31.9955,0.9999
2025-11-12 12:15:49,7.7305,28.4905,0.9999
2025-11-12 12:15:49,7.7288,18.0825,0.9999
2025-11-12 12:15:49,7.7310,27.9635,0.9999
2025-11-12 12:15:49,7.7312,27.9906,0.9999
2025-11-12 12:15:50,7.7285,59.9548,0.9998
2025-11-12 12:15:50,7.7207,83.3230,0.9997
2025-11-12 12:15:50,7.7219,101.1694,0.9997
2025-11-12 12:15:50,7.7211,96.9310,0.9997
2025-11-12 12:15:50,7.7225,85.3795,0.9997
2025-11-12 12:15:50,7.7220,90.6856,0.9997
2025-11-12 12:15:50,7.7232,110.3046,0.9997
2025-11-12 12:15:50,7.7228,109.1250,0.9997
2025-11-12 12:15:50,7.7235,104.0813,0.9997
2025-11-12 12:15:51,7.7273,67.0220,0.9998
2025-11-12 12:15:51,7.7260,48.7554,0.9998
2025-11-12 12:15:51,7.7205,74.2451,0.9998
2025-11-12 12:15:51,7.7189,83.4900,0.9997
2025-11-12 12:15:51,7.7158,95.2794,0.9997
2025-11-12 12:15:51,7.7160,99.2508,0.9997
2025-11-12 12:15:51,7.7192,86.5562,0.9997
2025-11-12 12:15:51,7.7172,104.6645,0.9997
2025-11-12 12:15:52,7.7247,100.9142,0.9997
2025-11-12 12:15:52,7.7223,71.9398,0.9998
2025-11-12 12:15:52,7.7180,101.5928,0.9997
2025-11-12 12:15:52,7.7232,66.6560,0.9998
2025-11-12 12:15:52,7.7224,60.9156,0.9998
2025-11-12 12:15:52,7.7250,91.0442,0.9997
2025-11-12 12:15:52,7.7282,51.0360,0.9998
2025-11-12 12:15:52,7.7252,74.5325,0.9998
2025-11-12 12:15:52,7.7325,160.0292,0.9995
2025-11-12 12:15:52,7.7320,155.8560,0.9995
2025-11-12 12:15:53,7.7319,157.0973,0.9995
2025-11-12 12:15:53,7.7351,118.7928,0.9996
2025-11-12 12:15:53,7.7354,123.9210,0.9996
2025-11-12 12:15:53,7.7374,139.8432,0.9996
2025-11-12 12:15:53,7.7399,107.1125,0.9997
2025-11-12 12:15:53,7.7385,125.8856,0.9996
2025-11-12 12:15:53,7.7387,129.8692,0.9996
2025-11-12 12:15:53,7.7388,130.9972,0.9996
2025-11-12 12:15:53,7.7385,134.5426,0.9996
2025-11-12 12:15:53,7.7365,167.9631,0.9995
2025-11-12 12:15:54,7.7368,174.2711,0.9995
2025-11-12 12:15:54,7.7376,184.0914,0.9994
2025-11-12 12:15:54,7.7399,165.6473,0.9995
2025-11-12 12:15:54,7.7410,143.2590,0.9996
2025-11-12 12:15:54,7.7397,123.2366,0.9996
2025-11-12 12:15:54,7.7400,127.3916,0.9996
2025-11-12 12:15:54,7.7405,124.8532,0.9996
2025-11-12 12:15:54,7.7414,109.0075,0.9997
2025-11-12 12:15:55,7.7419,115.0222,0.9997
2025-11-12 12:15:55,7.7404,101.0070,0.9997
2025-11-12 12:15:55,7.7367,132.5169,0.9996
2025-11-12 12:15:55,7.7360,141.9355,0.9996
2025-11-12 12:15:55,7.7361,143.9688,0.9996
2025-11-12 12:15:55,7.7362,144.7013,0.9996
2025-11-12 12:15:55,7.7374,132.5306,0.9996
2025-11-12 12:15:55,7.7392,107.3937,0.9997
2025-11-12 12:15:55,7.7368,77.4263,0.9998
2025-11-12 12:15:55,7.7388,102.4411,0.9997
2025-11-12 12:15:55,7.7415,81.0275,0.9998
2025-11-12 12:15:56,7.7394,113.1241,0.9997
2025-11-12 12:15:56,7.7374,100.2459,0.9997
2025-11-12 12:15:56,7.7384,117.2825,0.9996
2025-11-12 12:15:56,7.7360,131.5552,0.9996
2025-11-12 12:15:56,7.7355,140.1638,0.9996
2025-11-12 12:15:56,7.7352,138.9410,0.9996
2025-11-12 12:15:56,7.7356,146.1902,0.9996
2025-11-12 12:15:56,7.7374,134.7819,0.9996
2025-11-12 12:15:57,7.7394,104.2073,0.9997
2025-11-12 12:15:57,7.7391,103.5943,0.9997
2025-11-12 12:15:57,7.7378,81.3003,0.9998
2025-11-12 12:15:57,7.7315,145.7652,0.9996
2025-11-12 12:15:57,7.7319,142.8212,0.9996
2025-11-12 12:15:57,7.7348,170.5548,0.9995
2025-11-12 12:15:57,7.7356,184.7546,0.9994
2025-11-12 12:15:57,7.7410,110.5375,0.9997
2025-11-12 12:15:57,7.7406,116.2263,0.9996
2025-11-12 12:15:57,7.7389,104.5988,0.9997
2025-11-12 12:15:57,7.7391,108.1709,0.9997
2025-11-12 12:15:58,7.7371,127.4230,0.9996
2025-11-12 12:15:58,7.7385,112.0454,0.9997
2025-11-12 12:15:58,7.7388,114.0673,0.9997
2025-11-12 12:15:58,7.7385,108.3991,0.9997
2025-11-12 12:15:58,7.7255,414.3653,0.9987
2025-11-12 12:15:58,7.7244,417.9306,0.9987
2025-11-12 12:15:59,7.7225,392.7610,0.9988
2025-11-12 12:15:59,7.7221,380.0766,0.9988
2025-11-12 12:15:59,7.7250,292.6924,0.9991
2025-11-12 12:15:59,7.7229,305.7139,0.9990
2025-11-12 12:15:59,7.7256,343.9508,0.9989
2025-11-12 12:15:59,7.7253,337.1002,0.9990
2025-11-12 12:15:59,7.7363,135.6566,0.9996
2025-11-12 12:15:59,7.7383,105.6936,0.9997
2025-11-12 12:15:59,7.7356,89.3341,0.9997
2025-11-12 12:15:59,7.7339,63.4559,0.9998
2025-11-12 12:15:59,7.7312,88.3560,0.9997
2025-11-12 12:16:00,7.7269,141.5125,0.9996
2025-11-12 12:16:00,7.7245,125.3070,0.9996
2025-11-12 12:16:00,7.7226,92.4430,0.9997
2025-11-12 12:16:00,7.7231,89.2021,0.9997
2025-11-12 12:16:00,7.7274,47.1557,0.9999
2025-11-12 12:16:00,7.7182,103.3299,0.9997
2025-11-12 12:16:00,7.7187,112.6931,0.9996
2025-11-12 12:16:00,7.7164,123.2115,0.9996
2025-11-12 12:16:00,7.7162,123.0678,0.9996
2025-11-12 12:16:01,7.7175,107.6389,0.9997
2025-11-12 12:16:01,7.7169,96.3144,0.9997
2025-11-12 12:16:01,7.7141,123.1527,0.9996
2025-11-12 12:16:01,7.7131,122.2276,0.9996
2025-11-12 12:16:01,7.7198,107.3442,0.9997
2025-11-12 12:16:01,7.7182,83.5027,0.9997
2025-11-12 12:16:01,7.7107,241.7749,0.9992
2025-11-12 12:16:01,7.7125,247.9034,0.9992
2025-11-12 12:16:01,7.7184,333.2043,0.9989
2025-11-12 12:16:01,7.7225,402.0631,0.9987
2025-11-12 12:16:01,7.7310,167.3754,0.9995
2025-11-12 12:16:01,7.7265,216.0070,0.9993
2025-11-12 12:16:01,7.7281,243.1216,0.9992
2025-11-12 12:16:02,7.7258,208.8018,0.9994
2025-11-12 12:16:02,7.7290,164.0643,0.9995
2025-11-12 12:16:02,7.7318,125.1857,0.9996
2025-11-12 12:16:02,7.7291,89.0391,0.9997
2025-11-12 12:16:02,7.7294,92.5461,0.9997
2025-11-12 12:16:02,7.7289,99.3832,0.9997
2025-11-12 12:16:02,7.7302,88.6422,0.9997
2025-11-12 12:16:02,7.7346,153.8126,0.9995
2025-11-12 12:16:02,7.7326,141.7379,0.9996
2025-11-12 12:16:03,7.7297,194.3570,0.9994
2025-11-12 12:16:03,7.7299,193.0331,0.9994
2025-11-12 12:16:03,7.7300,195.2641,0.9994
2025-11-12 12:16:03,7.7324,215.2817,0.9993
2025-11-12 12:16:03,7.7345,171.9828,0.9995
2025-11-12 12:16:03,7.7342,174.8088,0.9995
2025-11-12 12:16:03,7.7313,125.8436,0.9996
2025-11-12 12:16:03,7.7321,135.2307,0.9996
2025-11-12 12:16:03,7.7369,75.4878,0.9998
2025-11-12 12:16:03,7.7350,101.7483,0.9997
2025-11-12 12:16:04,7.7347,98.9197,0.9997
2025-11-12 12:16:04,7.7327,80.3949,0.9998
2025-11-12 12:16:04,7.7323,82.6624,0.9997
2025-11-12 12:16:04,7.7330,73.2908,0.9998
2025-11-12 12:16:04,7.7348,96.7938,0.9997
2025-11-12 12:16:04,7.7345,95.1845,0.9997
2025-11-12 12:16:04,7.7338,100.2302,0.9997
2025-11-12 12:16:04,7.7326,117.1164,0.9996
2025-11-12 12:16:04,7.7310,92.3920,0.9997
2025-11-12 12:16:04,7.7322,103.0212,0.9997
2025-11-12 12:16:05,7.7300,123.4278,0.9996
2025-11-12 12:16:05,7.7319,101.9056,0.9997
2025-11-12 12:16:05,7.7279,66.3526,0.9998
2025-11-12 12:16:05,7.7247,35.3909,0.9999
2025-11-12 12:16:05,7.7257,28.5483,0.9999
2025-11-12 12:16:05,7.7238,42.7039,0.9999
2025-11-12 12:16:05,7.7257,60.4081,0.9998
2025-11-12 12:16:05,7.7289,90.1460,0.9997
2025-11-12 12:16:05,7.7291,89.0049,0.9997
2025-11-12 12:16:05,7.7314,64.2127,0.9998
2025-11-12 12:16:05,7.7317,66.6456,0.9998
2025-11-12 12:16:06,7.7325,75.1265,0.9998
2025-11-12 12:16:06,7.7343,59.4279,0.9998
2025-11-12 12:16:06,7.7327,77.8910,0.9998
2025-11-12 12:16:06,7.7349,98.5098,0.9997
2025-11-12 12:16:06,7.7349,99.5398,0.9997
2025-11-12 12:16:06,7.7369,88.7914,0.9997
2025-11-12 12:16:06,7.7365,96.6052,0.9997
2025-11-12 12:16:07,7.7343,78.1820,0.9998
2025-11-12 12:16:07,7.7312,53.3474,0.9998
2025-11-12 12:16:07,7.7275,65.7737,0.9998
2025-11-12 12:16:07,7.7250,97.7996,0.9997
2025-11-12 12:16:07,7.7267,120.5529,0.9996
2025-11-12 12:16:07,7.7300,157.7832,0.9995
2025-11-12 12:16:07,7.7327,141.5879,0.9996
2025-11-12 12:16:07,7.7371,70.3342,0.9998
2025-11-12 12:16:07,7.7370,69.4325,0.9998
2025-11-12 12:16:07,7.7360,60.3249,0.9998
2025-11-12 12:16:07,7.7333,82.0847,0.9997
2025-11-12 12:16:08,7.7335,79.7430,0.9998
2025-11-12 12:16:08,7.7341,86.2442,0.9997
2025-11-12 12:16:08,7.7345,90.2479,0.9997
2025-11-12 12:16:08,7.7376,64.0183,0.9998
2025-11-12 12:16:08,7.7367,75.6333,0.9998
2025-11-12 12:16:08,7.7301,50.5041,0.9998
2025-11-12 12:16:08,7.7283,31.1475,0.9999
2025-11-12 12:16:08,7.7275,31.4075,0.9999
2025-11-12 12:16:08,7.7289,22.5551,0.9999
2025-11-12 12:16:08,7.7316,24.5719,0.9999
2025-11-12 12:16:08,7.7316,24.2579,0.9999
2025-11-12 12:16:08,7.7322,22.2617,0.9999
2025-11-12 12:16:09,7.7317,26.1092,0.9999
2025-11-12 12:16:09,7.7282,26.3422,0.9999
2025-11-12 12:16:09,7.7292,36.8249,0.9999
2025-11-12 12:16:09,7.7304,37.5117,0.9999
2025-11-12 12:16:09,7.7283,57.8369,0.9998
2025-11-12 12:16:09,7.7305,54.8845,0.9998
2025-11-12 12:16:09,7.7317,68.5383,0.9998
2025-11-12 12:16:09,7.7309,68.4447,0.9998
2025-11-12 12:16:09,7.7323,52.0920,0.9998
2025-11-12 12:16:09,7.7334,53.0188,0.9998
2025-11-12 12:16:09,7.7340,61.2617,0.9998
2025-11-12 12:16:10,7.7326,66.8584,0.9998
2025-11-12 12:16:10,7.7313,83.0525,0.9997
2025-11-12 12:16:10,7.7341,99.9631,0.9997
2025-11-12 12:16:10,7.7336,93.8987,0.9997
2025-11-12 12:16:10,7.7323,103.1335,0.9997
2025-11-12 12:16:10,7.7345,77.1776,0.9998
2025-11-12 12:16:10,7.7289,60.2480,0.9998
2025-11-12 12:16:10,7.7284,52.6600,0.9998
2025-11-12 12:16:10,7.7310,43.8885,0.9999
2025-11-12 12:16:11,7.7287,65.2981,0.9998
2025-11-12 12:16:11,7.7310,65.0215,0.9998
2025-11-12 12:16:11,7.7313,68.8180,0.9998
2025-11-12 12:16:11,7.7309,69.4303,0.9998
2025-11-12 12:16:11,7.7316,61.4311,0.9998
2025-11-12 12:16:11,7.7317,61.6823,0.9998
2025-11-12 12:16:11,7.7324,71.2049,0.9998
2025-11-12 12:16:11,7.7334,69.2178,0.9998
2025-11-12 12:16:11,7.7343,57.9786,0.9998
2025-11-12 12:16:11,7.7365,63.2494,0.9998
2025-11-12 12:16:11,7.7348,46.4309,0.9999
2025-11-12 12:16:11,7.7352,45.8955,0.9999
2025-11-12 12:16:11,7.7340,61.4547,0.9998
2025-11-12 12:16:12,7.7326,54.8403,0.9998
2025-11-12 12:16:12,7.7364,106.2221,0.9997
2025-11-12 12:16:12,7.7363,106.5194,0.9997
2025-11-12 12:16:12,7.7379,84.3558,0.9997
2025-11-12 12:16:12,7.7389,85.5275,0.9997
2025-11-12 12:16:12,7.7394,93.3272,0.9997
2025-11-12 12:16:12,7.7382,99.5288,0.9997
2025-11-12 12:16:12,7.7351,148.4849,0.9995
2025-11-12 12:16:12,7.7326,143.2293,0.9996
2025-11-12 12:16:12,7.7316,122.3941,0.9996
2025-11-12 12:16:12,7.7334,121.5798,0.9996
2025-11-12 12:16:13,7.7373,66.6060,0.9998
2025-11-12 12:16:13,7.7365,70.2721,0.9998
2025-11-12 12:16:13,7.7372,82.5747,0.9997
2025-11-12 12:16:13,7.7379,82.2584,0.9997
2025-11-12 12:16:13,7.7372,90.3743,0.9997
2025-11-12 12:16:13,7.7337,121.0710,0.9996
2025-11-12 12:16:13,7.7324,97.3243,0.9997
2025-11-12 12:16:13,7.7315,94.7278,0.9997
2025-11-12 12:16:13,7.7317,93.4112,0.9997
2025-11-12 12:16:13,7.7345,70.6478,0.9998
2025-11-12 12:16:14,7.7367,111.4891,0.9997
2025-11-12 12:16:14,7.7364,111.9815,0.9997
2025-11-12 12:16:14,7.7363,113.5995,0.9997
2025-11-12 12:16:14,7.7385,103.5091,0.9997
2025-11-12 12:16:14,7.7373,81.5410,0.9998
2025-11-12 12:16:14,7.7351,91.5371,0.9997
2025-11-12 12:16:14,7.7348,94.4053,0.9997
2025-11-12 12:16:14,7.7372,99.8244,0.9997
2025-11-12 12:16:15,7.7381,116.4066,0.9996
2025-11-12 12:16:15,7.7401,102.9584,0.9997
2025-11-12 12:16:15,7.7388,123.7576,0.9996
2025-11-12 12:16:15,7.7400,129.5367,0.9996
2025-11-12 12:16:15,7.7392,116.1357,0.9996
2025-11-12 12:16:15,7.7387,118.4493,0.9996
2025-11-12 12:16:15,7.7379,132.3387,0.9996
2025-11-12 12:16:15,7.7328,120.8260,0.9996
2025-11-12 12:16:15,7.7343,155.3009,0.9995
2025-11-12 12:16:15,7.7349,154.2779,0.9995
2025-11-12 12:16:16,7.7353,147.0256,0.9996
2025-11-12 12:16:16,7.7433,174.2363,0.9995
2025-11-12 12:16:16,7.7431,170.1546,0.9995
2025-11-12 12:16:16,7.7376,236.0302,0.9993
2025-11-12 12:16:16,7.7389,215.4710,0.9993
2025-11-12 12:16:16,7.7398,229.7695,0.9993
2025-11-12 12:16:16,7.7404,242.0153,0.9993
2025-11-12 12:16:16,7.7324,447.7718,0.9986
2025-11-12 12:16:16,7.7308,467.4330,0.9986
2025-11-12 12:16:16,7.7288,426.9391,0.9987
2025-11-12 12:16:17,7.7271,382.1153,0.9988
2025-11-12 12:16:17,7.7340,220.9817,0.9993
2025-11-12 12:16:17,7.7363,190.0465,0.9994
2025-11-12 12:16:17,7.7383,219.6894,0.9993
2025-11-12 12:16:17,7.7385,223.3339,0.9993
2025-11-12 12:16:17,7.7407,182.7044,0.9994
2025-11-12 12:16:17,7.7393,204.9120,0.9994
2025-11-12 12:16:17,7.7308,138.0811,0.9996
2025-11-12 12:16:17,7.7287,95.9940,0.9997
2025-11-12 12:16:18,7.7285,98.0852,0.9997
2025-11-12 12:16:18,7.7297,87.3717,0.9997
2025-11-12 12:16:18,7.7331,98.9200,0.9997
2025-11-12 12:16:18,7.7319,81.3697,0.9997
2025-11-12 12:16:18,7.7369,49.8139,0.9998
2025-11-12 12:16:18,7.7371,47.4925,0.9999
2025-11-12 12:16:18,7.7321,51.3399,0.9998
2025-11-12 12:16:18,7.7328,61.6097,0.9998
2025-11-12 12:16:18,7.7274,82.8542,0.9997
2025-11-12 12:16:18,7.7250,101.5476,0.9997
2025-11-12 12:16:19,7.7234,106.2102,0.9997
2025-11-12 12:16:19,7.7219,78.2161,0.9998
2025-11-12 12:16:19,7.7188,104.4957,0.9997
2025-11-12 12:16:19,7.7217,94.7507,0.9997
2025-11-12 12:16:19,7.7214,95.8818,0.9997
2025-11-12 12:16:19,7.7202,75.4796,0.9998
2025-11-12 12:16:19,7.7129,208.3912,0.9993
2025-11-12 12:16:19,7.7122,205.0886,0.9993
2025-11-12 12:16:20,7.7077,215.7017,0.9993
2025-11-12 12:16:20,7.7086,239.3235,0.9992
2025-11-12 12:16:20,7.7178,110.2785,0.9997
2025-11-12 12:16:20,7.7173,110.5524,0.9996
2025-11-12 12:16:20,7.7206,79.3587,0.9998
2025-11-12 12:16:20,7.7070,22.4682,0.9999
2025-11-12 12:16:20,7.7006,54.3492,0.9998
2025-11-12 12:16:20,7.6984,38.2057,0.9999
2025-11-12 12:16:20,7.7013,68.5537,0.9998
2025-11-12 12:16:20,7.7062,65.1238,0.9998
2025-11-12 12:16:21,7.7161,13.9410,1.0000
2025-11-12 12:16:21,7.7150,21.4487,0.9999
2025-11-12 12:16:21,7.7158,25.8854,0.9999
2025-11-12 12:16:21,7.7174,24.9154,0.9999
2025-11-12 12:16:21,7.7150,22.8292,0.9999
2025-11-12 12:16:21,7.7166,12.9865,1.0000
2025-11-12 12:16:21,7.7178,21.3807,0.9999
2025-11-12 12:16:21,7.7193,24.9259,0.9999
2025-11-12 12:16:22,7.7212,20.4902,0.9999
2025-11-12 12:16:22,7.7241,5.8014,1.0000
2025-11-12 12:16:22,7.7260,17.7506,0.9999
2025-11-12 12:16:22,7.7312,41.1123,0.9999
2025-11-12 12:16:22,7.7311,41.7575,0.9999
2025-11-12 12:16:22,7.7300,50.1659,0.9998
2025-11-12 12:16:22,7.7319,64.5396,0.9998
2025-11-12 12:16:22,7.7261,45.2734,0.9999
2025-11-12 12:16:22,7.7260,45.4147,0.9999
2025-11-12 12:16:22,7.7273,38.6271,0.9999
2025-11-12 12:16:23,7.7273,37.7545,0.9999
2025-11-12 12:16:23,7.7163,182.9261,0.9994
2025-11-12 12:16:23,7.7153,181.9284,0.9994
2025-11-12 12:16:23,7.7165,187.5923,0.9994
2025-11-12 12:16:23,7.7173,204.1960,0.9994
2025-11-12 12:16:23,7.7195,157.9676,0.9995
2025-11-12 12:16:23,7.7211,156.3808,0.9995
2025-11-12 12:16:23,7.7169,160.3698,0.9995
2025-11-12 12:16:23,7.7175,173.5844,0.9995
2025-11-12 12:16:24,7.7164,194.7608,0.9994
2025-11-12 12:16:24,7.7192,211.4866,0.9993
2025-11-12 12:16:24,7.7205,204.4990,0.9994
2025-11-12 12:16:24,7.7193,181.2052,0.9994
2025-11-12 12:16:24,7.7275,57.3576,0.9998
2025-11-12 12:16:24,7.7260,54.2084,0.9998
2025-11-12 12:16:24,7.7271,47.7457,0.9999
2025-11-12 12:16:24,7.7275,53.7759,0.9998
2025-11-12 12:16:25,7.7298,40.9118,0.9999
2025-11-12 12:16:25,7.7261,60.8058,0.9998
2025-11-12 12:16:25,7.7255,63.6545,0.9998
2025-11-12 12:16:25,7.7267,83.3449,0.9997
2025-11-12 12:16:25,7.7319,101.7041,0.9997
2025-11-12 12:16:25,7.7337,81.9742,0.9997
2025-11-12 12:16:25,7.7344,74.9702,0.9998
2025-11-12 12:16:25,7.7346,77.2721,0.9998
2025-11-12 12:16:25,7.7338,72.7771,0.9998
2025-11-12 12:16:25,7.7347,65.6939,0.9998
2025-11-12 12:16:25,7.7328,87.3000,0.9997
2025-11-12 12:16:26,7.7320,76.3538,0.9998
2025-11-12 12:16:26,7.7301,67.2211,0.9998
2025-11-12 12:16:26,7.7290,73.2217,0.9998
2025-11-12 12:16:26,7.7309,56.6008,0.9998
2025-11-12 12:16:26,7.7298,43.6543,0.9999
2025-11-12 12:16:26,7.7279,41.1491,0.9999
2025-11-12 12:16:26,7.7273,44.5572,0.9999
2025-11-12 12:16:26,7.7257,55.7825,0.9998
2025-11-12 12:16:26,7.7276,85.8424,0.9997
2025-11-12 12:16:26,7.7272,86.1880,0.9997
2025-11-12 12:16:26,7.7287,77.7945,0.9998
2025-11-12 12:16:26,7.7277,89.1378,0.9997
2025-11-12 12:16:27,7.7263,66.6426,0.9998
2025-11-12 12:16:27,7.7144,203.8160,0.9994
2025-11-12 12:16:27,7.7075,213.8109,0.9993
2025-11-12 12:16:27,7.7076,213.8829,0.9993
2025-11-12 12:16:27,7.7065,185.9574,0.9994
2025-11-12 12:16:27,7.7183,106.3723,0.9997
2025-11-12 12:16:27,7.7185,103.6139,0.9997
2025-11-12 12:16:27,7.7202,96.2237,0.9997
2025-11-12 12:16:28,7.7241,174.1171,0.9995
2025-11-12 12:16:28,7.7234,174.2721,0.9995
2025-11-12 12:16:28,7.7200,242.5709,0.9992
2025-11-12 12:16:28,7.7186,248.8577,0.9992
2025-11-12 12:16:28,7.7189,256.4778,0.9992
2025-11-12 12:16:28,7.7148,264.1107,0.9992
2025-11-12 12:16:28,7.7202,182.2573,0.9994
2025-11-12 12:16:28,7.7224,172.3143,0.9995
2025-11-12 12:16:28,7.7220,163.2175,0.9995
2025-11-12 12:16:28,7.7201,185.4999,0.9994
2025-11-12 12:16:28,7.7253,157.4038,0.9995
2025-11-12 12:16:29,7.7217,184.8596,0.9994
2025-11-12 12:16:29,7.7228,213.0963,0.9993
2025-11-12 12:16:29,7.7278,159.9773,0.9995
2025-11-12 12:16:29,7.7284,159.0023,0.9995
2025-11-12 12:16:29,7.7306,130.0494,0.9996
2025-11-12 12:16:29,7.7286,90.3667,0.9997
2025-11-12 12:16:29,7.7228,160.1050,0.9995
2025-11-12 12:16:29,7.7239,163.9330,0.9995
2025-11-12 12:16:29,7.7237,165.1813,0.9995
2025-11-12 12:16:30,7.7238,167.1630,0.9995
2025-11-12 12:16:30,7.7390,111.3604,0.9997
2025-11-12 12:16:30,7.7400,107.1341,0.9997
2025-11-12 12:16:30,7.7399,109.6909,0.9997
2025-11-12 12:16:30,7.7394,104.4065,0.9997
2025-11-12 12:16:30,7.7397,107.7976,0.9997
2025-11-12 12:16:30,7.7382,113.9812,0.9997
2025-11-12 12:16:30,7.7390,101.2626,0.9997
2025-11-12 12:16:30,7.7366,82.2792,0.9997
2025-11-12 12:16:30,7.7333,47.7999,0.9999
2025-11-12 12:16:31,7.7337,46.9638,0.9999
2025-11-12 12:16:31,7.7347,35.3569,0.9999
2025-11-12 12:16:31,7.7306,25.0421,0.9999
2025-11-12 12:16:31,7.7364,109.0433,0.9997
2025-11-12 12:16:31,7.7364,109.0543,0.9997
2025-11-12 12:16:31,7.7364,108.1326,0.9997
2025-11-12 12:16:31,7.7390,100.6595,0.9997
2025-11-12 12:16:31,7.7387,96.2107,0.9997
2025-11-12 12:16:31,7.7397,92.1376,0.9997
2025-11-12 12:16:31,7.7384,111.4860,0.9997
2025-11-12 12:16:32,7.7381,111.6197,0.9997
2025-11-12 12:16:32,7.7371,94.2458,0.9997
2025-11-12 12:16:32,7.7347,103.0868,0.9997
2025-11-12 12:16:32,7.7339,113.1341,0.9997
2025-11-12 12:16:32,7.7352,117.3436,0.9996
2025-11-12 12:16:32,7.7355,121.2796,0.9996
2025-11-12 12:16:32,7.7374,112.3175,0.9997
2025-11-12 12:16:32,7.7381,101.2644,0.9997
2025-11-12 12:16:33,7.7385,102.7694,0.9997
2025-11-12 12:16:33,7.7406,140.8850,0.9996
2025-11-12 12:16:33,7.7398,145.1179,0.9996
2025-11-12 12:16:33,7.7411,126.0580,0.9996
2025-11-12 12:16:33,7.7416,127.5071,0.9996
2025-11-12 12:16:33,7.7421,137.2115,0.9996
2025-11-12 12:16:33,7.7423,135.7268,0.9996
2025-11-12 12:16:33,7.7409,158.8601,0.9995
2025-11-12 12:16:33,7.7383,156.2764,0.9995
2025-11-12 12:16:34,7.7374,134.4594,0.9996
2025-11-12 12:16:34,7.7324,179.6980,0.9994
2025-11-12 12:16:34,7.7326,176.2347,0.9995
2025-11-12 12:16:34,7.7352,188.5029,0.9994
2025-11-12 12:16:34,7.7359,205.7802,0.9994
2025-11-12 12:16:34,7.7351,220.7711,0.9993
2025-11-12 12:16:34,7.7340,235.7145,0.9993
2025-11-12 12:16:34,7.7325,225.6212,0.9993
2025-11-12 12:16:34,7.7326,228.7413,0.9993
2025-11-12 12:16:35,7.7314,249.7300,0.9992
2025-11-12 12:16:35,7.7338,221.9248,0.9993
2025-11-12 12:16:35,7.7360,236.0921,0.9993
2025-11-12 12:16:35,7.7360,235.6411,0.9993
2025-11-12 12:16:35,7.7391,179.4355,0.9995
2025-11-12 12:16:35,7.7362,221.7485,0.9993
2025-11-12 12:16:35,7.7357,217.4265,0.9993
2025-11-12 12:16:35,7.7355,213.3065,0.9993
2025-11-12 12:16:35,7.7345,228.6022,0.9993
2025-11-12 12:16:35,7.7352,216.4978,0.9993
2025-11-12 12:16:35,7.7367,229.5647,0.9993
2025-11-12 12:16:35,7.7353,199.6609,0.9994
2025-11-12 12:16:35,7.7374,171.0726,0.9995
2025-11-12 12:16:36,7.7389,148.3859,0.9996
2025-11-12 12:16:36,7.7379,140.4446,0.9996
2025-11-12 12:16:36,7.7385,150.8758,0.9995
2025-11-12 12:16:36,7.7404,129.4083,0.9996
2025-11-12 12:16:36,7.7404,129.8683,0.9996
2025-11-12 12:16:36,7.7401,128.3283,0.9996
2025-11-12 12:16:36,7.7398,123.7173,0.9996
2025-11-12 12:16:36,7.7416,110.8218,0.9997
2025-11-12 12:16:36,7.7422,102.8746,0.9997
2025-11-12 12:16:36,7.7393,100.6315,0.9997
2025-11-12 12:16:37,7.7389,92.6501,0.9997
2025-11-12 12:16:37,7.7389,92.6501,0.9997
2025-11-12 12:16:37,7.7377,108.5873,0.9997
2025-11-12 12:16:37,7.7399,111.2886,0.9997
2025-11-12 12:16:37,7.7409,130.4452,0.9996
2025-11-12 12:16:37,7.7401,135.1693,0.9996
2025-11-12 12:16:37,7.7385,163.5034,0.9995
2025-11-12 12:16:37,7.7383,162.6760,0.9995
2025-11-12 12:16:37,7.7380,156.6740,0.9995
2025-11-12 12:16:38,7.7388,153.0624,0.9995
2025-11-12 12:16:38,7.7404,125.7965,0.9996
2025-11-12 12:16:38,7.7397,124.5548,0.9996
2025-11-12 12:16:38,7.7394,118.3704,0.9996
2025-11-12 12:16:38,7.7386,122.2584,0.9996
2025-11-12 12:16:38,7.7397,106.2118,0.9997
2025-11-12 12:16:38,7.7417,113.0005,0.9997
2025-11-12 12:16:38,7.7416,111.0899,0.9997
2025-11-12 12:16:38,7.7423,106.4053,0.9997
2025-11-12 12:16:38,7.7423,106.9008,0.9997
2025-11-12 12:16:38,7.7387,101.6192,0.9997
2025-11-12 12:16:39,7.7381,89.3714,0.9997
2025-11-12 12:16:39,7.7375,91.4753,0.9997
2025-11-12 12:16:39,7.7372,95.9754,0.9997
2025-11-12 12:16:39,7.7411,107.6091,0.9997
2025-11-12 12:16:39,7.7415,113.5335,0.9997
2025-11-12 12:16:39,7.7420,110.0250,0.9997
2025-11-12 12:16:39,7.7391,164.1366,0.9995
2025-11-12 12:16:39,7.7373,152.6063,0.9995
2025-11-12 12:16:39,7.7327,86.5253,0.9997
2025-11-12 12:16:39,7.7328,86.5468,0.9997
2025-11-12 12:16:39,7.7337,73.3349,0.9998
2025-11-12 12:16:40,7.7314,62.4139,0.9998
2025-11-12 12:16:40,7.7304,53.2703,0.9998
2025-11-12 12:16:40,7.7306,53.6909,0.9998
2025-11-12 12:16:40,7.7328,28.2706,0.9999
2025-11-12 12:16:40,7.7401,92.7160,0.9997
2025-11-12 12:16:40,7.7412,96.4842,0.9997
2025-11-12 12:16:40,7.7385,115.1860,0.9997
2025-11-12 12:16:40,7.7366,145.1894,0.9996
2025-11-12 12:16:40,7.7367,147.9966,0.9995
2025-11-12 12:16:40,7.7346,136.5554,0.9996
2025-11-12 12:16:40,7.7332,147.3690,0.9995
2025-11-12 12:16:40,7.7353,120.7083,0.9996
2025-11-12 12:16:40,7.7327,75.1370,0.9998
2025-11-12 12:16:41,7.7304,70.1017,0.9998
2025-11-12 12:16:41,7.7293,79.9151,0.9998
2025-11-12 12:16:41,7.7275,95.8085,0.9997
2025-11-12 12:16:41,7.7292,129.8581,0.9996
2025-11-12 12:16:41,7.7297,130.3847,0.9996
2025-11-12 12:16:41,7.7337,105.1970,0.9997
2025-11-12 12:16:41,7.7341,100.0796,0.9997
2025-11-12 12:16:41,7.7346,109.1163,0.9997
2025-11-12 12:16:41,7.7366,109.9573,0.9997
2025-11-12 12:16:42,7.7340,127.1897,0.9996
2025-11-12 12:16:42,7.7338,129.4370,0.9996
2025-11-12 12:16:42,7.7324,103.5001,0.9997
2025-11-12 12:16:42,7.7314,99.2405,0.9997
2025-11-12 12:16:42,7.7347,85.1417,0.9997
2025-11-12 12:16:42,7.7347,84.9946,0.9997
2025-11-12 12:16:42,7.7317,48.4753,0.9999
2025-11-12 12:16:42,7.7394,130.3479,0.9996
2025-11-12 12:16:42,7.7378,138.8624,0.9996
2025-11-12 12:16:42,7.7375,144.6414,0.9996
2025-11-12 12:16:42,7.7356,138.6006,0.9996
2025-11-12 12:16:43,7.7357,141.2023,0.9996
2025-11-12 12:16:43,7.7377,133.8305,0.9996
2025-11-12 12:16:43,7.7403,94.7302,0.9997
2025-11-12 12:16:43,7.7387,99.8729,0.9997
2025-11-12 12:16:43,7.7386,97.0617,0.9997
2025-11-12 12:16:43,7.7380,98.7252,0.9997
2025-11-12 12:16:43,7.7355,131.5407,0.9996
2025-11-12 12:16:43,7.7361,130.3221,0.9996
2025-11-12 12:16:43,7.7362,132.9400,0.9996
2025-11-12 12:16:43,7.7364,132.5116,0.9996
2025-11-12 12:16:43,7.7382,107.0166,0.9997
2025-11-12 12:16:44,7.7391,105.0794,0.9997
2025-11-12 12:16:44,7.7403,129.1869,0.9996
2025-11-12 12:16:44,7.7388,137.9891,0.9996
2025-11-12 12:16:44,7.7372,161.3507,0.9995
2025-11-12 12:16:44,7.7378,161.6545,0.9995
2025-11-12 12:16:44,7.7369,141.4858,0.9996
2025-11-12 12:16:44,7.7384,134.5315,0.9996
2025-11-12 12:16:44,7.7382,136.9386,0.9996
2025-11-12 12:16:44,7.7410,146.7081,0.9996
2025-11-12 12:16:44,7.7416,158.9830,0.9995
2025-11-12 12:16:45,7.7411,161.5687,0.9995
2025-11-12 12:16:45,7.7413,158.0665,0.9995
2025-11-12 12:16:45,7.7420,162.5322,0.9995
2025-11-12 12:16:45,7.7409,142.4834,0.9996
2025-11-12 12:16:45,7.7402,146.9698,0.9996
2025-11-12 12:16:45,7.7425,111.2526,0.9997
2025-11-12 12:16:45,7.7398,99.3458,0.9997
2025-11-12 12:16:45,7.7401,104.4941,0.9997
2025-11-12 12:16:46,7.7413,97.1049,0.9997
2025-11-12 12:16:46,7.7380,150.6904,0.9995
2025-11-12 12:16:46,7.7364,148.7209,0.9995
2025-11-12 12:16:46,7.7372,166.8243,0.9995
2025-11-12 12:16:46,7.7352,175.3809,0.9995
2025-11-12 12:16:46,7.7363,157.3642,0.9995
2025-11-12 12:16:46,7.7357,157.8486,0.9995
2025-11-12 12:16:46,7.7344,127.8075,0.9996
2025-11-12 12:16:46,7.7347,126.1298,0.9996
2025-11-12 12:16:47,7.7362,106.1723,0.9997
2025-11-12 12:16:47,7.7361,106.4662,0.9997
2025-11-12 12:16:47,7.7362,109.1035,0.9997
2025-11-12 12:16:47,7.7361,109.6322,0.9997
2025-11-12 12:16:47,7.7337,142.3965,0.9996
2025-11-12 12:16:47,7.7354,144.4950,0.9996
2025-11-12 12:16:47,7.7361,157.9182,0.9995
2025-11-12 12:16:47,7.7366,154.8719,0.9995
2025-11-12 12:16:47,7.7388,120.5156,0.9996
2025-11-12 12:16:48,7.7332,146.9607,0.9995
2025-11-12 12:16:48,7.7329,140.9615,0.9996
2025-11-12 12:16:48,7.7336,139.5974,0.9996
2025-11-12 12:16:48,7.7331,144.4785,0.9996
2025-11-12 12:16:48,7.7364,121.9736,0.9996
2025-11-12 12:16:48,7.7366,126.2633,0.9996
2025-11-12 12:16:48,7.7375,124.1115,0.9996
2025-11-12 12:16:48,7.7380,116.2234,0.9996
2025-11-12 12:16:49,7.7375,119.0130,0.9996
2025-11-12 12:16:49,7.7355,80.7711,0.9998
2025-11-12 12:16:49,7.7346,81.8872,0.9997
2025-11-12 12:16:49,7.7327,105.1439,0.9997
2025-11-12 12:16:49,7.7335,103.4507,0.9997
2025-11-12 12:16:49,7.7321,79.8749,0.9998
2025-11-12 12:16:49,7.7333,80.6548,0.9998
2025-11-12 12:16:49,7.7346,63.3403,0.9998
2025-11-12 12:16:49,7.7372,65.1690,0.9998
2025-11-12 12:16:49,7.7357,49.4657,0.9998
2025-11-12 12:16:50,7.7342,51.1580,0.9998
2025-11-12 12:16:50,7.7330,66.0666,0.9998
2025-11-12 12:16:50,7.7340,73.1622,0.9998
2025-11-12 12:16:50,7.7317,56.3221,0.9998
2025-11-12 12:16:50,7.7322,56.0822,0.9998
2025-11-12 12:16:50,7.7325,52.1770,0.9998
2025-11-12 12:16:50,7.7321,48.5960,0.9999
2025-11-12 12:16:50,7.7326,51.2509,0.9998
2025-11-12 12:16:50,7.7300,58.3735,0.9998
2025-11-12 12:16:50,7.7324,36.5940,0.9999
2025-11-12 12:16:51,7.7323,35.9655,0.9999
2025-11-12 12:16:51,7.7336,44.9803,0.9999
2025-11-12 12:16:51,7.7263,147.9327,0.9995
2025-11-12 12:16:51,7.7239,160.8500,0.9995
2025-11-12 12:16:51,7.7252,180.1809,0.9994
2025-11-12 12:16:51,7.7264,198.3322,0.9994
2025-11-12 12:16:51,7.7229,282.1606,0.9991
2025-11-12 12:16:51,7.7239,276.1181,0.9991
2025-11-12 12:16:51,7.7226,255.7746,0.9992
2025-11-12 12:16:51,7.7226,256.0035,0.9992
2025-11-12 12:16:51,7.7261,172.2819,0.9995
2025-11-12 12:16:52,7.7248,182.8872,0.9994
2025-11-12 12:16:52,7.7250,186.2785,0.9994
2025-11-12 12:16:52,7.7249,184.1983,0.9994
2025-11-12 12:16:52,7.7335,81.2334,0.9998
2025-11-12 12:16:52,7.7348,63.6223,0.9998
2025-11-12 12:16:52,7.7367,80.2342,0.9998
2025-11-12 12:16:52,7.7338,61.8391,0.9998
2025-11-12 12:16:52,7.7275,125.2781,0.9996
2025-11-12 12:16:52,7.7290,116.5269,0.9996
2025-11-12 12:16:53,7.7299,132.6727,0.9996
2025-11-12 12:16:53,7.7318,147.5879,0.9995
2025-11-12 12:16:53,7.7303,177.9945,0.9995
2025-11-12 12:16:53,7.7250,234.5303,0.9993
2025-11-12 12:16:53,7.7249,231.9884,0.9993
2025-11-12 12:16:53,7.7262,253.4563,0.9992
2025-11-12 12:16:53,7.7317,177.2209,0.9995
2025-11-12 12:16:53,7.7335,145.6663,0.9996
2025-11-12 12:16:54,7.7306,111.1289,0.9997
2025-11-12 12:16:54,7.7304,108.2376,0.9997
2025-11-12 12:16:54,7.7171,371.4153,0.9988
2025-11-12 12:16:54,7.7195,361.2631,0.9989
2025-11-12 12:16:54,7.7217,401.1342,0.9987
2025-11-12 12:16:54,7.7193,361.4132,0.9989
2025-11-12 12:16:54,7.7238,233.2244,0.9993
2025-11-12 12:16:54,7.7224,241.5351,0.9992
2025-11-12 12:16:54,7.7208,211.6166,0.9993
2025-11-12 12:16:55,7.7237,260.0127,0.9992
2025-11-12 12:16:55,7.7339,96.7758,0.9997
2025-11-12 12:16:55,7.7310,145.8714,0.9996
2025-11-12 12:16:55,7.7313,149.9827,0.9995
2025-11-12 12:16:55,7.7327,171.9568,0.9995
2025-11-12 12:16:55,7.7324,173.9570,0.9995
2025-11-12 12:16:55,7.7349,127.4830,0.9996
2025-11-12 12:16:55,7.7361,139.5804,0.9996
2025-11-12 12:16:55,7.7367,148.7593,0.9995
2025-11-12 12:16:56,7.7368,147.4727,0.9996
2025-11-12 12:16:56,7.7387,118.6639,0.9996
2025-11-12 12:16:56,7.7389,120.7027,0.9996
2025-11-12 12:16:56,7.7395,130.8336,0.9996
2025-11-12 12:16:56,7.7378,152.4799,0.9995
2025-11-12 12:16:56,7.7378,153.1386,0.9995
2025-11-12 12:16:56,7.7373,148.5600,0.9995
2025-11-12 12:16:56,7.7317,80.4980,0.9998
2025-11-12 12:16:56,7.7277,135.3652,0.9996
2025-11-12 12:16:56,7.7255,155.0345,0.9995
2025-11-12 12:16:57,7.7244,136.6402,0.9996
2025-11-12 12:16:57,7.7271,174.4381,0.9995
2025-11-12 12:16:57,7.7240,235.9263,0.9993
2025-11-12 12:16:57,7.7259,220.5666,0.9993
2025-11-12 12:16:57,7.7250,209.1391,0.9993
2025-11-12 12:16:57,7.7238,188.0938,0.9994
2025-11-12 12:16:57,7.7188,317.9149,0.9990
2025-11-12 12:16:57,7.7171,324.7163,0.9990
2025-11-12 12:16:57,7.7197,377.0840,0.9988
2025-11-12 12:16:57,7.7194,371.8741,0.9988
2025-11-12 12:16:57,7.7272,181.3519,0.9994
2025-11-12 12:16:57,7.7277,176.4731,0.9995
2025-11-12 12:16:58,7.7274,171.4537,0.9995
2025-11-12 12:16:58,7.7289,191.8972,0.9994
2025-11-12 12:16:58,7.7261,248.9462,0.9992
2025-11-12 12:16:58,7.7263,247.7354,0.9992
2025-11-12 12:16:58,7.7290,306.8716,0.9991
2025-11-12 12:16:58,7.7288,303.0709,0.9991
2025-11-12 12:16:58,7.7257,388.7289,0.9988
2025-11-12 12:16:58,7.7274,374.6710,0.9988
2025-11-12 12:16:59,7.7267,356.3513,0.9989
2025-11-12 12:16:59,7.7242,323.1639,0.9990
2025-11-12 12:16:59,7.7248,304.6750,0.9991
2025-11-12 12:16:59,7.7245,306.1532,0.9990
2025-11-12 12:16:59,7.7233,277.1583,0.9991
2025-11-12 12:16:59,7.7254,306.0854,0.9990
2025-11-12 12:16:59,7.7395,77.9682,0.9998
2025-11-12 12:16:59,7.7385,93.3977,0.9997
2025-11-12 12:16:59,7.7370,76.8729,0.9998
2025-11-12 12:16:59,7.7350,64.0296,0.9998
2025-11-12 12:17:00,7.7313,77.9605,0.9998
2025-11-12 12:17:00,7.7327,63.0359,0.9998
2025-11-12 12:17:00,7.7351,98.0835,0.9997
2025-11-12 12:17:00,7.7354,99.2612,0.9997
2025-11-12 12:17:00,7.7356,97.2740,0.9997
2025-11-12 12:17:00,7.7357,95.3210,0.9997
2025-11-12 12:17:00,7.7303,34.9492,0.9999
2025-11-12 12:17:00,7.7316,47.3439,0.9999
2025-11-12 12:17:00,7.7295,66.2672,0.9998
2025-11-12 12:17:00,7.7290,69.5589,0.9998
2025-11-12 12:17:00,7.7311,87.0276,0.9997
2025-11-12 12:17:00,7.7314,89.7795,0.9997
2025-11-12 12:17:01,7.7348,59.2979,0.9998
2025-11-12 12:17:01,7.7330,82.1688,0.9997
2025-11-12 12:17:01,7.7210,111.6521,0.9996
2025-11-12 12:17:01,7.7210,111.9666,0.9996
2025-11-12 12:17:01,7.7228,120.6670,0.9996
2025-11-12 12:17:01,7.7239,112.7484,0.9996
2025-11-12 12:17:01,7.7301,51.8307,0.9998
2025-11-12 12:17:01,7.7311,65.7467,0.9998
2025-11-12 12:17:01,7.7315,66.4057,0.9998
2025-11-12 12:17:01,7.7312,69.8672,0.9998
2025-11-12 12:17:02,7.7280,94.5909,0.9997
2025-11-12 12:17:02,7.7284,101.5003,0.9997
2025-11-12 12:17:02,7.7282,100.4178,0.9997
2025-11-12 12:17:02,7.7289,93.8208,0.9997
2025-11-12 12:17:02,7.7235,181.5049,0.9994
2025-11-12 12:17:02,7.7228,167.4330,0.9995
2025-11-12 12:17:02,7.7223,164.4357,0.9995
2025-11-12 12:17:02,7.7228,162.6909,0.9995
2025-11-12 12:17:02,7.7216,189.0506,0.9994
2025-11-12 12:17:02,7.7224,205.6258,0.9994
2025-11-12 12:17:03,7.7200,197.4013,0.9994
2025-11-12 12:17:03,7.7198,197.7037,0.9994
2025-11-12 12:17:03,7.7199,195.3294,0.9994
2025-11-12 12:17:03,7.7204,208.0317,0.9993
2025-11-12 12:17:03,7.7233,218.4181,0.9993
2025-11-12 12:17:03,7.7208,233.8432,0.9993
2025-11-12 12:17:03,7.7205,238.9868,0.9992
2025-11-12 12:17:03,7.7208,246.3268,0.9992
2025-11-12 12:17:03,7.7213,249.8448,0.9992
2025-11-12 12:17:03,7.7225,240.4224,0.9992
2025-11-12 12:17:04,7.7225,240.4224,0.9992
2025-11-12 12:17:04,7.7217,222.6144,0.9993
2025-11-12 12:17:04,7.7225,229.7860,0.9993
2025-11-12 12:17:04,7.7228,228.1102,0.9993
2025-11-12 12:17:04,7.7229,225.2389,0.9993
2025-11-12 12:17:04,7.7211,190.9444,0.9994
2025-11-12 12:17:04,7.7194,174.5509,0.9994
2025-11-12 12:17:04,7.7201,172.3789,0.9995
2025-11-12 12:17:04,7.7198,178.5392,0.9994
2025-11-12 12:17:05,7.7252,312.5015,0.9990
2025-11-12 12:17:05,7.7247,310.9655,0.9990
2025-11-12 12:17:05,7.7252,308.6742,0.9990
2025-11-12 12:17:05,7.7254,304.6149,0.9991
2025-11-12 12:17:05,7.7214,201.5876,0.9994
2025-11-12 12:17:05,7.7208,199.1831,0.9994
2025-11-12 12:17:05,7.7204,200.2565,0.9994
2025-11-12 12:17:05,7.7201,206.3859,0.9994
2025-11-12 12:17:05,7.7231,285.5801,0.9991
2025-11-12 12:17:06,7.7247,291.2582,0.9991
2025-11-12 12:17:06,7.7250,289.5887,0.9991
2025-11-12 12:17:06,7.7253,282.6085,0.9991
2025-11-12 12:17:06,7.7241,252.3500,0.9992
2025-11-12 12:17:06,7.7206,244.8540,0.9992
2025-11-12 12:17:06,7.7186,252.3664,0.9992
2025-11-12 12:17:06,7.7186,252.3664,0.9992
2025-11-12 12:17:06,7.7177,226.4691,0.9993
2025-11-12 12:17:06,7.7076,314.6231,0.9990
2025-11-12 12:17:06,7.7068,314.3338,0.9990
2025-11-12 12:17:07,7.7070,311.1224,0.9990
2025-11-12 12:17:07,7.7092,387.4549,0.9988
2025-11-12 12:17:07,7.7174,293.3076,0.9991
2025-11-12 12:17:07,7.7206,280.5096,0.9991
2025-11-12 12:17:07,7.7210,271.7929,0.9991
2025-11-12 12:17:07,7.7218,295.9042,0.9991
2025-11-12 12:17:07,7.7259,283.8367,0.9991
2025-11-12 12:17:07,7.7237,297.5496,0.9991
2025-11-12 12:17:08,7.7230,312.4509,0.9990
2025-11-12 12:17:08,7.7222,287.3758,0.9991
2025-11-12 12:17:08,7.7241,296.6390,0.9991
2025-11-12 12:17:08,7.7244,293.9872,0.9991
2025-11-12 12:17:08,7.7244,293.9872,0.9991
2025-11-12 12:17:08,7.7260,341.0641,0.9989
2025-11-12 12:17:08,7.7263,343.1965,0.9989
2025-11-12 12:17:08,7.7278,331.4150,0.9990
2025-11-12 12:17:08,7.7279,328.7428,0.9990
2025-11-12 12:17:08,7.7275,315.1851,0.9990
2025-11-12 12:17:09,7.7267,311.6504,0.9990
2025-11-12 12:17:09,7.7274,308.2729,0.9990
2025-11-12 12:17:09,7.7276,303.4348,0.9991
2025-11-12 12:17:09,7.7280,316.1494,0.9990
2025-11-12 12:17:09,7.7276,315.0857,0.9990
2025-11-12 12:17:09,7.7266,320.9043,0.9990
2025-11-12 12:17:09,7.7261,333.2109,0.9990
2025-11-12 12:17:09,7.7257,319.1722,0.9990
2025-11-12 12:17:09,7.7255,318.3451,0.9990
2025-11-12 12:17:09,7.7231,337.3817,0.9989
2025-11-12 12:17:09,7.7233,332.7437,0.9990
2025-11-12 12:17:10,7.7231,327.6058,0.9990
2025-11-12 12:17:10,7.7201,321.6858,0.9990
2025-11-12 12:17:10,7.7204,319.4962,0.9990
2025-11-12 12:17:10,7.7207,313.2313,0.9990
2025-11-12 12:17:10,7.7203,302.9422,0.9990
2025-11-12 12:17:10,7.7227,305.6089,0.9990
2025-11-12 12:17:10,7.7252,288.0060,0.9991
2025-11-12 12:17:10,7.7249,295.0624,0.9991
2025-11-12 12:17:10,7.7256,316.2969,0.9990
2025-11-12 12:17:10,7.7260,316.8949,0.9990
2025-11-12 12:17:10,7.7253,320.6566,0.9990
2025-11-12 12:17:11,7.7251,325.5292,0.9990
2025-11-12 12:17:11,7.7232,270.4939,0.9992
2025-11-12 12:17:11,7.7244,276.1259,0.9991
2025-11-12 12:17:11,7.7253,271.7313,0.9992
2025-11-12 12:17:11,7.7255,266.8477,0.9992
2025-11-12 12:17:11,7.7264,292.3509,0.9991
2025-11-12 12:17:11,7.7252,288.0551,0.9991
2025-11-12 12:17:11,7.7251,288.6596,0.9991
2025-11-12 12:17:11,7.7254,281.5793,0.9991
2025-11-12 12:17:11,7.7243,251.0760,0.9992
2025-11-12 12:17:12,7.7245,251.7987,0.9992
2025-11-12 12:17:12,7.7240,253.8252,0.9992
2025-11-12 12:17:12,7.7238,258.2463,0.9992
2025-11-12 12:17:12,7.7240,264.6242,0.9992
2025-11-12 12:17:12,7.7228,261.3449,0.9992
2025-11-12 12:17:12,7.7200,279.0632,0.9991
2025-11-12 12:17:12,7.7202,275.0687,0.9991
2025-11-12 12:17:12,7.7205,284.5034,0.9991
2025-11-12 12:17:13,7.7193,282.6044,0.9991
2025-11-12 12:17:13,7.7226,264.4295,0.9992
2025-11-12 12:17:13,7.7224,268.6956,0.9992
2025-11-12 12:17:13,7.7231,288.5379,0.9991
2025-11-12 12:17:13,7.7258,289.9612,0.9991
2025-11-12 12:17:13,7.7253,292.3505,0.9991
2025-11-12 12:17:13,7.7255,287.7514,0.9991
2025-11-12 12:17:13,7.7255,287.7514,0.9991
2025-11-12 12:17:13,7.7221,287.4277,0.9991
2025-11-12 12:17:13,7.7229,285.4275,0.9991
2025-11-12 12:17:14,7.7225,295.8705,0.9991
2025-11-12 12:17:14,7.7223,289.4581,0.9991
2025-11-12 12:17:14,7.7175,325.7197,0.9990
2025-11-12 12:17:14,7.7157,325.8564,0.9990
2025-11-12 12:17:14,7.7159,322.7194,0.9990
2025-11-12 12:17:14,7.7155,308.0669,0.9990
2025-11-12 12:17:14,7.7107,379.5914,0.9988
2025-11-12 12:17:14,7.7117,382.0330,0.9988
2025-11-12 12:17:14,7.7120,377.2603,0.9988
2025-11-12 12:17:15,7.7125,397.7990,0.9987
2025-11-12 12:17:15,7.7263,288.6358,0.9991
2025-11-12 12:17:15,7.7254,294.9827,0.9991
2025-11-12 12:17:15,7.7252,299.5660,0.9991
2025-11-12 12:17:15,7.7257,314.2204,0.9990
2025-11-12 12:17:15,7.7252,311.8802,0.9990
2025-11-12 12:17:15,7.7265,303.7322,0.9991
2025-11-12 12:17:15,7.7264,306.3140,0.9990
2025-11-12 12:17:15,7.7271,326.8628,0.9990
2025-11-12 12:17:15,7.7262,324.8796,0.9990
2025-11-12 12:17:16,7.7248,333.3994,0.9990
2025-11-12 12:17:16,7.7245,341.8745,0.9989
2025-11-12 12:17:16,7.7241,328.3758,0.9990
2025-11-12 12:17:16,7.7254,333.6880,0.9990
2025-11-12 12:17:16,7.7273,322.0452,0.9990
2025-11-12 12:17:16,7.7279,306.8172,0.9990
2025-11-12 12:17:16,7.7274,292.3204,0.9991
2025-11-12 12:17:17,7.7284,297.6018,0.9991
2025-11-12 12:17:17,7.7246,329.2978,0.9990
2025-11-12 12:17:17,7.7245,332.5514,0.9990
2025-11-12 12:17:17,7.7248,342.2018,0.9989
2025-11-12 12:17:17,7.7236,333.5283,0.9990
2025-11-12 12:17:17,7.7255,315.8371,0.9990
2025-11-12 12:17:17,7.7257,311.2172,0.9990
2025-11-12 12:17:17,7.7259,318.5212,0.9990
2025-11-12 12:17:17,7.7259,318.5212,0.9990
2025-11-12 12:17:17,7.7261,316.7420,0.9990
2025-11-12 12:17:18,7.7260,320.8517,0.9990
2025-11-12 12:17:18,7.7249,290.5673,0.9991
2025-11-12 12:17:18,7.7236,285.2793,0.9991
2025-11-12 12:17:18,7.7240,282.8479,0.9991
2025-11-12 12:17:18,7.7239,285.8133,0.9991
2025-11-12 12:17:18,7.7248,313.0997,0.9990
2025-11-12 12:17:18,7.7247,312.8178,0.9990
2025-11-12 12:17:18,7.7235,320.6042,0.9990
2025-11-12 12:17:18,7.7235,320.6042,0.9990
2025-11-12 12:17:19,7.7228,297.4677,0.9991
2025-11-12 12:17:19,7.7208,295.5949,0.9991
2025-11-12 12:17:19,7.7202,299.5003,0.9991
2025-11-12 12:17:19,7.7205,293.2633,0.9991
2025-11-12 12:17:19,7.7206,296.6105,0.9991
2025-11-12 12:17:19,7.7236,302.8138,0.9991
2025-11-12 12:17:19,7.7249,292.1286,0.9991
2025-11-12 12:17:19,7.7246,299.1358,0.9991
2025-11-12 12:17:19,7.7246,296.7820,0.9991
2025-11-12 12:17:19,7.7232,292.5898,0.9991
2025-11-12 12:17:20,7.7241,288.2037,0.9991
2025-11-12 12:17:20,7.7242,285.7672,0.9991
2025-11-12 12:17:20,7.7244,292.4576,0.9991
2025-11-12 12:17:20,7.7233,292.6234,0.9991
2025-11-12 12:17:20,7.7223,297.3318,0.9991
2025-11-12 12:17:20,7.7225,293.0771,0.9991
2025-11-12 12:17:20,7.7220,276.9309,0.9991
2025-11-12 12:17:20,7.7231,277.7927,0.9991
2025-11-12 12:17:20,7.7240,273.1011,0.9991
2025-11-12 12:17:21,7.7237,279.9355,0.9991
2025-11-12 12:17:21,7.7243,299.5769,0.9991
2025-11-12 12:17:21,7.7195,317.0464,0.9990
2025-11-12 12:17:21,7.7187,318.9273,0.9990
2025-11-12 12:17:21,7.7193,305.7392,0.9990
2025-11-12 12:17:21,7.7186,282.6584,0.9991
2025-11-12 12:17:21,7.7227,267.3959,0.9992
2025-11-12 12:17:21,7.7234,263.7178,0.9992
2025-11-12 12:17:22,7.7228,278.5051,0.9991
2025-11-12 12:17:22,7.7241,319.5779,0.9990
2025-11-12 12:17:22,7.7229,322.0469,0.9990
2025-11-12 12:17:22,7.7217,328.0758,0.9990
2025-11-12 12:17:22,7.7218,325.2730,0.9990
2025-11-12 12:17:22,7.7200,268.4145,0.9992
2025-11-12 12:17:22,7.7204,268.0997,0.9992
2025-11-12 12:17:22,7.7173,292.6829,0.9991
2025-11-12 12:17:22,7.7174,290.4697,0.9991
2025-11-12 12:17:22,7.7185,326.9288,0.9990
2025-11-12 12:17:23,7.7205,331.4190,0.9990
2025-11-12 12:17:23,7.7210,324.5843,0.9990
2025-11-12 12:17:23,7.7209,327.5433,0.9990
2025-11-12 12:17:23,7.7192,274.9365,0.9991
2025-11-12 12:17:23,7.7203,282.0196,0.9991
2025-11-12 12:17:23,7.7235,255.0952,0.9992
2025-11-12 12:17:23,7.7237,250.7075,0.9992
2025-11-12 12:17:23,7.7246,273.4794,0.9991
2025-11-12 12:17:23,7.7250,275.5215,0.9991
2025-11-12 12:17:24,7.7256,271.6085,0.9992
2025-11-12 12:17:24,7.7255,276.2195,0.9991
2025-11-12 12:17:24,7.7261,293.9420,0.9991
2025-11-12 12:17:24,7.7250,290.0958,0.9991
2025-11-12 12:17:24,7.7253,288.9481,0.9991
2025-11-12 12:17:24,7.7252,291.4535,0.9991
2025-11-12 12:17:24,7.7246,274.9636,0.9991
2025-11-12 12:17:24,7.7262,281.9529,0.9991
2025-11-12 12:17:24,7.7249,289.7403,0.9991
2025-11-12 12:17:25,7.7249,289.7403,0.9991
2025-11-12 12:17:25,7.7238,259.3106,0.9992
2025-11-12 12:17:25,7.7224,250.8219,0.9992
2025-11-12 12:17:25,7.7221,252.7485,0.9992
2025-11-12 12:17:25,7.7218,259.1781,0.9992
2025-11-12 12:17:25,7.7221,266.4394,0.9992
2025-11-12 12:17:25,7.7218,264.9972,0.9992
2025-11-12 12:17:25,7.7235,257.3385,0.9992
2025-11-12 12:17:26,7.7237,250.6272,0.9992
2025-11-12 12:17:26,7.7259,313.5345,0.9990
2025-11-12 12:17:26,7.7237,314.5656,0.9990
2025-11-12 12:17:26,7.7232,316.3190,0.9990
2025-11-12 12:17:26,7.7227,328.5833,0.9990
2025-11-12 12:17:26,7.7223,317.1649,0.9990
2025-11-12 12:17:26,7.7250,319.1145,0.9990
2025-11-12 12:17:26,7.7233,329.7497,0.9990
2025-11-12 12:17:26,7.7239,317.2779,0.9990
2025-11-12 12:17:26,7.7236,310.8700,0.9990
2025-11-12 12:17:26,7.7235,310.3189,0.9990
2025-11-12 12:17:27,7.7215,330.9232,0.9990
2025-11-12 12:17:27,7.7215,330.9232,0.9990
2025-11-12 12:17:27,7.7216,334.7492,0.9990
2025-11-12 12:17:27,7.7220,336.9720,0.9989
2025-11-12 12:17:27,7.7248,309.3271,0.9990
2025-11-12 12:17:27,7.7251,302.2807,0.9991
2025-11-12 12:17:27,7.7243,278.9879,0.9991
2025-11-12 12:17:27,7.7235,276.0964,0.9991
2025-11-12 12:17:27,7.7244,271.4754,0.9992
2025-11-12 12:17:28,7.7242,275.9463,0.9991
2025-11-12 12:17:28,7.7242,275.1885,0.9991
2025-11-12 12:17:28,7.7254,279.7665,0.9991
2025-11-12 12:17:28,7.7214,315.6055,0.9990
2025-11-12 12:17:28,7.7213,317.8773,0.9990
2025-11-12 12:17:28,7.7223,347.3297,0.9989
2025-11-12 12:17:28,7.7221,346.2769,0.9989
2025-11-12 12:17:28,7.7257,311.4811,0.9990
2025-11-12 12:17:28,7.7257,311.4811,0.9990
2025-11-12 12:17:28,7.7265,336.4831,0.9990
2025-11-12 12:17:28,7.7219,339.3139,0.9989
2025-11-12 12:17:28,7.7190,359.7314,0.9989
2025-11-12 12:17:29,7.7192,353.7008,0.9989
2025-11-12 12:17:29,7.7187,332.6332,0.9990
2025-11-12 12:17:29,7.7211,331.2783,0.9990
2025-11-12 12:17:29,7.7252,301.9009,0.9991
2025-11-12 12:17:29,7.7250,306.4670,0.9990
2025-11-12 12:17:29,7.7240,276.6956,0.9991
2025-11-12 12:17:29,7.7244,276.8615,0.9991
2025-11-12 12:17:29,7.7242,277.7091,0.9991
2025-11-12 12:17:29,7.7241,280.1453,0.9991
2025-11-12 12:17:30,7.7240,276.8382,0.9991
2025-11-12 12:17:30,7.7260,283.3121,0.9991
2025-11-12 12:17:30,7.7249,289.4613,0.9991
2025-11-12 12:17:30,7.7249,289.4613,0.9991
2025-11-12 12:17:30,7.7251,294.4450,0.9991
2025-11-12 12:17:30,7.7252,294.9338,0.9991
2025-11-12 12:17:30,7.7256,292.2120,0.9991
2025-11-12 12:17:30,7.7259,285.0347,0.9991
2025-11-12 12:17:30,7.7260,286.3627,0.9991
2025-11-12 12:17:30,7.7266,290.2398,0.9991
2025-11-12 12:17:30,7.7259,295.6502,0.9991
2025-11-12 12:17:30,7.7256,302.8221,0.9991
2025-11-12 12:17:31,7.7232,242.7717,0.9992
2025-11-12 12:17:31,7.7224,235.7701,0.9993
2025-11-12 12:17:31,7.7237,229.7795,0.9993
2025-11-12 12:17:31,7.7237,229.7795,0.9993
2025-11-12 12:17:31,7.7269,313.5924,0.9990
2025-11-12 12:17:31,7.7241,309.4210,0.9990
2025-11-12 12:17:31,7.7233,312.9969,0.9990
2025-11-12 12:17:31,7.7231,316.8557,0.9990
2025-11-12 12:17:31,7.7228,305.3316,0.9990
2025-11-12 12:17:31,7.7204,311.4633,0.9990
2025-11-12 12:17:31,7.7197,314.1279,0.9990
2025-11-12 12:17:32,7.7202,304.4308,0.9990
2025-11-12 12:17:32,7.7214,347.8050,0.9989
2025-11-12 12:17:32,7.7218,345.5709,0.9989
2025-11-12 12:17:32,7.7218,345.6146,0.9989
2025-11-12 12:17:32,7.7215,352.0941,0.9989
2025-11-12 12:17:32,7.7216,353.4092,0.9989
2025-11-12 12:17:32,7.7262,352.7577,0.9989
2025-11-12 12:17:32,7.7237,379.7521,0.9988
2025-11-12 12:17:32,7.7237,379.7521,0.9988
2025-11-12 12:17:32,7.7231,358.4276,0.9989
2025-11-12 12:17:33,7.7215,350.8085,0.9989
2025-11-12 12:17:33,7.7253,319.2729,0.9990
2025-11-12 12:17:33,7.7253,319.2729,0.9990
2025-11-12 12:17:33,7.7254,323.3828,0.9990
2025-11-12 12:17:33,7.7239,324.6007,0.9990
2025-11-12 12:17:33,7.7237,325.2494,0.9990
2025-11-12 12:17:33,7.7235,329.9398,0.9990
2025-11-12 12:17:33,7.7232,318.9543,0.9990
2025-11-12 12:17:33,7.7237,318.2865,0.9990
2025-11-12 12:17:33,7.7222,327.0649,0.9990
2025-11-12 12:17:34,7.7226,317.1158,0.9990
2025-11-12 12:17:34,7.7215,282.9973,0.9991
2025-11-12 12:17:34,7.7197,285.0924,0.9991
2025-11-12 12:17:34,7.7201,282.7715,0.9991
2025-11-12 12:17:34,7.7200,285.1713,0.9991
2025-11-12 12:17:34,7.7212,323.3687,0.9990
2025-11-12 12:17:34,7.7196,331.6806,0.9990
2025-11-12 12:17:34,7.7208,327.8086,0.9990
2025-11-12 12:17:34,7.7207,330.5371,0.9990
2025-11-12 12:17:35,7.7215,358.9937,0.9989
2025-11-12 12:17:35,7.7234,347.1311,0.9989
2025-11-12 12:17:35,7.7242,344.7891,0.9989
2025-11-12 12:17:35,7.7242,344.7891,0.9989
2025-11-12 12:17:35,7.7244,351.0046,0.9989
2025-11-12 12:17:35,7.7245,350.3828,0.9989
2025-11-12 12:17:35,7.7242,351.1062,0.9989
2025-11-12 12:17:35,7.7242,351.1062,0.9989
2025-11-12 12:17:35,7.7247,369.3249,0.9988
2025-11-12 12:17:35,7.7287,364.7102,0.9989
2025-11-12 12:17:35,7.7271,376.5337,0.9988
2025-11-12 12:17:36,7.7271,376.5337,0.9988
2025-11-12 12:17:36,7.7272,380.0989,0.9988
2025-11-12 12:17:36,7.7276,381.4027,0.9988
2025-11-12 12:17:36,7.7277,380.3581,0.9988
2025-11-12 12:17:36,7.7277,380.3581,0.9988
2025-11-12 12:17:36,7.7273,368.1927,0.9989
2025-11-12 12:17:36,7.7280,371.4517,0.9989
2025-11-12 12:17:36,7.7292,361.5140,0.9989
2025-11-12 12:17:36,7.7292,361.5140,0.9989
2025-11-12 12:17:36,7.7288,349.6062,0.9989
2025-11-12 12:17:36,7.7279,345.6372,0.9989
2025-11-12 12:17:36,7.7246,374.9003,0.9988
2025-11-12 12:17:37,7.7246,374.9003,0.9988
2025-11-12 12:17:37,7.7249,383.0592,0.9988
2025-11-12 12:17:37,7.7244,380.8999,0.9988
2025-11-12 12:17:37,7.7228,403.2357,0.9987
2025-11-12 12:17:37,7.7230,396.5311,0.9988
2025-11-12 12:17:37,7.7224,373.3352,0.9988
2025-11-12 12:17:37,7.7222,372.3302,0.9988
2025-11-12 12:17:37,7.7216,381.8454,0.9988
2025-11-12 12:17:37,7.7211,391.9616,0.9988
2025-11-12 12:17:38,7.7206,372.9925,0.9988
2025-11-12 12:17:38,7.7195,367.1170,0.9988
2025-11-12 12:17:38,7.7234,325.2406,0.9990
2025-11-12 12:17:38,7.7235,321.3595,0.9990
2025-11-12 12:17:38,7.7238,331.7364,0.9990
2025-11-12 12:17:38,7.7200,340.4411,0.9989
2025-11-12 12:17:38,7.7212,335.3647,0.9989
2025-11-12 12:17:38,7.7212,335.3647,0.9989
2025-11-12 12:17:38,7.7210,327.3656,0.9990
2025-11-12 12:17:38,7.7255,316.8504,0.9990
2025-11-12 12:17:38,7.7245,322.5510,0.9990
2025-11-12 12:17:39,7.7245,322.5510,0.9990
2025-11-12 12:17:39,7.7228,269.0480,0.9992
2025-11-12 12:17:39,7.7220,266.7560,0.9992
2025-11-12 12:17:39,7.7214,269.9185,0.9992
2025-11-12 12:17:39,7.7217,264.6420,0.9992
2025-11-12 12:17:39,7.7233,314.4650,0.9990
2025-11-12 12:17:39,7.7224,314.1688,0.9990
2025-11-12 12:17:39,7.7222,315.1801,0.9990
2025-11-12 12:17:39,7.7221,317.7237,0.9990
2025-11-12 12:17:39,7.7220,312.8639,0.9990
2025-11-12 12:17:39,7.7207,314.8513,0.9990
2025-11-12 12:17:39,7.7223,306.9108,0.9990
2025-11-12 12:17:40,7.7222,309.7508,0.9990
2025-11-12 12:17:40,7.7222,308.3490,0.9990
2025-11-12 12:17:40,7.7247,305.0480,0.9990
2025-11-12 12:17:40,7.7232,314.1277,0.9990
2025-11-12 12:17:40,7.7234,309.4298,0.9990
2025-11-12 12:17:40,7.7203,219.9155,0.9993
2025-11-12 12:17:40,7.7217,227.7162,0.9993
2025-11-12 12:17:40,7.7233,219.8535,0.9993
2025-11-12 12:17:40,7.7232,222.1462,0.9993
2025-11-12 12:17:40,7.7232,223.2160,0.9993
2025-11-12 12:17:40,7.7231,222.6461,0.9993
2025-11-12 12:17:40,7.7232,222.4620,0.9993
2025-11-12 12:17:40,7.7231,224.8329,0.9993
2025-11-12 12:17:40,7.7239,244.3711,0.9992
2025-11-12 12:17:41,7.7250,251.1100,0.9992
2025-11-12 12:17:41,7.7250,251.1589,0.9992
2025-11-12 12:17:41,7.7250,251.1589,0.9992
2025-11-12 12:17:41,7.7253,259.0824,0.9992
2025-11-12 12:17:41,7.7237,250.3963,0.9992
2025-11-12 12:17:41,7.7224,257.1263,0.9992
2025-11-12 12:17:41,7.7224,257.1263,0.9992
2025-11-12 12:17:41,7.7208,219.1346,0.9993
2025-11-12 12:17:41,7.7203,216.3620,0.9993
2025-11-12 12:17:41,7.7193,222.1869,0.9993
2025-11-12 12:17:42,7.7193,222.1869,0.9993
2025-11-12 12:17:42,7.7159,150.7745,0.9995
2025-11-12 12:17:42,7.7156,148.3207,0.9995
2025-11-12 12:17:42,7.7165,145.1738,0.9995
2025-11-12 12:17:42,7.7168,139.6346,0.9996
2025-11-12 12:17:42,7.7156,121.8059,0.9996
2025-11-12 12:17:42,7.7168,131.9074,0.9996
2025-11-12 12:17:42,7.7164,133.4504,0.9996
2025-11-12 12:17:42,7.7162,136.5562,0.9996
2025-11-12 12:17:43,7.7131,102.6677,0.9997
2025-11-12 12:17:43,7.7130,102.0232,0.9997
2025-11-12 12:17:43,7.7146,101.8754,0.9997
2025-11-12 12:17:43,7.7145,104.1118,0.9997
2025-11-12 12:17:43,7.7206,183.0318,0.9994
2025-11-12 12:17:43,7.7202,180.8494,0.9994
2025-11-12 12:17:43,7.7182,189.4681,0.9994
2025-11-12 12:17:43,7.7182,189.4681,0.9994
2025-11-12 12:17:43,7.7176,178.5365,0.9994
2025-11-12 12:17:43,7.7168,172.4995,0.9995
2025-11-12 12:17:43,7.7187,165.9710,0.9995
2025-11-12 12:17:44,7.7187,165.9710,0.9995
2025-11-12 12:17:44,7.7176,146.6510,0.9995
2025-11-12 12:17:44,7.7174,145.7047,0.9995
2025-11-12 12:17:44,7.7129,168.7494,0.9995
2025-11-12 12:17:44,7.7126,173.6178,0.9994
2025-11-12 12:17:44,7.7130,181.7836,0.9994
2025-11-12 12:17:44,7.7143,194.5269,0.9994
2025-11-12 12:17:44,7.7188,167.4620,0.9995
2025-11-12 12:17:44,7.7188,167.4620,0.9995
2025-11-12 12:17:44,7.7206,201.8129,0.9994
2025-11-12 12:17:44,7.7193,194.6262,0.9994
2025-11-12 12:17:45,7.7182,198.2955,0.9994
2025-11-12 12:17:45,7.7193,176.2715,0.9994
2025-11-12 12:17:45,7.7194,178.3459,0.9994
2025-11-12 12:17:45,7.7206,184.6400,0.9994
2025-11-12 12:17:45,7.7197,190.4894,0.9994
2025-11-12 12:17:45,7.7189,206.8914,0.9993
2025-11-12 12:17:45,7.7190,209.0066,0.9993
2025-11-12 12:17:45,7.7196,214.1626,0.9993
2025-11-12 12:17:45,7.7215,203.4709,0.9994
2025-11-12 12:17:46,7.7216,201.2015,0.9994
2025-11-12 12:17:46,7.7252,289.7293,0.9991
2025-11-12 12:17:46,7.7252,289.7293,0.9991
2025-11-12 12:17:46,7.7240,298.7586,0.9991
2025-11-12 12:17:46,7.7239,301.1849,0.9991
2025-11-12 12:17:46,7.7237,297.6359,0.9991
2025-11-12 12:17:46,7.7246,303.5008,0.9991
2025-11-12 12:17:46,7.7249,300.9456,0.9991
2025-11-12 12:17:47,7.7249,300.9456,0.9991
2025-11-12 12:17:47,7.7253,312.0333,0.9990
2025-11-12 12:17:47,7.7244,306.5477,0.9990
2025-11-12 12:17:47,7.7259,296.2936,0.9991
2025-11-12 12:17:47,7.7259,296.2936,0.9991
2025-11-12 12:17:47,7.7244,253.9898,0.9992
2025-11-12 12:17:47,7.7243,253.5903,0.9992
2025-11-12 12:17:47,7.7211,277.3462,0.9991
2025-11-12 12:17:47,7.7211,277.3462,0.9991
2025-11-12 12:17:47,7.7214,287.5422,0.9991
2025-11-12 12:17:48,7.7179,273.6293,0.9991
2025-11-12 12:17:48,7.7212,256.2423,0.9992
2025-11-12 12:17:48,7.7212,256.2423,0.9992
2025-11-12 12:17:48,7.7205,239.0647,0.9992
2025-11-12 12:17:48,7.7243,248.2536,0.9992
2025-11-12 12:17:48,7.7235,252.3158,0.9992
2025-11-12 12:17:48,7.7235,252.3158,0.9992
2025-11-12 12:17:48,7.7239,261.6180,0.9992
2025-11-12 12:17:48,7.7221,253.2559,0.9992
2025-11-12 12:17:48,7.7215,256.3146,0.9992
2025-11-12 12:17:49,7.7217,251.0334,0.9992
2025-11-12 12:17:49,7.7226,277.4344,0.9991
2025-11-12 12:17:49,7.7247,286.5200,0.9991
2025-11-12 12:17:49,7.7262,276.7140,0.9991
2025-11-12 12:17:49,7.7274,246.9479,0.9992
2025-11-12 12:17:49,7.7271,239.4596,0.9993
2025-11-12 12:17:49,7.7259,234.8070,0.9993
2025-11-12 12:17:49,7.7230,256.4393,0.9992
2025-11-12 12:17:49,7.7216,285.8700,0.9991
2025-11-12 12:17:49,7.7220,296.9270,0.9991
2025-11-12 12:17:50,7.7230,302.6980,0.9991
2025-11-12 12:17:50,7.7243,291.0012,0.9991
2025-11-12 12:17:50,7.7242,293.4464,0.9991
2025-11-12 12:17:50,7.7242,295.0082,0.9991
2025-11-12 12:17:50,7.7233,290.2830,0.9991
2025-11-12 12:17:50,7.7244,283.4299,0.9991
2025-11-12 12:17:50,7.7244,283.4299,0.9991
2025-11-12 12:17:50,7.7243,280.9689,0.9991
2025-11-12 12:17:51,7.7264,292.1099,0.9991
2025-11-12 12:17:51,7.7255,298.5602,0.9991
2025-11-12 12:17:51,7.7257,291.4093,0.9991
2025-11-12 12:17:51,7.7248,265.7454,0.9992
2025-11-12 12:17:51,7.7231,254.3109,0.9992
2025-11-12 12:17:51,7.7241,248.6360,0.9992
2025-11-12 12:17:51,7.7239,255.4927,0.9992
2025-11-12 12:17:51,7.7244,270.6173,0.9992
2025-11-12 12:17:51,7.7248,272.6827,0.9992
2025-11-12 12:17:51,7.7233,282.5136,0.9991
2025-11-12 12:17:52,7.7234,280.1216,0.9991
2025-11-12 12:17:52,7.7246,314.9038,0.9990
2025-11-12 12:17:52,7.7246,314.6796,0.9990
2025-11-12 12:17:52,7.7249,311.6877,0.9990
2025-11-12 12:17:52,7.7248,314.1752,0.9990
2025-11-12 12:17:52,7.7245,303.5355,0.9991
2025-11-12 12:17:52,7.7248,305.1591,0.9990
2025-11-12 12:17:52,7.7238,313.7128,0.9990
2025-11-12 12:17:52,7.7241,306.8468,0.9990
2025-11-12 12:17:52,7.7237,294.7835,0.9991
2025-11-12 12:17:52,7.7233,292.2557,0.9991
2025-11-12 12:17:53,7.7256,275.3379,0.9991
2025-11-12 12:17:53,7.7253,282.4617,0.9991
2025-11-12 12:17:53,7.7269,328.5755,0.9990
2025-11-12 12:17:53,7.7267,327.7977,0.9990
2025-11-12 12:17:53,7.7264,329.0906,0.9990
2025-11-12 12:17:53,7.7265,326.5038,0.9990
2025-11-12 12:17:53,7.7267,330.4455,0.9990
2025-11-12 12:17:53,7.7274,333.0680,0.9990
2025-11-12 12:17:54,7.7238,369.2738,0.9988
2025-11-12 12:17:54,7.7240,364.8368,0.9989
2025-11-12 12:17:54,7.7233,343.9357,0.9989
2025-11-12 12:17:54,7.7232,343.1080,0.9989
2025-11-12 12:17:54,7.7265,310.1782,0.9990
2025-11-12 12:17:54,7.7263,314.3266,0.9990
2025-11-12 12:17:54,7.7271,337.3731,0.9990
2025-11-12 12:17:54,7.7264,334.8113,0.9990
2025-11-12 12:17:54,7.7228,371.6004,0.9988
2025-11-12 12:17:55,7.7229,369.0062,0.9988
2025-11-12 12:17:55,7.7235,389.5840,0.9988
2025-11-12 12:17:55,7.7230,387.6997,0.9988
2025-11-12 12:17:55,7.7270,347.6416,0.9989
2025-11-12 12:17:55,7.7268,353.7053,0.9989
2025-11-12 12:17:55,7.7265,343.8445,0.9989
2025-11-12 12:17:55,7.7275,346.4763,0.9989
2025-11-12 12:17:55,7.7261,357.1726,0.9989
2025-11-12 12:17:55,7.7257,369.8976,0.9988
2025-11-12 12:17:55,7.7256,368.3211,0.9989
2025-11-12 12:17:55,7.7265,373.1037,0.9988
2025-11-12 12:17:55,7.7265,372.5304,0.9988
2025-11-12 12:17:56,7.7273,352.1066,0.9989
2025-11-12 12:17:56,7.7279,373.3517,0.9988
2025-11-12 12:17:56,7.7279,373.3517,0.9988
2025-11-12 12:17:56,7.7290,363.2543,0.9989
2025-11-12 12:17:56,7.7289,368.2705,0.9989
2025-11-12 12:17:56,7.7291,377.5179,0.9988
2025-11-12 12:17:56,7.7282,374.0995,0.9988
2025-11-12 12:17:56,7.7273,381.7763,0.9988
2025-11-12 12:17:56,7.7275,376.9317,0.9988
2025-11-12 12:17:56,7.7277,383.1558,0.9988
2025-11-12 12:17:57,7.7275,382.6581,0.9988
2025-11-12 12:17:57,7.7274,383.8728,0.9988
2025-11-12 12:17:57,7.7271,391.3418,0.9988
2025-11-12 12:17:57,7.7270,386.4505,0.9988
2025-11-12 12:17:57,7.7241,384.8090,0.9988
2025-11-12 12:17:57,7.7256,375.5720,0.9988
2025-11-12 12:17:57,7.7256,375.5720,0.9988
2025-11-12 12:17:57,7.7260,389.9337,0.9988
2025-11-12 12:17:57,7.7283,387.0978,0.9988
2025-11-12 12:17:57,7.7282,387.4715,0.9988
2025-11-12 12:17:58,7.7283,384.7695,0.9988
2025-11-12 12:17:58,7.7279,368.9467,0.9989
2025-11-12 12:17:58,7.7287,370.5764,0.9989
2025-11-12 12:17:58,7.7286,370.7749,0.9989
2025-11-12 12:17:58,7.7288,365.7828,0.9989
2025-11-12 12:17:58,7.7287,362.8704,0.9989
2025-11-12 12:17:58,7.7287,362.8704,0.9989
2025-11-12 12:17:58,7.7276,371.7999,0.9988
2025-11-12 12:17:58,7.7272,382.8034,0.9988
2025-11-12 12:17:58,7.7270,375.9852,0.9988
2025-11-12 12:17:59,7.7273,377.1142,0.9988
2025-11-12 12:17:59,7.7248,404.2640,0.9987
2025-11-12 12:17:59,7.7246,409.2164,0.9987
2025-11-12 12:17:59,7.7251,427.4826,0.9987
2025-11-12 12:17:59,7.7252,427.6292,0.9987
2025-11-12 12:17:59,7.7288,390.1847,0.9988
2025-11-12 12:18:00,7.7292,381.0825,0.9988
2025-11-12 12:18:00,7.7285,359.5521,0.9989
2025-11-12 12:18:00,7.7283,358.7365,0.9989
2025-11-12 12:18:00,7.7273,366.2007,0.9989
2025-11-12 12:18:00,7.7273,366.2007,0.9989
2025-11-12 12:18:00,7.7245,280.8546,0.9991
2025-11-12 12:18:00,7.7240,278.3708,0.9991
2025-11-12 12:18:00,7.7233,283.1665,0.9991
2025-11-12 12:18:00,7.7236,276.3951,0.9991
2025-11-12 12:18:00,7.7251,322.5508,0.9990
2025-11-12 12:18:01,7.7237,318.6921,0.9990
2025-11-12 12:18:01,7.7234,320.9048,0.9990
2025-11-12 12:18:01,7.7246,294.4511,0.9991
2025-11-12 12:18:01,7.7245,291.1543,0.9991
2025-11-12 12:18:01,7.7240,291.0231,0.9991
2025-11-12 12:18:01,7.7232,298.1056,0.9991
2025-11-12 12:18:01,7.7217,330.0683,0.9990
2025-11-12 12:18:01,7.7218,333.5505,0.9990
2025-11-12 12:18:01,7.7190,338.2829,0.9989
2025-11-12 12:18:02,7.7215,325.5525,0.9990
2025-11-12 12:18:02,7.7215,325.5525,0.9990
2025-11-12 12:18:02,7.7220,340.4974,0.9989
2025-11-12 12:18:02,7.7233,333.9779,0.9990
2025-11-12 12:18:02,7.7199,356.9310,0.9989
2025-11-12 12:18:02,7.7200,354.7435,0.9989
2025-11-12 12:18:02,7.7196,342.4412,0.9989
2025-11-12 12:18:02,7.7146,373.5540,0.9988
2025-11-12 12:18:02,7.7180,361.7224,0.9989
2025-11-12 12:18:03,7.7182,357.9430,0.9989
2025-11-12 12:18:03,7.7177,339.1126,0.9989
2025-11-12 12:18:03,7.7265,299.5392,0.9991
2025-11-12 12:18:03,7.7254,306.7753,0.9990
2025-11-12 12:18:03,7.7253,311.3697,0.9990
2025-11-12 12:18:03,7.7259,330.4019,0.9990
2025-11-12 12:18:03,7.7231,325.8396,0.9990
2025-11-12 12:18:03,7.7203,350.9345,0.9989
2025-11-12 12:18:03,7.7182,401.5457,0.9987
2025-11-12 12:18:03,7.7177,384.8714,0.9988
2025-11-12 12:18:04,7.7185,387.3746,0.9988
2025-11-12 12:18:04,7.7220,362.3321,0.9989
2025-11-12 12:18:04,7.7237,317.3059,0.9990
2025-11-12 12:18:04,7.7243,338.3007,0.9989
2025-11-12 12:18:04,7.7233,339.1598,0.9989
2025-11-12 12:18:04,7.7220,346.3139,0.9989
2025-11-12 12:18:04,7.7199,400.3597,0.9987
2025-11-12 12:18:04,7.7203,412.7601,0.9987
2025-11-12 12:18:04,7.7236,423.4853,0.9987
2025-11-12 12:18:05,7.7252,413.0486,0.9987
2025-11-12 12:18:05,7.7273,352.2299,0.9989
2025-11-12 12:18:05,7.7254,294.2824,0.9991
2025-11-12 12:18:05,7.7252,293.3809,0.9991
2025-11-12 12:18:05,7.7252,293.5525,0.9991
2025-11-12 12:18:05,7.7255,285.2181,0.9991
2025-11-12 12:18:05,7.7273,338.9013,0.9989
2025-11-12 12:18:05,7.7263,336.2562,0.9990
2025-11-12 12:18:05,7.7267,334.2736,0.9990
2025-11-12 12:18:06,7.7270,326.8940,0.9990
2025-11-12 12:18:06,7.7271,330.3469,0.9990
2025-11-12 12:18:06,7.7288,335.4427,0.9990
2025-11-12 12:18:06,7.7271,348.4022,0.9989
2025-11-12 12:18:06,7.7270,352.6202,0.9989
2025-11-12 12:18:06,7.7269,351.2133,0.9989
2025-11-12 12:18:06,7.7228,343.7471,0.9989
2025-11-12 12:18:06,7.7205,363.5232,0.9989
2025-11-12 12:18:06,7.7204,366.2325,0.9988
2025-11-12 12:18:07,7.7162,233.4103,0.9993
2025-11-12 12:18:07,7.7158,232.7293,0.9993
2025-11-12 12:18:07,7.7183,219.1932,0.9993
2025-11-12 12:18:07,7.7198,188.8513,0.9994
2025-11-12 12:18:07,7.7156,101.8226,0.9997
2025-11-12 12:18:07,7.7183,112.7081,0.9996
2025-11-12 12:18:07,7.7192,110.6079,0.9997
2025-11-12 12:18:07,7.7176,140.2393,0.9996
2025-11-12 12:18:08,7.7172,134.2435,0.9996
2025-11-12 12:18:08,7.7155,124.4700,0.9996
2025-11-12 12:18:08,7.7156,124.5749,0.9996
2025-11-12 12:18:08,7.7156,124.5749,0.9996
2025-11-12 12:18:08,7.7181,167.9784,0.9995
2025-11-12 12:18:08,7.7201,176.3919,0.9994
2025-11-12 12:18:08,7.7193,178.4874,0.9994
2025-11-12 12:18:08,7.7193,178.4874,0.9994
2025-11-12 12:18:08,7.7136,100.8152,0.9997
2025-11-12 12:18:09,7.7142,107.8007,0.9997
2025-11-12 12:18:09,7.7138,108.0401,0.9997
2025-11-12 12:18:09,7.7138,108.0401,0.9997
2025-11-12 12:18:09,7.7065,101.1739,0.9997
2025-11-12 12:18:09,7.6985,31.2285,0.9999
2025-11-12 12:18:09,7.6979,26.7302,0.9999
2025-11-12 12:18:09,7.6979,26.7302,0.9999
2025-11-12 12:18:09,7.6947,37.9143,0.9999
2025-11-12 12:18:10,7.7015,105.0077,0.9997
2025-11-12 12:18:10,7.7004,100.4876,0.9997
2025-11-12 12:18:10,7.7005,99.5060,0.9997
2025-11-12 12:18:10,7.7166,180.1179,0.9994
2025-11-12 12:18:10,7.7172,184.5953,0.9994
2025-11-12 12:18:10,7.7182,178.6069,0.9994
2025-11-12 12:18:10,7.7200,144.0215,0.9995
2025-11-12 12:18:10,7.7215,175.5462,0.9994
2025-11-12 12:18:10,7.7209,172.7419,0.9995
2025-11-12 12:18:11,7.7233,161.2658,0.9995
2025-11-12 12:18:11,7.7220,187.6573,0.9994
2025-11-12 12:18:11,7.7191,133.5577,0.9996
2025-11-12 12:18:11,7.7200,139.2365,0.9996
2025-11-12 12:18:11,7.7184,142.6724,0.9995
2025-11-12 12:18:11,7.7179,153.3691,0.9995
2025-11-12 12:18:11,7.7207,207.5443,0.9993
2025-11-12 12:18:11,7.7212,211.7354,0.9993
2025-11-12 12:18:11,7.7210,213.3726,0.9993
2025-11-12 12:18:12,7.7209,215.6062,0.9993
2025-11-12 12:18:12,7.7207,211.0246,0.9993
2025-11-12 12:18:12,7.7211,214.7341,0.9993
2025-11-12 12:18:12,7.7189,232.0793,0.9993
2025-11-12 12:18:12,7.7192,226.0877,0.9993
2025-11-12 12:18:12,7.7192,224.4215,0.9993
2025-11-12 12:18:12,7.7190,223.0029,0.9993
2025-11-12 12:18:12,7.7196,217.5263,0.9993
2025-11-12 12:18:13,7.7193,223.5783,0.9993
2025-11-12 12:18:13,7.7153,151.4664,0.9995
2025-11-12 12:18:13,7.7150,147.9307,0.9995
2025-11-12 12:18:13,7.7169,139.6502,0.9996
2025-11-12 12:18:13,7.7169,139.6502,0.9996
2025-11-12 12:18:13,7.7191,173.2491,0.9995
2025-11-12 12:18:13,7.7166,156.3750,0.9995
2025-11-12 12:18:13,7.7160,158.2999,0.9995
2025-11-12 12:18:13,7.7160,158.2999,0.9995
2025-11-12 12:18:13,7.7159,157.3395,0.9995
2025-11-12 12:18:14,7.7183,173.9746,0.9995
2025-11-12 12:18:14,7.7204,167.2820,0.9995
2025-11-12 12:18:14,7.7205,165.0787,0.9995
2025-11-12 12:18:14,7.7157,108.8504,0.9997
2025-11-12 12:18:14,7.7134,88.7192,0.9997
2025-11-12 12:18:14,7.7120,85.7595,0.9997
2025-11-12 12:18:14,7.7119,87.4321,0.9997
2025-11-12 12:18:14,7.7161,143.3997,0.9995
2025-11-12 12:18:14,7.7183,158.8195,0.9995
2025-11-12 12:18:14,7.7180,159.7325,0.9995
2025-11-12 12:18:15,7.7158,210.2474,0.9993
2025-11-12 12:18:15,7.7022,149.5412,0.9995
2025-11-12 12:18:15,7.7028,161.3119,0.9995
2025-11-12 12:18:15,7.7013,154.9731,0.9995
2025-11-12 12:18:15,7.7051,107.8201,0.9997
2025-11-12 12:18:15,7.7044,115.2519,0.9996
2025-11-12 12:18:15,7.7030,90.0401,0.9997
2025-11-12 12:18:15,7.7045,94.9600,0.9997
2025-11-12 12:18:15,7.7030,110.6505,0.9996
2025-11-12 12:18:15,7.7057,89.2565,0.9997
2025-11-12 12:18:16,7.7043,69.6539,0.9998
2025-11-12 12:18:16,7.7041,68.8282,0.9998
2025-11-12 12:18:16,7.7036,74.9057,0.9998
2025-11-12 12:18:16,7.7074,72.8997,0.9998
2025-11-12 12:18:16,7.7058,58.8334,0.9998
2025-11-12 12:18:16,7.7073,66.0303,0.9998
2025-11-12 12:18:16,7.7078,58.8899,0.9998
2025-11-12 12:18:16,7.7084,61.0853,0.9998
2025-11-12 12:18:17,7.7081,59.6535,0.9998
2025-11-12 12:18:17,7.7068,53.6073,0.9998
2025-11-12 12:18:17,7.7068,53.6073,0.9998
2025-11-12 12:18:17,7.7013,54.0138,0.9998
2025-11-12 12:18:17,7.7007,48.6512,0.9998
2025-11-12 12:18:17,7.6995,41.4804,0.9999
2025-11-12 12:18:17,7.6995,41.4804,0.9999
2025-11-12 12:18:17,7.7009,37.7055,0.9999
2025-11-12 12:18:18,7.7035,65.2047,0.9998
2025-11-12 12:18:18,7.7049,69.9419,0.9998
2025-11-12 12:18:18,7.7049,69.9419,0.9998
2025-11-12 12:18:18,7.7014,93.4742,0.9997
2025-11-12 12:18:18,7.7041,137.9791,0.9996
2025-11-12 12:18:18,7.7022,131.5738,0.9996
2025-11-12 12:18:18,7.7025,128.5093,0.9996
2025-11-12 12:18:18,7.7191,210.0231,0.9993
2025-11-12 12:18:19,7.7196,214.5331,0.9993
2025-11-12 12:18:19,7.7202,209.2804,0.9993
2025-11-12 12:18:19,7.7199,215.4302,0.9993
2025-11-12 12:18:19,7.7206,231.0738,0.9993
2025-11-12 12:18:19,7.7209,234.4868,0.9993
2025-11-12 12:18:19,7.7233,219.1767,0.9993
2025-11-12 12:18:19,7.7234,216.7931,0.9993
2025-11-12 12:18:19,7.7225,199.4465,0.9994
2025-11-12 12:18:20,7.7215,190.2498,0.9994
2025-11-12 12:18:20,7.7213,190.6775,0.9994
2025-11-12 12:18:20,7.7212,192.9312,0.9994
2025-11-12 12:18:20,7.7235,242.2808,0.9992
2025-11-12 12:18:20,7.7243,248.3447,0.9992
2025-11-12 12:18:20,7.7235,253.2357,0.9992
2025-11-12 12:18:20,7.7258,202.3704,0.9994
2025-11-12 12:18:20,7.7285,271.6343,0.9992
2025-11-12 12:18:20,7.7266,265.1620,0.9992
2025-11-12 12:18:21,7.7287,250.8276,0.9992
2025-11-12 12:18:21,7.7265,303.3313,0.9991
2025-11-12 12:18:21,7.7263,298.8809,0.9991
2025-11-12 12:18:21,7.7264,298.9210,0.9991
2025-11-12 12:18:21,7.7240,312.1945,0.9990
2025-11-12 12:18:21,7.7239,314.6223,0.9990
2025-11-12 12:18:21,7.7238,310.9279,0.9990
2025-11-12 12:18:21,7.7234,309.7651,0.9990
2025-11-12 12:18:21,7.7252,299.4214,0.9991
2025-11-12 12:18:21,7.7260,279.8526,0.9991
2025-11-12 12:18:22,7.7265,294.6498,0.9991
2025-11-12 12:18:22,7.7256,294.9372,0.9991
2025-11-12 12:18:22,7.7236,306.6472,0.9990
2025-11-12 12:18:22,7.7223,338.3336,0.9989
2025-11-12 12:18:22,7.7230,364.0520,0.9989
2025-11-12 12:18:22,7.7215,365.6645,0.9989
2025-11-12 12:18:22,7.7224,360.7670,0.9989
2025-11-12 12:18:22,7.7226,354.0771,0.9989
2025-11-12 12:18:22,7.7226,353.8785,0.9989
2025-11-12 12:18:22,7.7247,351.2999,0.9989
2025-11-12 12:18:22,7.7217,377.9395,0.9988
2025-11-12 12:18:22,7.7170,508.3539,0.9984
2025-11-12 12:18:23,7.7165,486.6033,0.9985
2025-11-12 12:18:23,7.7176,494.8099,0.9984
2025-11-12 12:18:23,7.7193,482.1345,0.9985
2025-11-12 12:18:23,7.7257,304.4107,0.9991
2025-11-12 12:18:23,7.7249,279.3341,0.9991
2025-11-12 12:18:23,7.7247,278.7585,0.9991
2025-11-12 12:18:23,7.7252,274.7024,0.9991
2025-11-12 12:18:23,7.7237,308.4097,0.9990
2025-11-12 12:18:23,7.7244,331.2423,0.9990
2025-11-12 12:18:24,7.7252,334.4159,0.9990
2025-11-12 12:18:24,7.7269,321.6489,0.9990
2025-11-12 12:18:24,7.7270,319.0313,0.9990
2025-11-12 12:18:24,7.7265,302.0888,0.9991
2025-11-12 12:18:24,7.7274,306.5562,0.9990
2025-11-12 12:18:24,7.7260,316.6456,0.9990
2025-11-12 12:18:24,7.7262,311.9683,0.9990
2025-11-12 12:18:24,7.7265,321.2499,0.9990
2025-11-12 12:18:25,7.7252,314.5161,0.9990
2025-11-12 12:18:25,7.7262,307.5582,0.9990
2025-11-12 12:18:25,7.7260,312.2343,0.9990
2025-11-12 12:18:25,7.7256,299.8575,0.9991
2025-11-12 12:18:25,7.7267,305.5772,0.9991
2025-11-12 12:18:25,7.7241,329.2108,0.9990
2025-11-12 12:18:25,7.7240,331.6480,0.9990
2025-11-12 12:18:25,7.7228,296.7465,0.9991
2025-11-12 12:18:25,7.7228,296.7465,0.9991
2025-11-12 12:18:26,7.7245,281.2829,0.9991
2025-11-12 12:18:26,7.7245,281.2829,0.9991
2025-11-12 12:18:26,7.7255,308.1510,0.9990
2025-11-12 12:18:26,7.7238,299.5713,0.9991
2025-11-12 12:18:26,7.7238,299.9268,0.9991
2025-11-12 12:18:26,7.7238,299.9268,0.9991
2025-11-12 12:18:26,7.7232,282.6913,0.9991
2025-11-12 12:18:26,7.7241,287.2875,0.9991
2025-11-12 12:18:26,7.7250,281.9361,0.9991
2025-11-12 12:18:27,7.7253,274.8763,0.9991
2025-11-12 12:18:27,7.7251,269.9110,0.9992
2025-11-12 12:18:27,7.7259,275.0742,0.9991
2025-11-12 12:18:27,7.7250,281.5699,0.9991
2025-11-12 12:18:27,7.7248,286.1120,0.9991
2025-11-12 12:18:27,7.7229,238.4113,0.9993
2025-11-12 12:18:27,7.7214,226.9697,0.9993
2025-11-12 12:18:27,7.7233,219.5633,0.9993
2025-11-12 12:18:28,7.7235,215.2093,0.9993
2025-11-12 12:18:28,7.7252,257.2733,0.9992
2025-11-12 12:18:28,7.7263,262.3587,0.9992
2025-11-12 12:18:28,7.7246,271.9004,0.9992
2025-11-12 12:18:28,7.7245,275.8537,0.9991
2025-11-12 12:18:28,7.7244,272.8786,0.9991
2025-11-12 12:18:28,7.7229,264.9421,0.9992
2025-11-12 12:18:29,7.7247,256.8942,0.9992
2025-11-12 12:18:29,7.7241,271.3466,0.9992
2025-11-12 12:18:29,7.7236,257.3432,0.9992
2025-11-12 12:18:29,7.7245,261.3454,0.9992
2025-11-12 12:18:29,7.7230,267.5265,0.9992
2025-11-12 12:18:29,7.7237,250.8495,0.9992
2025-11-12 12:18:29,7.7246,276.1843,0.9991
2025-11-12 12:18:29,7.7252,279.3186,0.9991
2025-11-12 12:18:29,7.7263,272.5650,0.9992
2025-11-12 12:18:30,7.7262,275.9520,0.9991
2025-11-12 12:18:30,7.7264,282.1373,0.9991
2025-11-12 12:18:30,7.7263,281.4915,0.9991
2025-11-12 12:18:30,7.7261,282.5221,0.9991
2025-11-12 12:18:30,7.7263,277.8371,0.9991
2025-11-12 12:18:30,7.7260,271.6280,0.9992
2025-11-12 12:18:30,7.7257,269.9362,0.9992
2025-11-12 12:18:30,7.7256,270.6448,0.9992
2025-11-12 12:18:30,7.7254,275.2478,0.9991
2025-11-12 12:18:31,7.7258,286.3999,0.9991
2025-11-12 12:18:31,7.7240,281.2043,0.9991
2025-11-12 12:18:31,7.7235,283.2903,0.9991
2025-11-12 12:18:31,7.7201,375.8922,0.9988
2025-11-12 12:18:31,7.7196,361.9577,0.9989
2025-11-12 12:18:31,7.7215,372.2525,0.9988
2025-11-12 12:18:31,7.7204,377.4455,0.9988
2025-11-12 12:18:31,7.7238,284.2623,0.9991
2025-11-12 12:18:31,7.7226,252.5635,0.9992
2025-11-12 12:18:32,7.7207,243.0505,0.9992
2025-11-12 12:18:32,7.7224,235.7047,0.9993
2025-11-12 12:18:32,7.7223,238.0314,0.9993
2025-11-12 12:18:32,7.7230,255.8700,0.9992
2025-11-12 12:18:32,7.7253,264.1859,0.9992
2025-11-12 12:18:32,7.7219,289.4398,0.9991
2025-11-12 12:18:32,7.7222,282.9162,0.9991
2025-11-12 12:18:32,7.7237,328.1782,0.9990
2025-11-12 12:18:32,7.7234,326.2092,0.9990
2025-11-12 12:18:33,7.7259,302.7839,0.9991
2025-11-12 12:18:33,7.7258,306.8735,0.9990
2025-11-12 12:18:33,7.7248,278.5464,0.9991
2025-11-12 12:18:33,7.7237,273.7506,0.9991
2025-11-12 12:18:33,7.7219,286.1641,0.9991
2025-11-12 12:18:33,7.7218,288.9714,0.9991
2025-11-12 12:18:33,7.7227,315.6893,0.9990
2025-11-12 12:18:34,7.7200,312.4313,0.9990
2025-11-12 12:18:34,7.7202,310.9472,0.9990
2025-11-12 12:18:34,7.7176,373.1698,0.9988
2025-11-12 12:18:34,7.7165,337.4343,0.9989
2025-11-12 12:18:34,7.7164,337.3730,0.9989
2025-11-12 12:18:34,7.7166,336.4469,0.9989
2025-11-12 12:18:34,7.7218,226.6522,0.9993
2025-11-12 12:18:34,7.7219,231.7894,0.9993
2025-11-12 12:18:34,7.7227,230.1503,0.9993
2025-11-12 12:18:34,7.7247,217.7472,0.9993
2025-11-12 12:18:35,7.7221,271.4558,0.9991
2025-11-12 12:18:35,7.7236,318.4374,0.9990
2025-11-12 12:18:35,7.7224,322.3648,0.9990
2025-11-12 12:18:35,7.7197,337.5288,0.9989
2025-11-12 12:18:35,7.7198,335.6872,0.9989
2025-11-12 12:18:35,7.7193,317.5163,0.9990
2025-11-12 12:18:35,7.7172,326.2720,0.9990
2025-11-12 12:18:35,7.7203,314.7836,0.9990
2025-11-12 12:18:36,7.7202,316.6495,0.9990
2025-11-12 12:18:36,7.7197,299.3038,0.9991
2025-11-12 12:18:36,7.7257,287.0022,0.9991
2025-11-12 12:18:36,7.7240,297.4622,0.9991
2025-11-12 12:18:36,7.7240,297.4622,0.9991
2025-11-12 12:18:36,7.7247,318.7490,0.9990
2025-11-12 12:18:36,7.7251,320.6985,0.9990
2025-11-12 12:18:36,7.7267,309.5687,0.9990
2025-11-12 12:18:36,7.7267,309.5687,0.9990
2025-11-12 12:18:36,7.7261,290.5332,0.9991
2025-11-12 12:18:37,7.7244,285.6625,0.9991
2025-11-12 12:18:37,7.7239,288.0108,0.9991
2025-11-12 12:18:37,7.7236,294.7538,0.9991
2025-11-12 12:18:37,7.7246,327.2297,0.9990
2025-11-12 12:18:37,7.7159,388.2565,0.9988
2025-11-12 12:18:37,7.7160,388.2955,0.9988
2025-11-12 12:18:37,7.7163,382.8003,0.9988
2025-11-12 12:18:37,7.7157,359.9500,0.9989
2025-11-12 12:18:38,7.7219,302.8920,0.9991
2025-11-12 12:18:38,7.7200,312.3446,0.9990
2025-11-12 12:18:38,7.7170,386.4865,0.9988
2025-11-12 12:18:38,7.7160,352.9620,0.9989
2025-11-12 12:18:38,7.7187,360.1725,0.9989
2025-11-12 12:18:38,7.7204,352.5484,0.9989
2025-11-12 12:18:38,7.7235,272.2106,0.9991
2025-11-12 12:18:38,7.7248,313.4142,0.9990
2025-11-12 12:18:38,7.7183,344.5202,0.9989
2025-11-12 12:18:38,7.7193,344.1743,0.9989
2025-11-12 12:18:39,7.7193,344.1743,0.9989
2025-11-12 12:18:39,7.7169,267.0513,0.9992
2025-11-12 12:18:39,7.7209,242.3704,0.9992
2025-11-12 12:18:39,7.7189,247.2087,0.9992
2025-11-12 12:18:39,7.7190,245.0947,0.9992
2025-11-12 12:18:39,7.7212,313.2564,0.9990
2025-11-12 12:18:39,7.7226,311.4362,0.9990
2025-11-12 12:18:39,7.7220,315.7663,0.9990
2025-11-12 12:18:39,7.7222,311.5399,0.9990
2025-11-12 12:18:39,7.7204,255.9775,0.9992
2025-11-12 12:18:40,7.7241,275.7324,0.9991
2025-11-12 12:18:40,7.7257,263.5942,0.9992
2025-11-12 12:18:40,7.7255,270.7359,0.9992
2025-11-12 12:18:40,7.7255,272.1594,0.9992
2025-11-12 12:18:40,7.7243,263.9502,0.9992
2025-11-12 12:18:40,7.7235,268.9442,0.9992
2025-11-12 12:18:40,7.7235,268.9442,0.9992
2025-11-12 12:18:40,7.7243,291.4593,0.9991
2025-11-12 12:18:40,7.7242,291.0598,0.9991
2025-11-12 12:18:40,7.7256,282.9482,0.9991
2025-11-12 12:18:41,7.7240,325.3582,0.9990
2025-11-12 12:18:41,7.7236,314.6202,0.9990
2025-11-12 12:18:41,7.7237,314.8888,0.9990
2025-11-12 12:18:41,7.7221,322.9394,0.9990
2025-11-12 12:18:41,7.7239,275.5638,0.9991
2025-11-12 12:18:41,7.7246,294.1734,0.9991
2025-11-12 12:18:41,7.7258,302.2538,0.9991
2025-11-12 12:18:41,7.7258,302.0733,0.9991
2025-11-12 12:18:41,7.7255,309.2427,0.9990
2025-11-12 12:18:41,7.7265,338.7152,0.9989
2025-11-12 12:18:42,7.7258,333.7282,0.9990
2025-11-12 12:18:42,7.7258,333.3979,0.9990
2025-11-12 12:18:42,7.7259,330.8483,0.9990
2025-11-12 12:18:42,7.7250,303.5341,0.9991
2025-11-12 12:18:42,7.7235,296.0454,0.9991
2025-11-12 12:18:42,7.7228,301.0665,0.9991
2025-11-12 12:18:42,7.7227,303.4235,0.9991
2025-11-12 12:18:42,7.7228,305.8286,0.9990
2025-11-12 12:18:42,7.7208,302.1961,0.9991
2025-11-12 12:18:43,7.7228,291.6226,0.9991
2025-11-12 12:18:43,7.7219,311.7442,0.9990
2025-11-12 12:18:43,7.7216,300.3264,0.9991
2025-11-12 12:18:43,7.7233,301.9256,0.9991
2025-11-12 12:18:43,7.7197,326.7260,0.9990
2025-11-12 12:18:43,7.7162,420.8617,0.9987
2025-11-12 12:18:43,7.7131,326.4617,0.9990
2025-11-12 12:18:43,7.7108,310.7653,0.9990
2025-11-12 12:18:44,7.7119,306.6613,0.9990
2025-11-12 12:18:44,7.7166,199.7366,0.9994
2025-11-12 12:18:44,7.7177,229.6841,0.9993
2025-11-12 12:18:44,7.7185,230.4600,0.9993
2025-11-12 12:18:44,7.7194,225.0428,0.9993
2025-11-12 12:18:44,7.7192,228.9394,0.9993
2025-11-12 12:18:44,7.7222,316.3627,0.9990
2025-11-12 12:18:44,7.7252,322.9614,0.9990
2025-11-12 12:18:44,7.7267,311.5911,0.9990
2025-11-12 12:18:45,7.7263,324.2134,0.9990
2025-11-12 12:18:45,7.7257,306.1125,0.9990
2025-11-12 12:18:45,7.7265,310.9244,0.9990
2025-11-12 12:18:45,7.7253,318.6672,0.9990
2025-11-12 12:18:45,7.7257,308.8612,0.9990
2025-11-12 12:18:45,7.7269,344.1247,0.9989
2025-11-12 12:18:45,7.7260,339.5524,0.9989
2025-11-12 12:18:45,7.7256,342.9160,0.9989
2025-11-12 12:18:45,7.7259,335.7206,0.9990
2025-11-12 12:18:46,7.7260,337.6971,0.9990
2025-11-12 12:18:46,7.7260,337.6971,0.9990
2025-11-12 12:18:46,7.7263,334.9422,0.9990
2025-11-12 12:18:46,7.7260,342.2029,0.9989
2025-11-12 12:18:46,7.7255,326.2865,0.9990
2025-11-12 12:18:46,7.7228,320.1937,0.9990
2025-11-12 12:18:46,7.7229,319.2745,0.9990
2025-11-12 12:18:46,7.7220,343.3811,0.9989
2025-11-12 12:18:46,7.7206,298.5192,0.9991
2025-11-12 12:18:46,7.7215,300.3612,0.9991
2025-11-12 12:18:46,7.7225,296.2284,0.9991
2025-11-12 12:18:47,7.7222,303.5340,0.9990
2025-11-12 12:18:47,7.7218,293.1748,0.9991
2025-11-12 12:18:47,7.7198,291.6994,0.9991
2025-11-12 12:18:47,7.7186,295.1921,0.9991
2025-11-12 12:18:47,7.7201,260.1438,0.9992
2025-11-12 12:18:47,7.7220,318.1700,0.9990
2025-11-12 12:18:47,7.7255,321.0957,0.9990
2025-11-12 12:18:47,7.7267,312.1212,0.9990
2025-11-12 12:18:47,7.7266,316.2932,0.9990
2025-11-12 12:18:47,7.7272,334.2319,0.9990
2025-11-12 12:18:47,7.7274,334.9663,0.9990
2025-11-12 12:18:48,7.7260,345.2826,0.9989
2025-11-12 12:18:48,7.7261,342.4677,0.9989
2025-11-12 12:18:48,7.7257,329.6126,0.9990
2025-11-12 12:18:48,7.7226,324.6667,0.9990
2025-11-12 12:18:48,7.7215,332.5193,0.9990
2025-11-12 12:18:48,7.7208,348.3986,0.9989
2025-11-12 12:18:48,7.7213,365.0906,0.9989
2025-11-12 12:18:48,7.7229,366.2204,0.9989
2025-11-12 12:18:48,7.7221,373.5458,0.9988
2025-11-12 12:18:49,7.7229,355.9027,0.9989
2025-11-12 12:18:49,7.7238,388.8531,0.9988
2025-11-12 12:18:49,7.7258,396.1977,0.9988
2025-11-12 12:18:49,7.7278,373.5397,0.9988
2025-11-12 12:18:49,7.7276,381.0817,0.9988
2025-11-12 12:18:49,7.7271,364.0014,0.9989
2025-11-12 12:18:49,7.7267,362.3236,0.9989
2025-11-12 12:18:49,7.7267,362.0320,0.9989
2025-11-12 12:18:49,7.7268,358.8478,0.9989
2025-11-12 12:18:49,7.7262,337.6108,0.9990
2025-11-12 12:18:49,7.7259,336.4376,0.9990
2025-11-12 12:18:50,7.7237,359.4461,0.9989
2025-11-12 12:18:50,7.7238,356.7922,0.9989
2025-11-12 12:18:50,7.7237,354.2733,0.9989
2025-11-12 12:18:50,7.7201,347.6891,0.9989
2025-11-12 12:18:50,7.7188,362.6802,0.9989
2025-11-12 12:18:50,7.7187,364.9959,0.9988
2025-11-12 12:18:50,7.7196,400.0034,0.9987
2025-11-12 12:18:50,7.7201,399.6149,0.9987
2025-11-12 12:18:50,7.7213,384.1053,0.9988
2025-11-12 12:18:50,7.7192,437.0172,0.9986
2025-11-12 12:18:51,7.7196,452.3552,0.9986
2025-11-12 12:18:51,7.7138,483.7172,0.9985
2025-11-12 12:18:51,7.7161,473.9725,0.9985
2025-11-12 12:18:51,7.7202,388.9867,0.9988
2025-11-12 12:18:51,7.7206,406.3847,0.9987
2025-11-12 12:18:51,7.7241,365.3056,0.9989
2025-11-12 12:18:51,7.7236,369.5512,0.9988
2025-11-12 12:18:52,7.7226,388.8522,0.9988
2025-11-12 12:18:52,7.7225,382.5833,0.9988
2025-11-12 12:18:52,7.7182,431.2251,0.9986
2025-11-12 12:18:52,7.7193,427.0696,0.9987
2025-11-12 12:18:52,7.7182,448.3754,0.9986
2025-11-12 12:18:52,7.7182,448.3754,0.9986
2025-11-12 12:18:52,7.7205,418.2989,0.9987
2025-11-12 12:18:52,7.7189,425.9775,0.9987
2025-11-12 12:18:52,7.7189,425.9775,0.9987
2025-11-12 12:18:52,7.7193,442.4123,0.9986
2025-11-12 12:18:53,7.7243,413.3204,0.9987
2025-11-12 12:18:53,7.7263,397.3724,0.9988
2025-11-12 12:18:53,7.7263,397.3724,0.9988
2025-11-12 12:18:53,7.7261,388.0759,0.9988
2025-11-12 12:18:53,7.7270,386.6648,0.9988
2025-11-12 12:18:53,7.7260,394.5709,0.9988
2025-11-12 12:18:53,7.7261,391.4387,0.9988
2025-11-12 12:18:53,7.7255,368.0705,0.9989
2025-11-12 12:18:53,7.7275,373.2712,0.9988
2025-11-12 12:18:53,7.7274,374.1658,0.9988
2025-11-12 12:18:53,7.7295,321.7060,0.9990
2025-11-12 12:18:54,7.7293,315.2823,0.9990
2025-11-12 12:18:54,7.7281,312.5511,0.9990
2025-11-12 12:18:54,7.7274,319.9249,0.9990
2025-11-12 12:18:54,7.7277,314.2967,0.9990
2025-11-12 12:18:54,7.7276,310.7138,0.9990
2025-11-12 12:18:54,7.7286,313.1574,0.9990
2025-11-12 12:18:54,7.7304,294.5122,0.9991
2025-11-12 12:18:54,7.7289,329.5581,0.9990
2025-11-12 12:18:54,7.7282,306.2585,0.9991
2025-11-12 12:18:54,7.7275,304.0827,0.9991
2025-11-12 12:18:55,7.7261,314.4497,0.9990
2025-11-12 12:18:55,7.7252,337.6236,0.9989
2025-11-12 12:18:55,7.7261,367.4270,0.9989
2025-11-12 12:18:55,7.7266,369.1341,0.9989
2025-11-12 12:18:55,7.7266,368.4080,0.9989
2025-11-12 12:18:55,7.7265,371.0054,0.9988
2025-11-12 12:18:55,7.7253,328.4929,0.9990
2025-11-12 12:18:56,7.7255,329.8255,0.9990
2025-11-12 12:18:56,7.7237,348.8603,0.9989
2025-11-12 12:18:56,7.7239,342.0120,0.9989
2025-11-12 12:18:56,7.7249,372.4217,0.9988
2025-11-12 12:18:56,7.7236,366.9267,0.9989
2025-11-12 12:18:56,7.7255,347.7434,0.9989
2025-11-12 12:18:56,7.7252,354.8686,0.9989
2025-11-12 12:18:56,7.7246,333.3838,0.9990
2025-11-12 12:18:56,7.7262,340.2948,0.9989
2025-11-12 12:18:56,7.7277,328.6806,0.9990
2025-11-12 12:18:57,7.7278,326.0145,0.9990
2025-11-12 12:18:57,7.7275,314.9363,0.9990
2025-11-12 12:18:57,7.7271,313.4607,0.9990
2025-11-12 12:18:57,7.7254,326.3758,0.9990
2025-11-12 12:18:57,7.7265,300.4845,0.9991
2025-11-12 12:18:57,7.7241,235.6009,0.9993
2025-11-12 12:18:57,7.7220,226.2724,0.9993
2025-11-12 12:18:57,7.7209,234.8323,0.9993
2025-11-12 12:18:57,7.7199,257.0168,0.9992
2025-11-12 12:18:57,7.7236,377.1759,0.9988
2025-11-12 12:18:57,7.7235,377.0051,0.9988
2025-11-12 12:18:58,7.7264,353.9949,0.9989
2025-11-12 12:18:58,7.7263,356.5769,0.9989
2025-11-12 12:18:58,7.7259,341.7477,0.9989
2025-11-12 12:18:58,7.7092,599.2595,0.9981
2025-11-12 12:18:58,7.7066,591.2166,0.9981
2025-11-12 12:18:58,7.7022,668.4185,0.9978
2025-11-12 12:18:58,7.7027,688.9040,0.9978
2025-11-12 12:18:58,7.7160,495.0721,0.9984
2025-11-12 12:18:58,7.7167,491.8698,0.9984
2025-11-12 12:18:58,7.7200,402.4429,0.9987
2025-11-12 12:18:59,7.7191,367.5951,0.9988
2025-11-12 12:18:59,7.7192,367.3537,0.9988
2025-11-12 12:18:59,7.7196,365.3009,0.9989
2025-11-12 12:18:59,7.7206,340.7960,0.9989
2025-11-12 12:18:59,7.7204,333.9540,0.9990
2025-11-12 12:18:59,7.7250,330.0474,0.9990
2025-11-12 12:18:59,7.7236,343.7495,0.9989
2025-11-12 12:18:59,7.7238,336.9208,0.9989
2025-11-12 12:18:59,7.7228,304.8737,0.9990
2025-11-12 12:19:00,7.7231,306.3678,0.9990
2025-11-12 12:19:00,7.7261,284.0211,0.9991
2025-11-12 12:19:00,7.7258,291.2269,0.9991
2025-11-12 12:19:00,7.7261,301.8115,0.9991
2025-11-12 12:19:00,7.7254,299.7629,0.9991
2025-11-12 12:19:00,7.7252,300.7355,0.9991
2025-11-12 12:19:00,7.7252,300.7355,0.9991
2025-11-12 12:19:00,7.7208,188.0378,0.9994
2025-11-12 12:19:01,7.7218,194.7029,0.9994
2025-11-12 12:19:01,7.7204,200.0313,0.9994
2025-11-12 12:19:01,7.7204,200.0313,0.9994
2025-11-12 12:19:01,7.7167,137.8953,0.9996
2025-11-12 12:19:01,7.7171,142.6081,0.9995
2025-11-12 12:19:01,7.7160,147.1806,0.9995
2025-11-12 12:19:01,7.7161,145.2529,0.9995
2025-11-12 12:19:01,7.7159,143.2431,0.9995
2025-11-12 12:19:01,7.7153,136.0166,0.9996
2025-11-12 12:19:02,7.7135,147.0951,0.9995
2025-11-12 12:19:02,7.7137,143.8578,0.9995
2025-11-12 12:19:02,7.7152,166.5856,0.9995
2025-11-12 12:19:02,7.7151,165.4700,0.9995
2025-11-12 12:19:02,7.7181,147.0415,0.9995
2025-11-12 12:19:02,7.7179,150.3223,0.9995
2025-11-12 12:19:02,7.7180,152.1741,0.9995
2025-11-12 12:19:02,7.7183,154.5806,0.9995
2025-11-12 12:19:02,7.7174,158.5491,0.9995
2025-11-12 12:19:03,7.7190,128.9917,0.9996
2025-11-12 12:19:03,7.7188,125.8788,0.9996
2025-11-12 12:19:03,7.7195,133.6344,0.9996
2025-11-12 12:19:03,7.7219,123.6130,0.9996
2025-11-12 12:19:03,7.7182,204.8630,0.9994
2025-11-12 12:19:03,7.7194,225.2238,0.9993
2025-11-12 12:19:03,7.7187,217.8376,0.9993
2025-11-12 12:19:03,7.7185,217.9184,0.9993
2025-11-12 12:19:03,7.7205,171.2939,0.9995
2025-11-12 12:19:04,7.7214,188.8586,0.9994
2025-11-12 12:19:04,7.7195,177.7360,0.9994
2025-11-12 12:19:04,7.7196,177.6052,0.9994
2025-11-12 12:19:04,7.7197,175.4507,0.9994
2025-11-12 12:19:04,7.7218,221.4102,0.9993
2025-11-12 12:19:04,7.7240,231.5660,0.9993
2025-11-12 12:19:04,7.7227,238.4787,0.9993
2025-11-12 12:19:04,7.7235,219.0718,0.9993
2025-11-12 12:19:04,7.7268,307.6800,0.9990
2025-11-12 12:19:05,7.7260,304.5047,0.9991
2025-11-12 12:19:05,7.7256,308.4572,0.9990
2025-11-12 12:19:05,7.7246,331.5090,0.9990
2025-11-12 12:19:05,7.7237,301.9215,0.9991
2025-11-12 12:19:05,7.7223,296.9843,0.9991
2025-11-12 12:19:05,7.7225,295.5725,0.9991
2025-11-12 12:19:05,7.7225,295.5725,0.9991
2025-11-12 12:19:05,7.7221,284.9170,0.9991
2025-11-12 12:19:05,7.7207,283.7203,0.9991
2025-11-12 12:19:06,7.7206,284.3256,0.9991
2025-11-12 12:19:06,7.7230,234.4258,0.9993
2025-11-12 12:19:06,7.7219,202.9831,0.9994
2025-11-12 12:19:06,7.7243,205.4412,0.9994
2025-11-12 12:19:06,7.7220,229.6929,0.9993
2025-11-12 12:19:06,7.7214,239.6499,0.9992
2025-11-12 12:19:06,7.7212,232.8068,0.9993
2025-11-12 12:19:06,7.7201,228.1400,0.9993
2025-11-12 12:19:06,7.7247,195.5941,0.9994
2025-11-12 12:19:06,7.7248,192.0791,0.9994
2025-11-12 12:19:06,7.7261,223.3262,0.9993
2025-11-12 12:19:07,7.7261,223.3226,0.9993
2025-11-12 12:19:07,7.7257,224.7354,0.9993
2025-11-12 12:19:07,7.7222,306.5593,0.9990
2025-11-12 12:19:07,7.7226,317.9933,0.9990
2025-11-12 12:19:07,7.7219,317.4135,0.9990
2025-11-12 12:19:07,7.7199,325.2896,0.9990
2025-11-12 12:19:07,7.7216,285.7827,0.9991
2025-11-12 12:19:07,7.7223,309.3509,0.9990
2025-11-12 12:19:07,7.7240,311.7739,0.9990
2025-11-12 12:19:07,7.7234,316.8373,0.9990
2025-11-12 12:19:07,7.7232,321.2009,0.9990
2025-11-12 12:19:07,7.7230,313.9611,0.9990
2025-11-12 12:19:08,7.7220,311.3312,0.9990
2025-11-12 12:19:08,7.7244,296.1773,0.9991
2025-11-12 12:19:08,7.7243,298.6323,0.9991
2025-11-12 12:19:08,7.7243,296.3114,0.9991
2025-11-12 12:19:08,7.7266,302.5048,0.9991
2025-11-12 12:19:08,7.7267,301.9054,0.9991
2025-11-12 12:19:08,7.7270,294.5379,0.9991
2025-11-12 12:19:08,7.7281,328.5869,0.9990
2025-11-12 12:19:09,7.7254,325.1335,0.9990
2025-11-12 12:19:09,7.7238,334.3242,0.9990
2025-11-12 12:19:09,7.7232,349.1113,0.9989
2025-11-12 12:19:09,7.7222,315.6710,0.9990
2025-11-12 12:19:09,7.7221,315.6232,0.9990
2025-11-12 12:19:09,7.7231,310.5405,0.9990
2025-11-12 12:19:09,7.7246,275.5951,0.9991
2025-11-12 12:19:09,7.7246,275.1101,0.9991
2025-11-12 12:19:09,7.7251,274.8657,0.9991
2025-11-12 12:19:10,7.7258,271.2921,0.9992
2025-11-12 12:19:10,7.7247,299.2056,0.9991
2025-11-12 12:19:10,7.7243,289.3715,0.9991
2025-11-12 12:19:10,7.7240,289.2857,0.9991
2025-11-12 12:19:10,7.7195,322.9287,0.9990
2025-11-12 12:19:10,7.7209,294.4098,0.9991
2025-11-12 12:19:10,7.7209,292.8641,0.9991
2025-11-12 12:19:10,7.7194,291.9449,0.9991
2025-11-12 12:19:10,7.7226,264.4217,0.9992
2025-11-12 12:19:11,7.7212,294.3601,0.9991
2025-11-12 12:19:11,7.7180,202.4350,0.9994
2025-11-12 12:19:11,7.7224,222.6650,0.9993
2025-11-12 12:19:11,7.7235,217.8490,0.9993
2025-11-12 12:19:11,7.7235,217.8490,0.9993
2025-11-12 12:19:11,7.7233,213.9175,0.9993
2025-11-12 12:19:11,7.7215,202.0286,0.9994
2025-11-12 12:19:11,7.7219,201.3364,0.9994
2025-11-12 12:19:12,7.7220,199.0383,0.9994
2025-11-12 12:19:12,7.7198,155.9974,0.9995
2025-11-12 12:19:12,7.7214,168.2400,0.9995
2025-11-12 12:19:12,7.7196,173.0244,0.9995
2025-11-12 12:19:12,7.7209,146.2997,0.9995
2025-11-12 12:19:12,7.7243,213.2489,0.9993
2025-11-12 12:19:12,7.7222,202.2575,0.9994
2025-11-12 12:19:12,7.7236,195.4208,0.9994
2025-11-12 12:19:13,7.7223,224.4373,0.9993
2025-11-12 12:19:13,7.7208,189.5025,0.9994
2025-11-12 12:19:13,7.7218,194.4581,0.9994
2025-11-12 12:19:13,7.7218,194.4951,0.9994
2025-11-12 12:19:13,7.7214,204.5613,0.9994
2025-11-12 12:19:13,7.7230,241.0929,0.9992
2025-11-12 12:19:13,7.7230,240.9655,0.9992
2025-11-12 12:19:13,7.7224,242.8446,0.9992
2025-11-12 12:19:14,7.7239,208.0842,0.9994
2025-11-12 12:19:14,7.7234,196.6948,0.9994
2025-11-12 12:19:14,7.7241,200.0649,0.9994
2025-11-12 12:19:14,7.7232,205.1712,0.9994
2025-11-12 12:19:14,7.7220,231.3723,0.9993
2025-11-12 12:19:14,7.7230,255.3733,0.9992
2025-11-12 12:19:14,7.7232,257.0568,0.9992
2025-11-12 12:19:15,7.7253,247.1919,0.9992
2025-11-12 12:19:15,7.7249,257.1611,0.9992
2025-11-12 12:19:15,7.7270,312.6431,0.9990
2025-11-12 12:19:15,7.7243,307.4176,0.9990
2025-11-12 12:19:15,7.7213,321.7442,0.9990
2025-11-12 12:19:15,7.7217,312.6154,0.9990
2025-11-12 12:19:15,7.7213,300.7895,0.9991
2025-11-12 12:19:15,7.7222,302.3544,0.9991
2025-11-12 12:19:15,7.7206,317.0114,0.9990
2025-11-12 12:19:16,7.7205,319.2715,0.9990
2025-11-12 12:19:16,7.7187,264.7675,0.9992
2025-11-12 12:19:16,7.7208,279.5812,0.9991
2025-11-12 12:19:16,7.7246,251.0000,0.9992
2025-11-12 12:19:16,7.7241,263.2442,0.9992
2025-11-12 12:19:16,7.7255,299.4039,0.9991
2025-11-12 12:19:16,7.7254,298.4584,0.9991
2025-11-12 12:19:16,7.7232,312.3717,0.9990
2025-11-12 12:19:16,7.7169,505.7252,0.9984
2025-11-12 12:19:16,7.7156,466.2071,0.9985
2025-11-12 12:19:17,7.7099,430.6418,0.9986
2025-11-12 12:19:17,7.7093,431.1628,0.9986
2025-11-12 12:19:17,7.7162,255.3371,0.9992
2025-11-12 12:19:17,7.7173,288.0067,0.9991
2025-11-12 12:19:17,7.7139,311.1508,0.9990
2025-11-12 12:19:17,7.7165,306.7037,0.9990
2025-11-12 12:19:17,7.7165,306.7037,0.9990
2025-11-12 12:19:17,7.7179,355.1885,0.9989
2025-11-12 12:19:17,7.7255,313.4841,0.9990
2025-11-12 12:19:17,7.7239,323.4077,0.9990
2025-11-12 12:19:17,7.7201,429.4131,0.9987
2025-11-12 12:19:18,7.7206,447.6231,0.9986
2025-11-12 12:19:18,7.7185,442.2102,0.9986
2025-11-12 12:19:18,7.7196,438.2684,0.9986
2025-11-12 12:19:18,7.7236,330.8598,0.9990
2025-11-12 12:19:18,7.7229,306.5426,0.9990
2025-11-12 12:19:18,7.7261,309.9252,0.9990
2025-11-12 12:19:18,7.7266,307.3883,0.9990
2025-11-12 12:19:18,7.7267,302.6451,0.9991
2025-11-12 12:19:18,7.7264,292.8807,0.9991
2025-11-12 12:19:18,7.7265,293.3480,0.9991
2025-11-12 12:19:19,7.7267,292.4427,0.9991
2025-11-12 12:19:19,7.7275,273.2560,0.9992
2025-11-12 12:19:19,7.7273,268.7420,0.9992
2025-11-12 12:19:19,7.7282,272.6746,0.9992
2025-11-12 12:19:19,7.7268,282.3360,0.9991
2025-11-12 12:19:19,7.7259,305.8891,0.9990
2025-11-12 12:19:19,7.7252,288.1014,0.9991
2025-11-12 12:19:19,7.7253,288.6743,0.9991
2025-11-12 12:19:19,7.7250,291.0572,0.9991
2025-11-12 12:19:20,7.7249,293.5471,0.9991
2025-11-12 12:19:20,7.7260,324.2416,0.9990
2025-11-12 12:19:20,7.7248,317.4673,0.9990
2025-11-12 12:19:20,7.7264,307.3967,0.9990
2025-11-12 12:19:20,7.7264,307.3967,0.9990
2025-11-12 12:19:20,7.7269,323.9373,0.9990
2025-11-12 12:19:20,7.7273,325.6337,0.9990
2025-11-12 12:19:20,7.7267,329.8369,0.9990
2025-11-12 12:19:20,7.7256,360.0765,0.9989
2025-11-12 12:19:21,7.7257,364.8910,0.9989
2025-11-12 12:19:21,7.7217,359.2085,0.9989
2025-11-12 12:19:21,7.7180,387.0310,0.9988
2025-11-12 12:19:21,7.7191,361.9452,0.9989
2025-11-12 12:19:21,7.7188,350.7532,0.9989
2025-11-12 12:19:21,7.7212,354.9411,0.9989
2025-11-12 12:19:21,7.7248,320.7459,0.9990
2025-11-12 12:19:21,7.7240,340.4347,0.9989
2025-11-12 12:19:21,7.7246,359.6142,0.9989
2025-11-12 12:19:21,7.7228,359.2743,0.9989
2025-11-12 12:19:22,7.7204,377.2280,0.9988
2025-11-12 12:19:22,7.7162,493.3849,0.9984
2025-11-12 12:19:22,7.7166,509.6961,0.9984
2025-11-12 12:19:22,7.7175,512.7001,0.9984
2025-11-12 12:19:22,7.7184,506.5253,0.9984
2025-11-12 12:19:22,7.7208,431.9909,0.9986
2025-11-12 12:19:22,7.7203,410.9983,0.9987
2025-11-12 12:19:22,7.7202,410.9190,0.9987
2025-11-12 12:19:22,7.7225,398.9457,0.9988
2025-11-12 12:19:22,7.7227,392.7704,0.9988
2025-11-12 12:19:23,7.7231,407.6196,0.9987
2025-11-12 12:19:23,7.7228,407.5369,0.9987
2025-11-12 12:19:23,7.7226,408.3226,0.9987
2025-11-12 12:19:23,7.7250,343.3138,0.9989
2025-11-12 12:19:23,7.7254,356.7528,0.9989
2025-11-12 12:19:23,7.7281,359.1897,0.9989
2025-11-12 12:19:23,7.7264,374.2073,0.9988
2025-11-12 12:19:24,7.7263,376.7876,0.9988
2025-11-12 12:19:24,7.7260,367.8673,0.9989
2025-11-12 12:19:24,7.7259,367.2999,0.9989
2025-11-12 12:19:24,7.7279,350.4611,0.9989
2025-11-12 12:19:24,7.7279,350.4611,0.9989
2025-11-12 12:19:24,7.7274,331.7608,0.9990
2025-11-12 12:19:24,7.7268,329.8797,0.9990
2025-11-12 12:19:24,7.7240,351.6537,0.9989
2025-11-12 12:19:24,7.7243,344.7405,0.9989
2025-11-12 12:19:24,7.7249,366.4198,0.9989
2025-11-12 12:19:25,7.7247,365.4945,0.9989
2025-11-12 12:19:25,7.7259,353.4671,0.9989
2025-11-12 12:19:25,7.7265,338.7897,0.9989
2025-11-12 12:19:25,7.7259,317.9848,0.9990
2025-11-12 12:19:25,7.7273,323.6468,0.9990
2025-11-12 12:19:25,7.7253,347.0944,0.9989
2025-11-12 12:19:25,7.7245,365.8519,0.9989
2025-11-12 12:19:25,7.7245,364.5259,0.9989
2025-11-12 12:19:25,7.7231,356.4861,0.9989
2025-11-12 12:19:26,7.7256,331.8291,0.9990
2025-11-12 12:19:26,7.7255,334.3619,0.9990
2025-11-12 12:19:26,7.7258,342.5488,0.9989
2025-11-12 12:19:26,7.7265,344.9856,0.9989
2025-11-12 12:19:26,7.7241,369.8124,0.9988
2025-11-12 12:19:26,7.7243,362.8882,0.9989
2025-11-12 12:19:26,7.7225,303.1420,0.9991
2025-11-12 12:19:26,7.7228,305.5562,0.9990
2025-11-12 12:19:26,7.7239,294.3759,0.9991
2025-11-12 12:19:27,7.7258,251.8563,0.9992
2025-11-12 12:19:27,7.7266,275.0355,0.9991
2025-11-12 12:19:27,7.7233,269.3575,0.9992
2025-11-12 12:19:27,7.7243,261.0036,0.9992
2025-11-12 12:19:27,7.7194,379.0338,0.9988
2025-11-12 12:19:27,7.7201,403.4779,0.9987
2025-11-12 12:19:27,7.7222,408.7172,0.9987
2025-11-12 12:19:27,7.7180,449.3831,0.9986
2025-11-12 12:19:28,7.7145,553.3432,0.9982
2025-11-12 12:19:28,7.7152,578.4378,0.9982
2025-11-12 12:19:28,7.7161,587.5447,0.9981
2025-11-12 12:19:28,7.7221,545.3892,0.9983
2025-11-12 12:19:28,7.7298,306.5395,0.9991
2025-11-12 12:19:28,7.7288,276.7311,0.9991
2025-11-12 12:19:28,7.7288,276.7311,0.9991
2025-11-12 12:19:28,7.7271,288.4263,0.9991
2025-11-12 12:19:29,7.7279,271.6978,0.9992
2025-11-12 12:19:29,7.7275,261.9262,0.9992
2025-11-12 12:19:29,7.7284,265.7378,0.9992
2025-11-12 12:19:29,7.7252,304.4709,0.9991
2025-11-12 12:19:29,7.7216,387.7579,0.9988
2025-11-12 12:19:29,7.7231,436.6750,0.9986
2025-11-12 12:19:29,7.7215,425.6688,0.9987
2025-11-12 12:19:29,7.7248,392.9676,0.9988
2025-11-12 12:19:30,7.7262,355.6517,0.9989
2025-11-12 12:19:30,7.7268,377.7315,0.9988
2025-11-12 12:19:30,7.7282,382.4460,0.9988
2025-11-12 12:19:30,7.7282,381.8873,0.9988
2025-11-12 12:19:30,7.7285,374.2238,0.9988
2025-11-12 12:19:30,7.7271,328.8076,0.9990
2025-11-12 12:19:30,7.7263,324.6709,0.9990
2025-11-12 12:19:30,7.7261,326.0872,0.9990
2025-11-12 12:19:30,7.7258,333.3043,0.9990
2025-11-12 12:19:30,7.7266,360.0747,0.9989
2025-11-12 12:19:31,7.7276,364.7061,0.9989
2025-11-12 12:19:31,7.7275,365.7721,0.9989
2025-11-12 12:19:31,7.7276,363.1160,0.9989
2025-11-12 12:19:31,7.7280,376.3600,0.9988
2025-11-12 12:19:31,7.7268,371.3418,0.9988
2025-11-12 12:19:31,7.7265,373.5700,0.9988
2025-11-12 12:19:31,7.7267,368.8203,0.9989
2025-11-12 12:19:31,7.7271,384.0265,0.9988
2025-11-12 12:19:31,7.7274,384.7596,0.9988
2025-11-12 12:19:32,7.7258,402.1753,0.9988
2025-11-12 12:19:32,7.7256,406.8308,0.9987
2025-11-12 12:19:32,7.7256,406.5488,0.9987
2025-11-12 12:19:32,7.7225,402.8206,0.9987
2025-11-12 12:19:32,7.7257,378.8309,0.9988
2025-11-12 12:19:32,7.7259,374.1767,0.9988
2025-11-12 12:19:32,7.7258,373.9366,0.9988
2025-11-12 12:19:32,7.7292,371.6365,0.9989
2025-11-12 12:19:32,7.7279,382.2268,0.9988
2025-11-12 12:19:33,7.7276,389.7864,0.9988
2025-11-12 12:19:33,7.7270,367.2741,0.9989
2025-11-12 12:19:33,7.7272,368.2862,0.9989
2025-11-12 12:19:33,7.7268,372.1103,0.9988
2025-11-12 12:19:33,7.7272,362.4537,0.9989
2025-11-12 12:19:33,7.7269,352.4034,0.9989
2025-11-12 12:19:33,7.7259,348.5311,0.9989
2025-11-12 12:19:34,7.7250,356.8487,0.9989
2025-11-12 12:19:34,7.7241,379.4982,0.9988
2025-11-12 12:19:34,7.7239,372.4656,0.9988
2025-11-12 12:19:34,7.7246,375.9221,0.9988
2025-11-12 12:19:34,7.7272,355.5929,0.9989
2025-11-12 12:19:34,7.7280,333.5408,0.9990
2025-11-12 12:19:34,7.7286,352.6489,0.9989
2025-11-12 12:19:34,7.7290,354.0806,0.9989
2025-11-12 12:19:34,7.7257,386.9422,0.9988
2025-11-12 12:19:34,7.7251,402.4596,0.9987
2025-11-12 12:19:35,7.7233,344.1764,0.9989
2025-11-12 12:19:35,7.7232,343.1535,0.9989
2025-11-12 12:19:35,7.7267,314.8679,0.9990
2025-11-12 12:19:35,7.7270,306.2224,0.9990
2025-11-12 12:19:35,7.7278,330.2947,0.9990
2025-11-12 12:19:35,7.7285,333.3715,0.9990
2025-11-12 12:19:35,7.7268,345.4765,0.9989
2025-11-12 12:19:35,7.7267,349.6890,0.9989
2025-11-12 12:19:35,7.7267,350.0884,0.9989
2025-11-12 12:19:35,7.7247,340.8580,0.9989
2025-11-12 12:19:35,7.7248,339.9895,0.9989
2025-11-12 12:19:36,7.7252,328.8936,0.9990
2025-11-12 12:19:36,7.7258,346.8587,0.9989
2025-11-12 12:19:36,7.7274,352.4972,0.9989
2025-11-12 12:19:36,7.7289,341.1051,0.9989
2025-11-12 12:19:36,7.7251,455.5950,0.9986
2025-11-12 12:19:36,7.7223,370.7245,0.9988
2025-11-12 12:19:36,7.7213,363.2645,0.9989
2025-11-12 12:19:36,7.7191,371.5386,0.9988
2025-11-12 12:19:36,7.7226,277.9541,0.9991
2025-11-12 12:19:37,7.7232,294.9026,0.9991
2025-11-12 12:19:37,7.7235,296.8060,0.9991
2025-11-12 12:19:37,7.7223,308.6215,0.9990
2025-11-12 12:19:37,7.7224,306.2905,0.9990
2025-11-12 12:19:37,7.7249,386.7142,0.9988
2025-11-12 12:19:37,7.7254,389.4050,0.9988
2025-11-12 12:19:37,7.7281,361.4303,0.9989
2025-11-12 12:19:37,7.7303,306.2661,0.9991
2025-11-12 12:19:37,7.7303,306.4830,0.9991
2025-11-12 12:19:37,7.7307,307.6250,0.9991
2025-11-12 12:19:38,7.7315,300.9747,0.9991
2025-11-12 12:19:38,7.7291,360.4587,0.9989
2025-11-12 12:19:38,7.7290,355.1412,0.9989
2025-11-12 12:19:38,7.7276,350.7352,0.9989
2025-11-12 12:19:38,7.7247,374.8385,0.9988
2025-11-12 12:19:38,7.7247,372.7377,0.9988
2025-11-12 12:19:38,7.7249,378.5778,0.9988
2025-11-12 12:19:38,7.7255,380.8258,0.9988
2025-11-12 12:19:39,7.7281,356.8056,0.9989
2025-11-12 12:19:39,7.7273,380.3554,0.9988
2025-11-12 12:19:39,7.7263,349.5494,0.9989
2025-11-12 12:19:39,7.7220,350.0058,0.9989
2025-11-12 12:19:39,7.7168,389.0274,0.9988
2025-11-12 12:19:39,7.7176,372.7009,0.9988
2025-11-12 12:19:39,7.7172,360.9244,0.9989
2025-11-12 12:19:39,7.7194,362.9286,0.9989
2025-11-12 12:19:39,7.7244,316.4665,0.9990
2025-11-12 12:19:39,7.7247,309.4906,0.9990
2025-11-12 12:19:40,7.7249,314.8227,0.9990
2025-11-12 12:19:40,7.7278,322.0020,0.9990
2025-11-12 12:19:40,7.7282,319.4865,0.9990
2025-11-12 12:19:40,7.7279,327.0777,0.9990
2025-11-12 12:19:40,7.7275,314.6750,0.9990
2025-11-12 12:19:40,7.7278,316.5957,0.9990
2025-11-12 12:19:40,7.7278,316.6116,0.9990
2025-11-12 12:19:40,7.7257,378.8171,0.9988
2025-11-12 12:19:40,7.7255,374.3888,0.9988
2025-11-12 12:19:41,7.7238,364.1392,0.9989
2025-11-12 12:19:41,7.7215,377.0149,0.9988
2025-11-12 12:19:41,7.7236,320.3872,0.9990
2025-11-12 12:19:41,7.7242,339.1693,0.9989
2025-11-12 12:19:41,7.7249,342.2752,0.9989
2025-11-12 12:19:41,7.7255,336.9770,0.9990
2025-11-12 12:19:41,7.7258,329.8145,0.9990
2025-11-12 12:19:41,7.7243,286.0343,0.9991
2025-11-12 12:19:41,7.7243,286.0343,0.9991
2025-11-12 12:19:41,7.7258,276.3741,0.9991
2025-11-12 12:19:42,7.7251,291.8503,0.9991
2025-11-12 12:19:42,7.7270,348.6955,0.9989
2025-11-12 12:19:42,7.7274,350.4982,0.9989
2025-11-12 12:19:42,7.7274,350.5736,0.9989
2025-11-12 12:19:42,7.7280,334.1989,0.9990
2025-11-12 12:19:42,7.7279,328.4106,0.9990
2025-11-12 12:19:42,7.7276,327.3598,0.9990
2025-11-12 12:19:42,7.7263,337.4061,0.9990
2025-11-12 12:19:43,7.7260,344.6708,0.9989
2025-11-12 12:19:43,7.7255,326.4143,0.9990
2025-11-12 12:19:43,7.7247,322.9104,0.9990
2025-11-12 12:19:43,7.7259,314.5613,0.9990
2025-11-12 12:19:43,7.7260,312.0068,0.9990
2025-11-12 12:19:43,7.7264,321.8855,0.9990
2025-11-12 12:19:43,7.7276,327.0547,0.9990
2025-11-12 12:19:43,7.7264,336.6687,0.9990
2025-11-12 12:19:43,7.7263,339.2482,0.9989
2025-11-12 12:19:44,7.7267,353.3648,0.9989
2025-11-12 12:19:44,7.7265,351.9607,0.9989
2025-11-12 12:19:44,7.7277,342.4770,0.9989
2025-11-12 12:19:44,7.7280,334.9238,0.9990
2025-11-12 12:19:44,7.7281,337.9836,0.9990
2025-11-12 12:19:44,7.7284,339.3702,0.9990
2025-11-12 12:19:44,7.7260,361.7746,0.9989
2025-11-12 12:19:44,7.7258,365.8794,0.9989
2025-11-12 12:19:44,7.7249,334.6761,0.9990
2025-11-12 12:19:44,7.7240,328.9712,0.9990
2025-11-12 12:19:45,7.7250,319.6348,0.9990
2025-11-12 12:19:45,7.7251,316.8961,0.9990
2025-11-12 12:19:45,7.7257,337.6997,0.9989
2025-11-12 12:19:45,7.7251,335.4661,0.9990
2025-11-12 12:19:45,7.7236,350.6670,0.9989
2025-11-12 12:19:45,7.7235,353.8406,0.9989
2025-11-12 12:19:45,7.7243,382.5481,0.9988
2025-11-12 12:19:45,7.7251,385.9180,0.9988
2025-11-12 12:19:46,7.7280,357.4131,0.9989
2025-11-12 12:19:46,7.7282,352.4952,0.9989
2025-11-12 12:19:46,7.7282,352.6807,0.9989
2025-11-12 12:19:46,7.7275,350.9438,0.9989
2025-11-12 12:19:46,7.7259,363.3235,0.9989
2025-11-12 12:19:46,7.7258,367.9865,0.9989
2025-11-12 12:19:46,7.7252,347.0947,0.9989
2025-11-12 12:19:46,7.7271,356.8292,0.9989
2025-11-12 12:19:46,7.7287,342.7105,0.9989
2025-11-12 12:19:46,7.7286,345.4317,0.9989
2025-11-12 12:19:47,7.7287,348.4498,0.9989
2025-11-12 12:19:47,7.7287,348.4498,0.9989
2025-11-12 12:19:47,7.7290,346.1302,0.9989
2025-11-12 12:19:47,7.7293,338.3394,0.9990
2025-11-12 12:19:47,7.7296,348.6871,0.9989
2025-11-12 12:19:47,7.7289,345.2281,0.9989
2025-11-12 12:19:47,7.7270,360.9876,0.9989
2025-11-12 12:19:47,7.7250,414.6270,0.9987
2025-11-12 12:19:48,7.7238,374.5354,0.9988
2025-11-12 12:19:48,7.7224,366.3610,0.9989
2025-11-12 12:19:48,7.7216,371.9159,0.9988
2025-11-12 12:19:48,7.7258,273.8004,0.9991
2025-11-12 12:19:48,7.7202,134.2609,0.9996
2025-11-12 12:19:48,7.7205,136.3142,0.9996
2025-11-12 12:19:48,7.7225,125.2810,0.9996
2025-11-12 12:19:48,7.7214,144.8927,0.9995
2025-11-12 12:19:48,7.7195,114.8476,0.9996
2025-11-12 12:19:48,7.7202,120.2014,0.9996
2025-11-12 12:19:48,7.7192,123.1702,0.9996
2025-11-12 12:19:49,7.7179,149.2649,0.9995
2025-11-12 12:19:49,7.7214,214.1813,0.9993
2025-11-12 12:19:49,7.7222,221.4077,0.9993
2025-11-12 12:19:49,7.7236,214.8130,0.9993
2025-11-12 12:19:49,7.7238,210.4215,0.9993
2025-11-12 12:19:49,7.7281,318.5462,0.9990
2025-11-12 12:19:49,7.7268,313.0853,0.9990
2025-11-12 12:19:49,7.7247,328.4959,0.9990
2025-11-12 12:19:50,7.7245,335.4811,0.9990
2025-11-12 12:19:50,7.7237,310.4308,0.9990
2025-11-12 12:19:50,7.7248,317.5795,0.9990
2025-11-12 12:19:50,7.7256,310.5981,0.9990
2025-11-12 12:19:50,7.7274,267.6590,0.9992
2025-11-12 12:19:50,7.7277,273.8720,0.9992
2025-11-12 12:19:50,7.7253,266.4929,0.9992
2025-11-12 12:19:50,7.7247,271.1420,0.9992
2025-11-12 12:19:51,7.7229,311.0987,0.9990
2025-11-12 12:19:51,7.7228,307.7036,0.9990
2025-11-12 12:19:51,7.7184,315.6543,0.9990
2025-11-12 12:19:51,7.7161,332.3319,0.9989
2025-11-12 12:19:51,7.7161,332.3319,0.9989
2025-11-12 12:19:51,7.7155,311.3781,0.9990
2025-11-12 12:19:51,7.7163,308.7332,0.9990
2025-11-12 12:19:51,7.7190,290.2906,0.9991
2025-11-12 12:19:52,7.7191,288.1662,0.9991
2025-11-12 12:19:52,7.7195,302.9837,0.9990
2025-11-12 12:19:52,7.7182,310.4871,0.9990
2025-11-12 12:19:52,7.7204,306.4219,0.9990
2025-11-12 12:19:52,7.7203,308.6270,0.9990
2025-11-12 12:19:52,7.7189,266.8760,0.9992
2025-11-12 12:19:52,7.7184,270.9008,0.9991
2025-11-12 12:19:52,7.7164,272.0096,0.9991
2025-11-12 12:19:53,7.7164,272.0096,0.9991
2025-11-12 12:19:53,7.7177,315.0264,0.9990
2025-11-12 12:19:53,7.7198,302.5924,0.9990
2025-11-12 12:19:53,7.7212,297.8407,0.9991
2025-11-12 12:19:53,7.7237,246.2506,0.9992
2025-11-12 12:19:53,7.7225,210.9942,0.9993
2025-11-12 12:19:53,7.7233,206.9162,0.9994
2025-11-12 12:19:53,7.7213,216.6904,0.9993
2025-11-12 12:19:53,7.7188,264.5191,0.9992
2025-11-12 12:19:53,7.7095,76.3456,0.9998
2025-11-12 12:19:54,7.7134,107.9472,0.9997
2025-11-12 12:19:54,7.7138,107.3962,0.9997
2025-11-12 12:19:54,7.7138,107.3962,0.9997
2025-11-12 12:19:54,7.7179,156.6187,0.9995
2025-11-12 12:19:54,7.7145,137.0750,0.9996
2025-11-12 12:19:54,7.7157,136.8871,0.9996
2025-11-12 12:19:54,7.7157,136.8871,0.9996
2025-11-12 12:19:55,7.7157,136.7725,0.9996
2025-11-12 12:19:55,7.7139,136.6905,0.9996
2025-11-12 12:19:55,7.7130,135.5957,0.9996
2025-11-12 12:19:55,7.7130,135.5957,0.9996
2025-11-12 12:19:55,7.7139,154.7813,0.9995
2025-11-12 12:19:55,7.7157,154.9994,0.9995
2025-11-12 12:19:55,7.7152,156.0678,0.9995
2025-11-12 12:19:55,7.7152,156.0678,0.9995
2025-11-12 12:19:55,7.7152,155.3054,0.9995
2025-11-12 12:19:56,7.7148,154.6721,0.9995
2025-11-12 12:19:56,7.7174,155.1336,0.9995
2025-11-12 12:19:56,7.7174,155.1336,0.9995
2025-11-12 12:19:56,7.7183,172.8284,0.9995
2025-11-12 12:19:56,7.7222,184.8677,0.9994
2025-11-12 12:19:56,7.7179,204.6520,0.9994
2025-11-12 12:19:56,7.7166,231.2707,0.9993
2025-11-12 12:19:56,7.7160,217.2099,0.9993
2025-11-12 12:19:56,7.7158,216.0308,0.9993
2025-11-12 12:19:56,7.7186,202.8345,0.9994
2025-11-12 12:19:57,7.7198,174.7596,0.9994
2025-11-12 12:19:57,7.7184,150.7038,0.9995
2025-11-12 12:19:57,7.7181,148.6635,0.9995
2025-11-12 12:19:57,7.7168,152.7374,0.9995
2025-11-12 12:19:57,7.7168,152.7374,0.9995
2025-11-12 12:19:57,7.7161,141.9768,0.9995
2025-11-12 12:19:57,7.7158,138.4846,0.9996
2025-11-12 12:19:58,7.7166,136.1001,0.9996
2025-11-12 12:19:58,7.7169,130.5439,0.9996
2025-11-12 12:19:58,7.7180,147.8602,0.9995
2025-11-12 12:29:56,7.7130,9.6626,1.0000
2025-11-12 12:29:56,7.7141,7.0162,1.0000
2025-11-12 12:29:56,7.7167,9.6375,1.0000
2025-11-12 12:29:56,7.7249,41.5500,0.9999
2025-11-12 12:29:56,7.7254,40.9232,0.9999
2025-11-12 12:29:56,7.7236,59.0687,0.9998
2025-11-12 12:29:56,7.7230,60.0091,0.9998
2025-11-12 12:29:56,7.7089,65.2246,0.9998
2025-11-12 12:29:56,7.7053,43.4198,0.9999
2025-11-12 12:29:57,7.7050,43.5800,0.9999
2025-11-12 12:29:57,7.7049,42.8581,0.9999
2025-11-12 12:29:57,7.7140,18.5589,0.9999
2025-11-12 12:29:57,7.7175,20.3953,0.9999
2025-11-12 12:29:57,7.7200,4.5937,1.0000
2025-11-12 12:29:57,7.7276,57.6306,0.9998
2025-11-12 12:29:57,7.7241,78.8896,0.9998
2025-11-12 12:29:57,7.7274,87.7784,0.9997
2025-11-12 12:29:57,7.7236,132.9133,0.9996
2025-11-12 12:29:58,7.7221,108.8267,0.9997
2025-11-12 12:29:58,7.7242,95.9153,0.9997
2025-11-12 12:29:58,7.7231,88.2185,0.9997
2025-11-12 12:29:58,7.7254,57.9023,0.9998
2025-11-12 12:29:58,7.7270,78.7931,0.9998
2025-11-12 12:29:58,7.7250,94.1409,0.9997
2025-11-12 12:29:58,7.7192,100.5632,0.9997
2025-11-12 12:29:58,7.7212,90.4704,0.9997
2025-11-12 12:29:58,7.7195,62.1628,0.9998
2025-11-12 12:29:58,7.7190,65.9701,0.9998
2025-11-12 12:29:58,7.7211,56.4359,0.9998
2025-11-12 12:29:58,7.7245,57.5968,0.9998
2025-11-12 12:29:58,7.7273,99.6711,0.9997
2025-11-12 12:29:59,7.7286,85.3969,0.9997
2025-11-12 12:29:59,7.7307,73.9586,0.9998
2025-11-12 12:29:59,7.7280,82.3159,0.9997
2025-11-12 12:29:59,7.7261,52.2297,0.9998
2025-11-12 12:29:59,7.7248,64.8943,0.9998
2025-11-12 12:29:59,7.7238,65.1433,0.9998
2025-11-12 12:29:59,7.7253,62.8702,0.9998
2025-11-12 12:29:59,7.7268,86.9958,0.9997
2025-11-12 12:29:59,7.7292,62.7897,0.9998
2025-11-12 12:30:00,7.7261,86.9540,0.9997
2025-11-12 12:30:00,7.7239,92.7665,0.9997
2025-11-12 12:30:00,7.7245,104.6535,0.9997
2025-11-12 12:30:00,7.7231,113.0483,0.9996
2025-11-12 12:30:00,7.7247,101.8549,0.9997
2025-11-12 12:30:00,7.7227,115.1847,0.9996
2025-11-12 12:30:00,7.7221,101.0393,0.9997
2025-11-12 12:30:00,7.7239,91.9637,0.9997
2025-11-12 12:30:00,7.7141,229.6740,0.9993
2025-11-12 12:30:01,7.7193,236.8661,0.9993
2025-11-12 12:30:01,7.7140,150.7683,0.9995
2025-11-12 12:30:01,7.7123,148.6589,0.9995
2025-11-12 12:30:01,7.7140,114.7473,0.9996
2025-11-12 12:30:01,7.7139,114.2927,0.9996
2025-11-12 12:30:01,7.7226,286.4227,0.9991
2025-11-12 12:30:01,7.7243,277.1378,0.9991
2025-11-12 12:30:01,7.7245,273.1692,0.9991
2025-11-12 12:30:01,7.7275,290.7658,0.9991
2025-11-12 12:30:01,7.7274,287.8056,0.9991
2025-11-12 12:30:01,7.7252,304.3841,0.9991
2025-11-12 12:30:02,7.7250,310.2784,0.9990
2025-11-12 12:30:02,7.7267,331.7135,0.9990
2025-11-12 12:30:02,7.7274,349.1849,0.9989
2025-11-12 12:30:02,7.7296,328.8574,0.9990
2025-11-12 12:30:02,7.7302,314.3594,0.9990
2025-11-12 12:30:02,7.7294,305.5026,0.9991
2025-11-12 12:30:02,7.7248,209.1387,0.9993
2025-11-12 12:30:02,7.7243,211.4879,0.9993
2025-11-12 12:30:02,7.7265,162.1984,0.9995
2025-11-12 12:30:02,7.7293,204.2119,0.9994
2025-11-12 12:30:03,7.7320,247.2245,0.9992
2025-11-12 12:30:03,7.7305,263.4487,0.9992
2025-11-12 12:30:03,7.7281,322.8238,0.9990
2025-11-12 12:30:03,7.7247,272.0978,0.9992
2025-11-12 12:30:03,7.7243,262.9143,0.9992
2025-11-12 12:30:03,7.7227,279.1553,0.9991
2025-11-12 12:30:03,7.7224,287.5360,0.9991
2025-11-12 12:30:03,7.7258,344.1836,0.9989
2025-11-12 12:30:03,7.7283,405.8411,0.9987
2025-11-12 12:30:03,7.7308,373.5254,0.9989
2025-11-12 12:30:03,7.7288,435.6199,0.9987
2025-11-12 12:30:03,7.7274,412.8962,0.9987
2025-11-12 12:30:04,7.7254,362.1744,0.9989
2025-11-12 12:30:04,7.7269,353.9417,0.9989
2025-11-12 12:30:04,7.7292,285.1489,0.9991
2025-11-12 12:30:04,7.7279,268.0909,0.9992
2025-11-12 12:30:04,7.7263,235.4826,0.9993
2025-11-12 12:30:04,7.7243,246.9146,0.9992
2025-11-12 12:30:05,7.7239,257.6792,0.9992
2025-11-12 12:30:05,7.7264,300.4575,0.9991
2025-11-12 12:30:05,7.7249,274.9107,0.9991
2025-11-12 12:30:05,7.7261,266.8569,0.9992
2025-11-12 12:30:05,7.7262,264.1354,0.9992
2025-11-12 12:30:05,7.7274,290.1413,0.9991
2025-11-12 12:30:05,7.7283,303.4364,0.9991
2025-11-12 12:30:05,7.7271,313.9800,0.9990
2025-11-12 12:30:05,7.7273,307.7857,0.9990
2025-11-12 12:30:05,7.7274,309.4068,0.9990
2025-11-12 12:30:06,7.7244,270.5364,0.9992
2025-11-12 12:30:06,7.7260,260.5477,0.9992
2025-11-12 12:30:06,7.7257,266.5398,0.9992
2025-11-12 12:30:06,7.7271,300.6473,0.9991
2025-11-12 12:30:06,7.7275,304.3285,0.9991
2025-11-12 12:30:06,7.7279,301.9037,0.9991
2025-11-12 12:30:06,7.7282,295.5899,0.9991
2025-11-12 12:30:06,7.7267,260.0938,0.9992
2025-11-12 12:30:06,7.7289,286.6604,0.9991
2025-11-12 12:30:06,7.7268,303.4933,0.9991
2025-11-12 12:30:07,7.7265,310.7328,0.9990
2025-11-12 12:30:07,7.7276,335.8830,0.9990
2025-11-12 12:30:07,7.7245,299.1932,0.9991
2025-11-12 12:30:07,7.7251,294.3628,0.9991
2025-11-12 12:30:07,7.7269,251.1276,0.9992
2025-11-12 12:30:07,7.7270,252.8538,0.9992
2025-11-12 12:30:07,7.7238,239.2455,0.9993
2025-11-12 12:30:07,7.7211,263.3474,0.9992
2025-11-12 12:30:07,7.7194,297.6403,0.9991
2025-11-12 12:30:08,7.7203,325.3704,0.9990
2025-11-12 12:30:08,7.7269,391.5365,0.9988
2025-11-12 12:30:08,7.7307,347.0842,0.9989
2025-11-12 12:30:08,7.7303,360.1290,0.9989
2025-11-12 12:30:08,7.7288,324.6285,0.9990
2025-11-12 12:30:08,7.7267,296.3966,0.9991
2025-11-12 12:30:08,7.7258,302.6690,0.9991
2025-11-12 12:30:08,7.7262,289.8457,0.9991
2025-11-12 12:30:08,7.7269,307.2310,0.9990
2025-11-12 12:30:08,7.7277,316.1072,0.9990
2025-11-12 12:30:08,7.7284,310.2073,0.9990
2025-11-12 12:30:09,7.7288,299.2353,0.9991
2025-11-12 12:30:09,7.7082,216.1823,0.9993
2025-11-12 12:30:09,7.7081,212.7259,0.9993
2025-11-12 12:30:09,7.7085,215.5543,0.9993
2025-11-12 12:30:09,7.7089,210.6100,0.9993
2025-11-12 12:30:09,7.7191,144.6506,0.9995
2025-11-12 12:30:09,7.7187,137.6151,0.9996
2025-11-12 12:30:09,7.7159,143.9435,0.9995
2025-11-12 12:30:09,7.7153,155.7140,0.9995
2025-11-12 12:30:09,7.7197,197.6671,0.9994
2025-11-12 12:30:09,7.7207,216.8571,0.9993
2025-11-12 12:30:09,7.7208,216.6742,0.9993
2025-11-12 12:30:09,7.7206,220.2703,0.9993
2025-11-12 12:30:09,7.7202,214.9280,0.9993
2025-11-12 12:30:10,7.7177,174.2529,0.9994
2025-11-12 12:30:10,7.7196,166.2605,0.9995
2025-11-12 12:30:10,7.7203,151.2644,0.9995
2025-11-12 12:30:10,7.7220,174.0672,0.9995
2025-11-12 12:30:10,7.7224,179.4104,0.9994
2025-11-12 12:30:10,7.7228,177.9301,0.9994
2025-11-12 12:30:10,7.7221,193.9999,0.9994
2025-11-12 12:30:10,7.7251,251.1117,0.9992
2025-11-12 12:30:10,7.7269,272.7569,0.9992
2025-11-12 12:30:10,7.7269,273.0312,0.9992
2025-11-12 12:30:10,7.7267,277.7156,0.9991
2025-11-12 12:30:11,7.7244,234.7277,0.9993
2025-11-12 12:30:11,7.7200,185.3468,0.9994
2025-11-12 12:30:11,7.7182,191.4510,0.9994
2025-11-12 12:30:11,7.7185,184.3216,0.9994
2025-11-12 12:30:11,7.7195,204.5182,0.9994
2025-11-12 12:30:11,7.7220,229.1067,0.9993
2025-11-12 12:30:11,7.7248,215.3721,0.9993
2025-11-12 12:30:11,7.7258,192.3299,0.9994
2025-11-12 12:30:11,7.7249,177.2908,0.9994
2025-11-12 12:30:11,7.7253,181.6490,0.9994
2025-11-12 12:30:12,7.7227,194.4327,0.9994
2025-11-12 12:30:12,7.7219,213.4077,0.9993
2025-11-12 12:30:12,7.7231,237.4709,0.9993
2025-11-12 12:30:12,7.7229,235.0806,0.9993
2025-11-12 12:30:12,7.7234,231.5147,0.9993
2025-11-12 12:30:12,7.7243,211.7019,0.9993
2025-11-12 12:30:12,7.7225,179.2434,0.9994
2025-11-12 12:30:13,7.7240,200.7652,0.9994
2025-11-12 12:30:13,7.7231,208.0328,0.9993
2025-11-12 12:30:13,7.7221,230.9771,0.9993
2025-11-12 12:30:13,7.7235,256.0802,0.9992
2025-11-12 12:30:13,7.7264,310.8795,0.9990
2025-11-12 12:30:13,7.7255,320.7076,0.9990
2025-11-12 12:30:13,7.7259,311.9290,0.9990
2025-11-12 12:30:13,7.7255,304.9068,0.9991
2025-11-12 12:30:13,7.7245,284.2445,0.9991
2025-11-12 12:30:14,7.7259,269.3296,0.9992
2025-11-12 12:30:14,7.7255,280.5918,0.9991
2025-11-12 12:30:14,7.7267,302.8016,0.9991
2025-11-12 12:30:14,7.7224,239.1048,0.9993
2025-11-12 12:30:14,7.7241,229.9628,0.9993
2025-11-12 12:30:14,7.7258,190.9214,0.9994
2025-11-12 12:30:14,7.7250,175.1996,0.9995
2025-11-12 12:30:14,7.7273,200.9349,0.9994
2025-11-12 12:30:14,7.7255,214.6190,0.9993
2025-11-12 12:30:14,7.7234,263.5577,0.9992
2025-11-12 12:30:15,7.7224,245.8607,0.9992
2025-11-12 12:30:15,7.7220,238.4563,0.9993
2025-11-12 12:30:15,7.7229,232.8561,0.9993
2025-11-12 12:30:15,7.7237,212.1484,0.9993
2025-11-12 12:30:15,7.7242,219.7937,0.9993
2025-11-12 12:30:15,7.7231,205.5772,0.9994
2025-11-12 12:30:15,7.7244,200.2793,0.9994
2025-11-12 12:30:15,7.7240,211.1052,0.9993
2025-11-12 12:30:15,7.7213,171.6599,0.9995
2025-11-12 12:30:15,7.7231,198.3770,0.9994
2025-11-12 12:30:15,7.7191,221.1306,0.9993
2025-11-12 12:30:16,7.7195,212.7349,0.9993
2025-11-12 12:30:16,7.7218,248.3889,0.9992
2025-11-12 12:30:16,7.7206,230.0923,0.9993
2025-11-12 12:30:16,7.7242,204.7809,0.9994
2025-11-12 12:30:16,7.7240,210.4139,0.9993
2025-11-12 12:30:16,7.7253,232.9235,0.9993
2025-11-12 12:30:16,7.7245,224.0621,0.9993
2025-11-12 12:30:16,7.7247,223.3148,0.9993
2025-11-12 12:30:16,7.7248,220.2985,0.9993
2025-11-12 12:30:16,7.7222,176.7383,0.9994
2025-11-12 12:30:16,7.7130,147.7597,0.9995
2025-11-12 12:30:17,7.7129,147.3249,0.9995
2025-11-12 12:30:17,7.7123,157.1029,0.9995
2025-11-12 12:30:17,7.7152,223.8849,0.9993
2025-11-12 12:30:17,7.7151,223.9861,0.9993
2025-11-12 12:30:17,7.7147,223.1793,0.9993
2025-11-12 12:30:17,7.7158,203.1084,0.9994
2025-11-12 12:30:17,7.7141,163.2538,0.9995
2025-11-12 12:30:17,7.7151,157.9999,0.9995
2025-11-12 12:30:17,7.7136,158.2006,0.9995
2025-11-12 12:30:17,7.7128,171.8988,0.9995
2025-11-12 12:30:17,7.7128,170.9831,0.9995
2025-11-12 12:30:17,7.7055,240.5459,0.9992
2025-11-12 12:30:17,7.7073,249.6579,0.9992
2025-11-12 12:30:18,7.7071,253.9497,0.9992
2025-11-12 12:30:18,7.7063,234.8870,0.9992
2025-11-12 12:30:18,7.7082,207.6646,0.9993
2025-11-12 12:30:18,7.7060,198.4462,0.9994
2025-11-12 12:30:18,7.7065,192.1527,0.9994
2025-11-12 12:30:18,7.7046,149.6864,0.9995
2025-11-12 12:30:18,7.7014,194.6368,0.9994
2025-11-12 12:30:18,7.7038,211.8788,0.9993
2025-11-12 12:30:18,7.7038,211.8788,0.9993
2025-11-12 12:30:18,7.7013,163.2039,0.9995
2025-11-12 12:30:18,7.7078,91.9387,0.9997
2025-11-12 12:30:19,7.7063,83.2172,0.9997
2025-11-12 12:30:19,7.7061,86.3829,0.9997
2025-11-12 12:30:19,7.7096,148.4786,0.9995
2025-11-12 12:30:19,7.7147,140.8715,0.9996
2025-11-12 12:30:19,7.7146,140.9590,0.9996
2025-11-12 12:30:19,7.7152,131.3146,0.9996
2025-11-12 12:30:19,7.7140,111.9376,0.9996
2025-11-12 12:30:19,7.7063,137.7383,0.9996
2025-11-12 12:30:19,7.7075,144.1266,0.9995
2025-11-12 12:30:20,7.7094,121.2225,0.9996
2025-11-12 12:30:20,7.7126,188.8037,0.9994
2025-11-12 12:30:20,7.7225,136.7797,0.9996
2025-11-12 12:30:20,7.7227,136.3112,0.9996
2025-11-12 12:30:20,7.7206,178.4195,0.9994
2025-11-12 12:30:20,7.7167,117.9208,0.9996
2025-11-12 12:30:20,7.7145,105.5846,0.9997
2025-11-12 12:30:20,7.7151,107.2301,0.9997
2025-11-12 12:30:20,7.7152,105.1856,0.9997
2025-11-12 12:30:21,7.7029,95.8626,0.9997
2025-11-12 12:30:21,7.6992,68.6617,0.9998
2025-11-12 12:30:21,7.6977,50.2034,0.9998
2025-11-12 12:30:21,7.6974,52.0400,0.9998
2025-11-12 12:30:21,7.6948,77.3740,0.9997
2025-11-12 12:30:21,7.7011,157.1717,0.9995
2025-11-12 12:30:21,7.7003,151.2250,0.9995
2025-11-12 12:30:21,7.7001,152.8233,0.9995
2025-11-12 12:30:21,7.7030,116.2962,0.9996
2025-11-12 12:30:21,7.7029,113.9036,0.9996
2025-11-12 12:30:21,7.7048,127.1659,0.9996
2025-11-12 12:30:22,7.7046,129.4642,0.9996
2025-11-12 12:30:22,7.7097,96.5761,0.9997
2025-11-12 12:30:22,7.7080,77.0996,0.9998
2025-11-12 12:30:22,7.7062,67.6620,0.9998
2025-11-12 12:30:22,7.7061,69.0228,0.9998
2025-11-12 12:30:22,7.7096,82.6137,0.9997
2025-11-12 12:30:22,7.7115,102.6311,0.9997
2025-11-12 12:30:22,7.7132,105.3103,0.9997
2025-11-12 12:30:22,7.7114,141.8693,0.9995
2025-11-12 12:30:22,7.7072,133.2979,0.9996
2025-11-12 12:30:22,7.7070,130.3019,0.9996
2025-11-12 12:30:22,7.7056,122.0326,0.9996
2025-11-12 12:30:23,7.7079,84.1050,0.9997
2025-11-12 12:30:23,7.7063,89.9925,0.9997
2025-11-12 12:30:23,7.7079,116.1406,0.9996
2025-11-12 12:30:23,7.7084,117.9685,0.9996
2025-11-12 12:30:23,7.7086,115.3121,0.9996
2025-11-12 12:30:23,7.7042,161.7964,0.9995
2025-11-12 12:30:23,7.7038,153.9864,0.9995
2025-11-12 12:30:23,7.7030,149.5433,0.9995
2025-11-12 12:30:23,7.7024,157.1505,0.9995
2025-11-12 12:30:23,7.7126,114.6758,0.9996
2025-11-12 12:30:24,7.7124,112.3774,0.9996
2025-11-12 12:30:24,7.7130,112.3931,0.9996
2025-11-12 12:30:24,7.7134,105.5354,0.9997
2025-11-12 12:30:24,7.7092,101.9708,0.9997
2025-11-12 12:30:24,7.7054,55.3491,0.9998
2025-11-12 12:30:24,7.7038,49.2102,0.9998
2025-11-12 12:30:24,7.7035,52.0149,0.9998
2025-11-12 12:30:24,7.7093,85.7016,0.9997
2025-11-12 12:30:24,7.7129,120.4773,0.9996
2025-11-12 12:30:24,7.7130,120.0479,0.9996
2025-11-12 12:30:24,7.7135,110.9311,0.9996
2025-11-12 12:30:24,7.7128,105.3999,0.9997
2025-11-12 12:30:25,7.7106,80.5616,0.9997
2025-11-12 12:30:25,7.7116,79.9003,0.9997
2025-11-12 12:30:25,7.7112,87.1871,0.9997
2025-11-12 12:30:25,7.6994,117.8855,0.9996
2025-11-12 12:30:25,7.7018,162.8637,0.9995
2025-11-12 12:30:25,7.7033,173.8999,0.9994
2025-11-12 12:30:25,7.7034,171.9941,0.9994
2025-11-12 12:30:25,7.7222,199.7513,0.9994
2025-11-12 12:30:25,7.7186,184.6437,0.9994
2025-11-12 12:30:25,7.7189,184.5615,0.9994
2025-11-12 12:30:26,7.7192,179.6592,0.9994
2025-11-12 12:30:26,7.7201,200.7050,0.9994
2025-11-12 12:30:26,7.7221,204.1932,0.9994
2025-11-12 12:30:26,7.7219,204.4670,0.9994
2025-11-12 12:30:26,7.7226,190.1568,0.9994
2025-11-12 12:30:26,7.7218,173.0471,0.9995
2025-11-12 12:30:26,7.7216,172.5605,0.9995
2025-11-12 12:30:26,7.7196,180.6121,0.9994
2025-11-12 12:30:26,7.7193,185.4603,0.9994
2025-11-12 12:30:27,7.7207,218.2199,0.9993
2025-11-12 12:30:27,7.7194,214.3249,0.9993
2025-11-12 12:30:27,7.7215,206.4076,0.9994
2025-11-12 12:30:27,7.7210,217.6615,0.9993
2025-11-12 12:30:27,7.7107,71.1151,0.9998
2025-11-12 12:30:27,7.7092,62.4967,0.9998
2025-11-12 12:30:27,7.7104,71.7891,0.9998
2025-11-12 12:30:27,7.7105,70.0638,0.9998
2025-11-12 12:30:27,7.7155,114.3683,0.9996
2025-11-12 12:30:27,7.7174,118.2649,0.9996
2025-11-12 12:30:27,7.7153,113.8676,0.9996
2025-11-12 12:30:28,7.7151,115.9172,0.9996
2025-11-12 12:30:28,7.7065,67.4388,0.9998
2025-11-12 12:30:28,7.7035,43.8267,0.9999
2025-11-12 12:30:28,7.7051,57.6163,0.9998
2025-11-12 12:30:28,7.7045,64.7337,0.9998
2025-11-12 12:30:28,7.7000,88.7112,0.9997
2025-11-12 12:30:28,7.6995,84.8335,0.9997
2025-11-12 12:30:28,7.6987,74.5805,0.9998
2025-11-12 12:30:28,7.7006,58.7681,0.9998
2025-11-12 12:30:28,7.7117,63.4770,0.9998
2025-11-12 12:30:29,7.7090,74.1208,0.9998
2025-11-12 12:30:29,7.7087,72.1239,0.9998
2025-11-12 12:30:29,7.7071,91.2107,0.9997
2025-11-12 12:30:29,7.7063,80.8123,0.9997
2025-11-12 12:30:29,7.7097,75.1411,0.9998
2025-11-12 12:30:29,7.7101,77.1224,0.9998
2025-11-12 12:30:29,7.7101,77.1224,0.9998
2025-11-12 12:30:29,7.7147,142.1262,0.9995
2025-11-12 12:30:29,7.7142,143.1922,0.9995
2025-11-12 12:30:29,7.7148,145.3472,0.9995
2025-11-12 12:30:30,7.7149,143.4898,0.9995
2025-11-12 12:30:30,7.7164,173.4052,0.9995
2025-11-12 12:30:30,7.7147,182.5249,0.9994
2025-11-12 12:30:30,7.7113,180.0996,0.9994
2025-11-12 12:30:30,7.7090,223.0371,0.9993
2025-11-12 12:30:30,7.7097,242.9486,0.9992
2025-11-12 12:30:30,7.7092,245.0506,0.9992
2025-11-12 12:30:30,7.7094,244.8431,0.9992
2025-11-12 12:30:30,7.7117,201.2399,0.9994
2025-11-12 12:30:30,7.7092,140.7009,0.9995
2025-11-12 12:30:31,7.7175,165.4448,0.9995
2025-11-12 12:30:31,7.7193,157.9525,0.9995
2025-11-12 12:30:31,7.7188,167.3238,0.9995
2025-11-12 12:30:31,7.7181,157.4187,0.9995
2025-11-12 12:30:31,7.7162,140.6386,0.9996
2025-11-12 12:30:31,7.7147,144.0217,0.9995
2025-11-12 12:30:31,7.7144,149.6277,0.9995
2025-11-12 12:30:31,7.7165,189.3878,0.9994
2025-11-12 12:30:31,7.7164,188.7461,0.9994
2025-11-12 12:30:31,7.7185,182.8756,0.9994
2025-11-12 12:30:31,7.7188,176.5431,0.9994
2025-11-12 12:30:31,7.7174,151.4108,0.9995
2025-11-12 12:30:32,7.7144,142.7859,0.9995
2025-11-12 12:30:32,7.7142,142.4956,0.9995
2025-11-12 12:30:32,7.7143,140.5369,0.9996
2025-11-12 12:30:32,7.7163,181.1914,0.9994
2025-11-12 12:30:32,7.7217,203.2513,0.9994
2025-11-12 12:30:32,7.7210,206.4491,0.9994
2025-11-12 12:30:32,7.7218,187.0462,0.9994
2025-11-12 12:30:32,7.7213,177.1726,0.9994
2025-11-12 12:30:32,7.7201,166.7429,0.9995
2025-11-12 12:30:32,7.7189,173.2147,0.9995
2025-11-12 12:30:33,7.7183,184.0795,0.9994
2025-11-12 12:30:33,7.7199,219.1388,0.9993
2025-11-12 12:30:33,7.7205,223.5023,0.9993
2025-11-12 12:30:33,7.7214,217.3212,0.9993
2025-11-12 12:30:33,7.7213,219.5832,0.9993
2025-11-12 12:30:33,7.7186,166.7773,0.9995
2025-11-12 12:30:33,7.7183,163.5192,0.9995
2025-11-12 12:30:33,7.7180,164.6794,0.9995
2025-11-12 12:30:33,7.7177,170.4000,0.9995
2025-11-12 12:30:33,7.7204,224.6634,0.9993
2025-11-12 12:30:33,7.7209,228.3666,0.9993
2025-11-12 12:30:33,7.7224,220.9948,0.9993
2025-11-12 12:30:34,7.7224,220.9948,0.9993
2025-11-12 12:30:34,7.7211,194.9435,0.9994
2025-11-12 12:30:34,7.7210,193.5594,0.9994
2025-11-12 12:30:34,7.7196,198.5179,0.9994
2025-11-12 12:30:34,7.7199,192.4719,0.9994
2025-11-12 12:30:34,7.7196,186.0836,0.9994
2025-11-12 12:30:34,7.7189,181.0667,0.9994
2025-11-12 12:30:34,7.7170,193.0245,0.9994
2025-11-12 12:30:34,7.7173,187.3761,0.9994
2025-11-12 12:30:34,7.7182,206.2210,0.9993
2025-11-12 12:30:34,7.7189,212.5518,0.9993
2025-11-12 12:30:35,7.7223,192.0183,0.9994
2025-11-12 12:30:35,7.7220,198.5324,0.9994
2025-11-12 12:30:35,7.7226,211.1518,0.9993
2025-11-12 12:30:35,7.7186,198.0191,0.9994
2025-11-12 12:30:35,7.7171,201.4552,0.9994
2025-11-12 12:30:35,7.7172,199.0127,0.9994
2025-11-12 12:30:35,7.7151,151.3698,0.9995
2025-11-12 12:30:35,7.7145,150.6126,0.9995
2025-11-12 12:30:35,7.7163,150.0958,0.9995
2025-11-12 12:30:36,7.7159,157.8718,0.9995
2025-11-12 12:30:36,7.7174,190.3035,0.9994
2025-11-12 12:30:36,7.7202,194.4731,0.9994
2025-11-12 12:30:36,7.7184,199.4372,0.9994
2025-11-12 12:30:36,7.7194,179.5313,0.9994
2025-11-12 12:30:36,7.7167,128.0398,0.9996
2025-11-12 12:30:36,7.7156,122.0474,0.9996
2025-11-12 12:30:36,7.7149,124.3138,0.9996
2025-11-12 12:30:36,7.7138,143.4894,0.9995
2025-11-12 12:30:36,7.7163,194.1560,0.9994
2025-11-12 12:30:36,7.7156,192.0508,0.9994
2025-11-12 12:30:37,7.7165,188.8154,0.9994
2025-11-12 12:30:37,7.7179,162.7309,0.9995
2025-11-12 12:30:37,7.7138,90.8546,0.9997
2025-11-12 12:30:37,7.7039,143.3623,0.9995
2025-11-12 12:30:37,7.7036,141.8587,0.9995
2025-11-12 12:30:37,7.7033,145.0239,0.9995
2025-11-12 12:30:37,7.7021,122.6365,0.9996
2025-11-12 12:30:37,7.7079,76.5907,0.9998
2025-11-12 12:30:37,7.7079,76.5484,0.9998
2025-11-12 12:30:38,7.7073,85.1627,0.9997
2025-11-12 12:30:38,7.7035,44.0592,0.9999
2025-11-12 12:30:38,7.7068,54.5571,0.9998
2025-11-12 12:30:38,7.7065,53.7053,0.9998
2025-11-12 12:30:38,7.7063,55.8849,0.9998
2025-11-12 12:30:38,7.6990,64.5965,0.9998
2025-11-12 12:30:38,7.7014,97.4420,0.9997
2025-11-12 12:30:38,7.7014,97.3754,0.9997
2025-11-12 12:30:38,7.7011,100.6612,0.9997
2025-11-12 12:30:39,7.7026,88.9969,0.9997
2025-11-12 12:30:39,7.7018,77.8244,0.9997
2025-11-12 12:30:39,7.7025,81.2093,0.9997
2025-11-12 12:30:39,7.7027,79.0352,0.9997
2025-11-12 12:30:39,7.7098,79.7365,0.9997
2025-11-12 12:30:39,7.7125,109.8163,0.9996
2025-11-12 12:30:39,7.7124,109.8830,0.9996
2025-11-12 12:30:39,7.7124,109.8830,0.9996
2025-11-12 12:30:39,7.7126,111.0480,0.9996
2025-11-12 12:30:39,7.7124,108.7172,0.9997
2025-11-12 12:30:39,7.7127,108.6080,0.9997
2025-11-12 12:30:39,7.7140,87.7263,0.9997
2025-11-12 12:30:39,7.7106,82.4088,0.9997
2025-11-12 12:30:40,7.7095,67.3273,0.9998
2025-11-12 12:30:40,7.7095,67.3139,0.9998
2025-11-12 12:30:40,7.7093,69.9884,0.9998
2025-11-12 12:30:40,7.7113,72.2486,0.9998
2025-11-12 12:30:40,7.7113,72.6639,0.9998
2025-11-12 12:30:40,7.7108,72.4667,0.9998
2025-11-12 12:30:40,7.7101,82.3038,0.9997
2025-11-12 12:30:40,7.7046,90.3726,0.9997
2025-11-12 12:30:40,7.7056,107.5801,0.9997
2025-11-12 12:30:40,7.7078,118.7453,0.9996
2025-11-12 12:30:40,7.7077,120.1664,0.9996
2025-11-12 12:30:41,7.7227,207.1281,0.9994
2025-11-12 12:30:41,7.7202,196.4843,0.9994
2025-11-12 12:30:41,7.7192,198.1640,0.9994
2025-11-12 12:30:41,7.7185,213.7975,0.9993
2025-11-12 12:30:41,7.7156,153.8650,0.9995
2025-11-12 12:30:41,7.7145,149.7759,0.9995
2025-11-12 12:30:41,7.7139,149.8194,0.9995
2025-11-12 12:30:41,7.7141,145.7577,0.9995
2025-11-12 12:30:41,7.7203,300.8662,0.9991
2025-11-12 12:30:41,7.7226,302.8383,0.9991
2025-11-12 12:30:41,7.7226,303.0257,0.9991
2025-11-12 12:30:41,7.7228,297.4173,0.9991
2025-11-12 12:30:41,7.7224,284.8116,0.9991
2025-11-12 12:30:42,7.7126,342.4195,0.9989
2025-11-12 12:30:42,7.7110,344.8044,0.9989
2025-11-12 12:30:42,7.7116,335.4601,0.9989
2025-11-12 12:30:42,7.7120,350.5422,0.9989
2025-11-12 12:30:42,7.7145,320.1689,0.9990
2025-11-12 12:30:42,7.7157,315.3413,0.9990
2025-11-12 12:30:42,7.7155,318.8340,0.9990
2025-11-12 12:30:42,7.7160,336.0473,0.9989
2025-11-12 12:30:42,7.7048,563.4430,0.9982
2025-11-12 12:30:43,7.7036,560.3807,0.9982
2025-11-12 12:30:43,7.7057,538.6237,0.9983
2025-11-12 12:30:43,7.7046,489.7329,0.9984
2025-11-12 12:30:43,7.7162,260.6079,0.9992
2025-11-12 12:30:43,7.7171,255.6581,0.9992
2025-11-12 12:30:43,7.7140,309.7531,0.9990
2025-11-12 12:30:43,7.7124,257.7380,0.9992
2025-11-12 12:30:43,7.7186,246.6445,0.9992
2025-11-12 12:30:43,7.7209,239.2434,0.9992
2025-11-12 12:30:44,7.7211,234.3345,0.9993
2025-11-12 12:30:44,7.7215,243.3209,0.9992
2025-11-12 12:30:44,7.7229,248.5116,0.9992
2025-11-12 12:30:44,7.7212,255.4158,0.9992
2025-11-12 12:30:44,7.7206,268.3094,0.9992
2025-11-12 12:30:44,7.7198,246.7098,0.9992
2025-11-12 12:30:44,7.7211,257.7043,0.9992
2025-11-12 12:30:44,7.7227,251.1217,0.9992
2025-11-12 12:30:44,7.7241,215.0965,0.9993
2025-11-12 12:30:44,7.7257,250.8870,0.9992
2025-11-12 12:30:45,7.7215,240.1109,0.9992
2025-11-12 12:30:45,7.7209,241.6628,0.9992
2025-11-12 12:30:45,7.7204,251.5297,0.9992
2025-11-12 12:30:45,7.7208,261.0061,0.9992
2025-11-12 12:30:45,7.7241,268.4246,0.9992
2025-11-12 12:30:45,7.7224,279.5579,0.9991
2025-11-12 12:30:45,7.7226,275.7750,0.9991
2025-11-12 12:30:45,7.7223,268.5676,0.9992
2025-11-12 12:30:46,7.7212,262.3706,0.9992
2025-11-12 12:30:46,7.7213,261.8659,0.9992
2025-11-12 12:30:46,7.7213,261.8659,0.9992
2025-11-12 12:30:46,7.7214,265.8654,0.9992
2025-11-12 12:30:46,7.7216,266.9335,0.9992
2025-11-12 12:30:46,7.7240,254.5171,0.9992
2025-11-12 12:30:46,7.7240,254.5171,0.9992
2025-11-12 12:30:46,7.7245,270.0598,0.9992
2025-11-12 12:30:46,7.7250,271.5341,0.9992
2025-11-12 12:30:46,7.7247,272.9236,0.9991
2025-11-12 12:30:47,7.7256,249.9113,0.9992
2025-11-12 12:30:47,7.7238,205.4507,0.9994
2025-11-12 12:30:47,7.7221,200.4624,0.9994
2025-11-12 12:30:47,7.7221,200.4448,0.9994
2025-11-12 12:30:47,7.7218,207.2347,0.9993
2025-11-12 12:30:47,7.7221,214.3762,0.9993
2025-11-12 12:30:47,7.7239,220.0344,0.9993
2025-11-12 12:30:47,7.7239,220.4024,0.9993
2025-11-12 12:30:47,7.7231,239.1665,0.9993
2025-11-12 12:30:47,7.7220,215.6556,0.9993
2025-11-12 12:30:47,7.7215,212.7589,0.9993
2025-11-12 12:30:48,7.7193,223.1923,0.9993
2025-11-12 12:30:48,7.7198,213.6430,0.9993
2025-11-12 12:30:48,7.7218,266.0699,0.9992
2025-11-12 12:30:48,7.7207,262.0662,0.9992
2025-11-12 12:30:48,7.7212,258.6515,0.9992
2025-11-12 12:30:48,7.7210,262.7552,0.9992
2025-11-12 12:30:48,7.7214,273.8778,0.9991
2025-11-12 12:30:48,7.7232,281.3942,0.9991
2025-11-12 12:30:48,7.7236,278.3005,0.9991
2025-11-12 12:30:48,7.7202,371.0451,0.9988
2025-11-12 12:30:49,7.7203,376.4213,0.9988
2025-11-12 12:30:49,7.7204,377.1345,0.9988
2025-11-12 12:30:49,7.7205,376.9607,0.9988
2025-11-12 12:30:49,7.7245,270.7896,0.9992
2025-11-12 12:30:49,7.7241,260.5532,0.9992
2025-11-12 12:30:49,7.7218,252.8888,0.9992
2025-11-12 12:30:49,7.7217,253.5938,0.9992
2025-11-12 12:30:49,7.7211,267.7024,0.9992
2025-11-12 12:30:50,7.7222,301.4714,0.9991
2025-11-12 12:30:50,7.7241,306.7794,0.9990
2025-11-12 12:30:50,7.7239,308.1813,0.9990
2025-11-12 12:30:50,7.7238,312.1020,0.9990
2025-11-12 12:30:50,7.7214,246.3216,0.9992
2025-11-12 12:30:50,7.7218,249.1483,0.9992
2025-11-12 12:30:50,7.7223,246.2996,0.9992
2025-11-12 12:30:50,7.7234,220.8661,0.9993
2025-11-12 12:30:50,7.7212,173.9180,0.9995
2025-11-12 12:30:51,7.7199,165.3302,0.9995
2025-11-12 12:30:51,7.7195,167.2575,0.9995
2025-11-12 12:30:51,7.7180,196.9516,0.9994
2025-11-12 12:30:51,7.7174,183.0032,0.9994
2025-11-12 12:30:51,7.7178,186.1201,0.9994
2025-11-12 12:30:51,7.7190,182.3868,0.9994
2025-11-12 12:30:51,7.7220,123.6420,0.9996
2025-11-12 12:30:51,7.7175,67.9891,0.9998
2025-11-12 12:30:51,7.7173,66.3665,0.9998
2025-11-12 12:30:52,7.7186,67.1704,0.9998
2025-11-12 12:30:52,7.7157,119.6422,0.9996
2025-11-12 12:30:52,7.7158,120.8611,0.9996
2025-11-12 12:30:52,7.7162,124.3364,0.9996
2025-11-12 12:30:52,7.7152,121.9852,0.9996
2025-11-12 12:30:52,7.7157,112.4716,0.9996
2025-11-12 12:30:52,7.7118,90.3057,0.9997
2025-11-12 12:30:52,7.7062,53.8646,0.9998
2025-11-12 12:30:52,7.7035,41.2786,0.9999
2025-11-12 12:30:52,7.7038,38.0187,0.9999
2025-11-12 12:30:53,7.6980,29.2210,0.9999
2025-11-12 12:30:53,7.7033,88.3467,0.9997
2025-11-12 12:30:53,7.7042,91.0714,0.9997
2025-11-12 12:30:53,7.7033,101.7117,0.9997
2025-11-12 12:30:53,7.7175,191.9378,0.9994
2025-11-12 12:30:53,7.7173,190.5369,0.9994
2025-11-12 12:30:53,7.7173,190.7220,0.9994
2025-11-12 12:30:53,7.7187,162.5706,0.9995
2025-11-12 12:30:53,7.7197,184.3555,0.9994
2025-11-12 12:30:53,7.7199,185.5524,0.9994
2025-11-12 12:30:53,7.7219,177.1579,0.9994
2025-11-12 12:30:54,7.7211,194.6293,0.9994
2025-11-12 12:30:54,7.7198,169.0820,0.9995
2025-11-12 12:30:54,7.7181,161.9751,0.9995
2025-11-12 12:30:54,7.7177,162.1798,0.9995
2025-11-12 12:30:54,7.7173,170.0637,0.9995
2025-11-12 12:30:54,7.7157,141.4075,0.9996
2025-11-12 12:30:54,7.7178,153.7731,0.9995
2025-11-12 12:30:54,7.7157,159.6283,0.9995
2025-11-12 12:30:54,7.7164,146.6511,0.9995
2025-11-12 12:30:54,7.7214,254.3603,0.9992
2025-11-12 12:30:54,7.7212,253.1969,0.9992
2025-11-12 12:30:55,7.7220,246.8487,0.9992
2025-11-12 12:30:55,7.7209,271.8286,0.9991
2025-11-12 12:30:55,7.7208,268.5018,0.9992
2025-11-12 12:30:55,7.7207,267.8917,0.9992
2025-11-12 12:30:55,7.7224,260.4367,0.9992
2025-11-12 12:30:55,7.7230,246.8245,0.9992
2025-11-12 12:30:55,7.7227,238.3066,0.9993
2025-11-12 12:30:55,7.7217,235.4330,0.9993
2025-11-12 12:30:55,7.7207,238.7951,0.9992
2025-11-12 12:30:55,7.7212,227.1924,0.9993
2025-11-12 12:30:55,7.7212,227.8498,0.9993
2025-11-12 12:30:55,7.7183,228.3224,0.9993
2025-11-12 12:30:55,7.7187,227.4550,0.9993
2025-11-12 12:30:56,7.7185,230.8089,0.9993
2025-11-12 12:30:56,7.7194,254.3741,0.9992
2025-11-12 12:30:56,7.7189,256.3728,0.9992
2025-11-12 12:30:56,7.7202,255.2476,0.9992
2025-11-12 12:30:56,7.7203,252.8376,0.9992
2025-11-12 12:30:56,7.7218,295.6708,0.9991
2025-11-12 12:30:56,7.7231,288.8773,0.9991
2025-11-12 12:30:56,7.7222,290.9100,0.9991
2025-11-12 12:30:56,7.7219,296.2668,0.9991
2025-11-12 12:30:56,7.7207,259.6490,0.9992
2025-11-12 12:30:56,7.7178,274.5777,0.9991
2025-11-12 12:30:57,7.7192,276.0700,0.9991
2025-11-12 12:30:57,7.7206,247.9966,0.9992
2025-11-12 12:30:57,7.7221,292.4114,0.9991
2025-11-12 12:30:57,7.7244,273.2481,0.9991
2025-11-12 12:30:57,7.7209,287.3881,0.9991
2025-11-12 12:30:57,7.7195,315.7502,0.9990
2025-11-12 12:30:57,7.7179,264.2390,0.9992
2025-11-12 12:30:57,7.7192,262.9501,0.9992
2025-11-12 12:30:57,7.7193,262.6179,0.9992
2025-11-12 12:30:58,7.7194,260.8041,0.9992
2025-11-12 12:30:58,7.7210,310.3189,0.9990
2025-11-12 12:30:58,7.7222,310.7654,0.9990
2025-11-12 12:30:58,7.7252,295.1204,0.9991
2025-11-12 12:30:58,7.7254,290.1499,0.9991
2025-11-12 12:30:58,7.7241,253.8004,0.9992
2025-11-12 12:30:58,7.7219,257.4310,0.9992
2025-11-12 12:30:58,7.7210,258.7022,0.9992
2025-11-12 12:30:58,7.7207,265.0094,0.9992
2025-11-12 12:30:58,7.7217,296.3306,0.9991
2025-11-12 12:30:58,7.7225,294.1454,0.9991
2025-11-12 12:30:59,7.7222,295.1139,0.9991
2025-11-12 12:30:59,7.7220,299.6159,0.9991
2025-11-12 12:30:59,7.7185,201.6384,0.9994
2025-11-12 12:30:59,7.7176,201.9464,0.9994
2025-11-12 12:30:59,7.7178,201.8359,0.9994
2025-11-12 12:30:59,7.7177,203.5761,0.9994
2025-11-12 12:30:59,7.7181,212.6908,0.9993
2025-11-12 12:30:59,7.7196,212.5689,0.9993
2025-11-12 12:30:59,7.7194,212.7570,0.9993
2025-11-12 12:30:59,7.7200,201.7145,0.9994
2025-11-12 12:30:59,7.7216,244.1856,0.9992
2025-11-12 12:30:59,7.7195,248.2700,0.9992
2025-11-12 12:30:59,7.7201,247.5108,0.9992
2025-11-12 12:31:00,7.7194,263.3867,0.9992
2025-11-12 12:31:00,7.7180,223.4059,0.9993
2025-11-12 12:31:00,7.7210,223.3910,0.9993
2025-11-12 12:31:00,7.7193,228.2519,0.9993
2025-11-12 12:31:00,7.7198,217.4816,0.9993
2025-11-12 12:31:00,7.7209,245.9518,0.9992
2025-11-12 12:31:00,7.7222,251.5794,0.9992
2025-11-12 12:31:00,7.7221,252.4436,0.9992
2025-11-12 12:31:01,7.7240,212.1073,0.9993
2025-11-12 12:31:01,7.7244,222.8285,0.9993
2025-11-12 12:31:01,7.7259,231.4360,0.9993
2025-11-12 12:31:01,7.7261,229.3395,0.9993
2025-11-12 12:31:01,7.7253,247.1364,0.9992
2025-11-12 12:31:01,7.7255,250.3397,0.9992
2025-11-12 12:31:01,7.7248,246.0453,0.9992
2025-11-12 12:31:01,7.7246,248.1012,0.9992
2025-11-12 12:31:02,7.7230,284.5796,0.9991
2025-11-12 12:31:02,7.7242,317.0630,0.9990
2025-11-12 12:31:02,7.7237,314.0809,0.9990
2025-11-12 12:31:02,7.7221,328.2042,0.9990
2025-11-12 12:31:02,7.7229,309.8982,0.9990
2025-11-12 12:31:02,7.7222,290.0561,0.9991
2025-11-12 12:31:02,7.7218,287.6543,0.9991
2025-11-12 12:31:02,7.7231,276.2465,0.9991
2025-11-12 12:31:02,7.7229,280.5674,0.9991
2025-11-12 12:31:03,7.7223,262.6124,0.9992
2025-11-12 12:31:03,7.7236,271.9059,0.9992
2025-11-12 12:31:03,7.7257,258.4737,0.9992
2025-11-12 12:31:03,7.7259,253.8362,0.9992
2025-11-12 12:31:03,7.7249,230.6204,0.9993
2025-11-12 12:31:03,7.7253,233.8998,0.9993
2025-11-12 12:31:03,7.7251,234.8916,0.9993
2025-11-12 12:31:03,7.7248,241.9146,0.9992
2025-11-12 12:31:03,7.7249,244.5188,0.9992
2025-11-12 12:31:03,7.7237,235.8355,0.9993
2025-11-12 12:31:03,7.7224,242.4880,0.9992
2025-11-12 12:31:04,7.7225,239.6418,0.9992
2025-11-12 12:31:04,7.7237,269.9195,0.9992
2025-11-12 12:31:04,7.7213,260.9299,0.9992
2025-11-12 12:31:04,7.7218,258.4974,0.9992
2025-11-12 12:31:04,7.7229,235.2718,0.9993
2025-11-12 12:31:04,7.7216,202.3333,0.9994
2025-11-12 12:31:04,7.7239,210.2392,0.9993
2025-11-12 12:31:04,7.7249,205.2616,0.9994
2025-11-12 12:31:05,7.7234,238.9014,0.9993
2025-11-12 12:31:05,7.7233,236.0968,0.9993
2025-11-12 12:31:05,7.7239,239.8615,0.9993
2025-11-12 12:31:05,7.7229,244.2419,0.9992
2025-11-12 12:31:05,7.7249,198.0924,0.9994
2025-11-12 12:31:05,7.7245,189.1890,0.9994
2025-11-12 12:31:05,7.7243,187.9895,0.9994
2025-11-12 12:31:05,7.7234,194.6339,0.9994
2025-11-12 12:31:05,7.7217,230.6765,0.9993
2025-11-12 12:31:05,7.7221,239.7021,0.9992
2025-11-12 12:31:06,7.7212,233.7954,0.9993
2025-11-12 12:31:06,7.7220,229.3299,0.9993
2025-11-12 12:31:06,7.7219,231.6276,0.9993
2025-11-12 12:31:06,7.7226,249.5563,0.9992
2025-11-12 12:31:06,7.7232,253.0146,0.9992
2025-11-12 12:31:06,7.7243,247.3401,0.9992
2025-11-12 12:31:06,7.7243,247.3401,0.9992
2025-11-12 12:31:06,7.7242,245.0543,0.9992
2025-11-12 12:31:06,7.7251,250.6904,0.9992
2025-11-12 12:31:06,7.7240,256.3895,0.9992
2025-11-12 12:31:07,7.7240,256.3895,0.9992
2025-11-12 12:31:07,7.7241,257.8666,0.9992
2025-11-12 12:31:07,7.7236,254.4045,0.9992
2025-11-12 12:31:07,7.7231,257.7384,0.9992
2025-11-12 12:31:07,7.7209,315.4742,0.9990
2025-11-12 12:31:07,7.7206,306.8487,0.9990
2025-11-12 12:31:07,7.7201,302.5996,0.9990
2025-11-12 12:31:07,7.7217,296.7544,0.9991
2025-11-12 12:31:07,7.7239,237.9710,0.9993
2025-11-12 12:31:08,7.7250,266.1941,0.9992
2025-11-12 12:31:08,7.7258,270.5010,0.9992
2025-11-12 12:31:08,7.7262,268.8281,0.9992
2025-11-12 12:31:08,7.7263,266.2630,0.9992
2025-11-12 12:31:08,7.7264,269.7910,0.9992
2025-11-12 12:31:08,7.7261,267.9878,0.9992
2025-11-12 12:31:08,7.7237,282.7781,0.9991
2025-11-12 12:31:08,7.7230,300.7471,0.9991
2025-11-12 12:31:08,7.7227,291.9851,0.9991
2025-11-12 12:31:08,7.7217,285.4901,0.9991
2025-11-12 12:31:08,7.7219,284.1877,0.9991
2025-11-12 12:31:09,7.7225,269.0599,0.9992
2025-11-12 12:31:09,7.7232,287.1359,0.9991
2025-11-12 12:31:09,7.7241,292.3473,0.9991
2025-11-12 12:31:09,7.7230,302.5286,0.9991
2025-11-12 12:31:09,7.7230,302.5286,0.9991
2025-11-12 12:31:09,7.7229,299.5532,0.9991
2025-11-12 12:31:09,7.7226,297.4994,0.9991
2025-11-12 12:31:09,7.7238,286.6486,0.9991
2025-11-12 12:31:10,7.7232,302.2816,0.9991
2025-11-12 12:31:10,7.7218,265.6482,0.9992
2025-11-12 12:31:10,7.7216,264.2637,0.9992
2025-11-12 12:31:10,7.7198,278.4607,0.9991
2025-11-12 12:31:10,7.7207,257.8616,0.9992
2025-11-12 12:31:10,7.7232,330.7159,0.9990
2025-11-12 12:31:10,7.7229,328.5726,0.9990
2025-11-12 12:31:10,7.7226,331.7922,0.9990
2025-11-12 12:31:10,7.7223,338.3988,0.9989
2025-11-12 12:31:10,7.7208,291.8066,0.9991
2025-11-12 12:31:11,7.7177,281.1934,0.9991
2025-11-12 12:31:11,7.7221,259.8514,0.9992
2025-11-12 12:31:11,7.7222,257.5368,0.9992
2025-11-12 12:31:11,7.7210,225.5985,0.9993
2025-11-12 12:31:11,7.7217,224.9212,0.9993
2025-11-12 12:31:11,7.7203,227.3097,0.9993
2025-11-12 12:31:11,7.7197,241.4840,0.9992
2025-11-12 12:31:11,7.7201,252.6553,0.9992
2025-11-12 12:31:12,7.7174,257.5835,0.9992
2025-11-12 12:31:12,7.7164,259.7333,0.9992
2025-11-12 12:31:12,7.7136,325.6389,0.9990
2025-11-12 12:31:12,7.7141,342.7483,0.9989
2025-11-12 12:31:12,7.7186,350.8660,0.9989
2025-11-12 12:31:12,7.7203,345.7939,0.9989
2025-11-12 12:31:12,7.7237,255.1913,0.9992
2025-11-12 12:31:12,7.7219,211.5802,0.9993
2025-11-12 12:31:12,7.7230,216.9691,0.9993
2025-11-12 12:31:13,7.7218,221.7439,0.9993
2025-11-12 12:31:13,7.7219,218.9486,0.9993
2025-11-12 12:31:13,7.7211,201.3775,0.9994
2025-11-12 12:31:13,7.7188,189.5637,0.9994
2025-11-12 12:31:13,7.7200,187.1172,0.9994
2025-11-12 12:31:13,7.7201,184.7311,0.9994
2025-11-12 12:31:13,7.7185,153.3462,0.9995
2025-11-12 12:31:13,7.7200,160.1459,0.9995
2025-11-12 12:31:13,7.7200,160.1776,0.9995
2025-11-12 12:31:14,7.7207,146.1472,0.9995
2025-11-12 12:31:14,7.7231,193.7576,0.9994
2025-11-12 12:31:14,7.7189,194.1013,0.9994
2025-11-12 12:31:14,7.7187,194.1464,0.9994
2025-11-12 12:31:14,7.7178,212.1483,0.9993
2025-11-12 12:31:14,7.7161,172.2153,0.9995
2025-11-12 12:31:14,7.7179,170.8946,0.9995
2025-11-12 12:31:14,7.7176,170.9541,0.9995
2025-11-12 12:31:14,7.7176,170.9541,0.9995
2025-11-12 12:31:15,7.7159,138.5458,0.9996
2025-11-12 12:31:15,7.7179,146.4843,0.9995
2025-11-12 12:31:15,7.7169,148.0884,0.9995
2025-11-12 12:31:15,7.7170,146.1063,0.9995
2025-11-12 12:31:15,7.7191,186.7530,0.9994
2025-11-12 12:31:15,7.7165,179.9695,0.9994
2025-11-12 12:31:15,7.7159,181.7907,0.9994
2025-11-12 12:31:15,7.7152,196.2026,0.9994
2025-11-12 12:31:15,7.7153,199.8437,0.9994
2025-11-12 12:31:15,7.7192,217.8175,0.9993
2025-11-12 12:31:16,7.7199,214.4745,0.9993
2025-11-12 12:31:16,7.7205,200.1723,0.9994
2025-11-12 12:31:16,7.7179,152.7197,0.9995
2025-11-12 12:31:16,7.7172,146.7567,0.9995
2025-11-12 12:31:16,7.7185,144.9460,0.9995
2025-11-12 12:31:16,7.7185,144.9460,0.9995
2025-11-12 12:31:16,7.7200,170.4275,0.9995
2025-11-12 12:31:16,7.7201,170.6580,0.9995
2025-11-12 12:31:16,7.7193,172.1498,0.9995
2025-11-12 12:31:16,7.7186,185.9699,0.9994
2025-11-12 12:31:16,7.7182,177.3783,0.9994
2025-11-12 12:31:17,7.7173,171.6937,0.9995
2025-11-12 12:31:17,7.7140,186.5030,0.9994
2025-11-12 12:31:17,7.7127,213.0498,0.9993
2025-11-12 12:31:17,7.7126,211.1204,0.9993
2025-11-12 12:31:17,7.7109,198.8498,0.9994
2025-11-12 12:31:17,7.7154,192.5785,0.9994
2025-11-12 12:31:17,7.7173,150.9471,0.9995
2025-11-12 12:31:17,7.7189,182.8870,0.9994
2025-11-12 12:31:17,7.7182,183.2914,0.9994
2025-11-12 12:31:17,7.7168,183.4817,0.9994
2025-11-12 12:31:18,7.7170,178.8834,0.9994
2025-11-12 12:31:18,7.7156,147.0225,0.9995
2025-11-12 12:31:18,7.7174,150.9083,0.9995
2025-11-12 12:31:18,7.7177,150.4776,0.9995
2025-11-12 12:31:18,7.7181,142.5504,0.9995
2025-11-12 12:31:18,7.7180,140.7347,0.9996
2025-11-12 12:31:18,7.7164,137.6139,0.9996
2025-11-12 12:31:18,7.7164,137.6421,0.9996
2025-11-12 12:31:18,7.7158,147.6731,0.9995
2025-11-12 12:31:19,7.7165,160.4685,0.9995
2025-11-12 12:31:19,7.7207,179.5443,0.9994
2025-11-12 12:31:19,7.7201,181.8168,0.9994
2025-11-12 12:31:19,7.7202,177.8359,0.9994
2025-11-12 12:31:19,7.7193,160.7794,0.9995
2025-11-12 12:31:19,7.7190,158.6623,0.9995
2025-11-12 12:31:19,7.7181,162.8316,0.9995
2025-11-12 12:31:19,7.7173,178.7729,0.9994
2025-11-12 12:31:19,7.7176,182.5413,0.9994
2025-11-12 12:31:19,7.7173,180.4682,0.9994
2025-11-12 12:31:20,7.7185,176.0802,0.9994
2025-11-12 12:31:20,7.7192,159.6068,0.9995
2025-11-12 12:31:20,7.7208,188.0451,0.9994
2025-11-12 12:31:20,7.7210,189.9952,0.9994
2025-11-12 12:31:20,7.7223,185.8180,0.9994
2025-11-12 12:31:20,7.7220,192.3403,0.9994
2025-11-12 12:31:21,7.7230,212.2185,0.9993
2025-11-12 12:31:21,7.7223,207.9872,0.9993
2025-11-12 12:31:21,7.7204,215.3460,0.9993
2025-11-12 12:31:21,7.7205,212.6539,0.9993
2025-11-12 12:31:21,7.7165,136.7215,0.9996
2025-11-12 12:31:21,7.7145,122.9635,0.9996
2025-11-12 12:31:21,7.7155,122.0427,0.9996
2025-11-12 12:31:21,7.7156,120.6351,0.9996
2025-11-12 12:31:21,7.7119,78.6232,0.9997
2025-11-12 12:31:21,7.7133,90.1368,0.9997
2025-11-12 12:31:22,7.7141,92.0667,0.9997
2025-11-12 12:31:22,7.7146,84.3957,0.9997
2025-11-12 12:31:22,7.7243,238.3946,0.9993
2025-11-12 12:31:22,7.7250,240.7402,0.9992
2025-11-12 12:31:22,7.7235,248.9465,0.9992
2025-11-12 12:31:22,7.7230,261.3969,0.9992
2025-11-12 12:31:22,7.7226,251.9145,0.9992
2025-11-12 12:31:22,7.7236,257.9275,0.9992
2025-11-12 12:31:22,7.7252,249.3915,0.9992
2025-11-12 12:31:23,7.7251,251.8862,0.9992
2025-11-12 12:31:23,7.7263,283.2355,0.9991
2025-11-12 12:31:23,7.7235,275.3934,0.9991
2025-11-12 12:31:23,7.7230,277.1014,0.9991
2025-11-12 12:31:23,7.7230,277.1014,0.9991
2025-11-12 12:31:23,7.7223,256.9164,0.9992
2025-11-12 12:31:23,7.7228,257.7313,0.9992
2025-11-12 12:31:23,7.7228,257.8712,0.9992
2025-11-12 12:31:23,7.7228,257.8712,0.9992
2025-11-12 12:31:23,7.7235,277.7798,0.9991
2025-11-12 12:31:23,7.7224,277.2261,0.9991
2025-11-12 12:31:24,7.7206,287.1924,0.9991
2025-11-12 12:31:24,7.7194,314.1061,0.9990
2025-11-12 12:31:24,7.7198,328.0931,0.9990
2025-11-12 12:31:24,7.7199,328.1009,0.9990
2025-11-12 12:31:24,7.7216,319.3280,0.9990
2025-11-12 12:31:24,7.7230,284.1897,0.9991
2025-11-12 12:31:24,7.7218,248.8415,0.9992
2025-11-12 12:31:24,7.7247,256.9053,0.9992
2025-11-12 12:31:24,7.7252,254.6279,0.9992
2025-11-12 12:31:24,7.7249,261.6743,0.9992
2025-11-12 12:31:24,7.7254,272.9226,0.9992
2025-11-12 12:31:25,7.7265,280.0767,0.9991
2025-11-12 12:31:25,7.7255,285.8890,0.9991
2025-11-12 12:31:25,7.7255,285.8890,0.9991
2025-11-12 12:31:25,7.7257,290.8816,0.9991
2025-11-12 12:31:25,7.7246,283.4876,0.9991
2025-11-12 12:31:25,7.7256,278.0095,0.9991
2025-11-12 12:31:25,7.7258,274.9167,0.9991
2025-11-12 12:31:25,7.7259,279.3932,0.9991
2025-11-12 12:31:25,7.7265,282.8545,0.9991
2025-11-12 12:31:25,7.7253,291.0974,0.9991
2025-11-12 12:31:26,7.7251,294.1547,0.9991
2025-11-12 12:31:26,7.7234,248.1843,0.9992
2025-11-12 12:31:26,7.7226,242.6646,0.9992
2025-11-12 12:31:26,7.7232,239.7800,0.9993
2025-11-12 12:31:26,7.7234,234.2608,0.9993
2025-11-12 12:31:26,7.7247,268.4677,0.9992
2025-11-12 12:31:26,7.7243,266.4393,0.9992
2025-11-12 12:31:26,7.7251,262.6583,0.9992
2025-11-12 12:31:26,7.7250,265.3935,0.9992
2025-11-12 12:31:26,7.7233,222.8841,0.9993
2025-11-12 12:31:27,7.7224,219.0165,0.9993
2025-11-12 12:31:27,7.7198,232.0110,0.9993
2025-11-12 12:31:27,7.7199,229.6315,0.9993
2025-11-12 12:31:27,7.7178,180.9088,0.9994
2025-11-12 12:31:27,7.7141,169.3123,0.9995
2025-11-12 12:31:27,7.7162,165.5258,0.9995
2025-11-12 12:31:27,7.7161,167.6437,0.9995
2025-11-12 12:31:27,7.7134,116.1777,0.9996
2025-11-12 12:31:27,7.7110,121.1841,0.9996
2025-11-12 12:31:27,7.7071,122.1814,0.9996
2025-11-12 12:31:28,7.7070,123.8654,0.9996
2025-11-12 12:31:28,7.7096,184.6245,0.9994
2025-11-12 12:31:28,7.7136,185.7373,0.9994
2025-11-12 12:31:28,7.7165,170.3370,0.9995
2025-11-12 12:31:28,7.7160,180.4848,0.9994
2025-11-12 12:31:28,7.7157,172.6176,0.9995
2025-11-12 12:31:28,7.7154,171.9125,0.9995
2025-11-12 12:31:28,7.7164,170.9039,0.9995
2025-11-12 12:31:28,7.7159,180.4382,0.9994
2025-11-12 12:31:28,7.7146,154.3952,0.9995
2025-11-12 12:31:28,7.7183,178.4924,0.9994
2025-11-12 12:31:29,7.7162,185.6339,0.9994
2025-11-12 12:31:29,7.7171,165.7012,0.9995
2025-11-12 12:31:29,7.7187,194.9183,0.9994
2025-11-12 12:31:29,7.7171,181.1660,0.9994
2025-11-12 12:31:29,7.7193,172.6751,0.9995
2025-11-12 12:31:29,7.7181,198.5704,0.9994
2025-11-12 12:31:29,7.7184,203.8129,0.9994
2025-11-12 12:31:29,7.7197,213.1465,0.9993
2025-11-12 12:31:29,7.7204,212.2145,0.9993
2025-11-12 12:31:30,7.7219,178.2653,0.9994
2025-11-12 12:31:30,7.7218,176.9805,0.9994
2025-11-12 12:31:30,7.7187,164.6874,0.9995
2025-11-12 12:31:30,7.7164,168.9546,0.9995
2025-11-12 12:31:30,7.7162,172.4961,0.9995
2025-11-12 12:31:30,7.7176,204.6489,0.9994
2025-11-12 12:31:30,7.7205,217.9360,0.9993
2025-11-12 12:31:30,7.7228,207.6289,0.9993
2025-11-12 12:31:30,7.7230,203.3351,0.9994
2025-11-12 12:31:30,7.7224,190.9753,0.9994
2025-11-12 12:31:30,7.7227,193.0666,0.9994
2025-11-12 12:31:30,7.7212,198.3529,0.9994
2025-11-12 12:31:31,7.7210,204.6886,0.9994
2025-11-12 12:31:31,7.7183,156.8701,0.9995
2025-11-12 12:31:31,7.7183,156.5140,0.9995
2025-11-12 12:31:31,7.7166,164.6364,0.9995
2025-11-12 12:31:31,7.7164,168.4554,0.9995
2025-11-12 12:31:31,7.7177,192.4738,0.9994
2025-11-12 12:31:31,7.7120,167.3209,0.9995
2025-11-12 12:31:31,7.7155,166.4426,0.9995
2025-11-12 12:31:31,7.7173,133.6495,0.9996
2025-11-12 12:31:32,7.7171,129.1303,0.9996
2025-11-12 12:31:32,7.7160,134.8706,0.9996
2025-11-12 12:31:32,7.7150,133.0711,0.9996
2025-11-12 12:31:32,7.7133,159.7979,0.9995
2025-11-12 12:31:32,7.7125,142.3782,0.9995
2025-11-12 12:31:32,7.7150,138.1834,0.9996
2025-11-12 12:31:32,7.7155,138.7608,0.9996
2025-11-12 12:31:32,7.7155,138.7608,0.9996
2025-11-12 12:31:32,7.7175,178.7472,0.9994
2025-11-12 12:31:33,7.7157,183.0579,0.9994
2025-11-12 12:31:33,7.7149,182.4883,0.9994
2025-11-12 12:31:33,7.7149,182.4883,0.9994
2025-11-12 12:31:33,7.7132,146.4993,0.9995
2025-11-12 12:31:33,7.7147,144.8140,0.9995
2025-11-12 12:31:33,7.7149,144.8475,0.9995
2025-11-12 12:31:33,7.7149,144.8475,0.9995
2025-11-12 12:31:33,7.7162,171.9552,0.9995
2025-11-12 12:31:33,7.7182,174.2260,0.9994
2025-11-12 12:31:33,7.7165,179.8583,0.9994
2025-11-12 12:31:34,7.7154,203.9110,0.9994
2025-11-12 12:31:34,7.7145,185.5123,0.9994
2025-11-12 12:31:34,7.7153,190.3709,0.9994
2025-11-12 12:31:34,7.7172,185.8200,0.9994
2025-11-12 12:31:34,7.7199,130.7383,0.9996
2025-11-12 12:31:34,7.7219,169.8831,0.9995
2025-11-12 12:31:34,7.7239,178.9175,0.9994
2025-11-12 12:31:34,7.7240,178.2241,0.9994
2025-11-12 12:31:34,7.7225,211.8529,0.9993
2025-11-12 12:31:34,7.7231,224.5962,0.9993
2025-11-12 12:31:35,7.7216,216.4800,0.9993
2025-11-12 12:31:35,7.7219,215.7151,0.9993
2025-11-12 12:31:35,7.7213,229.4440,0.9993
2025-11-12 12:31:35,7.7216,235.4853,0.9993
2025-11-12 12:31:35,7.7229,242.7131,0.9992
2025-11-12 12:31:35,7.7186,273.0133,0.9991
2025-11-12 12:31:35,7.7194,255.2677,0.9992
2025-11-12 12:31:35,7.7187,237.6504,0.9993
2025-11-12 12:31:35,7.7172,225.5764,0.9993
2025-11-12 12:31:35,7.7223,198.1641,0.9994
2025-11-12 12:31:35,7.7221,201.2087,0.9994
2025-11-12 12:31:35,7.7196,152.5496,0.9995
2025-11-12 12:31:36,7.7197,153.1592,0.9995
2025-11-12 12:31:36,7.7178,154.7245,0.9995
2025-11-12 12:31:36,7.7180,151.0010,0.9995
2025-11-12 12:31:36,7.7234,277.2603,0.9991
2025-11-12 12:31:36,7.7223,275.4023,0.9991
2025-11-12 12:31:36,7.7216,279.4675,0.9991
2025-11-12 12:31:36,7.7208,298.7658,0.9991
2025-11-12 12:31:36,7.7208,300.0425,0.9991
2025-11-12 12:31:36,7.7226,305.7664,0.9990
2025-11-12 12:31:36,7.7243,295.9823,0.9991
2025-11-12 12:31:37,7.7249,281.9267,0.9991
2025-11-12 12:31:37,7.7246,275.4193,0.9991
2025-11-12 12:31:37,7.7243,274.3340,0.9991
2025-11-12 12:31:37,7.7224,285.9783,0.9991
2025-11-12 12:31:37,7.7216,306.1001,0.9990
2025-11-12 12:31:37,7.7223,328.2118,0.9990
2025-11-12 12:31:37,7.7178,328.2681,0.9990
2025-11-12 12:31:37,7.7170,332.4150,0.9989
2025-11-12 12:31:37,7.7179,314.5722,0.9990
2025-11-12 12:31:37,7.7154,237.2523,0.9992
2025-11-12 12:31:37,7.7199,244.0528,0.9992
2025-11-12 12:31:38,7.7227,228.6796,0.9993
2025-11-12 12:31:38,7.7246,187.6512,0.9994
2025-11-12 12:31:38,7.7256,211.9595,0.9993
2025-11-12 12:31:38,7.7240,210.9532,0.9993
2025-11-12 12:31:38,7.7238,211.4105,0.9993
2025-11-12 12:31:38,7.7217,259.2349,0.9992
2025-11-12 12:31:38,7.7194,203.1137,0.9994
2025-11-12 12:31:38,7.7192,202.7764,0.9994
2025-11-12 12:31:38,7.7175,207.1586,0.9993
2025-11-12 12:31:38,7.7178,200.3794,0.9994
2025-11-12 12:31:38,7.7198,251.4205,0.9992
2025-11-12 12:31:39,7.7224,260.9634,0.9992
2025-11-12 12:31:39,7.7242,250.8516,0.9992
2025-11-12 12:31:39,7.7244,245.1833,0.9992
2025-11-12 12:31:39,7.7190,139.8118,0.9996
2025-11-12 12:31:39,7.7155,122.1040,0.9996
2025-11-12 12:31:39,7.7144,121.3994,0.9996
2025-11-12 12:31:39,7.7159,95.6785,0.9997
2025-11-12 12:31:39,7.7172,117.4832,0.9996
2025-11-12 12:31:39,7.7185,120.2599,0.9996
2025-11-12 12:31:40,7.7189,119.1482,0.9996
2025-11-12 12:31:40,7.7173,149.9935,0.9995
2025-11-12 12:31:40,7.7186,175.4882,0.9994
2025-11-12 12:31:40,7.7156,174.0920,0.9994
2025-11-12 12:31:40,7.7146,175.3757,0.9994
2025-11-12 12:31:40,7.7147,173.3550,0.9994
2025-11-12 12:31:40,7.7140,155.7621,0.9995
2025-11-12 12:31:40,7.7180,166.2703,0.9995
2025-11-12 12:31:40,7.7173,169.5885,0.9995
2025-11-12 12:31:40,7.7169,179.4047,0.9994
2025-11-12 12:31:40,7.7179,201.9229,0.9994
2025-11-12 12:31:41,7.7161,193.1790,0.9994
2025-11-12 12:31:41,7.7165,191.4089,0.9994
2025-11-12 12:31:41,7.7159,203.6669,0.9994
2025-11-12 12:31:41,7.7146,175.9066,0.9994
2025-11-12 12:31:41,7.7179,199.3596,0.9994
2025-11-12 12:31:41,7.7155,217.3342,0.9993
2025-11-12 12:31:41,7.7166,194.6327,0.9994
2025-11-12 12:31:41,7.7171,204.2994,0.9994
2025-11-12 12:31:41,7.7138,179.2191,0.9994
2025-11-12 12:31:42,7.7164,163.5958,0.9995
2025-11-12 12:31:42,7.7175,142.4262,0.9995
2025-11-12 12:31:42,7.7198,193.6931,0.9994
2025-11-12 12:31:42,7.7215,197.7818,0.9994
2025-11-12 12:31:42,7.7223,192.9873,0.9994
2025-11-12 12:31:42,7.7202,237.3062,0.9993
2025-11-12 12:31:42,7.7189,205.3800,0.9994
2025-11-12 12:31:42,7.7173,198.7190,0.9994
2025-11-12 12:31:42,7.7192,197.3601,0.9994
2025-11-12 12:31:43,7.7188,206.7582,0.9993
2025-11-12 12:31:43,7.7196,226.3547,0.9993
2025-11-12 12:31:43,7.7228,239.4107,0.9993
2025-11-12 12:31:43,7.7175,272.1258,0.9991
2025-11-12 12:31:43,7.7187,244.6015,0.9992
2025-11-12 12:31:43,7.7170,205.6761,0.9993
2025-11-12 12:31:43,7.7139,181.2612,0.9994
2025-11-12 12:31:43,7.7165,164.6958,0.9995
2025-11-12 12:31:43,7.7163,168.2545,0.9995
2025-11-12 12:31:43,7.7172,188.2118,0.9994
2025-11-12 12:31:44,7.7209,211.2421,0.9993
2025-11-12 12:31:44,7.7219,205.3540,0.9994
2025-11-12 12:31:44,7.7237,167.7402,0.9995
2025-11-12 12:31:44,7.7229,153.3357,0.9995
2025-11-12 12:31:44,7.7210,140.4810,0.9996
2025-11-12 12:31:44,7.7213,139.2225,0.9996
2025-11-12 12:31:44,7.7194,176.3700,0.9994
2025-11-12 12:31:44,7.7198,184.2094,0.9994
2025-11-12 12:31:44,7.7217,198.3704,0.9994
2025-11-12 12:31:44,7.7210,201.4196,0.9994
2025-11-12 12:31:44,7.7210,201.4196,0.9994
2025-11-12 12:31:44,7.7200,182.4278,0.9994
2025-11-12 12:31:45,7.7192,174.3470,0.9995
2025-11-12 12:31:45,7.7161,194.8663,0.9994
2025-11-12 12:31:45,7.7160,198.0080,0.9994
2025-11-12 12:31:45,7.7168,215.2663,0.9993
2025-11-12 12:31:45,7.7167,214.3496,0.9993
2025-11-12 12:31:45,7.7200,191.6860,0.9994
2025-11-12 12:31:45,7.7204,181.9640,0.9994
2025-11-12 12:31:45,7.7204,181.9640,0.9994
2025-11-12 12:31:45,7.7202,180.0296,0.9994
2025-11-12 12:31:46,7.7171,200.9747,0.9994
2025-11-12 12:31:46,7.7168,206.5940,0.9993
2025-11-12 12:31:46,7.7167,204.3454,0.9994
2025-11-12 12:31:46,7.7170,206.8381,0.9993
2025-11-12 12:31:46,7.7213,182.6337,0.9994
2025-11-12 12:31:46,7.7213,182.6337,0.9994
2025-11-12 12:31:46,7.7213,182.4355,0.9994
2025-11-12 12:31:46,7.7213,182.4355,0.9994
2025-11-12 12:31:46,7.7183,195.8646,0.9994
2025-11-12 12:31:46,7.7183,195.8646,0.9994
2025-11-12 12:31:46,7.7188,208.0040,0.9993
2025-11-12 12:31:47,7.7169,194.5021,0.9994
2025-11-12 12:31:47,7.7195,184.0869,0.9994
2025-11-12 12:31:47,7.7195,184.0869,0.9994
2025-11-12 12:31:47,7.7195,184.0869,0.9994
2025-11-12 12:31:47,7.7211,191.6209,0.9994
2025-11-12 12:31:47,7.7192,199.5502,0.9994
2025-11-12 12:31:47,7.7141,329.8762,0.9990
2025-11-12 12:31:47,7.7152,356.4989,0.9989
2025-11-12 12:31:47,7.7137,343.9767,0.9989
2025-11-12 12:31:47,7.7158,342.5049,0.9989
2025-11-12 12:31:48,7.7209,204.9005,0.9994
2025-11-12 12:31:48,7.7200,183.7088,0.9994
2025-11-12 12:31:48,7.7204,185.3120,0.9994
2025-11-12 12:31:48,7.7185,191.9802,0.9994
2025-11-12 12:31:48,7.7184,194.0588,0.9994
2025-11-12 12:31:48,7.7185,196.1484,0.9994
2025-11-12 12:31:48,7.7198,204.7420,0.9994
2025-11-12 12:31:48,7.7186,212.9006,0.9993
2025-11-12 12:31:48,7.7189,206.9716,0.9993
2025-11-12 12:31:48,7.7179,186.3349,0.9994
2025-11-12 12:31:48,7.7185,192.2593,0.9994
2025-11-12 12:31:48,7.7217,175.9107,0.9994
2025-11-12 12:31:48,7.7229,150.8701,0.9995
2025-11-12 12:31:49,7.7224,143.5743,0.9996
2025-11-12 12:31:49,7.7192,128.5328,0.9996
2025-11-12 12:31:49,7.7189,128.8414,0.9996
2025-11-12 12:31:49,7.7175,154.6620,0.9995
2025-11-12 12:31:49,7.7076,64.1140,0.9998
2025-11-12 12:31:49,7.7069,58.1500,0.9998
2025-11-12 12:31:49,7.7062,54.5039,0.9998
2025-11-12 12:31:49,7.7064,52.7682,0.9998
2025-11-12 12:31:49,7.7120,84.7136,0.9997
2025-11-12 12:31:49,7.7156,113.2909,0.9996
2025-11-12 12:31:50,7.7168,113.6354,0.9996
2025-11-12 12:31:50,7.7167,115.7884,0.9996
2025-11-12 12:31:50,7.7135,99.6651,0.9997
2025-11-12 12:31:50,7.7101,67.3118,0.9998
2025-11-12 12:31:50,7.7094,64.2227,0.9998
2025-11-12 12:31:50,7.7091,69.6591,0.9998
2025-11-12 12:31:50,7.7056,64.8574,0.9998
2025-11-12 12:31:50,7.7085,100.5140,0.9997
2025-11-12 12:31:50,7.7091,103.5393,0.9997
2025-11-12 12:31:51,7.7093,99.9454,0.9997
2025-11-12 12:31:51,7.7212,183.7772,0.9994
2025-11-12 12:31:51,7.7206,179.9855,0.9994
2025-11-12 12:31:51,7.7190,184.3229,0.9994
2025-11-12 12:31:51,7.7212,141.2426,0.9996
2025-11-12 12:31:51,7.7219,154.6055,0.9995
2025-11-12 12:31:51,7.7193,148.9504,0.9995
2025-11-12 12:31:51,7.7163,169.8069,0.9995
2025-11-12 12:31:51,7.7141,206.2299,0.9993
2025-11-12 12:31:51,7.7130,181.1634,0.9994
2025-11-12 12:31:52,7.7142,186.3417,0.9994
2025-11-12 12:31:52,7.7182,167.1367,0.9995
2025-11-12 12:31:52,7.7193,146.0933,0.9995
2025-11-12 12:31:52,7.7211,185.4653,0.9994
2025-11-12 12:31:52,7.7239,196.2430,0.9994
2025-11-12 12:31:52,7.7232,200.0557,0.9994
2025-11-12 12:31:52,7.7221,223.6786,0.9993
2025-11-12 12:31:52,7.7215,211.1118,0.9993
2025-11-12 12:31:52,7.7206,204.1023,0.9994
2025-11-12 12:31:53,7.7163,239.1145,0.9992
2025-11-12 12:31:53,7.7163,239.1145,0.9992
2025-11-12 12:31:53,7.7156,222.5324,0.9993
2025-11-12 12:31:53,7.7163,229.2136,0.9993
2025-11-12 12:31:53,7.7227,189.4942,0.9994
2025-11-12 12:31:53,7.7227,189.4942,0.9994
2025-11-12 12:31:53,7.7233,200.6968,0.9994
2025-11-12 12:31:53,7.7231,199.4845,0.9994
2025-11-12 12:31:53,7.7198,210.8999,0.9993
2025-11-12 12:31:53,7.7210,186.5649,0.9994
2025-11-12 12:31:54,7.7208,182.9429,0.9994
2025-11-12 12:31:54,7.7175,169.5963,0.9995
2025-11-12 12:31:54,7.7177,168.5518,0.9995
2025-11-12 12:31:54,7.7176,170.5430,0.9995
2025-11-12 12:31:54,7.7176,169.8250,0.9995
2025-11-12 12:31:54,7.7199,176.9729,0.9994
2025-11-12 12:31:54,7.7179,192.7010,0.9994
2025-11-12 12:31:54,7.7164,222.8045,0.9993
2025-11-12 12:31:54,7.7203,332.5080,0.9990
2025-11-12 12:31:55,7.7216,340.7863,0.9989
2025-11-12 12:31:55,7.7257,306.7016,0.9990
2025-11-12 12:31:55,7.7264,286.7385,0.9991
2025-11-12 12:31:55,7.7257,265.8186,0.9992
2025-11-12 12:31:55,7.7243,260.7592,0.9992
2025-11-12 12:31:55,7.7238,262.7199,0.9992
2025-11-12 12:31:55,7.7235,269.5242,0.9992
2025-11-12 12:31:55,7.7228,250.6908,0.9992
2025-11-12 12:31:55,7.7244,258.3792,0.9992
2025-11-12 12:31:55,7.7231,266.8609,0.9992
2025-11-12 12:31:55,7.7231,266.8609,0.9992
2025-11-12 12:31:56,7.7219,237.6592,0.9993
2025-11-12 12:31:56,7.7217,235.7934,0.9993
2025-11-12 12:31:56,7.7206,244.0673,0.9992
2025-11-12 12:31:56,7.7207,241.8464,0.9992
2025-11-12 12:31:56,7.7229,301.3635,0.9991
2025-11-12 12:31:56,7.7219,295.6714,0.9991
2025-11-12 12:31:56,7.7243,278.4959,0.9991
2025-11-12 12:31:56,7.7235,296.7062,0.9991
2025-11-12 12:31:56,7.7216,246.2433,0.9992
2025-11-12 12:31:56,7.7215,245.6344,0.9992
2025-11-12 12:31:56,7.7205,249.8950,0.9992
2025-11-12 12:31:57,7.7202,257.6561,0.9992
2025-11-12 12:31:57,7.7199,250.6086,0.9992
2025-11-12 12:31:57,7.7213,260.3887,0.9992
2025-11-12 12:31:57,7.7229,253.6160,0.9992
2025-11-12 12:31:57,7.7185,383.9094,0.9988
2025-11-12 12:31:57,7.7196,415.7464,0.9987
2025-11-12 12:31:57,7.7187,408.1440,0.9987
2025-11-12 12:31:57,7.7158,417.5413,0.9987
2025-11-12 12:31:57,7.7212,269.7237,0.9992
2025-11-12 12:31:57,7.7220,291.7354,0.9991
2025-11-12 12:31:57,7.7219,291.0048,0.9991
2025-11-12 12:31:57,7.7231,280.8803,0.9991
2025-11-12 12:31:58,7.7233,276.5400,0.9991
2025-11-12 12:31:58,7.7218,236.1020,0.9993
2025-11-12 12:31:58,7.7224,239.9659,0.9992
2025-11-12 12:31:58,7.7224,239.8766,0.9992
2025-11-12 12:31:58,7.7222,244.4679,0.9992
2025-11-12 12:31:58,7.7238,286.0879,0.9991
2025-11-12 12:31:58,7.7242,288.5405,0.9991
2025-11-12 12:31:58,7.7244,286.8156,0.9991
2025-11-12 12:31:58,7.7265,238.3141,0.9993
2025-11-12 12:31:58,7.7263,231.4638,0.9993
2025-11-12 12:31:59,7.7257,228.7061,0.9993
2025-11-12 12:31:59,7.7270,219.2726,0.9993
2025-11-12 12:31:59,7.7247,270.4341,0.9992
2025-11-12 12:31:59,7.7051,132.0328,0.9996
2025-11-12 12:31:59,7.7052,134.0468,0.9996
2025-11-12 12:31:59,7.7025,120.0482,0.9996
2025-11-12 12:31:59,7.7020,125.6802,0.9996
2025-11-12 12:31:59,7.7082,100.7348,0.9997
2025-11-12 12:32:00,7.7082,99.9915,0.9997
2025-11-12 12:32:00,7.7108,104.1107,0.9997
2025-11-12 12:32:00,7.7052,227.0723,0.9993
2025-11-12 12:32:00,7.7068,235.5602,0.9992
2025-11-12 12:32:00,7.7066,231.6293,0.9993
2025-11-12 12:32:00,7.7053,224.9686,0.9993
2025-11-12 12:32:00,7.7127,73.2938,0.9998
2025-11-12 12:32:00,7.7056,98.4065,0.9997
2025-11-12 12:32:00,7.7067,118.4314,0.9996
2025-11-12 12:32:01,7.7059,116.3741,0.9996
2025-11-12 12:32:01,7.7042,137.2332,0.9996
2025-11-12 12:32:01,7.7186,199.2260,0.9994
2025-11-12 12:32:01,7.7178,190.5567,0.9994
2025-11-12 12:32:01,7.7185,187.0124,0.9994
2025-11-12 12:32:01,7.7180,197.5263,0.9994
2025-11-12 12:32:01,7.7179,194.1073,0.9994
2025-11-12 12:32:01,7.7184,199.8131,0.9994
2025-11-12 12:32:01,7.7201,195.5920,0.9994
2025-11-12 12:32:01,7.7213,167.0359,0.9995
2025-11-12 12:32:02,7.7218,174.9820,0.9995
2025-11-12 12:32:02,7.7209,168.0059,0.9995
2025-11-12 12:32:02,7.7178,181.2343,0.9994
2025-11-12 12:32:02,7.7176,184.4921,0.9994
2025-11-12 12:32:02,7.7184,199.9942,0.9994
2025-11-12 12:32:02,7.7168,189.6587,0.9994
2025-11-12 12:32:02,7.7199,178.2426,0.9994
2025-11-12 12:32:02,7.7200,175.8618,0.9994
2025-11-12 12:32:02,7.7205,185.3539,0.9994
2025-11-12 12:32:02,7.7220,191.7914,0.9994
2025-11-12 12:32:03,7.7214,193.4132,0.9994
2025-11-12 12:32:03,7.7212,198.6349,0.9994
2025-11-12 12:32:03,7.7196,169.1875,0.9995
2025-11-12 12:32:03,7.7194,167.6225,0.9995
2025-11-12 12:32:03,7.7180,172.1288,0.9995
2025-11-12 12:32:03,7.7180,172.1288,0.9995
2025-11-12 12:32:03,7.7189,188.9208,0.9994
2025-11-12 12:32:03,7.7191,190.4452,0.9994
2025-11-12 12:32:03,7.7210,183.7663,0.9994
2025-11-12 12:32:03,7.7210,183.7663,0.9994
2025-11-12 12:32:04,7.7202,168.1261,0.9995
2025-11-12 12:32:04,7.7211,175.2309,0.9994
2025-11-12 12:32:04,7.7197,179.4786,0.9994
2025-11-12 12:32:04,7.7198,177.3215,0.9994
2025-11-12 12:32:04,7.7161,125.6976,0.9996
2025-11-12 12:32:04,7.7143,107.8224,0.9997
2025-11-12 12:32:04,7.7145,107.6765,0.9997
2025-11-12 12:32:04,7.7147,104.3335,0.9997
2025-11-12 12:32:04,7.7235,280.3409,0.9991
2025-11-12 12:32:04,7.7250,286.2508,0.9991
2025-11-12 12:32:05,7.7259,280.1942,0.9991
2025-11-12 12:32:05,7.7257,287.3759,0.9991
2025-11-12 12:32:05,7.7249,267.6828,0.9992
2025-11-12 12:32:05,7.7223,260.0369,0.9992
2025-11-12 12:32:05,7.7220,261.2070,0.9992
2025-11-12 12:32:05,7.7220,261.2070,0.9992
2025-11-12 12:32:05,7.7227,282.3244,0.9991
2025-11-12 12:32:05,7.7219,282.7877,0.9991
2025-11-12 12:32:05,7.7196,296.6384,0.9991
2025-11-12 12:32:05,7.7197,294.4753,0.9991
2025-11-12 12:32:05,7.7195,287.1582,0.9991
2025-11-12 12:32:05,7.7228,298.6250,0.9991
2025-11-12 12:32:05,7.7233,293.2668,0.9991
2025-11-12 12:32:06,7.7214,343.9496,0.9989
2025-11-12 12:32:06,7.7218,357.5818,0.9989
2025-11-12 12:32:06,7.7216,356.1696,0.9989
2025-11-12 12:32:06,7.7226,349.3847,0.9989
2025-11-12 12:32:06,7.7233,329.3724,0.9990
2025-11-12 12:32:06,7.7225,305.5672,0.9990
2025-11-12 12:32:06,7.7230,308.9078,0.9990
2025-11-12 12:32:06,7.7242,302.4810,0.9991
2025-11-12 12:32:06,7.7271,229.7149,0.9993
2025-11-12 12:32:06,7.7247,175.9274,0.9995
2025-11-12 12:32:06,7.7238,170.6874,0.9995
2025-11-12 12:32:07,7.7229,174.6974,0.9995
2025-11-12 12:32:07,7.7212,210.2148,0.9993
2025-11-12 12:32:07,7.7225,242.1203,0.9992
2025-11-12 12:32:07,7.7228,243.4228,0.9992
2025-11-12 12:32:07,7.7226,244.7211,0.9992
2025-11-12 12:32:07,7.7227,240.4444,0.9992
2025-11-12 12:32:07,7.7224,231.2175,0.9993
2025-11-12 12:32:07,7.7209,224.6222,0.9993
2025-11-12 12:32:07,7.7222,219.9609,0.9993
2025-11-12 12:32:07,7.7220,224.1674,0.9993
2025-11-12 12:32:08,7.7219,221.7182,0.9993
2025-11-12 12:32:08,7.7222,222.4754,0.9993
2025-11-12 12:32:08,7.7194,236.0065,0.9993
2025-11-12 12:33:05,7.7218,231.1863,0.9993
2025-11-12 12:33:05,7.7217,228.3756,0.9993
2025-11-12 12:33:05,7.7232,237.9774,0.9993
2025-11-12 12:33:05,7.7225,240.5336,0.9992
2025-11-12 12:33:05,7.7230,227.6274,0.9993
2025-11-12 12:33:05,7.7243,258.1261,0.9992
2025-11-12 12:33:05,7.7237,253.9464,0.9992
2025-11-12 12:33:05,7.7238,253.3043,0.9992
2025-11-12 12:33:05,7.7241,247.6864,0.9992
2025-11-12 12:33:05,7.7246,261.0016,0.9992
2025-11-12 12:33:06,7.7231,254.9941,0.9992
2025-11-12 12:33:06,7.7223,259.6459,0.9992
2025-11-12 12:33:06,7.7221,262.6993,0.9992
2025-11-12 12:33:06,7.7168,143.4924,0.9995
2025-11-12 12:33:06,7.7154,135.7405,0.9996
2025-11-12 12:33:06,7.7162,134.9017,0.9996
2025-11-12 12:33:06,7.7164,132.3480,0.9996
2025-11-12 12:33:06,7.7195,195.8595,0.9994
2025-11-12 12:33:06,7.7221,206.4696,0.9994
2025-11-12 12:33:07,7.7210,212.3928,0.9993
2025-11-12 12:33:07,7.7208,215.3340,0.9993
2025-11-12 12:33:07,7.7195,187.5983,0.9994
2025-11-12 12:33:07,7.7194,186.8030,0.9994
2025-11-12 12:33:07,7.7214,180.2282,0.9994
2025-11-12 12:33:07,7.7213,182.4865,0.9994
2025-11-12 12:33:07,7.7244,251.0713,0.9992
2025-11-12 12:33:07,7.7246,251.6919,0.9992
2025-11-12 12:33:07,7.7235,256.3251,0.9992
2025-11-12 12:33:08,7.7235,256.3251,0.9992
2025-11-12 12:33:08,7.7213,203.9859,0.9994
2025-11-12 12:33:08,7.7205,198.5708,0.9994
2025-11-12 12:33:08,7.7211,196.6613,0.9994
2025-11-12 12:34:05,7.7181,199.2791,0.9994
2025-11-12 12:34:05,7.7186,208.5813,0.9993
2025-11-12 12:34:05,7.7199,218.0797,0.9993
2025-11-12 12:34:05,7.7201,217.7417,0.9993
2025-11-12 12:34:05,7.7215,185.1224,0.9994
2025-11-12 12:34:05,7.7186,140.1189,0.9996
2025-11-12 12:34:05,7.7168,126.0765,0.9996
2025-11-12 12:34:05,7.7161,125.7596,0.9996
2025-11-12 12:34:06,7.7151,145.2942,0.9995
2025-11-12 12:34:06,7.7179,194.7890,0.9994
2025-11-12 12:34:06,7.7195,205.1129,0.9994
2025-11-12 12:34:06,7.7200,204.0854,0.9994
2025-11-12 12:34:06,7.7210,181.6080,0.9994
2025-11-12 12:34:06,7.7213,186.8746,0.9994
2025-11-12 12:34:06,7.7211,185.5203,0.9994
2025-11-12 12:34:06,7.7211,185.5181,0.9994
2025-11-12 12:34:06,7.7213,180.3099,0.9994
2025-11-12 12:34:06,7.7225,203.5368,0.9994
2025-11-12 12:34:07,7.7229,206.1675,0.9994
2025-11-12 12:34:07,7.7230,205.7405,0.9994
2025-11-12 12:34:07,7.7229,208.3278,0.9993
2025-11-12 12:34:07,7.7181,130.6897,0.9996
2025-11-12 12:34:07,7.7165,117.4127,0.9996
2025-11-12 12:34:07,7.7136,121.4148,0.9996
2025-11-12 12:34:07,7.7137,119.4697,0.9996
2025-11-12 12:34:07,7.7153,144.8200,0.9995
2025-11-12 12:34:07,7.7173,162.8121,0.9995
2025-11-12 12:34:08,7.7188,155.1420,0.9995
2025-11-12 12:34:08,7.7186,159.9853,0.9995
2025-11-12 12:34:08,7.7198,181.1907,0.9994
2025-11-12 12:35:05,7.7152,211.7801,0.9993
2025-11-12 12:35:05,7.7198,190.6069,0.9994
2025-11-12 12:35:05,7.7204,177.1903,0.9994
2025-11-12 12:35:05,7.7194,157.1690,0.9995
2025-11-12 12:35:05,7.7211,166.4382,0.9995
2025-11-12 12:35:05,7.7202,168.1932,0.9995
2025-11-12 12:35:05,7.7200,172.1701,0.9995
2025-11-12 12:35:05,7.7037,139.2112,0.9995
2025-11-12 12:35:05,7.7043,150.1212,0.9995
2025-11-12 12:35:06,7.7048,153.7354,0.9995
2025-11-12 12:35:06,7.7050,151.4777,0.9995
2025-11-12 12:35:06,7.7121,98.8449,0.9997
2025-11-12 12:35:06,7.7108,82.6329,0.9997
2025-11-12 12:35:06,7.7091,77.9458,0.9997
2025-11-12 12:35:06,7.7089,80.6546,0.9997
2025-11-12 12:35:06,7.7066,83.4477,0.9997
2025-11-12 12:35:06,7.7083,111.0300,0.9996
2025-11-12 12:35:06,7.7088,112.0543,0.9996
2025-11-12 12:35:07,7.7083,118.6317,0.9996
2025-11-12 12:35:07,7.7086,117.4928,0.9996
2025-11-12 12:35:07,7.7058,75.6533,0.9998
2025-11-12 12:35:07,7.7071,82.6612,0.9997
2025-11-12 12:35:07,7.7077,74.5832,0.9998
2025-11-12 12:35:07,7.7139,90.0635,0.9997
2025-11-12 12:35:07,7.7159,108.9470,0.9997
2025-11-12 12:35:07,7.7153,108.5611,0.9997
2025-11-12 12:35:07,7.7152,110.6107,0.9996
2025-11-12 12:35:07,7.7141,103.7083,0.9997
2025-11-12 12:35:08,7.7141,103.7083,0.9997
2025-11-12 12:35:08,7.7136,103.6106,0.9997
2025-11-12 12:35:08,7.7135,105.7736,0.9997
2025-11-12 12:36:05,7.7137,274.4337,0.9991
2025-11-12 12:36:05,7.7146,282.7984,0.9991
2025-11-12 12:36:05,7.7122,293.7128,0.9991
2025-11-12 12:36:05,7.7164,197.5949,0.9994
2025-11-12 12:36:05,7.7167,204.8834,0.9994
2025-11-12 12:36:05,7.7161,199.5201,0.9994
2025-11-12 12:36:05,7.7199,178.1618,0.9994
2025-11-12 12:36:05,7.7199,178.1618,0.9994
2025-11-12 12:36:05,7.7184,151.9116,0.9995
2025-11-12 12:36:05,7.7175,146.4437,0.9995
2025-11-12 12:36:06,7.7162,149.1590,0.9995
2025-11-12 12:36:06,7.7163,147.2192,0.9995
2025-11-12 12:36:06,7.7178,176.8897,0.9994
2025-11-12 12:36:06,7.7180,178.1486,0.9994
2025-11-12 12:36:06,7.7198,173.2170,0.9995
2025-11-12 12:36:06,7.7197,175.3729,0.9994
2025-11-12 12:36:06,7.7198,179.0640,0.9994
2025-11-12 12:36:06,7.7189,175.8304,0.9994
2025-11-12 12:36:07,7.7176,178.4961,0.9994
2025-11-12 12:36:07,7.7179,172.7573,0.9995
2025-11-12 12:36:07,7.7168,151.6654,0.9995
2025-11-12 12:36:07,7.7187,162.1692,0.9995
2025-11-12 12:36:07,7.7186,162.5115,0.9995
2025-11-12 12:36:07,7.7183,168.3706,0.9995
2025-11-12 12:36:07,7.7136,105.1086,0.9997
2025-11-12 12:36:07,7.7108,82.4004,0.9997
2025-11-12 12:36:07,7.7126,87.0780,0.9997
2025-11-12 12:36:08,7.7126,87.0780,0.9997
2025-11-12 12:36:08,7.7226,284.2287,0.9991
2025-11-12 12:36:08,7.7235,282.8613,0.9991
2025-11-12 12:37:04,7.7210,295.9676,0.9991
2025-11-12 12:37:05,7.7225,278.7065,0.9991
2025-11-12 12:37:05,7.7228,285.9972,0.9991
2025-11-12 12:37:05,7.7235,288.9291,0.9991
2025-11-12 12:37:05,7.7233,290.2303,0.9991
2025-11-12 12:37:05,7.7227,305.6724,0.9990
2025-11-12 12:37:05,7.7237,336.6603,0.9989
2025-11-12 12:37:05,7.7241,339.1121,0.9989
2025-11-12 12:37:05,7.7261,326.1795,0.9990
2025-11-12 12:37:05,7.7270,302.0282,0.9991
2025-11-12 12:37:05,7.7259,272.1072,0.9992
2025-11-12 12:37:05,7.7259,271.9361,0.9992
2025-11-12 12:37:06,7.7259,271.7594,0.9992
2025-11-12 12:37:06,7.7257,278.9394,0.9991
2025-11-12 12:37:06,7.7196,152.9172,0.9995
2025-11-12 12:37:06,7.7194,151.5659,0.9995
2025-11-12 12:37:06,7.7173,156.8164,0.9995
2025-11-12 12:37:06,7.7198,111.2704,0.9996
2025-11-12 12:37:06,7.7201,116.1708,0.9996
2025-11-12 12:37:06,7.7205,119.6235,0.9996
2025-11-12 12:37:06,7.7205,119.9538,0.9996
2025-11-12 12:37:06,7.7181,164.5434,0.9995
2025-11-12 12:37:06,7.7199,198.6310,0.9994
2025-11-12 12:37:07,7.7200,199.3554,0.9994
2025-11-12 12:37:07,7.7205,196.5630,0.9994
2025-11-12 12:37:07,7.7207,192.5321,0.9994
2025-11-12 12:37:07,7.7208,194.9944,0.9994
2025-11-12 12:37:07,7.7214,201.0702,0.9994
2025-11-12 12:37:07,7.7231,193.6065,0.9994
2025-11-12 12:37:07,7.7228,200.2631,0.9994
2025-11-12 12:37:07,7.7241,226.3631,0.9993
2025-11-12 12:37:09,7.7231,219.1794,0.9993
2025-11-12 12:37:10,7.7224,221.9762,0.9993
2025-11-12 12:37:10,7.7224,221.9762,0.9993
2025-11-12 12:37:10,7.7218,208.3723,0.9993
2025-11-12 12:37:10,7.7220,210.2313,0.9993
2025-11-12 12:37:10,7.7223,209.1841,0.9993
2025-11-12 12:37:10,7.7223,209.1841,0.9993
2025-11-12 12:37:10,7.7224,212.3141,0.9993
2025-11-12 12:37:10,7.7220,209.2377,0.9993
2025-11-12 12:37:10,7.7217,210.1105,0.9993
2025-11-12 12:37:11,7.7161,366.7569,0.9988
2025-11-12 12:37:11,7.7168,385.1237,0.9988
2025-11-12 12:37:11,7.7157,375.2873,0.9988
2025-11-12 12:37:11,7.7141,377.8998,0.9988
2025-11-12 12:37:11,7.7193,238.6538,0.9992
2025-11-12 12:37:11,7.7225,331.2220,0.9990
2025-11-12 12:37:11,7.7237,336.4179,0.9989
2025-11-12 12:37:11,7.7243,331.0788,0.9990
2025-11-12 12:37:12,7.7248,318.7725,0.9990
2025-11-12 12:37:12,7.7234,278.9805,0.9991
2025-11-12 12:37:12,7.7236,279.6327,0.9991
2025-11-12 12:37:12,7.7244,273.8070,0.9991
2025-11-12 12:37:12,7.7244,273.8070,0.9991
2025-11-12 12:37:12,7.7250,289.2029,0.9991
2025-11-12 12:37:12,7.7247,287.7617,0.9991
2025-11-12 12:37:12,7.7239,293.1554,0.9991
2025-11-12 12:37:12,7.7241,287.5212,0.9991
2025-11-12 12:37:13,7.7235,269.5226,0.9992
2025-11-12 12:37:13,7.7246,276.5387,0.9991
2025-11-12 12:37:13,7.7248,274.8436,0.9991
2025-11-12 12:37:13,7.7247,278.1059,0.9991
2025-11-12 12:37:13,7.7239,257.2827,0.9992
2025-11-12 12:37:13,7.7242,259.9949,0.9992
2025-11-12 12:37:13,7.7225,275.0372,0.9991
2025-11-12 12:37:13,7.7226,270.7677,0.9992
2025-11-12 12:37:13,7.7238,302.8486,0.9991
2025-11-12 12:37:14,7.7231,296.6657,0.9991
2025-11-12 12:37:14,7.7240,287.8117,0.9991
2025-11-12 12:37:14,7.7238,292.6042,0.9991
2025-11-12 12:37:14,7.7235,286.7584,0.9991
2025-11-12 12:37:14,7.7236,286.7859,0.9991
2025-11-12 12:37:14,7.7245,279.0788,0.9991
2025-11-12 12:37:14,7.7247,274.1925,0.9991
2025-11-12 12:37:14,7.7231,233.3873,0.9993
2025-11-12 12:37:15,7.7227,230.6529,0.9993
2025-11-12 12:37:15,7.7193,260.7393,0.9992
2025-11-12 12:37:15,7.7192,264.6325,0.9992
2025-11-12 12:37:15,7.7191,263.5868,0.9992
2025-11-12 12:37:15,7.7201,272.8774,0.9991
2025-11-12 12:37:15,7.7232,242.7102,0.9992
2025-11-12 12:37:15,7.7250,203.5680,0.9994
2025-11-12 12:37:15,7.7263,233.9538,0.9993
2025-11-12 12:37:15,7.7257,230.5470,0.9993
2025-11-12 12:37:15,7.7256,231.5274,0.9993
2025-11-12 12:37:16,7.7238,271.3798,0.9992
2025-11-12 12:37:16,7.7240,276.1709,0.9991
2025-11-12 12:37:16,7.7237,274.2662,0.9991
2025-11-12 12:37:16,7.7237,274.2910,0.9991
2025-11-12 12:37:16,7.7228,295.8755,0.9991
2025-11-12 12:37:16,7.7241,333.6190,0.9990
2025-11-12 12:37:16,7.7214,325.1104,0.9990
2025-11-12 12:37:16,7.7225,319.8777,0.9990
2025-11-12 12:37:16,7.7235,294.1077,0.9991
2025-11-12 12:37:17,7.7238,301.7982,0.9991
2025-11-12 12:37:17,7.7240,301.6193,0.9991
2025-11-12 12:37:17,7.7226,309.8235,0.9990
2025-11-12 12:37:17,7.7220,324.1388,0.9990
2025-11-12 12:37:17,7.7223,334.9766,0.9990
2025-11-12 12:37:17,7.7229,335.5432,0.9990
2025-11-12 12:37:17,7.7230,334.9137,0.9990
2025-11-12 12:37:17,7.7233,326.9965,0.9990
2025-11-12 12:37:18,7.7233,325.1594,0.9990
2025-11-12 12:37:18,7.7252,331.3235,0.9990
2025-11-12 12:37:18,7.7269,319.2906,0.9990
2025-11-12 12:37:18,7.7271,313.2193,0.9990
2025-11-12 12:37:18,7.7263,289.9545,0.9991
2025-11-12 12:37:18,7.7264,290.0650,0.9991
2025-11-12 12:37:18,7.7245,303.1222,0.9991
2025-11-12 12:37:18,7.7244,306.7390,0.9990
2025-11-12 12:37:19,7.7251,328.7585,0.9990
2025-11-12 12:37:19,7.7258,332.9490,0.9990
2025-11-12 12:37:19,7.7264,327.5460,0.9990
2025-11-12 12:37:19,7.7263,329.7283,0.9990
2025-11-12 12:37:19,7.7264,332.8168,0.9990
2025-11-12 12:37:19,7.7256,328.4509,0.9990
2025-11-12 12:37:19,7.7254,329.5818,0.9990
2025-11-12 12:37:19,7.7257,322.4248,0.9990
2025-11-12 12:37:19,7.7261,333.9115,0.9990
2025-11-12 12:37:20,7.7253,331.1775,0.9990
2025-11-12 12:37:20,7.7262,325.0192,0.9990
2025-11-12 12:37:20,7.7208,483.8100,0.9985
2025-11-12 12:37:20,7.7207,481.7746,0.9985
2025-11-12 12:37:20,7.7201,478.4478,0.9985
2025-11-12 12:37:20,7.7182,487.3436,0.9985
2025-11-12 12:37:20,7.7177,500.8904,0.9984
2025-11-12 12:37:20,7.7174,487.7051,0.9985
2025-11-12 12:37:21,7.7167,483.8770,0.9985
2025-11-12 12:37:21,7.7172,481.0580,0.9985
2025-11-12 12:37:21,7.7228,323.4763,0.9990
2025-11-12 12:37:21,7.7229,324.2799,0.9990
2025-11-12 12:37:21,7.7251,330.9277,0.9990
2025-11-12 12:37:21,7.7272,315.4841,0.9990
2025-11-12 12:37:21,7.7265,335.0473,0.9990
2025-11-12 12:37:21,7.7264,332.1968,0.9990
2025-11-12 12:37:21,7.7257,329.6860,0.9990
2025-11-12 12:37:22,7.7241,338.7111,0.9989
2025-11-12 12:37:22,7.7236,352.6105,0.9989
2025-11-12 12:37:22,7.7236,351.7683,0.9989
2025-11-12 12:37:22,7.7240,353.6325,0.9989
2025-11-12 12:37:22,7.7239,354.0219,0.9989
2025-11-12 12:37:22,7.7245,340.0196,0.9989
2025-11-12 12:37:22,7.7262,397.8237,0.9988
2025-11-12 12:37:22,7.7249,394.7595,0.9988
2025-11-12 12:37:22,7.7256,389.4957,0.9988
2025-11-12 12:37:23,7.7255,393.3557,0.9988
2025-11-12 12:37:23,7.7257,403.4271,0.9987
2025-11-12 12:37:23,7.7265,404.2942,0.9987
2025-11-12 12:37:23,7.7253,414.0936,0.9987
2025-11-12 12:37:23,7.7250,420.0299,0.9987
2025-11-12 12:37:23,7.7246,402.2335,0.9987
2025-11-12 12:37:23,7.7259,408.4824,0.9987
2025-11-12 12:37:23,7.7261,406.8608,0.9987
2025-11-12 12:37:23,7.7271,379.8752,0.9988
2025-11-12 12:37:23,7.7270,375.3848,0.9988
2025-11-12 12:37:23,7.7263,372.2874,0.9988
2025-11-12 12:37:24,7.7265,369.9222,0.9989
2025-11-12 12:37:24,7.7249,416.2806,0.9987
2025-11-12 12:37:24,7.7255,438.4418,0.9986
2025-11-12 12:37:24,7.7254,438.3305,0.9986
2025-11-12 12:37:24,7.7255,438.2342,0.9986
2025-11-12 12:37:24,7.7252,444.6389,0.9986
2025-11-12 12:37:25,7.7245,416.5726,0.9987
2025-11-12 12:37:25,7.7218,410.2601,0.9987
2025-11-12 12:37:25,7.7214,412.5897,0.9987
2025-11-12 12:37:25,7.7219,399.6675,0.9987
2025-11-12 12:37:25,7.7228,432.7335,0.9986
2025-11-12 12:37:25,7.7255,437.3643,0.9986
2025-11-12 12:37:25,7.7266,427.7325,0.9987
2025-11-12 12:37:25,7.7234,531.8315,0.9983
2025-11-12 12:37:25,7.7235,537.5140,0.9983
2025-11-12 12:37:26,7.7239,539.6339,0.9983
2025-11-12 12:37:26,7.7245,536.4764,0.9983
2025-11-12 12:37:26,7.7292,388.9146,0.9988
2025-11-12 12:37:26,7.7287,370.6243,0.9989
2025-11-12 12:37:26,7.7294,373.4887,0.9988
2025-11-12 12:37:26,7.7287,378.8392,0.9988
2025-11-12 12:37:26,7.7294,361.6542,0.9989
2025-11-12 12:37:27,7.7288,342.5186,0.9989
2025-11-12 12:37:27,7.7276,337.7269,0.9990
2025-11-12 12:37:27,7.7266,345.8557,0.9989
2025-11-12 12:37:27,7.7260,361.9449,0.9989
2025-11-12 12:37:27,7.7256,350.4211,0.9989
2025-11-12 12:37:27,7.7248,347.8099,0.9989
2025-11-12 12:37:27,7.7254,343.3378,0.9989
2025-11-12 12:37:27,7.7276,291.4697,0.9991
2025-11-12 12:37:27,7.7278,298.4395,0.9991
2025-11-12 12:37:27,7.7249,305.0657,0.9990
2025-11-12 12:37:28,7.7263,297.1527,0.9991
2025-11-12 12:37:28,7.7240,351.2531,0.9989
2025-11-12 12:37:28,7.7228,312.9870,0.9990
2025-11-12 12:37:28,7.7243,309.5656,0.9990
2025-11-12 12:37:28,7.7223,319.6976,0.9990
2025-11-12 12:37:28,7.7218,331.0502,0.9990
2025-11-12 12:37:28,7.7214,319.1664,0.9990
2025-11-12 12:37:28,7.7238,326.7876,0.9990
2025-11-12 12:37:28,7.7240,325.1472,0.9990
2025-11-12 12:37:29,7.7246,309.1707,0.9990
2025-11-12 12:37:29,7.7264,364.8353,0.9989
2025-11-12 12:37:29,7.7260,363.3836,0.9989
2025-11-12 12:37:29,7.7263,360.7234,0.9989
2025-11-12 12:37:29,7.7255,381.2222,0.9988
2025-11-12 12:37:29,7.7253,374.1802,0.9988
2025-11-12 12:37:29,7.7231,371.3869,0.9988
2025-11-12 12:37:29,7.7238,367.5976,0.9989
2025-11-12 12:37:30,7.7268,296.8939,0.9991
2025-11-12 12:37:30,7.7264,284.2880,0.9991
2025-11-12 12:37:30,7.7280,282.0575,0.9991
2025-11-12 12:37:30,7.7269,290.9471,0.9991
2025-11-12 12:37:30,7.7248,339.6799,0.9989
2025-11-12 12:37:30,7.7242,321.3401,0.9990
2025-11-12 12:37:30,7.7256,326.9115,0.9990
2025-11-12 12:37:30,7.7266,319.3485,0.9990
2025-11-12 12:37:30,7.7265,321.9403,0.9990
2025-11-12 12:37:30,7.7269,333.1328,0.9990
2025-11-12 12:37:30,7.7274,335.8808,0.9990
2025-11-12 12:37:31,7.7279,332.6310,0.9990
2025-11-12 12:37:31,7.7279,332.6310,0.9990
2025-11-12 12:37:31,7.7288,362.4334,0.9989
2025-11-12 12:37:31,7.7288,362.4334,0.9989
2025-11-12 12:37:31,7.7272,376.5511,0.9988
2025-11-12 12:37:31,7.7272,376.5511,0.9988
2025-11-12 12:37:31,7.7269,365.2040,0.9989
2025-11-12 12:37:31,7.7265,363.4617,0.9989
2025-11-12 12:37:31,7.7283,349.6146,0.9989
2025-11-12 12:37:31,7.7285,341.9571,0.9989
2025-11-12 12:37:32,7.7280,324.7935,0.9990
2025-11-12 12:37:32,7.7272,321.7800,0.9990
2025-11-12 12:37:32,7.7248,340.1323,0.9989
2025-11-12 12:37:32,7.7239,364.4137,0.9989
2025-11-12 12:37:32,7.7245,386.4772,0.9988
2025-11-12 12:37:32,7.7243,385.6086,0.9988
2025-11-12 12:37:32,7.7241,387.1506,0.9988
2025-11-12 12:37:32,7.7248,369.7418,0.9988
2025-11-12 12:37:32,7.7249,372.8848,0.9988
2025-11-12 12:37:32,7.7245,371.6293,0.9988
2025-11-12 12:37:32,7.7253,364.3677,0.9989
2025-11-12 12:37:32,7.7253,364.3677,0.9989
2025-11-12 12:37:33,7.7257,377.8477,0.9988
2025-11-12 12:37:33,7.7249,376.8585,0.9988
2025-11-12 12:37:33,7.7268,363.7649,0.9989
2025-11-12 12:37:33,7.7282,328.2160,0.9990
2025-11-12 12:37:33,7.7283,330.5946,0.9990
2025-11-12 12:37:33,7.7296,330.2147,0.9990
2025-11-12 12:37:33,7.7294,331.6308,0.9990
2025-11-12 12:37:33,7.7278,372.5091,0.9988
2025-11-12 12:37:34,7.7276,366.3083,0.9989
2025-11-12 12:37:34,7.7281,367.5571,0.9989
2025-11-12 12:37:34,7.7281,367.5277,0.9989
2025-11-12 12:37:34,7.7285,355.5146,0.9989
2025-11-12 12:37:34,7.7278,332.4615,0.9990
2025-11-12 12:37:34,7.7256,329.9403,0.9990
2025-11-12 12:37:34,7.7239,340.8470,0.9989
2025-11-12 12:37:34,7.7227,371.6041,0.9988
2025-11-12 12:37:34,7.7230,384.0171,0.9988
2025-11-12 12:37:34,7.7254,390.8887,0.9988
2025-11-12 12:37:35,7.7257,388.4176,0.9988
2025-11-12 12:37:35,7.7269,355.3562,0.9989
2025-11-12 12:37:35,7.7263,334.2264,0.9990
2025-11-12 12:37:35,7.7242,328.6567,0.9990
2025-11-12 12:37:35,7.7254,320.7132,0.9990
2025-11-12 12:37:35,7.7253,325.3108,0.9990
2025-11-12 12:37:35,7.7252,324.9094,0.9990
2025-11-12 12:37:35,7.7238,326.9043,0.9990
2025-11-12 12:37:35,7.7222,336.2876,0.9989
2025-11-12 12:37:36,7.7221,338.6061,0.9989
2025-11-12 12:37:36,7.7229,369.9024,0.9988
2025-11-12 12:37:36,7.7198,386.4258,0.9988
2025-11-12 12:37:36,7.7217,378.7955,0.9988
2025-11-12 12:37:36,7.7217,378.7955,0.9988
2025-11-12 12:37:36,7.7208,345.3164,0.9989
2025-11-12 12:37:36,7.7277,329.2794,0.9990
2025-11-12 12:37:36,7.7275,330.4923,0.9990
2025-11-12 12:37:37,7.7278,322.9789,0.9990
2025-11-12 12:37:37,7.7227,196.2892,0.9994
2025-11-12 12:37:37,7.7224,193.7819,0.9994
2025-11-12 12:37:37,7.7224,193.7781,0.9994
2025-11-12 12:37:37,7.7222,198.0071,0.9994
2025-11-12 12:37:37,7.7238,232.9430,0.9993
2025-11-12 12:37:37,7.7247,239.0055,0.9993
2025-11-12 12:37:37,7.7221,256.4269,0.9992
2025-11-12 12:37:37,7.7204,297.5353,0.9991
2025-11-12 12:37:37,7.7214,325.2574,0.9990
2025-11-12 12:37:37,7.7205,317.4026,0.9990
2025-11-12 12:37:38,7.7218,308.6119,0.9990
2025-11-12 12:37:38,7.7234,268.4453,0.9992
2025-11-12 12:37:38,7.7240,285.3452,0.9991
2025-11-12 12:37:38,7.7245,288.2955,0.9991
2025-11-12 12:37:38,7.7242,290.4840,0.9991
2025-11-12 12:37:38,7.7252,267.7277,0.9992
2025-11-12 12:37:38,7.7250,262.2634,0.9992
2025-11-12 12:37:38,7.7248,261.2775,0.9992
2025-11-12 12:37:39,7.7259,252.9350,0.9992
2025-11-12 12:37:39,7.7251,273.6445,0.9991
2025-11-12 12:37:39,7.7253,278.6395,0.9991
2025-11-12 12:37:39,7.7253,278.8191,0.9991
2025-11-12 12:37:39,7.7244,284.5627,0.9991
2025-11-12 12:37:39,7.7246,280.0667,0.9991
2025-11-12 12:37:39,7.7248,286.0952,0.9991
2025-11-12 12:37:39,7.7255,290.4387,0.9991
2025-11-12 12:37:40,7.7267,282.0460,0.9991
2025-11-12 12:37:40,7.7264,289.3540,0.9991
2025-11-12 12:37:40,7.7253,260.9139,0.9992
2025-11-12 12:37:40,7.7236,251.0119,0.9992
2025-11-12 12:37:40,7.7207,270.5198,0.9991
2025-11-12 12:37:40,7.7207,270.5198,0.9991
2025-11-12 12:37:40,7.7197,242.8097,0.9992
2025-11-12 12:37:40,7.7149,232.3061,0.9993
2025-11-12 12:37:40,7.7158,228.0428,0.9993
2025-11-12 12:37:41,7.7129,290.0986,0.9991
2025-11-12 12:37:41,7.7143,334.6904,0.9989
2025-11-12 12:37:41,7.7188,344.7273,0.9989
2025-11-12 12:37:41,7.7197,339.9888,0.9989
2025-11-12 12:37:41,7.7227,263.6280,0.9992
2025-11-12 12:37:41,7.7233,281.4890,0.9991
2025-11-12 12:37:41,7.7222,278.4783,0.9991
2025-11-12 12:37:41,7.7226,275.9753,0.9991
2025-11-12 12:37:41,7.7225,278.3169,0.9991
2025-11-12 12:37:41,7.7226,280.2638,0.9991
2025-11-12 12:37:42,7.7247,287.4192,0.9991
2025-11-12 12:37:42,7.7248,286.7217,0.9991
2025-11-12 12:37:42,7.7248,286.7217,0.9991
2025-11-12 12:37:42,7.7254,302.4169,0.9991
2025-11-12 12:37:42,7.7254,302.4169,0.9991
2025-11-12 12:37:42,7.7248,306.7160,0.9990
2025-11-12 12:37:42,7.7248,306.7160,0.9990
2025-11-12 12:37:42,7.7231,260.8609,0.9992
2025-11-12 12:37:42,7.7231,260.8609,0.9992
2025-11-12 12:37:43,7.7242,254.5791,0.9992
2025-11-12 12:37:43,7.7242,254.5791,0.9992
2025-11-12 12:37:43,7.7242,254.0912,0.9992
2025-11-12 12:37:43,7.7249,258.8574,0.9992
2025-11-12 12:37:43,7.7252,257.4610,0.9992
2025-11-12 12:37:43,7.7252,257.4610,0.9992
2025-11-12 12:37:44,7.7252,255.3578,0.9992
2025-11-12 12:37:44,7.7244,250.6856,0.9992
2025-11-12 12:37:44,7.7244,250.6813,0.9992
2025-11-12 12:37:44,7.7244,250.6813,0.9992
2025-11-12 12:37:44,7.7256,282.5337,0.9991
2025-11-12 12:37:44,7.7256,282.5337,0.9991
2025-11-12 12:37:44,7.7234,298.3433,0.9991
2025-11-12 12:37:44,7.7183,441.9141,0.9986
2025-11-12 12:37:45,7.7160,373.0767,0.9988
2025-11-12 12:37:45,7.7160,373.0767,0.9988
2025-11-12 12:37:45,7.7167,370.1165,0.9988
2025-11-12 12:37:45,7.7225,217.1782,0.9993
2025-11-12 12:37:45,7.7252,288.4418,0.9991
2025-11-12 12:37:45,7.7252,288.2538,0.9991
2025-11-12 12:37:45,7.7238,301.1973,0.9991
2025-11-12 12:37:45,7.7232,316.1491,0.9990
2025-11-12 12:37:46,7.7233,319.7044,0.9990
2025-11-12 12:37:46,7.7208,310.2922,0.9990
2025-11-12 12:37:46,7.7213,306.2406,0.9990
2025-11-12 12:37:46,7.7224,281.5824,0.9991
2025-11-12 12:37:46,7.7231,302.9540,0.9991
2025-11-12 12:37:46,7.7204,309.6510,0.9990
2025-11-12 12:37:46,7.7196,316.4642,0.9990
2025-11-12 12:37:46,7.7208,295.0858,0.9991
2025-11-12 12:37:46,7.7203,279.6121,0.9991
2025-11-12 12:37:47,7.7226,273.2484,0.9991
2025-11-12 12:37:47,7.7257,248.7792,0.9992
2025-11-12 12:37:47,7.7235,297.3759,0.9991
2025-11-12 12:37:47,7.7223,260.7708,0.9992
2025-11-12 12:37:47,7.7233,261.5830,0.9992
2025-11-12 12:37:47,7.7229,263.4833,0.9992
2025-11-12 12:37:47,7.7228,265.8388,0.9992
2025-11-12 12:37:47,7.7231,274.9779,0.9991
2025-11-12 12:37:47,7.7246,280.1553,0.9991
2025-11-12 12:37:48,7.7233,288.9967,0.9991
2025-11-12 12:37:48,7.7233,288.9967,0.9991
2025-11-12 12:37:48,7.7248,335.0695,0.9990
2025-11-12 12:37:48,7.7251,336.2494,0.9990
2025-11-12 12:37:48,7.7271,321.3636,0.9990
2025-11-12 12:37:48,7.7285,285.6152,0.9991
2025-11-12 12:37:48,7.7278,265.3245,0.9992
2025-11-12 12:37:48,7.7287,268.9759,0.9992
2025-11-12 12:37:48,7.7267,284.9788,0.9991
2025-11-12 12:37:48,7.7254,316.6322,0.9990
2025-11-12 12:37:49,7.7262,341.3555,0.9989
2025-11-12 12:37:49,7.7254,336.7261,0.9990
2025-11-12 12:37:49,7.7265,327.7267,0.9990
2025-11-12 12:37:49,7.7264,330.3130,0.9990
2025-11-12 12:37:49,7.7257,306.8656,0.9990
2025-11-12 12:37:49,7.7263,310.6010,0.9990
2025-11-12 12:37:49,7.7270,306.2414,0.9990
2025-11-12 12:37:49,7.7265,319.6801,0.9990
2025-11-12 12:37:49,7.7263,313.3665,0.9990
2025-11-12 12:37:49,7.7254,308.5013,0.9990
2025-11-12 12:37:49,7.7256,307.2841,0.9990
2025-11-12 12:37:50,7.7264,286.8442,0.9991
2025-11-12 12:37:50,7.7258,269.2339,0.9992
2025-11-12 12:37:50,7.7249,266.1142,0.9992
2025-11-12 12:37:50,7.7230,276.6535,0.9991
2025-11-12 12:37:50,7.7238,259.2470,0.9992
2025-11-12 12:37:50,7.7235,251.2560,0.9992
2025-11-12 12:37:50,7.7249,257.8573,0.9992
2025-11-12 12:37:50,7.7248,258.4756,0.9992
2025-11-12 12:37:51,7.7238,280.7932,0.9991
2025-11-12 12:37:51,7.7243,292.9810,0.9991
2025-11-12 12:37:51,7.7233,287.4903,0.9991
2025-11-12 12:37:51,7.7226,292.8016,0.9991
2025-11-12 12:37:51,7.7160,482.5152,0.9985
2025-11-12 12:37:51,7.7152,456.1956,0.9986
2025-11-12 12:37:51,7.7162,466.6137,0.9985
2025-11-12 12:37:51,7.7173,462.2484,0.9985
2025-11-12 12:37:52,7.7232,285.2800,0.9991
2025-11-12 12:37:52,7.7242,312.6014,0.9990
2025-11-12 12:37:52,7.7239,311.1439,0.9990
2025-11-12 12:37:52,7.7252,303.7308,0.9991
2025-11-12 12:37:52,7.7252,304.0940,0.9991
2025-11-12 12:37:52,7.7263,337.6267,0.9990
2025-11-12 12:37:52,7.7267,339.4904,0.9989
2025-11-12 12:37:52,7.7270,338.0894,0.9990
2025-11-12 12:37:52,7.7279,313.4365,0.9990
2025-11-12 12:37:52,7.7274,298.4969,0.9991
2025-11-12 12:37:53,7.7266,295.2050,0.9991
2025-11-12 12:37:53,7.7259,299.0796,0.9991
2025-11-12 12:37:53,7.7257,303.7206,0.9991
2025-11-12 12:37:53,7.7262,320.9697,0.9990
2025-11-12 12:37:53,7.7264,321.4145,0.9990
2025-11-12 12:37:53,7.7256,326.9913,0.9990
2025-11-12 12:37:54,7.7247,349.6242,0.9989
2025-11-12 12:37:54,7.7237,317.5558,0.9990
2025-11-12 12:37:54,7.7242,320.7310,0.9990
2025-11-12 12:37:54,7.7256,312.8993,0.9990
2025-11-12 12:37:54,7.7256,312.8993,0.9990
2025-11-12 12:37:54,7.7251,299.1809,0.9991
2025-11-12 12:37:54,7.7248,297.5178,0.9991
2025-11-12 12:37:54,7.7244,299.3421,0.9991
2025-11-12 12:37:54,7.7251,279.4427,0.9991
2025-11-12 12:37:55,7.7255,289.6561,0.9991
2025-11-12 12:37:55,7.7242,284.8833,0.9991
2025-11-12 12:37:55,7.7248,282.4534,0.9991
2025-11-12 12:37:55,7.7250,276.6931,0.9991
2025-11-12 12:37:55,7.7262,311.4250,0.9990
2025-11-12 12:37:55,7.7263,311.6293,0.9990
2025-11-12 12:37:55,7.7235,331.8415,0.9990
2025-11-12 12:37:55,7.7233,337.4036,0.9989
2025-11-12 12:37:55,7.7229,323.2382,0.9990
2025-11-12 12:37:55,7.7213,319.9380,0.9990
2025-11-12 12:37:56,7.7242,303.2633,0.9991
2025-11-12 12:37:56,7.7246,294.2232,0.9991
2025-11-12 12:37:56,7.7247,297.9585,0.9991
2025-11-12 12:37:56,7.7223,307.3796,0.9990
2025-11-12 12:37:56,7.7186,326.4052,0.9990
2025-11-12 12:37:56,7.7181,337.4527,0.9989
2025-11-12 12:37:56,7.7186,356.0409,0.9989
2025-11-12 12:37:56,7.7195,353.2352,0.9989
2025-11-12 12:37:57,7.7231,332.3265,0.9990
2025-11-12 12:37:57,7.7235,321.6993,0.9990
2025-11-12 12:37:57,7.7219,270.5885,0.9992
2025-11-12 12:37:57,7.7248,268.3589,0.9992
2025-11-12 12:37:57,7.7225,281.8880,0.9991
2025-11-12 12:37:57,7.7233,264.7076,0.9992
2025-11-12 12:37:57,7.7246,304.9127,0.9990
2025-11-12 12:37:57,7.7235,303.7146,0.9991
2025-11-12 12:37:58,7.7246,295.1518,0.9991
2025-11-12 12:37:58,7.7244,298.8138,0.9991
2025-11-12 12:37:58,7.7245,301.6026,0.9991
2025-11-12 12:37:58,7.7272,306.6969,0.9990
2025-11-12 12:37:58,7.7283,298.9677,0.9991
2025-11-12 12:37:58,7.7275,319.4479,0.9990
2025-11-12 12:37:58,7.7268,298.9240,0.9991
2025-11-12 12:37:58,7.7262,296.2562,0.9991
2025-11-12 12:37:59,7.7241,310.2140,0.9990
2025-11-12 12:37:59,7.7240,312.6490,0.9990
2025-11-12 12:37:59,7.7245,329.7220,0.9990
2025-11-12 12:37:59,7.7177,342.8853,0.9989
2025-11-12 12:37:59,7.7197,337.2519,0.9989
2025-11-12 12:37:59,7.7197,337.2519,0.9989
2025-11-12 12:37:59,7.7199,342.0385,0.9989
2025-11-12 12:37:59,7.7241,317.9416,0.9990
2025-11-12 12:37:59,7.7224,326.7764,0.9990
2025-11-12 12:38:00,7.7224,326.7764,0.9990
2025-11-12 12:38:00,7.7221,315.2865,0.9990
2025-11-12 12:38:00,7.7157,356.3646,0.9989
2025-11-12 12:38:00,7.7159,355.7724,0.9989
2025-11-12 12:38:00,7.7159,355.7724,0.9989
2025-11-12 12:38:00,7.7158,351.2721,0.9989
2025-11-12 12:38:00,7.7228,309.7633,0.9990
2025-11-12 12:38:00,7.7244,302.0877,0.9991
2025-11-12 12:38:01,7.7237,317.9472,0.9990
2025-11-12 12:38:01,7.7229,293.3096,0.9991
2025-11-12 12:38:01,7.7233,293.7199,0.9991
2025-11-12 12:38:01,7.7215,302.1217,0.9991
2025-11-12 12:38:01,7.7221,287.1250,0.9991
2025-11-12 12:38:01,7.7228,308.0265,0.9990
2025-11-12 12:38:01,7.7237,310.2010,0.9990
2025-11-12 12:38:01,7.7230,316.0011,0.9990
2025-11-12 12:38:01,7.7233,309.2800,0.9990
2025-11-12 12:38:02,7.7239,329.2389,0.9990
2025-11-12 12:38:02,7.7261,341.3134,0.9989
2025-11-12 12:38:02,7.7286,320.0348,0.9990
2025-11-12 12:38:02,7.7275,349.3850,0.9989
2025-11-12 12:38:02,7.7273,345.0537,0.9989
2025-11-12 12:38:02,7.7264,339.7362,0.9989
2025-11-12 12:38:02,7.7261,341.9307,0.9989
2025-11-12 12:38:02,7.7268,320.9303,0.9990
2025-11-12 12:38:02,7.7259,293.6104,0.9991
2025-11-12 12:38:03,7.7256,292.1035,0.9991
2025-11-12 12:38:03,7.7240,303.8709,0.9991
2025-11-12 12:38:03,7.7240,303.8709,0.9991
2025-11-12 12:38:03,7.7240,303.7980,0.9991
2025-11-12 12:38:03,7.7243,306.2873,0.9990
2025-11-12 12:38:03,7.7261,293.5915,0.9991
2025-11-12 12:38:03,7.7261,293.5915,0.9991
2025-11-12 12:38:03,7.7273,328.3487,0.9990
2025-11-12 12:38:04,7.7276,330.0695,0.9990
2025-11-12 12:38:04,7.7281,327.0693,0.9990
2025-11-12 12:38:04,7.7234,471.1309,0.9985
2025-11-12 12:38:04,7.7231,462.0037,0.9986
2025-11-12 12:38:04,7.7231,462.0037,0.9986
2025-11-12 12:38:04,7.7227,463.2567,0.9986
2025-11-12 12:38:04,7.7274,321.1638,0.9990
2025-11-12 12:38:04,7.7265,295.6210,0.9991
2025-11-12 12:38:04,7.7258,291.4547,0.9991
2025-11-12 12:38:04,7.7256,292.2863,0.9991
2025-11-12 12:38:05,7.7256,292.2863,0.9991
2025-11-12 12:38:05,7.7252,279.6304,0.9991
2025-11-12 12:38:05,7.7250,278.8587,0.9991
2025-11-12 12:38:05,7.7233,290.2784,0.9991
2025-11-12 12:38:05,7.7226,307.3681,0.9990
2025-11-12 12:38:05,7.7219,288.5451,0.9991
2025-11-12 12:38:05,7.7225,292.6038,0.9991
2025-11-12 12:38:06,7.7229,289.6380,0.9991
2025-11-12 12:38:06,7.7236,272.4339,0.9991
2025-11-12 12:38:06,7.7218,229.2488,0.9993
2025-11-12 12:38:06,7.7211,223.5941,0.9993
2025-11-12 12:38:06,7.7227,216.6556,0.9993
2025-11-12 12:38:06,7.7229,211.2104,0.9993
2025-11-12 12:38:06,7.7222,196.8000,0.9994
2025-11-12 12:38:06,7.7199,187.7999,0.9994
2025-11-12 12:38:07,7.7180,193.2623,0.9994
2025-11-12 12:38:07,7.7184,185.2343,0.9994
2025-11-12 12:38:07,7.7108,68.0185,0.9998
2025-11-12 12:38:07,7.7138,98.6097,0.9997
2025-11-12 12:38:07,7.7139,98.3301,0.9997
2025-11-12 12:38:07,7.7121,132.0856,0.9996
2025-11-12 12:38:07,7.7103,122.7461,0.9996
2025-11-12 12:38:07,7.7097,113.8311,0.9996
2025-11-12 12:38:07,7.7095,113.6473,0.9996
2025-11-12 12:38:07,7.7107,92.8045,0.9997
2025-11-12 12:38:07,7.7098,90.7371,0.9997
2025-11-12 12:38:08,7.7100,93.6200,0.9997
2025-11-12 12:38:08,7.7099,93.6003,0.9997
2025-11-12 12:38:08,7.7099,93.6003,0.9997
2025-11-12 12:38:08,7.7077,94.5190,0.9997
2025-11-12 12:38:08,7.7081,101.8336,0.9997
2025-11-12 12:38:08,7.7087,102.7918,0.9997
2025-11-12 12:38:08,7.7088,101.3087,0.9997
2025-11-12 12:38:08,7.7125,102.2742,0.9997
2025-11-12 12:38:09,7.7122,98.0813,0.9997
2025-11-12 12:38:09,7.7136,100.0452,0.9997
2025-11-12 12:38:09,7.7132,106.7764,0.9997
2025-11-12 12:38:09,7.7127,105.3700,0.9997
2025-11-12 12:38:09,7.7132,111.5121,0.9996
2025-11-12 12:38:09,7.7130,110.9405,0.9996
2025-11-12 12:38:09,7.7142,89.9281,0.9997
2025-11-12 12:38:09,7.7130,89.6705,0.9997
2025-11-12 12:38:09,7.7105,60.0267,0.9998
2025-11-12 12:38:10,7.7087,55.5567,0.9998
2025-11-12 12:38:10,7.7079,67.0250,0.9998
2025-11-12 12:38:10,7.7164,156.7901,0.9995
2025-11-12 12:38:10,7.7173,162.5376,0.9995
2025-11-12 12:38:10,7.7196,157.2038,0.9995
2025-11-12 12:38:10,7.7197,153.2847,0.9995
2025-11-12 12:38:10,7.7187,137.2503,0.9996
2025-11-12 12:38:10,7.7195,142.3686,0.9996
2025-11-12 12:38:11,7.7180,144.6333,0.9995
2025-11-12 12:38:11,7.7177,150.3914,0.9995
2025-11-12 12:38:11,7.7192,174.9109,0.9994
2025-11-12 12:38:11,7.7196,178.7734,0.9994
2025-11-12 12:38:11,7.7208,175.4757,0.9994
2025-11-12 12:38:11,7.7209,172.7605,0.9995
2025-11-12 12:38:11,7.7254,271.9790,0.9992
2025-11-12 12:38:11,7.7254,271.9790,0.9992
2025-11-12 12:38:11,7.7257,270.6109,0.9992
2025-11-12 12:38:11,7.7274,229.5184,0.9993
2025-11-12 12:38:12,7.7285,258.9321,0.9992
2025-11-12 12:38:12,7.7267,256.6288,0.9992
2025-11-12 12:38:12,7.7246,270.9406,0.9992
2025-11-12 12:38:12,7.7249,264.9908,0.9992
2025-11-12 12:38:12,7.7236,227.6631,0.9993
2025-11-12 12:38:12,7.7249,231.1129,0.9993
2025-11-12 12:38:12,7.7234,246.0731,0.9992
2025-11-12 12:38:12,7.7214,288.8051,0.9991
2025-11-12 12:38:13,7.7216,295.9061,0.9991
2025-11-12 12:38:13,7.7216,296.0022,0.9991
2025-11-12 12:38:13,7.7230,283.4257,0.9991
2025-11-12 12:38:13,7.7229,285.7903,0.9991
2025-11-12 12:38:13,7.7223,269.6455,0.9992
2025-11-12 12:38:13,7.7218,266.8444,0.9992
2025-11-12 12:38:13,7.7235,257.0881,0.9992
2025-11-12 12:38:13,7.7235,257.0881,0.9992
2025-11-12 12:38:13,7.7246,288.0274,0.9991
2025-11-12 12:38:13,7.7264,296.1389,0.9991
2025-11-12 12:38:13,7.7251,305.8032,0.9990
2025-11-12 12:38:14,7.7251,305.8032,0.9990
2025-11-12 12:38:14,7.7255,318.6152,0.9990
2025-11-12 12:38:14,7.7258,320.9614,0.9990
2025-11-12 12:38:14,7.7276,308.2712,0.9990
2025-11-12 12:38:14,7.7276,308.2712,0.9990
2025-11-12 12:38:14,7.7284,333.7402,0.9990
2025-11-12 12:38:14,7.7278,330.4455,0.9990
2025-11-12 12:38:14,7.7263,341.3292,0.9989
2025-11-12 12:38:14,7.7245,389.1968,0.9988
2025-11-12 12:38:14,7.7250,403.2475,0.9987
2025-11-12 12:38:15,7.7233,395.5165,0.9988
2025-11-12 12:38:15,7.7249,386.9096,0.9988
2025-11-12 12:38:15,7.7283,298.6748,0.9991
2025-11-12 12:38:15,7.7271,264.3863,0.9992
2025-11-12 12:38:15,7.7265,264.3568,0.9992
2025-11-12 12:38:15,7.7245,277.4956,0.9991
2025-11-12 12:38:15,7.7219,338.3062,0.9989
2025-11-12 12:38:15,7.7220,341.8562,0.9989
2025-11-12 12:38:15,7.7234,346.6408,0.9989
2025-11-12 12:38:16,7.7251,336.0495,0.9990
2025-11-12 12:38:16,7.7254,326.0247,0.9990
2025-11-12 12:38:16,7.7249,310.1717,0.9990
2025-11-12 12:38:16,7.7233,306.3794,0.9990
2025-11-12 12:38:16,7.7219,312.7709,0.9990
2025-11-12 12:38:16,7.7225,297.6207,0.9991
2025-11-12 12:38:16,7.7227,302.6368,0.9991
2025-11-12 12:38:16,7.7235,304.2080,0.9990
2025-11-12 12:38:16,7.7236,303.4034,0.9991
2025-11-12 12:38:17,7.7261,248.1524,0.9992
2025-11-12 12:38:17,7.7243,198.3849,0.9994
2025-11-12 12:38:17,7.7257,203.2417,0.9994
2025-11-12 12:38:17,7.7251,207.8957,0.9994
2025-11-12 12:38:17,7.7226,261.4457,0.9992
2025-11-12 12:38:17,7.7231,274.4388,0.9991
2025-11-12 12:38:17,7.7239,280.6848,0.9991
2025-11-12 12:38:17,7.7242,278.7278,0.9991
2025-11-12 12:38:18,7.7243,276.2844,0.9991
2025-11-12 12:38:18,7.7256,313.9472,0.9990
2025-11-12 12:38:18,7.7248,308.6579,0.9990
2025-11-12 12:38:18,7.7248,308.2707,0.9990
2025-11-12 12:38:18,7.7245,317.6443,0.9990
2025-11-12 12:38:18,7.7252,339.9542,0.9989
2025-11-12 12:38:18,7.7244,336.4750,0.9990
2025-11-12 12:38:18,7.7251,330.9159,0.9990
2025-11-12 12:38:19,7.7257,316.7534,0.9990
2025-11-12 12:38:19,7.7257,316.6208,0.9990
2025-11-12 12:38:19,7.7257,316.6208,0.9990
2025-11-12 12:38:19,7.7266,311.3795,0.9990
2025-11-12 12:38:19,7.7258,331.4314,0.9990
2025-11-12 12:38:19,7.7248,301.9168,0.9991
2025-11-12 12:38:19,7.7264,309.2403,0.9990
2025-11-12 12:38:19,7.7262,310.0277,0.9990
2025-11-12 12:38:20,7.7267,297.1641,0.9991
2025-11-12 12:38:20,7.7273,313.3564,0.9990
2025-11-12 12:38:20,7.7265,309.7265,0.9990
2025-11-12 12:38:20,7.7249,320.9565,0.9990
2025-11-12 12:38:20,7.7249,320.9565,0.9990
2025-11-12 12:38:20,7.7255,339.6643,0.9989
2025-11-12 12:38:20,7.7255,339.6643,0.9989
2025-11-12 12:38:20,7.7256,339.3406,0.9989
2025-11-12 12:38:21,7.7249,355.6907,0.9989
2025-11-12 12:38:21,7.7243,334.5795,0.9990
2025-11-12 12:38:21,7.7243,334.5795,0.9990
2025-11-12 12:38:21,7.7261,323.1483,0.9990
2025-11-12 12:38:21,7.7267,306.3736,0.9990
2025-11-12 12:38:21,7.7262,292.0577,0.9991
2025-11-12 12:38:21,7.7271,296.5739,0.9991
2025-11-12 12:38:21,7.7259,303.6082,0.9991
2025-11-12 12:38:21,7.7259,303.6082,0.9991
2025-11-12 12:38:21,7.7269,332.5237,0.9990
2025-11-12 12:38:22,7.7261,327.9588,0.9990
2025-11-12 12:38:22,7.7268,322.8542,0.9990
2025-11-12 12:38:22,7.7266,327.9089,0.9990
2025-11-12 12:38:22,7.7268,332.0865,0.9990
2025-11-12 12:38:22,7.7271,333.3618,0.9990
2025-11-12 12:38:22,7.7243,357.4503,0.9989
2025-11-12 12:38:22,7.7270,295.3474,0.9991
2025-11-12 12:38:23,7.7265,280.5139,0.9991
2025-11-12 12:38:23,7.7264,279.9730,0.9991
2025-11-12 12:38:23,7.7276,266.1373,0.9992
2025-11-12 12:38:23,7.7242,348.2169,0.9989
2025-11-12 12:38:23,7.7211,261.6938,0.9992
2025-11-12 12:38:23,7.7217,266.5263,0.9992
2025-11-12 12:38:23,7.7220,264.6251,0.9992
2025-11-12 12:38:23,7.7232,235.4134,0.9993
2025-11-12 12:38:23,7.7245,269.4503,0.9992
2025-11-12 12:38:24,7.7249,272.0170,0.9992
2025-11-12 12:38:24,7.7247,273.1042,0.9991
2025-11-12 12:38:24,7.7245,277.6115,0.9991
2025-11-12 12:38:24,7.7265,333.8693,0.9990
2025-11-12 12:38:24,7.7255,327.8347,0.9990
2025-11-12 12:38:24,7.7255,327.6915,0.9990
2025-11-12 12:38:24,7.7248,346.5100,0.9989
2025-11-12 12:38:24,7.7248,347.6251,0.9989
2025-11-12 12:38:24,7.7255,351.7460,0.9989
2025-11-12 12:38:24,7.7255,351.7941,0.9989
2025-11-12 12:38:25,7.7261,335.2257,0.9990
2025-11-12 12:38:25,7.7256,319.9836,0.9990
2025-11-12 12:38:25,7.7261,323.2860,0.9990
2025-11-12 12:38:25,7.7277,311.1226,0.9990
2025-11-12 12:38:25,7.7266,343.1434,0.9989
2025-11-12 12:38:25,7.7257,317.9720,0.9990
2025-11-12 12:38:25,7.7227,303.1349,0.9991
2025-11-12 12:38:25,7.7209,310.8828,0.9990
2025-11-12 12:38:25,7.7221,282.8968,0.9991
2025-11-12 12:38:25,7.7229,307.8582,0.9990
2025-11-12 12:38:25,7.7195,312.3674,0.9990
2025-11-12 12:38:26,7.7206,307.7061,0.9990
2025-11-12 12:38:26,7.7209,301.3978,0.9991
2025-11-12 12:38:26,7.7209,299.1483,0.9991
2025-11-12 12:38:26,7.7236,291.3953,0.9991
2025-11-12 12:38:26,7.7241,289.3438,0.9991
2025-11-12 12:38:26,7.7238,296.2061,0.9991
2025-11-12 12:38:26,7.7249,329.6630,0.9990
2025-11-12 12:38:26,7.7280,336.2435,0.9990
2025-11-12 12:38:26,7.7274,341.0105,0.9989
2025-11-12 12:38:26,7.7274,341.0105,0.9989
2025-11-12 12:38:26,7.7256,289.9976,0.9991
2025-11-12 12:38:26,7.7253,287.9900,0.9991
2025-11-12 12:38:27,7.7242,296.2274,0.9991
2025-11-12 12:38:27,7.7239,304.3076,0.9990
2025-11-12 12:38:27,7.7241,310.8764,0.9990
2025-11-12 12:38:27,7.7244,312.8570,0.9990
2025-11-12 12:38:27,7.7241,315.2067,0.9990
2025-11-12 12:38:27,7.7246,302.8239,0.9991
2025-11-12 12:38:27,7.7241,288.1329,0.9991
2025-11-12 12:38:27,7.7235,283.6387,0.9991
2025-11-12 12:38:27,7.7239,279.8621,0.9991
2025-11-12 12:38:27,7.7238,281.6196,0.9991
2025-11-12 12:38:27,7.7242,291.2592,0.9991
2025-11-12 12:38:27,7.7166,301.5941,0.9990
2025-11-12 12:38:27,7.7147,310.7464,0.9990
2025-11-12 12:38:28,7.7149,307.3477,0.9990
2025-11-12 12:38:28,7.7162,355.6182,0.9989
2025-11-12 12:38:28,7.7143,375.0051,0.9988
2025-11-12 12:38:28,7.7161,366.4739,0.9988
2025-11-12 12:38:28,7.7159,370.0166,0.9988
2025-11-12 12:38:28,7.7150,337.6208,0.9989
2025-11-12 12:38:28,7.7187,304.7999,0.9990
2025-11-12 12:38:28,7.7169,316.2036,0.9990
2025-11-12 12:38:28,7.7171,312.5506,0.9990
2025-11-12 12:38:28,7.7182,350.6330,0.9989
2025-11-12 12:38:29,7.7226,346.2977,0.9989
2025-11-12 12:38:29,7.7246,327.0792,0.9990
2025-11-12 12:38:29,7.7249,318.6263,0.9990
2025-11-12 12:38:29,7.7248,315.8598,0.9990
2025-11-12 12:38:29,7.7254,317.1226,0.9990
2025-11-12 12:38:29,7.7256,315.3417,0.9990
2025-11-12 12:38:29,7.7268,288.7938,0.9991
2025-11-12 12:38:29,7.7264,278.9553,0.9991
2025-11-12 12:38:29,7.7273,281.6680,0.9991
2025-11-12 12:38:29,7.7270,284.4357,0.9991
2025-11-12 12:38:30,7.7253,324.4237,0.9990
2025-11-12 12:38:30,7.7249,312.2629,0.9990
2025-11-12 12:38:30,7.7249,311.8971,0.9990
2025-11-12 12:38:30,7.7236,324.2289,0.9990
2025-11-12 12:38:30,7.7229,339.4835,0.9989
2025-11-12 12:38:30,7.7240,375.7303,0.9988
2025-11-12 12:38:30,7.7236,373.2679,0.9988
2025-11-12 12:38:30,7.7225,386.2913,0.9988
2025-11-12 12:38:30,7.7198,459.6681,0.9986
2025-11-12 12:38:31,7.7201,470.7387,0.9985
2025-11-12 12:38:31,7.7203,472.8160,0.9985
2025-11-12 12:38:31,7.7227,450.3809,0.9986
2025-11-12 12:38:31,7.7263,351.1604,0.9989
2025-11-12 12:38:31,7.7270,376.1495,0.9988
2025-11-12 12:38:31,7.7260,373.7269,0.9988
2025-11-12 12:38:31,7.7261,372.9708,0.9988
2025-11-12 12:38:31,7.7259,377.6519,0.9988
2025-11-12 12:38:31,7.7252,352.8851,0.9989
2025-11-12 12:38:31,7.7262,355.8477,0.9989
2025-11-12 12:38:32,7.7271,348.6981,0.9989
2025-11-12 12:38:32,7.7270,351.3193,0.9989
2025-11-12 12:38:32,7.7277,375.0843,0.9988
2025-11-12 12:38:32,7.7243,375.9574,0.9988
2025-11-12 12:38:32,7.7233,382.5061,0.9988
2025-11-12 12:38:32,7.7227,398.0095,0.9988
2025-11-12 12:38:32,7.7223,383.6656,0.9988
2025-11-12 12:38:32,7.7261,389.0498,0.9988
2025-11-12 12:38:32,7.7276,377.3868,0.9988
2025-11-12 12:38:33,7.7276,374.6676,0.9988
2025-11-12 12:38:33,7.7277,376.4296,0.9988
2025-11-12 12:38:33,7.7271,374.4135,0.9988
2025-11-12 12:38:33,7.7272,373.6765,0.9988
2025-11-12 12:38:33,7.7275,366.5723,0.9989
2025-11-12 12:38:33,7.7266,338.5196,0.9989
2025-11-12 12:38:33,7.7261,337.1069,0.9990
2025-11-12 12:38:33,7.7263,336.1365,0.9990
2025-11-12 12:38:34,7.7254,360.1608,0.9989
2025-11-12 12:38:34,7.7254,360.1608,0.9989
2025-11-12 12:38:34,7.7253,359.8327,0.9989
2025-11-12 12:38:34,7.7236,369.9528,0.9988
2025-11-12 12:38:34,7.7245,346.9075,0.9989
2025-11-12 12:38:34,7.7260,398.2284,0.9988
2025-11-12 12:38:34,7.7269,401.0746,0.9988
2025-11-12 12:38:34,7.7285,388.2835,0.9988
2025-11-12 12:38:34,7.7276,413.5241,0.9987
2025-11-12 12:38:35,7.7267,382.5586,0.9988
2025-11-12 12:38:35,7.7270,383.8308,0.9988
2025-11-12 12:38:35,7.7253,396.2555,0.9988
2025-11-12 12:38:35,7.7265,365.0661,0.9989
2025-11-12 12:38:35,7.7259,344.7919,0.9989
2025-11-12 12:38:35,7.7247,339.9749,0.9989
2025-11-12 12:38:35,7.7223,366.5071,0.9989
2025-11-12 12:38:35,7.7226,359.8951,0.9989
2025-11-12 12:38:35,7.7225,357.5944,0.9989
2025-11-12 12:38:35,7.7215,353.9395,0.9989
2025-11-12 12:38:36,7.7247,323.0955,0.9990
2025-11-12 12:38:36,7.7243,334.0506,0.9990
2025-11-12 12:38:36,7.7246,343.7441,0.9989
2025-11-12 12:38:36,7.7267,349.8919,0.9989
2025-11-12 12:38:36,7.7264,352.2232,0.9989
2025-11-12 12:38:36,7.7251,388.9640,0.9988
2025-11-12 12:38:36,7.7245,369.0418,0.9988
2025-11-12 12:38:36,7.7208,358.7271,0.9989
2025-11-12 12:38:36,7.7218,354.8094,0.9989
2025-11-12 12:38:37,7.7241,298.2726,0.9991
2025-11-12 12:38:37,7.7244,306.5559,0.9990
2025-11-12 12:38:37,7.7258,304.3815,0.9991
2025-11-12 12:38:37,7.7257,305.0994,0.9991
2025-11-12 12:38:37,7.7249,324.5315,0.9990
2025-11-12 12:38:37,7.7230,267.7497,0.9992
2025-11-12 12:38:37,7.7202,270.5711,0.9991
2025-11-12 12:38:37,7.7209,269.4374,0.9992
2025-11-12 12:38:37,7.7210,267.1966,0.9992
2025-11-12 12:38:37,7.7211,271.1352,0.9991
2025-11-12 12:38:38,7.7186,288.1254,0.9991
2025-11-12 12:38:38,7.7167,290.3992,0.9991
2025-11-12 12:38:38,7.7189,252.2768,0.9992
2025-11-12 12:38:38,7.7188,249.0697,0.9992
2025-11-12 12:38:38,7.7229,227.4074,0.9993
2025-11-12 12:38:38,7.7241,220.4981,0.9993
2025-11-12 12:38:38,7.7220,265.4357,0.9992
2025-11-12 12:38:38,7.7227,286.9116,0.9991
2025-11-12 12:38:38,7.7244,287.4212,0.9991
2025-11-12 12:38:39,7.7239,290.3282,0.9991
2025-11-12 12:38:39,7.7240,287.1299,0.9991
2025-11-12 12:38:39,7.7240,286.6952,0.9991
2025-11-12 12:38:39,7.7257,293.3266,0.9991
2025-11-12 12:38:39,7.7246,301.7746,0.9991
2025-11-12 12:38:39,7.7245,305.0257,0.9990
2025-11-12 12:38:39,7.7245,304.2549,0.9991
2025-11-12 12:38:39,7.7229,296.7135,0.9991
2025-11-12 12:38:40,7.7207,318.3170,0.9990
2025-11-12 12:38:40,7.7190,358.5158,0.9989
2025-11-12 12:38:40,7.7189,354.3506,0.9989
2025-11-12 12:38:40,7.7186,353.0650,0.9989
2025-11-12 12:38:40,7.7218,328.8239,0.9990
2025-11-12 12:38:40,7.7226,307.2367,0.9990
2025-11-12 12:38:40,7.7227,309.8666,0.9990
2025-11-12 12:38:40,7.7164,330.0344,0.9990
2025-11-12 12:38:40,7.7160,330.7183,0.9990
2025-11-12 12:38:41,7.7121,426.5709,0.9986
2025-11-12 12:38:41,7.7113,398.5052,0.9987
2025-11-12 12:38:41,7.7180,400.3594,0.9987
2025-11-12 12:38:41,7.7171,404.4582,0.9987
2025-11-12 12:38:41,7.7219,276.3839,0.9991
2025-11-12 12:38:41,7.7228,304.5042,0.9990
2025-11-12 12:38:41,7.7175,311.6563,0.9990
2025-11-12 12:38:41,7.7184,307.6502,0.9990
2025-11-12 12:38:41,7.7183,309.7341,0.9990
2025-11-12 12:38:41,7.7185,318.5257,0.9990
2025-11-12 12:38:41,7.7193,313.4584,0.9990
2025-11-12 12:38:41,7.7214,308.4320,0.9990
2025-11-12 12:38:42,7.7214,308.4320,0.9990
2025-11-12 12:38:42,7.7212,300.1387,0.9991
2025-11-12 12:38:42,7.7201,308.3575,0.9990
2025-11-12 12:38:42,7.7196,308.3643,0.9990
2025-11-12 12:38:42,7.7151,422.3948,0.9987
2025-11-12 12:38:42,7.7156,440.4737,0.9986
2025-11-12 12:38:42,7.7204,433.4563,0.9986
2025-11-12 12:38:42,7.7202,433.8210,0.9986
2025-11-12 12:38:42,7.7247,303.6451,0.9991
2025-11-12 12:38:42,7.7241,284.5454,0.9991
2025-11-12 12:38:43,7.7258,288.9118,0.9991
2025-11-12 12:38:43,7.7245,297.1127,0.9991
2025-11-12 12:38:43,7.7238,315.4587,0.9990
2025-11-12 12:38:43,7.7224,276.3590,0.9991
2025-11-12 12:38:43,7.7222,274.8910,0.9991
2025-11-12 12:38:43,7.7219,276.9083,0.9991
2025-11-12 12:38:43,7.7215,284.9371,0.9991
2025-11-12 12:38:43,7.7223,307.2640,0.9990
2025-11-12 12:38:43,7.7202,299.2831,0.9991
2025-11-12 12:38:43,7.7214,294.0383,0.9991
2025-11-12 12:38:44,7.7226,264.3805,0.9992
2025-11-12 12:38:44,7.7237,297.4728,0.9991
2025-11-12 12:38:44,7.7258,300.5584,0.9991
2025-11-12 12:38:44,7.7245,310.1237,0.9990
2025-11-12 12:38:44,7.7243,314.6107,0.9990
2025-11-12 12:38:44,7.7233,283.4914,0.9991
2025-11-12 12:38:44,7.7239,287.3123,0.9991
2025-11-12 12:38:44,7.7243,284.2769,0.9991
2025-11-12 12:38:45,7.7242,286.7223,0.9991
2025-11-12 12:38:45,7.7240,282.4042,0.9991
2025-11-12 12:38:45,7.7239,281.2744,0.9991
2025-11-12 12:38:45,7.7239,281.1578,0.9991
2025-11-12 12:38:45,7.7239,281.1578,0.9991
2025-11-12 12:38:45,7.7242,290.7117,0.9991
2025-11-12 12:38:45,7.7250,295.4477,0.9991
2025-11-12 12:38:45,7.7266,285.1028,0.9991
2025-11-12 12:38:45,7.7256,310.1473,0.9990
2025-11-12 12:38:46,7.7255,307.0832,0.9990
2025-11-12 12:38:46,7.7259,309.4256,0.9990
2025-11-12 12:38:46,7.7238,322.2803,0.9990
2025-11-12 12:38:46,7.7248,298.2706,0.9991
2025-11-12 12:38:46,7.7251,308.4134,0.9990
2025-11-12 12:38:46,7.7241,301.1076,0.9991
2025-11-12 12:38:46,7.7245,297.9102,0.9991
2025-11-12 12:38:46,7.7245,297.9102,0.9991
2025-11-12 12:38:46,7.7244,294.8012,0.9991
2025-11-12 12:38:47,7.7244,294.8012,0.9991
2025-11-12 12:38:47,7.7235,301.4677,0.9991
2025-11-12 12:38:47,7.7229,317.0146,0.9990
2025-11-12 12:38:47,7.7235,335.1052,0.9990
2025-11-12 12:38:47,7.7238,336.9955,0.9989
2025-11-12 12:38:47,7.7262,320.1278,0.9990
2025-11-12 12:38:47,7.7251,351.7158,0.9989
2025-11-12 12:38:47,7.7247,338.3535,0.9989
2025-11-12 12:38:48,7.7251,341.2610,0.9989
2025-11-12 12:38:48,7.7235,350.3171,0.9989
2025-11-12 12:38:48,7.7252,303.6751,0.9991
2025-11-12 12:38:48,7.7265,342.4092,0.9989
2025-11-12 12:38:48,7.7265,342.4092,0.9989
2025-11-12 12:38:48,7.7281,330.2378,0.9990
2025-11-12 12:38:48,7.7281,330.2378,0.9990
2025-11-12 12:38:48,7.7285,342.8958,0.9989
2025-11-12 12:38:49,7.7252,337.5836,0.9989
2025-11-12 12:38:49,7.7225,355.9371,0.9989
2025-11-12 12:38:49,7.7237,327.2420,0.9990
2025-11-12 12:38:49,7.7248,366.4260,0.9989
2025-11-12 12:38:49,7.7256,365.9373,0.9989
2025-11-12 12:38:49,7.7289,338.9894,0.9990
2025-11-12 12:38:49,7.7287,344.3927,0.9989
2025-11-12 12:38:49,7.7288,347.2815,0.9989
2025-11-12 12:38:50,7.7287,347.3179,0.9989
2025-11-12 12:38:50,7.7278,352.5825,0.9989
2025-11-12 12:38:50,7.7268,379.4006,0.9988
2025-11-12 12:38:50,7.7264,365.5262,0.9989
2025-11-12 12:38:50,7.7285,368.5665,0.9989
2025-11-12 12:38:50,7.7283,370.0332,0.9989
2025-11-12 12:38:50,7.7283,370.0332,0.9989
2025-11-12 12:38:50,7.7267,321.1687,0.9990
2025-11-12 12:38:50,7.7220,320.6957,0.9990
2025-11-12 12:38:50,7.7190,339.2896,0.9989
2025-11-12 12:38:51,7.7201,317.5535,0.9990
2025-11-12 12:38:51,7.7211,354.7575,0.9989
2025-11-12 12:38:51,7.7238,351.3342,0.9989
2025-11-12 12:38:51,7.7268,323.9466,0.9990
2025-11-12 12:38:51,7.7257,350.0599,0.9989
2025-11-12 12:38:51,7.7250,324.1091,0.9990
2025-11-12 12:38:51,7.7200,344.1759,0.9989
2025-11-12 12:38:51,7.7183,350.8608,0.9989
2025-11-12 12:38:51,7.7184,348.7734,0.9989
2025-11-12 12:38:52,7.7186,357.2588,0.9989
2025-11-12 12:38:52,7.7217,341.9926,0.9989
2025-11-12 12:38:52,7.7236,330.8815,0.9990
2025-11-12 12:38:52,7.7237,327.7016,0.9990
2025-11-12 12:38:52,7.7238,332.0507,0.9990
2025-11-12 12:38:52,7.7265,329.6578,0.9990
2025-11-12 12:38:52,7.7240,349.3449,0.9989
2025-11-12 12:38:52,7.7239,352.5540,0.9989
2025-11-12 12:38:52,7.7249,388.8689,0.9988
2025-11-12 12:38:53,7.7256,390.9687,0.9988
2025-11-12 12:38:53,7.7284,365.9751,0.9989
2025-11-12 12:38:53,7.7286,361.0064,0.9989
2025-11-12 12:38:53,7.7283,348.2608,0.9989
2025-11-12 12:38:53,7.7285,348.8978,0.9989
2025-11-12 12:38:53,7.7275,356.3303,0.9989
2025-11-12 12:38:53,7.7264,385.0071,0.9988
2025-11-12 12:38:53,7.7263,380.1776,0.9988
2025-11-12 12:38:53,7.7271,384.2683,0.9988
2025-11-12 12:38:54,7.7279,378.3796,0.9988
2025-11-12 12:38:54,7.7283,369.0896,0.9989
2025-11-12 12:38:54,7.7272,334.6964,0.9990
2025-11-12 12:38:54,7.7256,328.2006,0.9990
2025-11-12 12:38:54,7.7256,328.1868,0.9990
2025-11-12 12:38:54,7.7261,316.3017,0.9990
2025-11-12 12:38:54,7.7262,319.3203,0.9990
2025-11-12 12:38:54,7.7257,318.4168,0.9990
2025-11-12 12:38:54,7.7225,343.9925,0.9989
2025-11-12 12:38:55,7.7225,343.9925,0.9989
2025-11-12 12:38:55,7.7214,310.1353,0.9990
2025-11-12 12:38:55,7.7229,318.3911,0.9990
2025-11-12 12:38:55,7.7246,301.7411,0.9991
2025-11-12 12:38:55,7.7246,301.7411,0.9991
2025-11-12 12:38:55,7.7248,306.4957,0.9990
2025-11-12 12:38:55,7.7237,301.1640,0.9991
2025-11-12 12:38:55,7.7242,297.4114,0.9991
2025-11-12 12:38:55,7.7245,290.4769,0.9991
2025-11-12 12:38:56,7.7249,301.3260,0.9991
2025-11-12 12:38:56,7.7261,306.4919,0.9990
2025-11-12 12:38:56,7.7247,319.3815,0.9990
2025-11-12 12:38:56,7.7245,323.8909,0.9990
2025-11-12 12:38:56,7.7249,336.2414,0.9990
2025-11-12 12:38:56,7.7243,332.8660,0.9990
2025-11-12 12:38:56,7.7249,326.6727,0.9990
2025-11-12 12:38:56,7.7248,329.1610,0.9990
2025-11-12 12:38:56,7.7253,345.2445,0.9989
2025-11-12 12:38:56,7.7264,350.8278,0.9989
2025-11-12 12:38:57,7.7268,347.2202,0.9989
2025-11-12 12:38:57,7.7268,347.2202,0.9989
2025-11-12 12:38:57,7.7259,319.2344,0.9990
2025-11-12 12:38:57,7.7259,319.2344,0.9990
2025-11-12 12:38:57,7.7273,309.0723,0.9990
2025-11-12 12:38:57,7.7273,309.0723,0.9990
2025-11-12 12:38:57,7.7272,304.0833,0.9991
2025-11-12 12:38:57,7.7253,296.5844,0.9991
2025-11-12 12:38:57,7.7252,296.8893,0.9991
2025-11-12 12:38:57,7.7255,291.0617,0.9991
2025-11-12 12:38:57,7.7259,304.2587,0.9991
2025-11-12 12:38:58,7.7269,307.1987,0.9990
2025-11-12 12:38:58,7.7270,307.0339,0.9990
2025-11-12 12:38:58,7.7290,257.9768,0.9992
2025-11-12 12:38:58,7.7284,240.9912,0.9993
2025-11-12 12:38:58,7.7276,239.3069,0.9993
2025-11-12 12:38:58,7.7275,240.1968,0.9993
2025-11-12 12:38:58,7.7248,302.8122,0.9991
2025-11-12 12:38:58,7.7255,322.7945,0.9990
2025-11-12 12:38:59,7.7263,325.6934,0.9990
2025-11-12 12:38:59,7.7259,328.0392,0.9990
2025-11-12 12:38:59,7.7263,318.0973,0.9990
2025-11-12 12:38:59,7.7268,334.5283,0.9990
2025-11-12 12:38:59,7.7268,334.5283,0.9990
2025-11-12 12:38:59,7.7274,330.8277,0.9990
2025-11-12 12:38:59,7.7277,323.3258,0.9990
2025-11-12 12:38:59,7.7264,285.3954,0.9991
2025-11-12 12:39:00,7.7266,286.2265,0.9991
2025-11-12 12:39:00,7.7212,340.2178,0.9989
2025-11-12 12:39:00,7.7216,332.4888,0.9990
2025-11-12 12:39:00,7.7219,343.3339,0.9989
2025-11-12 12:39:00,7.7213,339.0002,0.9989
2025-11-12 12:39:00,7.7241,304.2726,0.9991
2025-11-12 12:39:00,7.7217,363.9974,0.9989
2025-11-12 12:39:00,7.7210,341.2515,0.9989
2025-11-12 12:39:00,7.7195,333.3546,0.9990
2025-11-12 12:39:01,7.7221,321.0734,0.9990
2025-11-12 12:39:01,7.7242,269.1807,0.9992
2025-11-12 12:39:01,7.7257,314.5622,0.9990
2025-11-12 12:39:01,7.7270,316.0019,0.9990
2025-11-12 12:39:01,7.7248,332.6994,0.9990
2025-11-12 12:39:01,7.7237,359.5672,0.9989
2025-11-12 12:39:01,7.7231,340.7360,0.9989
2025-11-12 12:39:01,7.7212,334.9919,0.9989
2025-11-12 12:39:02,7.7202,343.3307,0.9989
2025-11-12 12:39:02,7.7197,355.6189,0.9989
2025-11-12 12:39:02,7.7209,398.8828,0.9987
2025-11-12 12:39:02,7.7223,402.6204,0.9987
2025-11-12 12:39:02,7.7224,401.5165,0.9987
2025-11-12 12:39:02,7.7240,361.9845,0.9989
2025-11-12 12:39:02,7.7217,288.6028,0.9991
2025-11-12 12:39:02,7.7213,286.9851,0.9991
2025-11-12 12:39:03,7.7250,264.6728,0.9992
2025-11-12 12:39:03,7.7245,275.6722,0.9991
2025-11-12 12:39:03,7.7243,268.1527,0.9992
2025-11-12 12:39:03,7.7264,276.9204,0.9991
2025-11-12 12:39:03,7.7241,290.5670,0.9991
2025-11-12 12:39:03,7.7240,293.4255,0.9991
2025-11-12 12:39:03,7.7220,242.5973,0.9992
2025-11-12 12:39:03,7.7225,247.3284,0.9992
2025-11-12 12:39:03,7.7229,244.4317,0.9992
2025-11-12 12:39:03,7.7242,215.7003,0.9993
2025-11-12 12:39:03,7.7257,252.1675,0.9992
2025-11-12 12:39:04,7.7245,244.0846,0.9992
2025-11-12 12:39:04,7.7238,249.7617,0.9992
2025-11-12 12:39:04,7.7230,268.8137,0.9992
2025-11-12 12:39:04,7.7223,250.5944,0.9992
2025-11-12 12:39:04,7.7203,240.4488,0.9992
2025-11-12 12:39:04,7.7209,236.7155,0.9993
2025-11-12 12:39:04,7.7208,239.4423,0.9992
2025-11-12 12:39:04,7.7221,274.8135,0.9991
2025-11-12 12:39:04,7.7197,275.5843,0.9991
2025-11-12 12:39:04,7.7177,287.1621,0.9991
2025-11-12 12:39:05,7.7155,337.8120,0.9989
2025-11-12 12:39:05,7.7114,218.2174,0.9993
2025-11-12 12:39:05,7.7144,235.0672,0.9993
2025-11-12 12:39:05,7.7177,226.5103,0.9993
2025-11-12 12:39:05,7.7200,173.0335,0.9995
2025-11-12 12:39:05,7.7239,263.0064,0.9992
2025-11-12 12:39:05,7.7226,261.4786,0.9992
2025-11-12 12:39:05,7.7220,263.2042,0.9992
2025-11-12 12:39:05,7.7222,257.8455,0.9992
2025-11-12 12:39:05,7.7222,255.3801,0.9992
2025-11-12 12:39:06,7.7125,338.6850,0.9989
2025-11-12 12:39:06,7.7128,339.4559,0.9989
2025-11-12 12:39:06,7.7127,341.7496,0.9989
2025-11-12 12:39:06,7.7126,337.3580,0.9989
2025-11-12 12:39:06,7.7185,266.0225,0.9992
2025-11-12 12:39:06,7.7169,269.4086,0.9991
2025-11-12 12:39:06,7.7171,265.7692,0.9992
2025-11-12 12:39:06,7.7149,203.9370,0.9994
2025-11-12 12:39:06,7.7196,203.4745,0.9994
2025-11-12 12:39:06,7.7202,200.5543,0.9994
2025-11-12 12:39:07,7.7201,204.0560,0.9994
2025-11-12 12:39:07,7.7205,215.3722,0.9993
2025-11-12 12:39:07,7.7208,216.4334,0.9993
2025-11-12 12:39:07,7.7202,219.5934,0.9993
2025-11-12 12:39:07,7.7201,222.2612,0.9993
2025-11-12 12:39:07,7.7203,227.6070,0.9993
2025-11-12 12:39:07,7.7184,222.4704,0.9993
2025-11-12 12:39:07,7.7208,216.9942,0.9993
2025-11-12 12:39:07,7.7203,229.1587,0.9993
2025-11-12 12:39:08,7.7212,253.7167,0.9992
2025-11-12 12:39:08,7.7222,253.9578,0.9992
2025-11-12 12:39:08,7.7203,259.6682,0.9992
2025-11-12 12:39:08,7.7198,270.5142,0.9991
2025-11-12 12:39:08,7.7193,255.8137,0.9992
2025-11-12 12:39:08,7.7220,271.8481,0.9991
2025-11-12 12:39:08,7.7217,274.1470,0.9991
2025-11-12 12:39:08,7.7220,265.1608,0.9992
2025-11-12 12:39:08,7.7214,248.7454,0.9992
2025-11-12 12:39:08,7.7220,255.3307,0.9992
2025-11-12 12:39:09,7.7223,253.3287,0.9992
2025-11-12 12:39:09,7.7223,253.3287,0.9992
2025-11-12 12:39:09,7.7234,278.7182,0.9991
2025-11-12 12:39:09,7.7214,263.6283,0.9992
2025-11-12 12:39:09,7.7229,257.3903,0.9992
2025-11-12 12:39:09,7.7235,241.9044,0.9992
2025-11-12 12:39:09,7.7208,183.2062,0.9994
2025-11-12 12:39:09,7.7149,182.6589,0.9994
2025-11-12 12:39:09,7.7131,181.5370,0.9994
2025-11-12 12:39:10,7.7131,181.5370,0.9994
2025-11-12 12:39:10,7.7162,269.5551,0.9991
2025-11-12 12:39:10,7.7232,270.2859,0.9992
2025-11-12 12:39:10,7.7251,259.8013,0.9992
2025-11-12 12:39:10,7.7265,225.9393,0.9993
2025-11-12 12:39:10,7.7280,265.4181,0.9992
2025-11-12 12:39:10,7.7287,268.7130,0.9992
2025-11-12 12:39:10,7.7279,274.9073,0.9991
2025-11-12 12:39:10,7.7266,306.8886,0.9990
2025-11-12 12:39:10,7.7266,309.2624,0.9990
2025-11-12 12:39:11,7.7243,299.2598,0.9991
2025-11-12 12:39:11,7.7248,296.4559,0.9991
2025-11-12 12:39:11,7.7249,293.7312,0.9991
2025-11-12 12:39:11,7.7251,300.1684,0.9991
2025-11-12 12:53:18,7.7038,108.5516,0.9996
2025-11-12 12:53:18,7.7031,103.7137,0.9997
2025-11-12 12:53:18,7.7073,45.5484,0.9999
2025-11-12 12:53:18,7.7127,55.2653,0.9998
2025-11-12 12:53:19,7.7131,58.1106,0.9998
2025-11-12 12:53:19,7.7110,60.2298,0.9998
2025-11-12 12:53:19,7.7167,17.4187,0.9999
2025-11-12 12:53:19,7.7186,29.5474,0.9999
2025-11-12 12:53:19,7.7217,48.7308,0.9998
2025-11-12 12:53:19,7.7252,26.4645,0.9999
2025-11-12 12:53:19,7.7247,30.3558,0.9999
2025-11-12 12:53:19,7.7231,25.9702,0.9999
2025-11-12 12:53:19,7.7216,15.5697,1.0000
2025-11-12 12:53:20,7.7192,22.8555,0.9999
2025-11-12 12:53:20,7.7098,148.1251,0.9995
2025-11-12 12:53:20,7.7155,233.9692,0.9993
2025-11-12 12:53:20,7.7155,233.6587,0.9993
2025-11-12 12:53:20,7.7175,231.0511,0.9993
2025-11-12 12:53:20,7.7210,151.1479,0.9995
2025-11-12 12:53:20,7.7169,97.0224,0.9997
2025-11-12 12:53:20,7.7153,86.4363,0.9997
2025-11-12 12:53:20,7.7111,93.8334,0.9997
2025-11-12 12:53:21,7.7110,95.7264,0.9997
2025-11-12 12:53:21,7.7184,248.4687,0.9992
2025-11-12 12:53:21,7.7242,299.6058,0.9991
2025-11-12 12:53:21,7.7329,247.8707,0.9992
2025-11-12 12:53:21,7.7347,199.8045,0.9994
2025-11-12 12:53:21,7.7351,206.5009,0.9994
2025-11-12 12:53:21,7.7357,212.0735,0.9994
2025-11-12 12:53:21,7.7381,218.9325,0.9993
2025-11-12 12:53:21,7.7451,70.4056,0.9998
2025-11-12 12:53:21,7.7442,59.9788,0.9998
2025-11-12 12:53:21,7.7442,60.2806,0.9998
2025-11-12 12:53:22,7.7432,59.9380,0.9998
2025-11-12 12:53:22,7.7439,50.7637,0.9998
2025-11-12 12:53:22,7.7458,73.9886,0.9998
2025-11-12 12:53:22,7.7443,72.3400,0.9998
2025-11-12 12:53:22,7.7466,74.2355,0.9998
2025-11-12 12:53:22,7.7434,128.8754,0.9996
2025-11-12 12:53:22,7.7340,73.4488,0.9998
2025-11-12 12:53:22,7.7344,76.3073,0.9998
2025-11-12 12:53:22,7.7335,66.9586,0.9998
2025-11-12 12:53:22,7.7329,74.9385,0.9998
2025-11-12 12:53:22,7.7370,79.6094,0.9998
2025-11-12 12:53:23,7.7354,73.1889,0.9998
2025-11-12 12:53:23,7.7398,130.4708,0.9996
2025-11-12 12:53:23,7.7375,179.5629,0.9995
2025-11-12 12:53:23,7.7220,333.3042,0.9990
2025-11-12 12:53:23,7.7220,333.6915,0.9990
2025-11-12 12:53:23,7.7229,360.4081,0.9989
2025-11-12 12:53:23,7.7240,346.1861,0.9989
2025-11-12 12:53:23,7.7345,179.6914,0.9995
2025-11-12 12:53:23,7.7343,179.2061,0.9995
2025-11-12 12:53:23,7.7350,194.6438,0.9994
2025-11-12 12:53:24,7.7376,151.3555,0.9995
2025-11-12 12:53:24,7.7314,236.7767,0.9993
2025-11-12 12:53:24,7.7313,236.5302,0.9993
2025-11-12 12:53:24,7.7294,187.4035,0.9994
2025-11-12 12:53:24,7.7277,206.0502,0.9994
2025-11-12 12:53:24,7.7330,141.1308,0.9996
2025-11-12 12:53:24,7.7346,149.1889,0.9995
2025-11-12 12:53:24,7.7350,156.9705,0.9995
2025-11-12 12:53:24,7.7396,98.6932,0.9997
2025-11-12 12:53:25,7.7385,111.8499,0.9997
2025-11-12 12:53:25,7.7385,111.4980,0.9997
2025-11-12 12:53:25,7.7379,101.1381,0.9997
2025-11-12 12:53:25,7.7370,108.0209,0.9997
2025-11-12 12:53:25,7.7375,102.3483,0.9997
2025-11-12 12:53:25,7.7378,103.6556,0.9997
2025-11-12 12:53:25,7.7389,124.7885,0.9996
2025-11-12 12:53:25,7.7417,103.5304,0.9997
2025-11-12 12:53:25,7.7416,105.9041,0.9997
2025-11-12 12:53:25,7.7292,221.9804,0.9993
2025-11-12 12:53:25,7.7276,183.5379,0.9994
2025-11-12 12:53:26,7.7269,181.0392,0.9994
2025-11-12 12:53:26,7.7241,203.2981,0.9994
2025-11-12 12:53:26,7.7309,125.8323,0.9996
2025-11-12 12:53:26,7.7324,157.8676,0.9995
2025-11-12 12:53:26,7.7278,181.6344,0.9994
2025-11-12 12:53:26,7.7306,152.5379,0.9995
2025-11-12 12:53:26,7.7316,148.6156,0.9995
2025-11-12 12:53:26,7.7307,127.3871,0.9996
2025-11-12 12:53:27,7.7335,103.0904,0.9997
2025-11-12 12:53:27,7.7339,99.5155,0.9997
2025-11-12 12:53:27,7.7297,133.8597,0.9996
2025-11-12 12:53:27,7.7296,131.1990,0.9996
2025-11-12 12:53:27,7.7315,127.7819,0.9996
2025-11-12 12:53:27,7.7312,130.4695,0.9996
2025-11-12 12:53:27,7.7383,85.0945,0.9997
2025-11-12 12:53:27,7.7385,87.9605,0.9997
2025-11-12 12:53:27,7.7375,93.2630,0.9997
2025-11-12 12:53:27,7.7368,103.0491,0.9997
2025-11-12 12:53:28,7.7353,102.8304,0.9997
2025-11-12 12:53:28,7.7371,140.8461,0.9996
2025-11-12 12:53:28,7.7345,162.9088,0.9995
2025-11-12 12:53:28,7.7338,170.8089,0.9995
2025-11-12 12:53:28,7.7355,172.9074,0.9995
2025-11-12 12:53:28,7.7354,169.2069,0.9995
2025-11-12 12:53:28,7.7380,145.5255,0.9996
2025-11-12 12:53:28,7.7392,127.9598,0.9996
2025-11-12 12:53:28,7.7395,128.2567,0.9996
2025-11-12 12:53:29,7.7376,92.1675,0.9997
2025-11-12 12:53:29,7.7360,105.0551,0.9997
2025-11-12 12:53:29,7.7359,106.8462,0.9997
2025-11-12 12:53:29,7.7350,104.5054,0.9997
2025-11-12 12:53:29,7.7358,120.3310,0.9996
2025-11-12 12:53:29,7.7350,128.2866,0.9996
2025-11-12 12:53:29,7.7346,133.9363,0.9996
2025-11-12 12:53:29,7.7368,143.9943,0.9996
2025-11-12 12:53:29,7.7374,156.6692,0.9995
2025-11-12 12:53:29,7.7320,249.8118,0.9992
2025-11-12 12:53:30,7.7317,252.8815,0.9992
2025-11-12 12:53:30,7.7312,247.6145,0.9992
2025-11-12 12:53:30,7.7259,144.2973,0.9996
2025-11-12 12:53:30,7.7305,79.6082,0.9998
2025-11-12 12:53:30,7.7295,90.7696,0.9997
2025-11-12 12:53:30,7.7313,111.8628,0.9997
2025-11-12 12:53:30,7.7343,152.7907,0.9995
2025-11-12 12:53:30,7.7286,252.2982,0.9992
2025-11-12 12:53:31,7.7307,232.0641,0.9993
2025-11-12 12:53:31,7.7295,217.2796,0.9993
2025-11-12 12:53:31,7.7282,192.4664,0.9994
2025-11-12 12:53:31,7.7336,98.1577,0.9997
2025-11-12 12:53:31,7.7317,119.5260,0.9996
2025-11-12 12:53:31,7.7315,117.4915,0.9996
2025-11-12 12:53:31,7.7331,143.8622,0.9996
2025-11-12 12:53:31,7.7374,108.5589,0.9997
2025-11-12 12:53:31,7.7381,97.9123,0.9997
2025-11-12 12:53:31,7.7385,100.6276,0.9997
2025-11-12 12:53:31,7.7394,115.3035,0.9997
2025-11-12 12:53:31,7.7402,111.8246,0.9997
2025-11-12 12:53:31,7.7412,95.0695,0.9997
2025-11-12 12:53:32,7.7421,99.5682,0.9997
2025-11-12 12:53:32,7.7422,101.4679,0.9997
2025-11-12 12:53:32,7.7414,106.1624,0.9997
2025-11-12 12:53:32,7.7398,133.2091,0.9996
2025-11-12 12:53:32,7.7337,122.5540,0.9996
2025-11-12 12:53:32,7.7297,56.3336,0.9998
2025-11-12 12:53:32,7.7278,58.1551,0.9998
2025-11-12 12:53:32,7.7275,61.9133,0.9998
2025-11-12 12:53:32,7.7313,75.8760,0.9998
2025-11-12 12:53:33,7.7324,89.7456,0.9997
2025-11-12 12:53:33,7.7344,82.2054,0.9997
2025-11-12 12:53:33,7.7352,70.1007,0.9998
2025-11-12 12:53:33,7.7328,64.0009,0.9998
2025-11-12 12:53:33,7.7321,55.1498,0.9998
2025-11-12 12:53:33,7.7329,55.3646,0.9998
2025-11-12 12:53:33,7.7320,68.0215,0.9998
2025-11-12 12:53:33,7.7354,81.8652,0.9997
2025-11-12 12:53:33,7.7356,83.7536,0.9997
2025-11-12 12:53:33,7.7314,103.7324,0.9997
2025-11-12 12:53:33,7.7336,77.7405,0.9998
2025-11-12 12:53:34,7.7341,82.2447,0.9997
2025-11-12 12:53:34,7.7316,60.1629,0.9998
2025-11-12 12:53:34,7.7343,43.1285,0.9999
2025-11-12 12:53:34,7.7325,63.3199,0.9998
2025-11-12 12:53:34,7.7301,43.0277,0.9999
2025-11-12 12:53:34,7.7316,56.4002,0.9998
2025-11-12 12:53:34,7.7333,55.8605,0.9998
2025-11-12 12:53:34,7.7324,67.5408,0.9998
2025-11-12 12:53:34,7.7358,93.0537,0.9997
2025-11-12 12:53:34,7.7347,85.7514,0.9997
2025-11-12 12:53:35,7.7341,85.8579,0.9997
2025-11-12 12:53:35,7.7347,75.9785,0.9998
2025-11-12 12:53:35,7.7339,66.5588,0.9998
2025-11-12 12:53:35,7.7364,87.6271,0.9997
2025-11-12 12:53:35,7.7364,87.6917,0.9997
2025-11-12 12:53:35,7.7372,76.1178,0.9998
2025-11-12 12:53:35,7.7371,75.6256,0.9998
2025-11-12 12:53:35,7.7344,54.7295,0.9998
2025-11-12 12:53:35,7.7278,101.8143,0.9997
2025-11-12 12:53:36,7.7262,118.1487,0.9996
2025-11-12 12:53:36,7.7260,114.9913,0.9996
2025-11-12 12:53:36,7.7271,127.3175,0.9996
2025-11-12 12:53:36,7.7326,84.7299,0.9997
2025-11-12 12:53:36,7.7342,61.3733,0.9998
2025-11-12 12:53:36,7.7363,84.7632,0.9997
2025-11-12 12:53:36,7.7357,81.4545,0.9998
2025-11-12 12:53:36,7.7358,81.1610,0.9998
2025-11-12 12:53:36,7.7344,102.8233,0.9997
2025-11-12 12:53:36,7.7369,146.2304,0.9996
2025-11-12 12:53:37,7.7335,142.5463,0.9996
2025-11-12 12:53:37,7.7335,142.4581,0.9996
2025-11-12 12:53:37,7.7348,122.9597,0.9996
2025-11-12 12:53:37,7.7309,56.2738,0.9998
2025-11-12 12:53:37,7.7189,198.3367,0.9994
2025-11-12 12:53:37,7.7139,190.3641,0.9994
2025-11-12 12:53:37,7.7125,192.3676,0.9994
2025-11-12 12:53:37,7.7161,295.8053,0.9991
2025-11-12 12:53:37,7.7133,361.2731,0.9988
2025-11-12 12:53:37,7.7201,385.6732,0.9988
2025-11-12 12:53:37,7.7214,377.3285,0.9988
2025-11-12 12:53:38,7.7180,290.0931,0.9991
2025-11-12 12:53:38,7.7216,199.0275,0.9994
2025-11-12 12:53:38,7.7201,187.1940,0.9994
2025-11-12 12:53:38,7.7212,183.5556,0.9994
2025-11-12 12:53:38,7.7218,195.1913,0.9994
2025-11-12 12:53:38,7.7165,336.7374,0.9989
2025-11-12 12:53:38,7.7172,343.3033,0.9989
2025-11-12 12:53:38,7.7174,343.3721,0.9989
2025-11-12 12:53:38,7.7182,362.5623,0.9989
2025-11-12 12:53:38,7.7216,263.2862,0.9992
2025-11-12 12:53:39,7.7186,250.1264,0.9992
2025-11-12 12:53:39,7.7187,250.1216,0.9992
2025-11-12 12:53:39,7.7202,290.1249,0.9991
2025-11-12 12:53:39,7.7265,160.8326,0.9995
2025-11-12 12:53:39,7.7285,158.1545,0.9995
2025-11-12 12:53:39,7.7250,190.2974,0.9994
2025-11-12 12:53:39,7.7224,130.8188,0.9996
2025-11-12 12:53:39,7.7182,197.5181,0.9994
2025-11-12 12:53:39,7.7187,201.4725,0.9994
2025-11-12 12:53:40,7.7202,191.1656,0.9994
2025-11-12 12:53:40,7.7217,226.7050,0.9993
2025-11-12 12:53:40,7.7303,103.9052,0.9997
2025-11-12 12:53:40,7.7259,119.1745,0.9996
2025-11-12 12:53:40,7.7258,120.1490,0.9996
2025-11-12 12:53:40,7.7230,68.0074,0.9998
2025-11-12 12:53:40,7.7199,83.1491,0.9997
2025-11-12 12:53:40,7.7187,88.8507,0.9997
2025-11-12 12:53:40,7.7189,87.8535,0.9997
2025-11-12 12:53:40,7.7187,83.3260,0.9997
2025-11-12 12:53:41,7.7148,123.9798,0.9996
2025-11-12 12:53:41,7.7206,135.0360,0.9996
2025-11-12 12:53:41,7.7215,130.3294,0.9996
2025-11-12 12:53:41,7.7225,147.9920,0.9995
2025-11-12 12:53:41,7.7295,60.9942,0.9998
2025-11-12 12:53:41,7.7299,61.8654,0.9998
2025-11-12 12:53:41,7.7291,69.9502,0.9998
2025-11-12 12:53:41,7.7257,33.8967,0.9999
2025-11-12 12:53:41,7.7214,68.0809,0.9998
2025-11-12 12:53:41,7.7214,68.7627,0.9998
2025-11-12 12:53:42,7.7218,66.8161,0.9998
2025-11-12 12:53:42,7.7271,149.0192,0.9995
2025-11-12 12:53:42,7.7285,129.1581,0.9996
2025-11-12 12:53:42,7.7274,126.2830,0.9996
2025-11-12 12:53:42,7.7283,118.9774,0.9996
2025-11-12 12:53:42,7.7307,175.0174,0.9995
2025-11-12 12:53:42,7.7306,176.1902,0.9995
2025-11-12 12:53:42,7.7287,181.0624,0.9994
2025-11-12 12:53:42,7.7276,190.9196,0.9994
2025-11-12 12:53:43,7.7250,125.6664,0.9996
2025-11-12 12:53:43,7.7153,311.9837,0.9990
2025-11-12 12:53:43,7.7137,307.9645,0.9990
2025-11-12 12:53:43,7.7154,308.8299,0.9990
2025-11-12 12:53:43,7.7180,389.8608,0.9988
2025-11-12 12:53:43,7.7279,184.2032,0.9994
2025-11-12 12:53:43,7.7290,176.2386,0.9995
2025-11-12 12:53:43,7.7265,198.8336,0.9994
2025-11-12 12:53:43,7.7267,206.5906,0.9994
2025-11-12 12:53:43,7.7284,189.8673,0.9994
2025-11-12 12:53:43,7.7170,369.0161,0.9988
2025-11-12 12:53:43,7.7174,366.8306,0.9988
2025-11-12 12:53:44,7.7160,319.2509,0.9990
2025-11-12 12:53:44,7.7029,483.7797,0.9984
2025-11-12 12:53:44,7.7145,402.6323,0.9987
2025-11-12 12:53:44,7.7165,400.8640,0.9987
2025-11-12 12:53:44,7.7164,399.8849,0.9987
2025-11-12 12:53:44,7.7217,255.4477,0.9992
2025-11-12 12:53:44,7.7212,256.1554,0.9992
2025-11-12 12:53:44,7.7154,297.4353,0.9991
2025-11-12 12:53:45,7.7121,202.1913,0.9994
2025-11-12 12:53:45,7.7193,124.4976,0.9996
2025-11-12 12:53:45,7.7220,130.1750,0.9996
2025-11-12 12:53:45,7.7275,67.9793,0.9998
2025-11-12 12:53:45,7.7247,34.0481,0.9999
2025-11-12 12:53:45,7.7301,20.7096,0.9999
2025-11-12 12:53:45,7.7304,20.6987,0.9999
2025-11-12 12:53:45,7.7302,22.3348,0.9999
2025-11-12 12:53:45,7.7330,45.4208,0.9999
2025-11-12 12:53:45,7.7374,68.6160,0.9998
2025-11-12 12:53:45,7.7366,72.4129,0.9998
2025-11-12 12:53:45,7.7354,88.8972,0.9997
2025-11-12 12:53:46,7.7330,71.8782,0.9998
2025-11-12 12:53:46,7.7333,75.8255,0.9998
2025-11-12 12:53:46,7.7295,103.1259,0.9997
2025-11-12 12:53:46,7.7311,87.8925,0.9997
2025-11-12 12:53:46,7.7304,84.3261,0.9997
2025-11-12 12:53:46,7.7296,71.9659,0.9998
2025-11-12 12:53:46,7.7303,64.8814,0.9998
2025-11-12 12:53:46,7.7303,64.9853,0.9998
2025-11-12 12:53:46,7.7277,59.1512,0.9998
2025-11-12 12:53:46,7.7286,73.0968,0.9998
2025-11-12 12:53:46,7.7203,202.4137,0.9994
2025-11-12 12:53:47,7.7184,208.7544,0.9993
2025-11-12 12:53:47,7.7187,210.0254,0.9993
2025-11-12 12:53:47,7.7212,275.7993,0.9991
2025-11-12 12:53:47,7.7270,168.6764,0.9995
2025-11-12 12:53:47,7.7284,155.9512,0.9995
2025-11-12 12:53:47,7.7317,165.5032,0.9995
2025-11-12 12:53:47,7.7300,132.9121,0.9996
2025-11-12 12:53:47,7.7244,247.8745,0.9992
2025-11-12 12:53:47,7.7202,285.8878,0.9991
2025-11-12 12:53:47,7.7226,323.3255,0.9990
2025-11-12 12:53:47,7.7247,375.5184,0.9988
2025-11-12 12:53:47,7.7291,279.3178,0.9991
2025-11-12 12:53:48,7.7335,214.9762,0.9993
2025-11-12 12:53:48,7.7335,214.8747,0.9993
2025-11-12 12:53:48,7.7343,232.5694,0.9993
2025-11-12 12:53:48,7.7271,428.4958,0.9987
2025-11-12 12:53:48,7.7256,440.8228,0.9986
2025-11-12 12:53:48,7.7247,426.9307,0.9987
2025-11-12 12:53:48,7.7249,433.7600,0.9986
2025-11-12 12:53:48,7.7381,162.1562,0.9995
2025-11-12 12:53:48,7.7387,151.5783,0.9995
2025-11-12 12:53:49,7.7403,162.0392,0.9995
2025-11-12 12:53:49,7.7374,114.4632,0.9997
2025-11-12 12:53:49,7.7355,134.2763,0.9996
2025-11-12 12:53:49,7.7371,113.7571,0.9997
2025-11-12 12:53:49,7.7374,117.0584,0.9996
2025-11-12 12:53:49,7.7390,141.4509,0.9996
2025-11-12 12:53:49,7.7425,103.0873,0.9997
2025-11-12 12:53:49,7.7422,107.5739,0.9997
2025-11-12 12:53:49,7.7434,118.3875,0.9996
2025-11-12 12:53:49,7.7417,97.7978,0.9997
2025-11-12 12:53:49,7.7372,150.0455,0.9995
2025-11-12 12:53:49,7.7365,158.0500,0.9995
2025-11-12 12:53:50,7.7344,130.6365,0.9996
2025-11-12 12:53:50,7.7365,168.6883,0.9995
2025-11-12 12:53:50,7.7403,123.8917,0.9996
2025-11-12 12:53:50,7.7410,113.1412,0.9997
2025-11-12 12:53:50,7.7393,105.5816,0.9997
2025-11-12 12:53:50,7.7380,83.0253,0.9997
2025-11-12 12:53:50,7.7317,162.1628,0.9995
2025-11-12 12:53:50,7.7313,165.5779,0.9995
2025-11-12 12:53:51,7.7301,157.6746,0.9995
2025-11-12 12:53:51,7.7320,201.6890,0.9994
2025-11-12 12:53:51,7.7377,126.0241,0.9996
2025-11-12 12:53:51,7.7367,139.8609,0.9996
2025-11-12 12:53:51,7.7367,139.8612,0.9996
2025-11-12 12:53:51,7.7245,27.3552,0.9999
2025-11-12 12:53:51,7.7267,32.6920,0.9999
2025-11-12 12:53:51,7.7273,27.6112,0.9999
2025-11-12 12:53:51,7.7246,14.5138,1.0000
2025-11-12 12:53:51,7.7257,12.5568,1.0000
2025-11-12 12:53:51,7.7264,16.5186,0.9999
2025-11-12 12:53:51,7.7256,21.6165,0.9999
2025-11-12 12:53:52,7.7280,30.6377,0.9999
2025-11-12 12:53:52,7.7296,29.3776,0.9999
2025-11-12 12:53:52,7.7290,27.2538,0.9999
2025-11-12 12:53:52,7.7287,30.2221,0.9999
2025-11-12 12:53:52,7.7284,28.4761,0.9999
2025-11-12 12:53:52,7.7331,57.1082,0.9998
2025-11-12 12:53:52,7.7306,61.1650,0.9998
2025-11-12 12:53:52,7.7323,43.9412,0.9999
2025-11-12 12:53:53,7.7321,43.4831,0.9999
2025-11-12 12:53:53,7.7319,41.1422,0.9999
2025-11-12 12:53:53,7.7344,35.0313,0.9999
2025-11-12 12:53:53,7.7324,58.0459,0.9998
2025-11-12 12:53:53,7.7300,58.9624,0.9998
2025-11-12 12:53:53,7.7312,74.5883,0.9998
2025-11-12 12:53:53,7.7290,75.1213,0.9998
2025-11-12 12:53:53,7.7296,69.0920,0.9998
2025-11-12 12:53:53,7.7311,67.7809,0.9998
2025-11-12 12:53:53,7.7266,22.0175,0.9999
2025-11-12 12:53:53,7.7290,25.9691,0.9999
2025-11-12 12:53:54,7.7310,10.3468,1.0000
2025-11-12 12:53:54,7.7329,15.5591,1.0000
2025-11-12 12:53:54,7.7323,15.0638,1.0000
2025-11-12 12:53:54,7.7313,14.1363,1.0000
2025-11-12 12:53:54,7.7276,50.8735,0.9998
2025-11-12 12:53:54,7.7203,44.0385,0.9999
2025-11-12 12:53:54,7.7211,51.4487,0.9998
2025-11-12 12:53:54,7.7202,46.1973,0.9999
2025-11-12 12:53:54,7.7214,36.8447,0.9999
2025-11-12 12:53:54,7.7126,165.5222,0.9995
2025-11-12 12:53:54,7.7106,139.7603,0.9996
2025-11-12 12:53:54,7.7069,113.3720,0.9996
2025-11-12 12:53:54,7.7075,115.3219,0.9996
2025-11-12 12:53:55,7.7124,41.7105,0.9999
2025-11-12 12:53:55,7.7140,59.5305,0.9998
2025-11-12 12:53:55,7.7121,64.8719,0.9998
2025-11-12 12:53:55,7.7108,64.9864,0.9998
2025-11-12 12:53:55,7.7158,40.2108,0.9999
2025-11-12 12:53:55,7.7177,65.5414,0.9998
2025-11-12 12:53:55,7.7247,55.0223,0.9998
2025-11-12 12:53:55,7.7258,44.6696,0.9999
2025-11-12 12:53:55,7.7260,43.5008,0.9999
2025-11-12 12:53:55,7.7284,74.1388,0.9998
2025-11-12 12:53:56,7.7273,72.2913,0.9998
2025-11-12 12:53:56,7.7261,84.2495,0.9997
2025-11-12 12:53:56,7.7292,73.3129,0.9998
2025-11-12 12:53:56,7.7299,83.8950,0.9997
2025-11-12 12:53:56,7.7317,85.0445,0.9997
2025-11-12 12:53:56,7.7330,67.7126,0.9998
2025-11-12 12:53:56,7.7357,66.6739,0.9998
2025-11-12 12:53:56,7.7387,113.1241,0.9997
2025-11-12 12:53:56,7.7374,117.6466,0.9996
2025-11-12 12:53:56,7.7375,115.9427,0.9996
2025-11-12 12:53:57,7.7412,133.4586,0.9996
2025-11-12 12:53:57,7.7413,135.8247,0.9996
2025-11-12 12:53:57,7.7365,193.8697,0.9994
2025-11-12 12:53:57,7.7377,178.0677,0.9995
2025-11-12 12:53:57,7.7373,174.3580,0.9995
2025-11-12 12:53:57,7.7368,164.4234,0.9995
2025-11-12 12:53:57,7.7292,341.0576,0.9989
2025-11-12 12:53:57,7.7291,341.5837,0.9989
2025-11-12 12:53:57,7.7245,292.3300,0.9991
2025-11-12 12:53:57,7.7248,300.6639,0.9991
2025-11-12 12:53:58,7.7249,298.3709,0.9991
2025-11-12 12:53:58,7.7247,299.1923,0.9991
2025-11-12 12:53:58,7.7320,395.9358,0.9988
2025-11-12 12:53:58,7.7318,391.4099,0.9988
2025-11-12 12:53:58,7.7285,504.5717,0.9984
2025-11-12 12:53:58,7.7270,516.8169,0.9984
2025-11-12 12:53:58,7.7261,495.5507,0.9985
2025-11-12 12:53:58,7.7243,452.3307,0.9986
2025-11-12 12:53:58,7.7375,149.7481,0.9995
2025-11-12 12:53:58,7.7374,152.1414,0.9995
2025-11-12 12:53:58,7.7387,174.1460,0.9995
2025-11-12 12:53:58,7.7396,185.9523,0.9994
2025-11-12 12:53:59,7.7328,312.1764,0.9990
2025-11-12 12:53:59,7.7339,298.8448,0.9991
2025-11-12 12:53:59,7.7334,290.4048,0.9991
2025-11-12 12:53:59,7.7341,302.7642,0.9991
2025-11-12 12:53:59,7.7221,725.4250,0.9977
2025-11-12 12:53:59,7.7208,732.9235,0.9977
2025-11-12 12:53:59,7.7217,760.9147,0.9976
2025-11-12 12:53:59,7.7208,735.9596,0.9977
2025-11-12 12:53:59,7.7294,417.7006,0.9987
2025-11-12 12:53:59,7.7321,391.2893,0.9988
2025-11-12 12:53:59,7.7320,388.1236,0.9988
2025-11-12 12:53:59,7.7346,443.4457,0.9986
2025-11-12 12:54:00,7.7451,183.2752,0.9995
2025-11-12 12:54:00,7.7444,195.0190,0.9994
2025-11-12 12:54:00,7.7357,141.8398,0.9996
2025-11-12 12:54:00,7.7356,137.3667,0.9996
2025-11-12 12:54:00,7.7371,125.6261,0.9996
2025-11-12 12:54:00,7.7371,124.9257,0.9996
2025-11-12 12:54:00,7.7377,123.2664,0.9996
2025-11-12 12:54:00,7.7376,119.9235,0.9996
2025-11-12 12:54:00,7.7382,116.0166,0.9996
2025-11-12 12:54:00,7.7377,123.4665,0.9996
2025-11-12 12:54:01,7.7332,152.3700,0.9995
2025-11-12 12:54:01,7.7335,160.7586,0.9995
2025-11-12 12:54:01,7.7345,159.4862,0.9995
2025-11-12 12:54:01,7.7354,149.7663,0.9995
2025-11-12 12:54:01,7.7342,165.8497,0.9995
2025-11-12 12:54:01,7.7339,158.3683,0.9995
2025-11-12 12:54:01,7.7318,162.5716,0.9995
2025-11-12 12:54:01,7.7311,168.2760,0.9995
2025-11-12 12:54:01,7.7333,145.4352,0.9996
2025-11-12 12:54:01,7.7325,126.3684,0.9996
2025-11-12 12:54:01,7.7327,125.6928,0.9996
2025-11-12 12:54:02,7.7323,129.4538,0.9996
2025-11-12 12:54:02,7.7262,208.8098,0.9994
2025-11-12 12:54:02,7.7271,231.8012,0.9993
2025-11-12 12:54:02,7.7279,231.9906,0.9993
2025-11-12 12:54:02,7.7274,236.4796,0.9993
2025-11-12 12:54:02,7.7377,134.2084,0.9996
2025-11-12 12:54:02,7.7376,130.0211,0.9996
2025-11-12 12:54:02,7.7346,153.0199,0.9995
2025-11-12 12:54:02,7.7350,148.5670,0.9995
2025-11-12 12:54:03,7.7315,154.5229,0.9995
2025-11-12 12:54:03,7.7313,149.8497,0.9995
2025-11-12 12:54:03,7.7325,141.1432,0.9996
2025-11-12 12:54:03,7.7334,131.4946,0.9996
2025-11-12 12:54:03,7.7308,154.9601,0.9995
2025-11-12 12:54:03,7.7304,146.9961,0.9995
2025-11-12 12:54:03,7.7315,142.7575,0.9996
2025-11-12 12:54:03,7.7293,164.9362,0.9995
2025-11-12 12:54:04,7.7290,168.4068,0.9995
2025-11-12 12:54:04,7.7297,188.3720,0.9994
2025-11-12 12:54:04,7.7314,188.0924,0.9994
2025-11-12 12:54:04,7.7301,206.8464,0.9994
2025-11-12 12:54:04,7.7332,179.3105,0.9995
2025-11-12 12:54:04,7.7328,169.8097,0.9995
2025-11-12 12:54:04,7.7330,169.9555,0.9995
2025-11-12 12:54:04,7.7347,142.8717,0.9996
2025-11-12 12:54:04,7.7319,169.3153,0.9995
2025-11-12 12:54:05,7.7284,95.8935,0.9997
2025-11-12 12:54:05,7.7274,93.0106,0.9997
2025-11-12 12:54:05,7.7277,90.4446,0.9997
2025-11-12 12:54:05,7.7281,87.0160,0.9997
2025-11-12 12:54:05,7.7215,19.2236,0.9999
2025-11-12 12:54:05,7.7197,11.3595,1.0000
2025-11-12 12:54:05,7.7202,9.3514,1.0000
2025-11-12 12:54:05,7.7221,6.1272,1.0000
2025-11-12 12:54:05,7.7282,64.8641,0.9998
2025-11-12 12:54:05,7.7300,62.3174,0.9998
2025-11-12 12:54:05,7.7302,60.4984,0.9998
2025-11-12 12:54:06,7.7349,57.4447,0.9998
2025-11-12 12:54:06,7.7340,48.2312,0.9999
2025-11-12 12:54:06,7.7315,59.8686,0.9998
2025-11-12 12:54:06,7.7301,75.1164,0.9998
2025-11-12 12:54:06,7.7293,69.8159,0.9998
2025-11-12 12:54:06,7.7252,34.7583,0.9999
2025-11-12 12:54:06,7.7245,37.1081,0.9999
2025-11-12 12:54:06,7.7265,23.3205,0.9999
2025-11-12 12:54:06,7.7294,52.4835,0.9998
2025-11-12 12:54:06,7.7227,83.5132,0.9997
2025-11-12 12:54:07,7.7215,88.6445,0.9997
2025-11-12 12:54:07,7.7213,89.1966,0.9997
2025-11-12 12:54:07,7.7219,102.3319,0.9997
2025-11-12 12:54:07,7.7234,89.3601,0.9997
2025-11-12 12:54:07,7.7183,145.6653,0.9995
2025-11-12 12:54:07,7.7150,158.2022,0.9995
2025-11-12 12:54:07,7.7152,163.2127,0.9995
2025-11-12 12:54:07,7.7134,170.8356,0.9995
2025-11-12 12:54:07,7.7192,127.7266,0.9996
2025-11-12 12:54:07,7.7225,106.6019,0.9997
2025-11-12 12:54:07,7.7204,69.9980,0.9998
2025-11-12 12:54:07,7.7244,44.0282,0.9999
2025-11-12 12:54:08,7.7260,37.8177,0.9999
2025-11-12 12:54:08,7.7254,41.3096,0.9999
2025-11-12 12:54:08,7.7296,113.2077,0.9997
2025-11-12 12:54:08,7.7264,143.5225,0.9996
2025-11-12 12:54:08,7.7271,142.0137,0.9996
2025-11-12 12:54:08,7.7227,193.6110,0.9994
2025-11-12 12:54:08,7.7232,205.6420,0.9994
2025-11-12 12:54:08,7.7212,230.6100,0.9993
2025-11-12 12:54:09,7.7233,240.3561,0.9992
2025-11-12 12:54:09,7.7286,180.7374,0.9994
2025-11-12 12:54:09,7.7272,151.3921,0.9995
2025-11-12 12:54:09,7.7390,70.0791,0.9998
2025-11-12 12:54:09,7.7355,93.5522,0.9997
2025-11-12 12:54:09,7.7339,113.8576,0.9997
2025-11-12 12:54:09,7.7347,127.6204,0.9996
2025-11-12 12:54:09,7.7294,117.2158,0.9996
2025-11-12 12:54:09,7.7321,107.6592,0.9997
2025-11-12 12:54:09,7.7338,88.2353,0.9997
2025-11-12 12:54:10,7.7338,88.5057,0.9997
2025-11-12 12:54:10,7.7288,142.5552,0.9996
2025-11-12 12:54:10,7.7274,142.7885,0.9996
2025-11-12 12:54:10,7.7250,162.0198,0.9995
2025-11-12 12:54:10,7.7263,195.3930,0.9994
2025-11-12 12:54:10,7.7295,160.4020,0.9995
2025-11-12 12:54:10,7.7300,159.2278,0.9995
2025-11-12 12:54:10,7.7286,178.7412,0.9994
2025-11-12 12:54:10,7.7286,177.8219,0.9994
2025-11-12 12:54:10,7.7283,179.8456,0.9994
2025-11-12 12:54:10,7.7300,180.9882,0.9994
2025-11-12 12:54:11,7.7320,150.8202,0.9995
2025-11-12 12:54:11,7.7325,163.0919,0.9995
2025-11-12 12:54:11,7.7338,150.9771,0.9995
2025-11-12 12:54:11,7.7319,154.8379,0.9995
2025-11-12 12:54:11,7.7324,149.5621,0.9995
2025-11-12 12:54:11,7.7281,64.2910,0.9998
2025-11-12 12:54:11,7.7305,59.4698,0.9998
2025-11-12 12:54:11,7.7290,65.9671,0.9998
2025-11-12 12:54:11,7.7302,55.1676,0.9998
2025-11-12 12:54:12,7.7318,79.0542,0.9998
2025-11-12 12:54:12,7.7347,86.2108,0.9997
2025-11-12 12:54:12,7.7368,70.7248,0.9998
2025-11-12 12:54:12,7.7352,91.5404,0.9997
2025-11-12 12:54:12,7.7301,42.6035,0.9999
2025-11-12 12:54:12,7.7304,45.4339,0.9999
2025-11-12 12:54:12,7.7280,53.8408,0.9998
2025-11-12 12:54:12,7.7279,55.6093,0.9998
2025-11-12 12:54:13,7.7292,65.3570,0.9998
2025-11-12 12:54:13,7.7302,75.4551,0.9998
2025-11-12 12:54:13,7.7304,73.6756,0.9998
2025-11-12 12:54:13,7.7302,76.5034,0.9998
2025-11-12 12:54:13,7.7290,68.7871,0.9998
2025-11-12 12:54:13,7.7280,56.5021,0.9998
2025-11-12 12:54:13,7.7223,115.0092,0.9996
2025-11-12 12:54:13,7.7237,106.4944,0.9997
2025-11-12 12:54:13,7.7255,126.2286,0.9996
2025-11-12 12:54:13,7.7253,123.2783,0.9996
2025-11-12 12:54:13,7.7301,60.4483,0.9998
2025-11-12 12:54:13,7.7277,86.7065,0.9997
2025-11-12 12:54:14,7.7246,61.6189,0.9998
2025-11-12 12:54:14,7.7258,76.9931,0.9998
2025-11-12 12:54:14,7.7258,76.7736,0.9998
2025-11-12 12:54:14,7.7287,49.8304,0.9998
2025-11-12 12:54:14,7.7178,136.2667,0.9996
2025-11-12 12:54:14,7.7187,155.2545,0.9995
2025-11-12 12:54:14,7.7164,163.2616,0.9995
2025-11-12 12:54:14,7.7151,163.6883,0.9995
2025-11-12 12:54:14,7.7195,110.0107,0.9997
2025-11-12 12:54:14,7.7190,100.8396,0.9997
2025-11-12 12:54:14,7.7141,158.1039,0.9995
2025-11-12 12:54:15,7.7151,158.1366,0.9995
2025-11-12 12:54:15,7.7096,216.4703,0.9993
2025-11-12 12:54:15,7.7093,208.0725,0.9993
2025-11-12 12:54:15,7.7053,273.8197,0.9991
2025-11-12 12:54:15,7.7019,260.8565,0.9991
2025-11-12 12:54:15,7.7107,234.6529,0.9992
2025-11-12 12:54:15,7.7116,259.3056,0.9992
2025-11-12 12:54:15,7.7184,138.7023,0.9996
2025-11-12 12:54:15,7.7175,147.7188,0.9995
2025-11-12 12:54:15,7.7081,219.6505,0.9993
2025-11-12 12:54:15,7.7080,217.2421,0.9993
2025-11-12 12:54:15,7.6950,438.0843,0.9986
2025-11-12 12:54:16,7.6993,466.5961,0.9985
2025-11-12 12:54:16,7.7082,440.3324,0.9986
2025-11-12 12:54:16,7.7058,376.7992,0.9988
2025-11-12 12:54:16,7.7154,124.2391,0.9996
2025-11-12 12:54:16,7.7158,124.7300,0.9996
2025-11-12 12:54:16,7.7188,135.9200,0.9996
2025-11-12 12:54:16,7.7201,158.0209,0.9995
2025-11-12 12:54:16,7.7101,450.4776,0.9986
2025-11-12 12:54:16,7.7088,445.5653,0.9986
2025-11-12 12:54:17,7.7107,473.8531,0.9985
2025-11-12 12:54:17,7.7086,428.2622,0.9986
2025-11-12 12:54:17,7.7210,101.1516,0.9997
2025-11-12 12:54:17,7.7230,94.9982,0.9997
2025-11-12 12:54:17,7.7248,115.1345,0.9996
2025-11-12 12:54:17,7.7284,159.7420,0.9995
2025-11-12 12:54:17,7.7295,139.1642,0.9996
2025-11-12 12:54:17,7.7280,149.2087,0.9995
2025-11-12 12:54:18,7.7273,142.2274,0.9996
2025-11-12 12:54:18,7.7272,139.8078,0.9996
2025-11-12 12:54:18,7.7327,72.5222,0.9998
2025-11-12 12:54:18,7.7335,63.6793,0.9998
2025-11-12 12:54:18,7.7308,56.6349,0.9998
2025-11-12 12:54:18,7.7296,41.2518,0.9999
2025-11-12 12:54:18,7.7311,35.7415,0.9999
2025-11-12 12:54:18,7.7311,35.6752,0.9999
2025-11-12 12:54:18,7.7274,49.5857,0.9998
2025-11-12 12:54:19,7.7253,26.0335,0.9999
2025-11-12 12:54:19,7.7243,25.6233,0.9999
2025-11-12 12:54:19,7.7221,37.5998,0.9999
2025-11-12 12:54:19,7.7195,54.2193,0.9998
2025-11-12 12:54:19,7.7225,102.0381,0.9997
2025-11-12 12:54:19,7.7222,102.0007,0.9997
2025-11-12 12:54:19,7.7245,89.2583,0.9997
2025-11-12 12:54:19,7.7284,56.5866,0.9998
2025-11-12 12:54:19,7.7275,43.5471,0.9999
2025-11-12 12:54:19,7.7185,149.7769,0.9995
2025-11-12 12:54:19,7.7164,153.1784,0.9995
2025-11-12 12:54:20,7.7095,177.2533,0.9994
2025-11-12 12:54:20,7.7095,176.2162,0.9994
2025-11-12 12:54:20,7.7179,119.3301,0.9996
2025-11-12 12:54:20,7.7190,115.6390,0.9996
2025-11-12 12:54:20,7.7312,63.0978,0.9998
2025-11-12 12:54:20,7.7304,54.9749,0.9998
2025-11-12 12:54:20,7.7316,48.2883,0.9999
2025-11-12 12:54:20,7.7316,48.0906,0.9999
2025-11-12 12:54:20,7.7309,43.7814,0.9999
2025-11-12 12:54:20,7.7319,53.1899,0.9998
2025-11-12 12:54:20,7.7327,50.0999,0.9998
2025-11-12 12:54:20,7.7322,55.7893,0.9998
2025-11-12 12:54:21,7.7341,69.1391,0.9998
2025-11-12 12:54:21,7.7269,54.8330,0.9998
2025-11-12 12:54:21,7.7265,54.8473,0.9998
2025-11-12 12:54:21,7.7276,46.6115,0.9999
2025-11-12 12:54:21,7.7284,56.8931,0.9998
2025-11-12 12:54:21,7.7193,183.8897,0.9994
2025-11-12 12:54:21,7.7167,179.8546,0.9994
2025-11-12 12:54:21,7.7148,182.3365,0.9994
2025-11-12 12:54:21,7.7134,150.2549,0.9995
2025-11-12 12:54:22,7.7172,92.7372,0.9997
2025-11-12 12:54:22,7.7184,92.6753,0.9997
2025-11-12 12:54:22,7.7203,86.1039,0.9997
2025-11-12 12:54:22,7.7195,74.5589,0.9998
2025-11-12 12:54:22,7.7265,28.0449,0.9999
2025-11-12 12:54:22,7.7298,25.3638,0.9999
2025-11-12 12:54:22,7.7302,22.2609,0.9999
2025-11-12 12:54:22,7.7313,31.5486,0.9999
2025-11-12 12:54:22,7.7309,33.0372,0.9999
2025-11-12 12:54:22,7.7308,32.8717,0.9999
2025-11-12 12:54:23,7.7300,39.4596,0.9999
2025-11-12 12:54:23,7.7303,42.7693,0.9999
2025-11-12 12:54:23,7.7301,43.6611,0.9999
2025-11-12 12:54:23,7.7276,44.6488,0.9999
2025-11-12 12:54:23,7.7285,39.1712,0.9999
2025-11-12 12:54:23,7.7286,40.4574,0.9999
2025-11-12 12:54:23,7.7283,41.2611,0.9999
2025-11-12 12:54:23,7.7294,38.9876,0.9999
2025-11-12 12:54:23,7.7267,62.2085,0.9998
2025-11-12 12:54:24,7.7257,49.2326,0.9998
2025-11-12 12:54:24,7.7277,49.2252,0.9998
2025-11-12 12:54:24,7.7281,49.3144,0.9998
2025-11-12 12:54:24,7.7305,25.5514,0.9999
2025-11-12 12:54:24,7.7286,12.8087,1.0000
2025-11-12 12:54:24,7.7227,37.6991,0.9999
2025-11-12 12:54:24,7.7243,46.9099,0.9999
2025-11-12 12:54:24,7.7225,56.5639,0.9998
2025-11-12 12:54:24,7.7227,57.7106,0.9998
2025-11-12 12:54:24,7.7340,69.6666,0.9998
2025-11-12 12:54:24,7.7326,70.2158,0.9998
2025-11-12 12:54:25,7.7308,96.4124,0.9997
2025-11-12 12:54:25,7.7313,98.3363,0.9997
2025-11-12 12:54:25,7.7317,104.2448,0.9997
2025-11-12 12:54:25,7.7315,104.5938,0.9997
2025-11-12 12:54:25,7.7332,77.1955,0.9998
2025-11-12 12:54:25,7.7358,92.4746,0.9997
2025-11-12 12:54:25,7.7304,56.4773,0.9998
2025-11-12 12:54:25,7.7293,58.7331,0.9998
2025-11-12 12:54:26,7.7310,42.2140,0.9999
2025-11-12 12:54:26,7.7278,15.1468,1.0000
2025-11-12 12:54:26,7.7361,108.7519,0.9997
2025-11-12 12:54:26,7.7386,96.0180,0.9997
2025-11-12 12:54:26,7.7351,152.6413,0.9995
2025-11-12 12:54:26,7.7346,152.6136,0.9995
2025-11-12 12:54:26,7.7335,130.6146,0.9996
2025-11-12 12:54:26,7.7319,132.3845,0.9996
2025-11-12 12:54:26,7.7350,87.2680,0.9997
2025-11-12 12:54:26,7.7364,88.3466,0.9997
2025-11-12 12:54:26,7.7351,68.1633,0.9998
2025-11-12 12:54:26,7.7366,63.4151,0.9998
2025-11-12 12:54:27,7.7378,49.0866,0.9999
2025-11-12 12:54:27,7.7388,51.3089,0.9998
2025-11-12 12:54:27,7.7398,64.4364,0.9998
2025-11-12 12:54:27,7.7385,71.5778,0.9998
2025-11-12 12:54:27,7.7377,81.1492,0.9998
2025-11-12 12:54:27,7.7375,80.7475,0.9998
2025-11-12 12:54:27,7.7383,92.4973,0.9997
2025-11-12 12:54:27,7.7375,97.8155,0.9997
2025-11-12 12:54:27,7.7378,94.7742,0.9997
2025-11-12 12:54:27,7.7377,94.3658,0.9997
2025-11-12 12:54:27,7.7369,80.9056,0.9998
2025-11-12 12:54:27,7.7380,73.5525,0.9998
2025-11-12 12:54:28,7.7351,115.2968,0.9996
2025-11-12 12:54:28,7.7362,121.4360,0.9996
2025-11-12 12:54:28,7.7369,134.0605,0.9996
2025-11-12 12:54:28,7.7373,132.4523,0.9996
2025-11-12 12:54:28,7.7404,84.4434,0.9997
2025-11-12 12:54:28,7.7395,81.4277,0.9998
2025-11-12 12:54:28,7.7342,27.8671,0.9999
2025-11-12 12:54:28,7.7343,27.8000,0.9999
2025-11-12 12:54:28,7.7320,52.6865,0.9998
2025-11-12 12:54:29,7.7329,59.6774,0.9998
2025-11-12 12:54:29,7.7352,78.3952,0.9998
2025-11-12 12:54:29,7.7336,84.3134,0.9997
2025-11-12 12:54:29,7.7330,93.0968,0.9997
2025-11-12 12:54:29,7.7335,97.6740,0.9997
2025-11-12 12:54:29,7.7319,82.0996,0.9997
2025-11-12 12:54:29,7.7309,87.5578,0.9997
2025-11-12 12:54:29,7.7315,78.8493,0.9998
2025-11-12 12:54:29,7.7323,87.6743,0.9997
2025-11-12 12:54:29,7.7328,92.3830,0.9997
2025-11-12 12:54:30,7.7309,110.1353,0.9997
2025-11-12 12:54:30,7.7326,91.5370,0.9997
2025-11-12 12:54:30,7.7331,97.7350,0.9997
2025-11-12 12:54:30,7.7345,112.5203,0.9997
2025-11-12 12:54:30,7.7258,294.6361,0.9991
2025-11-12 12:54:30,7.7242,304.8208,0.9990
2025-11-12 12:54:30,7.7241,301.5666,0.9991
2025-11-12 12:54:30,7.7226,277.0461,0.9991
2025-11-12 12:54:30,7.7213,313.1829,0.9990
2025-11-12 12:54:31,7.7206,318.0631,0.9990
2025-11-12 12:54:31,7.7197,299.6505,0.9991
2025-11-12 12:54:31,7.7187,282.8991,0.9991
2025-11-12 12:54:31,7.7283,102.3621,0.9997
2025-11-12 12:54:31,7.7306,79.8310,0.9998
2025-11-12 12:54:31,7.7298,71.6318,0.9998
2025-11-12 12:54:31,7.7328,105.5772,0.9997
2025-11-12 12:54:31,7.7321,116.1511,0.9996
2025-11-12 12:54:31,7.7296,142.9315,0.9996
2025-11-12 12:54:32,7.7312,162.8600,0.9995
2025-11-12 12:54:32,7.7301,146.4374,0.9995
2025-11-12 12:54:32,7.7257,222.5356,0.9993
2025-11-12 12:54:32,7.7236,248.4908,0.9992
2025-11-12 12:54:32,7.7237,250.0138,0.9992
2025-11-12 12:54:32,7.7238,251.5491,0.9992
2025-11-12 12:54:32,7.7274,191.3010,0.9994
2025-11-12 12:54:32,7.7299,154.7107,0.9995
2025-11-12 12:54:32,7.7296,150.8308,0.9995
2025-11-12 12:54:32,7.7309,170.1737,0.9995
2025-11-12 12:54:33,7.7222,375.2490,0.9988
2025-11-12 12:54:33,7.7240,364.0936,0.9989
2025-11-12 12:54:33,7.7246,375.5252,0.9988
2025-11-12 12:54:33,7.7245,372.3227,0.9988
2025-11-12 12:54:33,7.7154,729.2680,0.9977
2025-11-12 12:54:33,7.7142,729.5958,0.9977
2025-11-12 12:54:33,7.7139,723.2267,0.9977
2025-11-12 12:54:33,7.7173,825.7799,0.9974
2025-11-12 12:54:33,7.7234,566.9987,0.9982
2025-11-12 12:54:33,7.7242,561.8721,0.9982
2025-11-12 12:54:34,7.7238,554.3748,0.9983
2025-11-12 12:54:34,7.7233,540.1849,0.9983
2025-11-12 12:54:34,7.7214,615.4925,0.9981
2025-11-12 12:54:34,7.7202,621.3218,0.9980
2025-11-12 12:54:34,7.7190,598.7575,0.9981
2025-11-12 12:54:34,7.7162,517.3493,0.9984
2025-11-12 12:54:34,7.7194,402.8952,0.9987
2025-11-12 12:54:34,7.7205,398.3367,0.9987
2025-11-12 12:54:34,7.7201,392.1166,0.9988
2025-11-12 12:54:34,7.7232,473.3934,0.9985
2025-11-12 12:54:34,7.7308,252.3486,0.9992
2025-11-12 12:54:35,7.7299,262.3401,0.9992
2025-11-12 12:54:35,7.7333,309.1351,0.9991
2025-11-12 12:54:35,7.7334,311.5062,0.9990
2025-11-12 12:54:35,7.7284,452.4195,0.9986
2025-11-12 12:54:35,7.7301,437.0527,0.9987
2025-11-12 12:54:35,7.7311,457.8066,0.9986
2025-11-12 12:54:35,7.7312,459.0356,0.9986
2025-11-12 12:54:35,7.7260,655.4500,0.9980
2025-11-12 12:54:35,7.7244,666.9280,0.9979
2025-11-12 12:54:36,7.7239,654.6768,0.9980
2025-11-12 12:54:36,7.7215,591.4575,0.9981
2025-11-12 12:54:36,7.7317,272.1633,0.9992
2025-11-12 12:54:36,7.7307,285.8691,0.9991
2025-11-12 12:54:36,7.7316,305.8163,0.9991
2025-11-12 12:54:36,7.7325,322.1731,0.9990
2025-11-12 12:54:36,7.7314,347.1843,0.9989
2025-11-12 12:54:36,7.7343,311.6368,0.9990
2025-11-12 12:54:36,7.7350,326.9593,0.9990
2025-11-12 12:54:36,7.7362,350.2520,0.9989
2025-11-12 12:54:36,7.7344,403.6268,0.9988
2025-11-12 12:54:37,7.7341,406.5055,0.9988
2025-11-12 12:54:37,7.7341,404.9381,0.9988
2025-11-12 12:54:37,7.7344,413.1594,0.9987
2025-11-12 12:54:37,7.7420,225.1101,0.9993
2025-11-12 12:54:37,7.7422,222.9373,0.9993
2025-11-12 12:54:37,7.7423,225.6089,0.9993
2025-11-12 12:54:37,7.7419,217.8533,0.9993
2025-11-12 12:54:37,7.7415,224.2894,0.9993
2025-11-12 12:54:37,7.7417,221.8829,0.9993
2025-11-12 12:54:38,7.7400,194.4810,0.9994
2025-11-12 12:54:38,7.7404,202.6905,0.9994
2025-11-12 12:54:38,7.7441,148.6138,0.9996
2025-11-12 12:54:38,7.7439,152.3715,0.9995
2025-11-12 12:54:38,7.7455,173.6142,0.9995
2025-11-12 12:54:38,7.7458,178.7580,0.9995
2025-11-12 12:54:38,7.7438,206.8156,0.9994
2025-11-12 12:54:38,7.7433,215.4183,0.9994
2025-11-12 12:54:38,7.7430,209.9889,0.9994
2025-11-12 12:54:38,7.7434,219.1518,0.9993
2025-11-12 12:54:38,7.7454,191.4844,0.9994
2025-11-12 12:54:39,7.7467,169.5190,0.9995
2025-11-12 12:54:39,7.7470,173.6000,0.9995
2025-11-12 12:54:39,7.7460,158.4186,0.9995
2025-11-12 12:54:39,7.7428,209.0037,0.9994
2025-11-12 12:54:39,7.7422,217.0007,0.9993
2025-11-12 12:54:39,7.7409,195.8499,0.9994
2025-11-12 12:54:39,7.7392,168.8132,0.9995
2025-11-12 12:54:39,7.7307,370.1499,0.9989
2025-11-12 12:54:39,7.7275,404.0355,0.9987
2025-11-12 12:54:39,7.7279,412.5423,0.9987
2025-11-12 12:54:39,7.7260,374.9441,0.9988
2025-11-12 12:54:39,7.7259,378.2668,0.9988
2025-11-12 12:54:40,7.7270,365.4776,0.9989
2025-11-12 12:54:40,7.7281,393.8603,0.9988
2025-11-12 12:54:40,7.7291,411.1071,0.9987
2025-11-12 12:54:40,7.7320,330.3268,0.9990
2025-11-12 12:54:40,7.7340,307.3346,0.9991
2025-11-12 12:54:40,7.7338,303.2651,0.9991
2025-11-12 12:54:40,7.7344,313.6692,0.9990
2025-11-12 12:54:40,7.7319,386.5642,0.9988
2025-11-12 12:54:40,7.7319,386.7196,0.9988
2025-11-12 12:54:41,7.7319,387.8761,0.9988
2025-11-12 12:54:41,7.7322,393.3470,0.9988
2025-11-12 12:54:41,7.7246,677.6883,0.9979
2025-11-12 12:54:41,7.7243,679.1686,0.9979
2025-11-12 12:54:41,7.7245,687.4601,0.9979
2025-11-12 12:54:41,7.7245,685.2880,0.9979
2025-11-12 12:54:41,7.7355,303.6297,0.9991
2025-11-12 12:54:41,7.7346,316.1229,0.9990
2025-11-12 12:54:41,7.7349,325.2056,0.9990
2025-11-12 12:54:41,7.7338,306.9903,0.9991
2025-11-12 12:54:41,7.7359,260.1146,0.9992
2025-11-12 12:54:41,7.7357,263.2474,0.9992
2025-11-12 12:54:42,7.7353,255.0696,0.9992
2025-11-12 12:54:42,7.7236,229.4419,0.9993
2025-11-12 12:54:42,7.7164,365.6845,0.9988
2025-11-12 12:54:42,7.7175,363.8861,0.9988
2025-11-12 12:54:42,7.7164,328.6910,0.9990
2025-11-12 12:54:42,7.7224,333.9969,0.9990
2025-11-12 12:54:42,7.7327,128.0716,0.9996
2025-11-12 12:54:42,7.7291,177.6810,0.9995
2025-11-12 12:54:43,7.7297,193.2971,0.9994
2025-11-12 12:54:43,7.7246,207.4754,0.9994
2025-11-12 12:54:43,7.7231,218.4686,0.9993
2025-11-12 12:54:43,7.7262,186.4812,0.9994
2025-11-12 12:54:43,7.7264,193.1796,0.9994
2025-11-12 12:54:43,7.7244,214.4973,0.9993
2025-11-12 12:54:43,7.7168,336.7123,0.9989
2025-11-12 12:54:43,7.7173,336.1419,0.9989
2025-11-12 12:54:43,7.7169,323.3943,0.9990
2025-11-12 12:54:43,7.7166,325.9191,0.9990
2025-11-12 12:54:44,7.7286,182.5024,0.9994
2025-11-12 12:54:44,7.7292,178.1510,0.9994
2025-11-12 12:54:44,7.7308,221.5949,0.9993
2025-11-12 12:54:44,7.7272,294.7696,0.9991
2025-11-12 12:54:44,7.7217,323.6694,0.9990
2025-11-12 12:54:44,7.7197,331.2314,0.9990
2025-11-12 12:54:44,7.7193,314.2657,0.9990
2025-11-12 12:54:44,7.7205,292.1729,0.9991
2025-11-12 12:54:44,7.7287,276.4669,0.9991
2025-11-12 12:54:44,7.7308,257.2186,0.9992
2025-11-12 12:54:45,7.7310,263.3631,0.9992
2025-11-12 12:54:45,7.7344,195.5143,0.9994
2025-11-12 12:54:45,7.7333,194.0974,0.9994
2025-11-12 12:54:45,7.7322,204.4812,0.9994
2025-11-12 12:54:45,7.7305,159.1818,0.9995
2025-11-12 12:54:45,7.7256,249.5936,0.9992
2025-11-12 12:54:45,7.7230,243.0276,0.9992
2025-11-12 12:54:45,7.7224,246.3481,0.9992
2025-11-12 12:54:45,7.7207,200.3128,0.9994
2025-11-12 12:54:45,7.7264,116.4984,0.9996
2025-11-12 12:54:45,7.7242,125.4295,0.9996
2025-11-12 12:54:46,7.7234,131.7997,0.9996
2025-11-12 12:54:46,7.7239,143.0239,0.9996
2025-11-12 12:54:46,7.7275,125.9272,0.9996
2025-11-12 12:54:46,7.7261,139.0520,0.9996
2025-11-12 12:54:46,7.7263,136.6682,0.9996
2025-11-12 12:54:46,7.7232,76.2869,0.9998
2025-11-12 12:54:46,7.7217,76.1115,0.9998
2025-11-12 12:54:46,7.7235,65.0266,0.9998
2025-11-12 12:54:46,7.7247,56.6082,0.9998
2025-11-12 12:54:46,7.7273,103.6313,0.9997
2025-11-12 12:54:46,7.7281,100.4643,0.9997
2025-11-12 12:54:47,7.7287,96.2086,0.9997
2025-11-12 12:54:47,7.7294,90.4634,0.9997
2025-11-12 12:54:47,7.7293,87.5955,0.9997
2025-11-12 12:54:47,7.7302,84.5414,0.9997
2025-11-12 12:54:47,7.7338,69.8788,0.9998
2025-11-12 12:54:47,7.7319,91.4915,0.9997
2025-11-12 12:54:47,7.7302,65.4559,0.9998
2025-11-12 12:54:47,7.7277,77.4770,0.9998
2025-11-12 12:54:47,7.7278,77.7540,0.9998
2025-11-12 12:54:47,7.7298,59.8681,0.9998
2025-11-12 12:54:48,7.7299,61.1907,0.9998
2025-11-12 12:54:48,7.7332,43.3271,0.9999
2025-11-12 12:54:48,7.7335,43.4469,0.9999
2025-11-12 12:54:48,7.7331,47.0131,0.9999
2025-11-12 12:54:48,7.7345,65.4250,0.9998
2025-11-12 12:54:48,7.7331,71.9681,0.9998
2025-11-12 12:54:48,7.7340,73.6437,0.9998
2025-11-12 12:54:48,7.7345,69.5125,0.9998
2025-11-12 12:54:48,7.7369,112.6030,0.9997
2025-11-12 12:54:48,7.7327,164.3450,0.9995
2025-11-12 12:54:49,7.7311,161.2719,0.9995
2025-11-12 12:54:49,7.7309,162.4079,0.9995
2025-11-12 12:54:49,7.7308,159.9700,0.9995
2025-11-12 12:54:49,7.7418,108.2654,0.9997
2025-11-12 12:54:49,7.7416,109.2493,0.9997
2025-11-12 12:54:49,7.7418,106.5070,0.9997
2025-11-12 12:54:49,7.7411,94.9907,0.9997
2025-11-12 12:54:49,7.7386,85.2672,0.9997
2025-11-12 12:54:49,7.7350,114.6116,0.9996
2025-11-12 12:54:49,7.7342,123.9577,0.9996
2025-11-12 12:54:50,7.7340,121.2384,0.9996
2025-11-12 12:54:50,7.7371,144.2826,0.9996
2025-11-12 12:54:50,7.7393,120.7839,0.9996
2025-11-12 12:54:50,7.7384,133.4082,0.9996
2025-11-12 12:54:50,7.7380,126.2214,0.9996
2025-11-12 12:54:50,7.7376,122.2431,0.9996
2025-11-12 12:54:50,7.7364,132.6841,0.9996
2025-11-12 12:54:50,7.7370,123.9672,0.9996
2025-11-12 12:54:50,7.7368,120.0215,0.9996
2025-11-12 12:54:50,7.7382,136.3455,0.9996
2025-11-12 12:54:50,7.7367,155.1905,0.9995
2025-11-12 12:54:51,7.7379,140.3850,0.9996
2025-11-12 12:54:51,7.7393,163.9342,0.9995
2025-11-12 12:54:51,7.7372,143.4321,0.9996
2025-11-12 12:54:51,7.7369,148.0834,0.9995
2025-11-12 12:54:51,7.7349,174.5931,0.9995
2025-11-12 12:54:51,7.7350,177.0978,0.9995
2025-11-12 12:54:51,7.7362,189.4237,0.9994
2025-11-12 12:54:51,7.7387,158.6217,0.9995
2025-11-12 12:54:51,7.7406,130.0941,0.9996
2025-11-12 12:54:52,7.7355,69.7248,0.9998
2025-11-12 12:54:52,7.7346,59.9375,0.9998
2025-11-12 12:54:52,7.7351,56.8126,0.9998
2025-11-12 12:54:52,7.7348,60.1257,0.9998
2025-11-12 12:54:52,7.7395,116.6106,0.9996
2025-11-12 12:54:52,7.7406,125.5064,0.9996
2025-11-12 12:54:52,7.7413,118.9651,0.9996
2025-11-12 12:54:52,7.7418,111.8689,0.9997
2025-11-12 12:54:52,7.7360,57.4555,0.9998
2025-11-12 12:54:52,7.7346,42.1121,0.9999
2025-11-12 12:54:52,7.7292,91.1233,0.9997
2025-11-12 12:54:53,7.7288,93.7214,0.9997
2025-11-12 12:54:53,7.7330,147.3203,0.9995
2025-11-12 12:54:53,7.7344,164.0072,0.9995
2025-11-12 12:54:53,7.7378,115.5555,0.9996
2025-11-12 12:54:53,7.7374,120.9114,0.9996
2025-11-12 12:54:53,7.7347,90.4742,0.9997
2025-11-12 12:54:53,7.7333,74.3779,0.9998
2025-11-12 12:54:53,7.7353,61.5628,0.9998
2025-11-12 12:54:53,7.7359,54.5549,0.9998
2025-11-12 12:54:53,7.7380,74.8953,0.9998
2025-11-12 12:54:53,7.7393,86.1000,0.9997
2025-11-12 12:54:53,7.7402,79.9519,0.9998
2025-11-12 12:54:54,7.7404,77.8815,0.9998
2025-11-12 12:54:54,7.7389,64.5200,0.9998
2025-11-12 12:54:54,7.7425,115.4622,0.9997
2025-11-12 12:54:54,7.7415,122.6098,0.9996
2025-11-12 12:54:54,7.7396,154.3965,0.9995
2025-11-12 12:54:54,7.7404,160.8046,0.9995
2025-11-12 12:54:54,7.7407,165.4085,0.9995
2025-11-12 12:54:54,7.7424,153.9302,0.9995
2025-11-12 12:54:54,7.7434,136.5365,0.9996
2025-11-12 12:54:54,7.7459,160.0782,0.9995
2025-11-12 12:54:54,7.7448,143.8288,0.9996
2025-11-12 12:54:55,7.7446,145.7738,0.9996
2025-11-12 12:54:55,7.7456,126.8777,0.9996
2025-11-12 12:54:55,7.7456,126.4978,0.9996
2025-11-12 12:54:55,7.7457,128.7044,0.9996
2025-11-12 12:54:55,7.7463,124.8198,0.9996
2025-11-12 12:54:55,7.7460,129.3926,0.9996
2025-11-12 12:54:55,7.7415,97.6180,0.9997
2025-11-12 12:54:55,7.7403,79.3063,0.9998
2025-11-12 12:54:55,7.7395,82.1424,0.9998
2025-11-12 12:54:56,7.7395,82.3953,0.9998
2025-11-12 12:54:56,7.7416,94.8374,0.9997
2025-11-12 12:54:56,7.7424,107.4151,0.9997
2025-11-12 12:54:56,7.7433,102.9539,0.9997
2025-11-12 12:54:56,7.7416,132.8809,0.9996
2025-11-12 12:54:56,7.7389,118.7478,0.9996
2025-11-12 12:54:56,7.7378,100.9245,0.9997
2025-11-12 12:54:56,7.7352,110.0626,0.9997
2025-11-12 12:54:56,7.7371,84.8023,0.9997
2025-11-12 12:54:57,7.7380,89.2059,0.9997
2025-11-12 12:54:57,7.7385,96.8503,0.9997
2025-11-12 12:54:57,7.7178,639.9543,0.9980
2025-11-12 12:54:57,7.7158,643.6856,0.9980
2025-11-12 12:54:57,7.7129,596.4315,0.9981
2025-11-12 12:54:57,7.7135,613.4469,0.9980
2025-11-12 12:54:57,7.7221,322.7785,0.9990
2025-11-12 12:54:57,7.7224,320.8625,0.9990
2025-11-12 12:54:57,7.7263,368.2786,0.9989
2025-11-12 12:54:57,7.7266,375.3173,0.9988
2025-11-12 12:54:58,7.7394,138.6418,0.9996
2025-11-12 12:54:58,7.7380,164.1308,0.9995
2025-11-12 12:54:58,7.7378,162.7747,0.9995
2025-11-12 12:54:58,7.7381,167.9229,0.9995
2025-11-12 12:54:58,7.7373,173.3115,0.9995
2025-11-12 12:54:58,7.7374,172.1455,0.9995
2025-11-12 12:54:58,7.7369,168.5806,0.9995
2025-11-12 12:54:58,7.7365,159.4482,0.9995
2025-11-12 12:54:58,7.7369,156.7301,0.9995
2025-11-12 12:54:58,7.7381,134.5531,0.9996
2025-11-12 12:54:58,7.7377,131.8456,0.9996
2025-11-12 12:54:59,7.7376,130.0941,0.9996
2025-11-12 12:54:59,7.7339,167.5282,0.9995
2025-11-12 12:54:59,7.7336,172.5086,0.9995
2025-11-12 12:54:59,7.7379,229.9174,0.9993
2025-11-12 12:54:59,7.7387,245.5904,0.9993
2025-11-12 12:54:59,7.7395,233.0346,0.9993
2025-11-12 12:54:59,7.7406,214.6136,0.9994
2025-11-12 12:54:59,7.7410,222.1552,0.9993
2025-11-12 12:54:59,7.7406,214.9315,0.9994
2025-11-12 12:54:59,7.7420,194.9618,0.9994
2025-11-12 12:55:00,7.7421,191.8740,0.9994
2025-11-12 12:55:00,7.7425,198.3329,0.9994
2025-11-12 12:55:00,7.7425,197.8605,0.9994
2025-11-12 12:55:00,7.7455,164.7558,0.9995
2025-11-12 12:55:00,7.7453,168.3320,0.9995
2025-11-12 12:55:00,7.7443,153.5173,0.9995
2025-11-12 12:55:00,7.7428,133.5896,0.9996
2025-11-12 12:55:00,7.7435,129.3153,0.9996
2025-11-12 12:55:00,7.7429,141.5850,0.9996
2025-11-12 12:55:01,7.7421,131.3941,0.9996
2025-11-12 12:55:01,7.7445,166.6751,0.9995
2025-11-12 12:55:01,7.7428,179.0277,0.9995
2025-11-12 12:55:01,7.7434,168.3555,0.9995
2025-11-12 12:55:01,7.7431,165.1983,0.9995
2025-11-12 12:55:01,7.7429,160.9990,0.9995
2025-11-12 12:55:01,7.7429,160.1492,0.9995
2025-11-12 12:55:01,7.7432,156.0001,0.9995
2025-11-12 12:55:01,7.7434,158.6694,0.9995
2025-11-12 12:55:01,7.7434,158.9146,0.9995
2025-11-12 12:55:01,7.7433,159.7949,0.9995
2025-11-12 12:55:01,7.7442,144.4084,0.9996
2025-11-12 12:55:02,7.7432,134.8771,0.9996
2025-11-12 12:55:02,7.7417,110.6321,0.9997
2025-11-12 12:55:02,7.7421,107.7124,0.9997
2025-11-12 12:55:02,7.7420,108.3515,0.9997
2025-11-12 12:55:02,7.7382,86.9048,0.9997
2025-11-12 12:55:02,7.7385,91.1497,0.9997
2025-11-12 12:55:02,7.7369,101.6489,0.9997
2025-11-12 12:55:02,7.7358,115.9325,0.9996
2025-11-12 12:55:02,7.7360,116.7431,0.9996
2025-11-12 12:55:02,7.7353,104.1196,0.9997
2025-11-12 12:55:03,7.7333,122.0026,0.9996
2025-11-12 12:55:03,7.7325,132.0456,0.9996
2025-11-12 12:55:03,7.7350,153.3401,0.9995
2025-11-12 12:55:03,7.7366,184.4132,0.9994
2025-11-12 12:55:03,7.7366,184.4941,0.9994
2025-11-12 12:55:03,7.7374,172.0373,0.9995
2025-11-12 12:55:03,7.7336,150.5254,0.9995
2025-11-12 12:55:03,7.7329,135.3038,0.9996
2025-11-12 12:55:03,7.7301,172.9425,0.9995
2025-11-12 12:55:03,7.7303,170.8648,0.9995
2025-11-12 12:55:04,7.7316,177.8536,0.9995
2025-11-12 12:55:04,7.7323,193.6662,0.9994
2025-11-12 12:55:04,7.7388,120.7003,0.9996
2025-11-12 12:55:04,7.7390,117.7174,0.9996
2025-11-12 12:55:04,7.7414,128.4715,0.9996
2025-11-12 12:55:04,7.7406,113.7489,0.9997
2025-11-12 12:55:04,7.7398,118.8040,0.9996
2025-11-12 12:55:04,7.7388,135.4394,0.9996
2025-11-12 12:55:04,7.7394,140.6545,0.9996
2025-11-12 12:55:04,7.7401,153.5792,0.9995
2025-11-12 12:55:04,7.7351,217.2900,0.9993
2025-11-12 12:55:04,7.7370,192.0354,0.9994
2025-11-12 12:55:05,7.7350,173.9325,0.9995
2025-11-12 12:55:05,7.7337,146.4618,0.9996
2025-11-12 12:55:05,7.7366,106.5936,0.9997
2025-11-12 12:55:05,7.7362,111.7702,0.9997
2025-11-12 12:55:05,7.7362,112.1752,0.9997
2025-11-12 12:55:05,7.7389,165.1772,0.9995
2025-11-12 12:55:05,7.7367,196.5135,0.9994
2025-11-12 12:55:05,7.7372,190.6441,0.9994
2025-11-12 12:55:05,7.7319,186.4761,0.9994
2025-11-12 12:55:05,7.7303,144.5418,0.9996
2025-11-12 12:55:05,7.7325,121.4701,0.9996
2025-11-12 12:55:05,7.7318,128.0402,0.9996
2025-11-12 12:55:05,7.7312,131.0855,0.9996
2025-11-12 12:55:06,7.7320,149.1876,0.9995
2025-11-12 12:55:06,7.7337,138.7803,0.9996
2025-11-12 12:55:06,7.7329,147.2748,0.9995
2025-11-12 12:55:06,7.7385,140.7127,0.9996
2025-11-12 12:55:06,7.7392,154.6012,0.9995
2025-11-12 12:55:06,7.7396,151.3106,0.9995
2025-11-12 12:55:06,7.7391,160.3138,0.9995
2025-11-12 12:55:06,7.7401,165.5083,0.9995
2025-11-12 12:55:06,7.7404,171.1552,0.9995
2025-11-12 12:55:06,7.7403,172.3496,0.9995
2025-11-12 12:55:06,7.7420,142.3792,0.9996
2025-11-12 12:55:07,7.7427,146.0522,0.9996
2025-11-12 12:55:07,7.7428,147.0971,0.9996
2025-11-12 12:55:07,7.7424,150.6344,0.9995
2025-11-12 12:55:07,7.7407,178.8267,0.9995
2025-11-12 12:55:07,7.7400,174.0787,0.9995
2025-11-12 12:55:07,7.7385,143.4566,0.9996
2025-11-12 12:55:07,7.7397,135.4095,0.9996
2025-11-12 12:55:07,7.7408,117.4706,0.9996
2025-11-12 12:55:07,7.7420,125.2871,0.9996
2025-11-12 12:55:08,7.7445,173.6540,0.9995
2025-11-12 12:55:08,7.7420,200.2383,0.9994
2025-11-12 12:55:08,7.7425,193.5852,0.9994
2025-11-12 12:55:08,7.7421,191.1018,0.9994
2025-11-12 12:55:08,7.7421,191.8923,0.9994
2025-11-12 12:55:08,7.7425,187.4859,0.9994
2025-11-12 12:55:08,7.7424,188.0922,0.9994
2025-11-12 12:55:08,7.7434,195.2833,0.9994
2025-11-12 12:55:08,7.7430,186.5429,0.9994
2025-11-12 12:55:08,7.7418,203.7047,0.9994
2025-11-12 12:55:09,7.7411,214.8847,0.9994
2025-11-12 12:55:09,7.7418,222.4294,0.9993
2025-11-12 12:55:09,7.7410,205.6387,0.9994
2025-11-12 12:55:09,7.7432,177.7677,0.9995
2025-11-12 12:55:09,7.7441,162.7363,0.9995
2025-11-12 12:55:09,7.7452,175.0649,0.9995
2025-11-12 12:55:09,7.7438,152.1477,0.9995
2025-11-12 12:55:09,7.7394,219.9435,0.9993
2025-11-12 12:55:09,7.7397,215.3214,0.9993
2025-11-12 12:55:09,7.7413,242.5435,0.9993
2025-11-12 12:55:09,7.7418,252.2187,0.9992
2025-11-12 12:55:09,7.7472,166.6688,0.9995
2025-11-12 12:55:09,7.7469,170.4762,0.9995
2025-11-12 12:55:10,7.7440,134.3214,0.9996
2025-11-12 12:55:10,7.7421,106.1747,0.9997
2025-11-12 12:55:10,7.7399,127.8659,0.9996
2025-11-12 12:55:10,7.7398,129.0107,0.9996
2025-11-12 12:55:10,7.7410,145.3555,0.9996
2025-11-12 12:55:10,7.7413,148.2584,0.9996
2025-11-12 12:55:10,7.7447,115.7386,0.9997
2025-11-12 12:55:10,7.7436,134.0549,0.9996
2025-11-12 12:55:10,7.7439,137.1073,0.9996
2025-11-12 12:55:10,7.7434,131.3350,0.9996
2025-11-12 12:55:10,7.7431,132.7501,0.9996
2025-11-12 12:55:11,7.7409,178.0479,0.9995
2025-11-12 12:55:11,7.7410,179.0555,0.9995
2025-11-12 12:55:11,7.7427,204.2575,0.9994
2025-11-12 12:55:11,7.7408,218.2560,0.9993
2025-11-12 12:55:11,7.7441,154.8574,0.9995
2025-11-12 12:55:11,7.7445,159.8629,0.9995
2025-11-12 12:55:11,7.7424,133.5103,0.9996
2025-11-12 12:55:11,7.7384,190.5758,0.9994
2025-11-12 12:55:11,7.7381,194.0122,0.9994
2025-11-12 12:55:12,7.7389,208.7149,0.9994
2025-11-12 12:55:12,7.7406,234.5470,0.9993
2025-11-12 12:55:12,7.7430,192.6301,0.9994
2025-11-12 12:55:12,7.7440,177.8782,0.9995
2025-11-12 12:55:12,7.7414,141.5069,0.9996
2025-11-12 12:55:12,7.7414,141.6585,0.9996
2025-11-12 12:55:12,7.7415,140.2969,0.9996
2025-11-12 12:55:12,7.7391,177.1975,0.9995
2025-11-12 12:55:12,7.7409,204.3405,0.9994
2025-11-12 12:55:13,7.7392,179.0580,0.9995
2025-11-12 12:55:13,7.7391,181.1442,0.9995
2025-11-12 12:55:13,7.7410,151.1032,0.9995
2025-11-12 12:55:13,7.7383,113.9907,0.9997
2025-11-12 12:55:13,7.7398,137.9715,0.9996
2025-11-12 12:55:13,7.7414,120.1179,0.9996
2025-11-12 12:55:13,7.7410,126.8687,0.9996
2025-11-12 12:55:13,7.7430,150.1897,0.9995
2025-11-12 12:55:13,7.7430,150.3383,0.9995
2025-11-12 12:55:13,7.7431,149.2744,0.9996
2025-11-12 12:55:13,7.7422,165.3860,0.9995
2025-11-12 12:55:14,7.7348,117.8613,0.9996
2025-11-12 12:55:14,7.7352,125.7527,0.9996
2025-11-12 12:55:14,7.7351,126.5588,0.9996
2025-11-12 12:55:14,7.7311,195.2446,0.9994
2025-11-12 12:55:14,7.7340,207.9033,0.9994
2025-11-12 12:55:14,7.7345,219.4489,0.9993
2025-11-12 12:55:14,7.7363,212.6658,0.9994
2025-11-12 12:55:14,7.7390,153.9365,0.9995
2025-11-12 12:55:14,7.7390,153.9365,0.9995
2025-11-12 12:55:14,7.7376,126.8913,0.9996
2025-11-12 12:55:15,7.7380,125.8530,0.9996
2025-11-12 12:55:15,7.7374,136.8950,0.9996
2025-11-12 12:55:15,7.7390,147.6951,0.9996
2025-11-12 12:55:15,7.7393,152.5484,0.9995
2025-11-12 12:55:15,7.7371,163.8314,0.9995
2025-11-12 12:55:15,7.7386,135.6727,0.9996
2025-11-12 12:55:15,7.7379,129.7515,0.9996
2025-11-12 12:55:15,7.7357,95.7509,0.9997
2025-11-12 12:55:16,7.7353,98.5227,0.9997
2025-11-12 12:55:16,7.7356,94.2038,0.9997
2025-11-12 12:55:16,7.7346,86.7726,0.9997
2025-11-12 12:55:16,7.7369,123.3310,0.9996
2025-11-12 12:55:16,7.7377,116.9955,0.9996
2025-11-12 12:55:16,7.7358,149.3680,0.9995
2025-11-12 12:55:16,7.7371,158.3542,0.9995
2025-11-12 12:55:16,7.7357,134.0919,0.9996
2025-11-12 12:55:16,7.7352,136.3391,0.9996
2025-11-12 12:55:16,7.7388,82.5596,0.9997
2025-11-12 12:55:17,7.7377,75.4444,0.9998
2025-11-12 12:55:17,7.7386,89.7316,0.9997
2025-11-12 12:55:17,7.7373,101.5832,0.9997
2025-11-12 12:55:17,7.7349,132.6318,0.9996
2025-11-12 12:55:17,7.7351,133.6994,0.9996
2025-11-12 12:55:17,7.7352,135.4217,0.9996
2025-11-12 12:55:17,7.7323,169.5820,0.9995
2025-11-12 12:55:17,7.7348,141.2677,0.9996
2025-11-12 12:55:17,7.7343,137.8973,0.9996
2025-11-12 12:55:17,7.7329,113.9337,0.9997
2025-11-12 12:55:17,7.7344,94.0835,0.9997
2025-11-12 12:55:17,7.7320,120.8082,0.9996
2025-11-12 12:55:18,7.7334,133.4985,0.9996
2025-11-12 12:55:18,7.7352,167.2458,0.9995
2025-11-12 12:55:18,7.7333,194.5543,0.9994
2025-11-12 12:55:18,7.7334,193.1115,0.9994
2025-11-12 12:55:18,7.7323,182.2556,0.9994
2025-11-12 12:55:18,7.7307,149.8806,0.9995
2025-11-12 12:55:18,7.7347,106.6030,0.9997
2025-11-12 12:55:18,7.7357,93.0425,0.9997
2025-11-12 12:55:18,7.7350,89.1929,0.9997
2025-11-12 12:55:18,7.7319,50.6789,0.9998
2025-11-12 12:55:18,7.7344,44.1697,0.9999
2025-11-12 12:55:18,7.7325,69.4401,0.9998
2025-11-12 12:55:19,7.7324,68.5524,0.9998
2025-11-12 12:55:19,7.7313,59.8903,0.9998
2025-11-12 12:55:19,7.7295,59.7101,0.9998
2025-11-12 12:55:19,7.7322,30.4776,0.9999
2025-11-12 12:55:19,7.7332,37.3247,0.9999
2025-11-12 12:55:19,7.7346,46.8875,0.9999
2025-11-12 12:55:19,7.7289,104.4609,0.9997
2025-11-12 12:55:19,7.7288,104.9754,0.9997
2025-11-12 12:55:19,7.7287,103.8318,0.9997
2025-11-12 12:55:19,7.7304,127.9964,0.9996
2025-11-12 12:55:19,7.7341,80.1065,0.9998
2025-11-12 12:55:19,7.7310,120.7275,0.9996
2025-11-12 12:55:20,7.7290,106.7696,0.9997
2025-11-12 12:55:20,7.7303,131.3728,0.9996
2025-11-12 12:55:20,7.7293,139.7426,0.9996
2025-11-12 12:55:20,7.7307,121.0732,0.9996
2025-11-12 12:55:20,7.7300,119.1102,0.9996
2025-11-12 12:55:20,7.7325,173.3877,0.9995
2025-11-12 12:55:20,7.7203,439.9828,0.9986
2025-11-12 12:55:20,7.7217,433.3175,0.9986
2025-11-12 12:55:20,7.7172,418.8096,0.9987
2025-11-12 12:55:20,7.7174,426.3502,0.9987
2025-11-12 12:55:20,7.7218,308.1848,0.9990
2025-11-12 12:55:20,7.7221,307.2937,0.9990
2025-11-12 12:55:21,7.7252,303.6603,0.9991
2025-11-12 12:55:21,7.7250,296.1994,0.9991
2025-11-12 12:55:21,7.7360,127.4486,0.9996
2025-11-12 12:55:21,7.7360,126.7475,0.9996
2025-11-12 12:55:21,7.7401,122.4258,0.9996
2025-11-12 12:55:21,7.7402,124.3504,0.9996
2025-11-12 12:55:21,7.7397,129.2382,0.9996
2025-11-12 12:55:21,7.7389,139.8889,0.9996
2025-11-12 12:55:21,7.7403,147.2102,0.9996
2025-11-12 12:55:21,7.7404,150.0175,0.9995
2025-11-12 12:55:21,7.7409,146.1115,0.9996
2025-11-12 12:55:21,7.7415,135.7174,0.9996
2025-11-12 12:55:22,7.7394,127.8231,0.9996
2025-11-12 12:55:22,7.7394,129.0919,0.9996
2025-11-12 12:55:22,7.7380,142.7142,0.9996
2025-11-12 12:55:22,7.7377,145.9582,0.9996
2025-11-12 12:55:22,7.7381,147.1678,0.9996
2025-11-12 12:55:22,7.7384,152.8525,0.9995
2025-11-12 12:55:22,7.7412,129.4463,0.9996
2025-11-12 12:55:22,7.7414,126.0670,0.9996
2025-11-12 12:55:22,7.7436,133.7191,0.9996
2025-11-12 12:55:22,7.7426,114.6185,0.9997
2025-11-12 12:55:22,7.7427,114.0099,0.9997
2025-11-12 12:55:22,7.7404,154.8307,0.9995
2025-11-12 12:55:23,7.7361,139.6917,0.9996
2025-11-12 12:55:23,7.7357,130.9882,0.9996
2025-11-12 12:55:23,7.7343,135.3879,0.9996
2025-11-12 12:55:23,7.7361,109.8117,0.9997
2025-11-12 12:55:23,7.7432,156.3851,0.9995
2025-11-12 12:55:23,7.7429,151.9372,0.9995
2025-11-12 12:55:23,7.7378,226.5826,0.9993
2025-11-12 12:55:23,7.7370,238.6810,0.9993
2025-11-12 12:55:23,7.7368,235.4413,0.9993
2025-11-12 12:55:23,7.7380,258.1948,0.9992
2025-11-12 12:55:23,7.7447,168.8578,0.9995
2025-11-12 12:55:24,7.7450,161.1484,0.9995
2025-11-12 12:55:24,7.7452,162.6097,0.9995
2025-11-12 12:55:24,7.7421,123.2972,0.9996
2025-11-12 12:55:24,7.7422,122.9749,0.9996
2025-11-12 12:55:24,7.7431,106.8813,0.9997
2025-11-12 12:55:24,7.7437,115.1048,0.9997
2025-11-12 12:55:24,7.7444,122.1978,0.9996
2025-11-12 12:55:24,7.7437,128.0616,0.9996
2025-11-12 12:55:24,7.7406,187.2597,0.9994
2025-11-12 12:55:24,7.7411,197.0829,0.9994
2025-11-12 12:55:24,7.7436,233.5527,0.9993
2025-11-12 12:55:25,7.7441,229.6240,0.9993
2025-11-12 12:55:25,7.7452,203.4271,0.9994
2025-11-12 12:55:25,7.7456,209.5313,0.9994
2025-11-12 12:55:25,7.7449,199.1771,0.9994
2025-11-12 12:55:25,7.7441,206.2640,0.9994
2025-11-12 12:55:25,7.7462,165.8704,0.9995
2025-11-12 12:55:25,7.7461,165.3117,0.9995
2025-11-12 12:55:25,7.7449,150.3123,0.9995
2025-11-12 12:55:25,7.7191,983.2652,0.9969
2025-11-12 12:55:25,7.7141,1013.1489,0.9968
2025-11-12 12:55:26,7.7136,996.2170,0.9968
2025-11-12 12:55:26,7.7134,989.8896,0.9969
2025-11-12 12:55:26,7.7300,383.3453,0.9988
2025-11-12 12:55:26,7.7339,319.6387,0.9990
2025-11-12 12:55:26,7.7344,331.3655,0.9990
2025-11-12 12:55:26,7.7346,334.6281,0.9990
2025-11-12 12:55:26,7.7317,417.1646,0.9987
2025-11-12 12:55:26,7.7328,405.0717,0.9988
2025-11-12 12:55:26,7.7323,392.7465,0.9988
2025-11-12 12:55:26,7.7322,389.9435,0.9988
2025-11-12 12:55:26,7.7335,350.4748,0.9989
2025-11-12 12:55:27,7.7307,385.2809,0.9988
2025-11-12 12:55:27,7.7290,346.3272,0.9989
2025-11-12 12:55:27,7.7282,329.0774,0.9990
2025-11-12 12:55:27,7.7322,239.2637,0.9993
2025-11-12 12:55:27,7.7330,227.1103,0.9993
2025-11-12 12:55:27,7.7342,249.5769,0.9992
2025-11-12 12:55:27,7.7337,241.7839,0.9993
2025-11-12 12:55:27,7.7388,166.2110,0.9995
2025-11-12 12:55:27,7.7387,168.5393,0.9995
2025-11-12 12:55:28,7.7383,163.1603,0.9995
2025-11-12 12:55:28,7.7386,166.0645,0.9995
2025-11-12 12:55:28,7.7386,166.2744,0.9995
2025-11-12 12:55:28,7.7383,171.4009,0.9995
2025-11-12 12:55:28,7.7376,159.6475,0.9995
2025-11-12 12:55:28,7.7399,195.0059,0.9994
2025-11-12 12:55:28,7.7412,182.0747,0.9995
2025-11-12 12:55:28,7.7438,134.9037,0.9996
2025-11-12 12:55:28,7.7435,130.6944,0.9996
2025-11-12 12:55:28,7.7431,125.3488,0.9996
2025-11-12 12:55:28,7.7438,119.6101,0.9996
2025-11-12 12:55:28,7.7415,159.6748,0.9995
2025-11-12 12:55:29,7.7416,160.5555,0.9995
2025-11-12 12:55:29,7.7426,178.3663,0.9995
2025-11-12 12:55:29,7.7439,170.2449,0.9995
2025-11-12 12:55:29,7.7447,153.7699,0.9995
2025-11-12 12:55:29,7.7427,137.4422,0.9996
2025-11-12 12:55:29,7.7423,129.4554,0.9996
2025-11-12 12:55:29,7.7382,162.1944,0.9995
2025-11-12 12:55:29,7.7392,146.4881,0.9996
2025-11-12 12:55:29,7.7411,165.6787,0.9995
2025-11-12 12:55:30,7.7405,156.3185,0.9995
2025-11-12 12:55:30,7.7432,127.3226,0.9996
2025-11-12 12:55:30,7.7427,136.1891,0.9996
2025-11-12 12:55:30,7.7414,123.5669,0.9996
2025-11-12 12:55:30,7.7423,139.0391,0.9996
2025-11-12 12:55:30,7.7401,160.7428,0.9995
2025-11-12 12:55:30,7.7374,209.8581,0.9994
2025-11-12 12:55:30,7.7354,191.2764,0.9994
2025-11-12 12:55:30,7.7336,155.3815,0.9995
2025-11-12 12:55:30,7.7345,149.4467,0.9995
2025-11-12 12:55:31,7.7375,101.6397,0.9997
2025-11-12 12:55:31,7.7381,105.7145,0.9997
2025-11-12 12:55:31,7.7376,98.5378,0.9997
2025-11-12 12:55:31,7.7357,117.8099,0.9996
2025-11-12 12:55:31,7.7352,123.9598,0.9996
2025-11-12 12:55:31,7.7360,131.9654,0.9996
2025-11-12 12:55:31,7.7382,170.6498,0.9995
2025-11-12 12:55:32,7.7339,243.8765,0.9993
2025-11-12 12:55:32,7.7343,239.4603,0.9993
2025-11-12 12:55:32,7.7348,245.7700,0.9992
2025-11-12 12:55:32,7.7346,241.0491,0.9993
2025-11-12 12:55:32,7.7389,165.8054,0.9995
2025-11-12 12:55:32,7.7381,177.8866,0.9995
2025-11-12 12:55:32,7.7347,153.7663,0.9995
2025-11-12 12:55:32,7.7332,123.3643,0.9996
2025-11-12 12:55:32,7.7223,340.3867,0.9989
2025-11-12 12:55:32,7.7207,352.6103,0.9989
2025-11-12 12:55:32,7.7225,379.4607,0.9988
2025-11-12 12:55:33,7.7243,429.3220,0.9987
2025-11-12 12:55:33,7.7355,194.5903,0.9994
2025-11-12 12:55:33,7.7353,199.4255,0.9994
2025-11-12 12:55:33,7.7357,203.6820,0.9994
2025-11-12 12:55:33,7.7353,194.0105,0.9994
2025-11-12 12:55:33,7.7364,183.6816,0.9994
2025-11-12 12:55:33,7.7390,138.5533,0.9996
2025-11-12 12:55:33,7.7392,139.8850,0.9996
2025-11-12 12:55:33,7.7393,141.6376,0.9996
2025-11-12 12:55:33,7.7374,164.6717,0.9995
2025-11-12 12:55:33,7.7379,158.5726,0.9995
2025-11-12 12:55:34,7.7382,161.3805,0.9995
2025-11-12 12:55:34,7.7383,162.4634,0.9995
2025-11-12 12:55:34,7.7410,129.4007,0.9996
2025-11-12 12:55:34,7.7377,186.5868,0.9994
2025-11-12 12:55:34,7.7368,178.9042,0.9995
2025-11-12 12:55:34,7.7344,134.8996,0.9996
2025-11-12 12:55:34,7.7348,133.2172,0.9996
2025-11-12 12:55:34,7.7364,105.4098,0.9997
2025-11-12 12:55:34,7.7360,102.8721,0.9997
2025-11-12 12:55:34,7.7375,126.3035,0.9996
2025-11-12 12:55:34,7.7365,133.8224,0.9996
2025-11-12 12:55:34,7.7366,132.6496,0.9996
2025-11-12 12:55:35,7.7380,144.6654,0.9996
2025-11-12 12:55:35,7.7374,134.9127,0.9996
2025-11-12 12:55:35,7.7401,117.7031,0.9996
2025-11-12 12:55:35,7.7419,88.4756,0.9997
2025-11-12 12:55:35,7.7406,80.8185,0.9998
2025-11-12 12:55:35,7.7417,98.3804,0.9997
2025-11-12 12:55:35,7.7401,108.9107,0.9997
2025-11-12 12:55:35,7.7400,110.7908,0.9997
2025-11-12 12:55:35,7.7366,105.3239,0.9997
2025-11-12 12:55:35,7.7374,122.6095,0.9996
2025-11-12 12:55:36,7.7355,138.0223,0.9996
2025-11-12 12:55:36,7.7341,155.0792,0.9995
2025-11-12 12:55:36,7.7361,158.5520,0.9995
2025-11-12 12:55:36,7.7352,138.5578,0.9996
2025-11-12 12:55:36,7.7361,130.5610,0.9996
2025-11-12 12:55:36,7.7372,115.7898,0.9996
2025-11-12 12:55:36,7.7374,116.6570,0.9996
2025-11-12 12:55:36,7.7384,136.6082,0.9996
2025-11-12 12:55:36,7.7402,122.8196,0.9996
2025-11-12 12:55:36,7.7394,133.8450,0.9996
2025-11-12 12:55:37,7.7368,134.8846,0.9996
2025-11-12 12:55:37,7.7369,136.7450,0.9996
2025-11-12 12:55:37,7.7378,133.8400,0.9996
2025-11-12 12:55:37,7.7368,149.1723,0.9995
2025-11-12 12:55:37,7.7349,158.3609,0.9995
2025-11-12 12:55:37,7.7350,160.2659,0.9995
2025-11-12 12:55:37,7.7355,160.2570,0.9995
2025-11-12 12:55:37,7.7376,131.3069,0.9996
2025-11-12 12:55:37,7.7273,311.8029,0.9990
2025-11-12 12:55:37,7.7276,320.1224,0.9990
2025-11-12 12:55:37,7.7271,317.5413,0.9990
2025-11-12 12:55:38,7.7252,331.3904,0.9990
2025-11-12 12:55:38,7.7306,220.0092,0.9993
2025-11-12 12:55:38,7.7311,233.1528,0.9993
2025-11-12 12:55:38,7.7224,287.5772,0.9991
2025-11-12 12:55:38,7.7228,284.6457,0.9991
2025-11-12 12:55:38,7.7281,251.8498,0.9992
2025-11-12 12:55:38,7.7278,241.1220,0.9993
2025-11-12 12:55:38,7.7281,236.5996,0.9993
2025-11-12 12:55:38,7.7294,225.3674,0.9993
2025-11-12 12:55:38,7.7293,225.5178,0.9993
2025-11-12 12:55:38,7.7286,206.2983,0.9994
2025-11-12 12:55:38,7.7281,214.8715,0.9993
2025-11-12 12:55:38,7.7283,213.9029,0.9993
2025-11-12 12:55:39,7.7251,227.7257,0.9993
2025-11-12 12:55:39,7.7248,218.0688,0.9993
2025-11-12 12:55:39,7.7325,147.1756,0.9995
2025-11-12 12:55:39,7.7327,145.9142,0.9996
2025-11-12 12:55:39,7.7350,123.3033,0.9996
2025-11-12 12:55:39,7.7359,145.9349,0.9996
2025-11-12 12:55:39,7.7362,145.0325,0.9996
2025-11-12 12:55:39,7.7350,158.7186,0.9995
2025-11-12 12:55:39,7.7413,147.0309,0.9996
2025-11-12 12:55:40,7.7395,113.3303,0.9997
2025-11-12 12:55:40,7.7402,109.8566,0.9997
2025-11-12 12:55:40,7.7410,96.9302,0.9997
2025-11-12 12:55:40,7.7395,92.3233,0.9997
2025-11-12 12:55:40,7.7400,100.7999,0.9997
2025-11-12 12:55:40,7.7396,102.7820,0.9997
2025-11-12 12:55:40,7.7397,101.0766,0.9997
2025-11-12 12:55:40,7.7409,104.3294,0.9997
2025-11-12 12:55:40,7.7396,83.1231,0.9997
2025-11-12 12:55:41,7.7394,84.1189,0.9997
2025-11-12 12:55:41,7.7385,97.5243,0.9997
2025-11-12 12:55:41,7.7422,132.4094,0.9996
2025-11-12 12:55:41,7.7405,114.4650,0.9997
2025-11-12 12:55:41,7.7156,812.8140,0.9974
2025-11-12 12:55:41,7.7142,816.4252,0.9974
2025-11-12 12:55:41,7.7139,806.5257,0.9974
2025-11-12 12:55:41,7.7103,725.2425,0.9977
2025-11-12 12:55:41,7.7181,420.4610,0.9987
2025-11-12 12:55:41,7.7205,411.6330,0.9987
2025-11-12 12:55:41,7.7224,466.6424,0.9985
2025-11-12 12:55:41,7.7239,485.0700,0.9985
2025-11-12 12:55:42,7.7340,202.8290,0.9994
2025-11-12 12:55:42,7.7341,202.0042,0.9994
2025-11-12 12:55:42,7.7333,183.8310,0.9994
2025-11-12 12:55:42,7.7349,199.7796,0.9994
2025-11-12 12:55:42,7.7377,151.5215,0.9995
2025-11-12 12:55:42,7.7376,152.8686,0.9995
2025-11-12 12:55:42,7.7385,170.7527,0.9995
2025-11-12 12:55:42,7.7370,159.0672,0.9995
2025-11-12 12:55:42,7.7284,346.1735,0.9989
2025-11-12 12:55:42,7.7265,362.3600,0.9989
2025-11-12 12:55:43,7.7259,345.9551,0.9989
2025-11-12 12:55:43,7.7229,316.3134,0.9990
2025-11-12 12:55:43,7.7318,155.1715,0.9995
2025-11-12 12:55:43,7.7339,130.8576,0.9996
2025-11-12 12:55:43,7.7354,165.2420,0.9995
2025-11-12 12:55:43,7.7397,179.6464,0.9995
2025-11-12 12:55:43,7.7430,139.1714,0.9996
2025-11-12 12:55:43,7.7410,172.1505,0.9995
2025-11-12 12:55:43,7.7409,170.2555,0.9995
2025-11-12 12:55:44,7.7409,170.1032,0.9995
2025-11-12 12:55:44,7.7402,176.1663,0.9995
2025-11-12 12:55:44,7.7406,170.2518,0.9995
2025-11-12 12:55:44,7.7395,148.9854,0.9995
2025-11-12 12:55:44,7.7430,188.8001,0.9994
2025-11-12 12:55:44,7.7438,180.5588,0.9995
2025-11-12 12:55:44,7.7453,151.9506,0.9995
2025-11-12 12:55:44,7.7466,172.0117,0.9995
2025-11-12 12:55:44,7.7470,177.3620,0.9995
2025-11-12 12:55:45,7.7471,175.8220,0.9995
2025-11-12 12:55:45,7.7469,178.9303,0.9995
2025-11-12 12:55:45,7.7471,181.9684,0.9995
2025-11-12 12:55:45,7.7461,170.0427,0.9995
2025-11-12 12:55:45,7.7477,155.2397,0.9995
2025-11-12 12:55:45,7.7479,152.7991,0.9995
2025-11-12 12:55:45,7.7473,142.9397,0.9996
2025-11-12 12:55:45,7.7479,149.6166,0.9996
2025-11-12 12:55:45,7.7465,161.9430,0.9995
2025-11-12 12:55:45,7.7466,160.1317,0.9995
2025-11-12 12:55:46,7.7470,165.8735,0.9995
2025-11-12 12:55:46,7.7478,176.8460,0.9995
2025-11-12 12:55:46,7.7489,165.8524,0.9995
2025-11-12 12:55:46,7.7447,260.3823,0.9992
2025-11-12 12:55:46,7.7450,266.2879,0.9992
2025-11-12 12:55:46,7.7447,260.8019,0.9992
2025-11-12 12:55:46,7.7440,265.6537,0.9992
2025-11-12 12:55:46,7.7470,196.0971,0.9994
2025-11-12 12:55:46,7.7468,194.0014,0.9994
2025-11-12 12:55:46,7.7470,195.4841,0.9994
2025-11-12 12:55:47,7.7472,192.7056,0.9994
2025-11-12 12:55:47,7.7470,197.0670,0.9994
2025-11-12 12:55:47,7.7470,196.5010,0.9994
2025-11-12 12:55:47,7.7463,187.2121,0.9994
2025-11-12 12:55:47,7.7459,191.1090,0.9994
2025-11-12 12:55:47,7.7469,171.4679,0.9995
2025-11-12 12:55:47,7.7469,171.9864,0.9995
2025-11-12 12:55:47,7.7478,184.4038,0.9995
2025-11-12 12:55:47,7.7478,184.9005,0.9994
2025-11-12 12:55:47,7.7477,186.4801,0.9994
2025-11-12 12:55:48,7.7478,188.0122,0.9994
2025-11-12 12:55:48,7.7447,153.8405,0.9995
2025-11-12 12:55:48,7.7442,158.3310,0.9995
2025-11-12 12:55:48,7.7443,157.3470,0.9995
2025-11-12 12:55:48,7.7449,171.2298,0.9995
2025-11-12 12:55:48,7.7466,186.9303,0.9994
2025-11-12 12:55:48,7.7419,260.8378,0.9992
2025-11-12 12:55:49,7.7429,246.5304,0.9993
2025-11-12 12:55:49,7.7418,224.4666,0.9993
2025-11-12 12:55:49,7.7417,222.1443,0.9993
2025-11-12 12:55:49,7.7429,198.9000,0.9994
2025-11-12 12:55:49,7.7414,222.8648,0.9993
2025-11-12 12:55:49,7.7415,226.4794,0.9993
2025-11-12 12:55:49,7.7399,206.5141,0.9994
2025-11-12 12:55:49,7.7255,608.2010,0.9981
2025-11-12 12:55:49,7.7246,615.6472,0.9981
2025-11-12 12:55:49,7.7254,641.6401,0.9980
2025-11-12 12:55:49,7.7253,639.6740,0.9980
2025-11-12 12:55:50,7.7373,281.3644,0.9991
2025-11-12 12:55:50,7.7381,268.1091,0.9992
2025-11-12 12:55:50,7.7383,273.3822,0.9992
2025-11-12 12:55:50,7.7380,270.2976,0.9992
2025-11-12 12:55:50,7.7441,181.7096,0.9995
2025-11-12 12:55:50,7.7431,200.5022,0.9994
2025-11-12 12:55:50,7.7429,196.5442,0.9994
2025-11-12 12:55:50,7.7424,193.0702,0.9994
2025-11-12 12:55:50,7.7422,194.8502,0.9994
2025-11-12 12:55:51,7.7429,181.7488,0.9995
2025-11-12 12:55:51,7.7423,167.2984,0.9995
2025-11-12 12:55:51,7.7456,201.2734,0.9994
2025-11-12 12:55:51,7.7455,202.7708,0.9994
2025-11-12 12:55:51,7.7450,213.1675,0.9994
2025-11-12 12:55:51,7.7449,211.0981,0.9994
2025-11-12 12:55:51,7.7456,222.7962,0.9993
2025-11-12 12:55:51,7.7441,241.8674,0.9993
2025-11-12 12:55:51,7.7458,209.3999,0.9994
2025-11-12 12:55:52,7.7446,188.7796,0.9994
2025-11-12 12:55:52,7.7452,199.6697,0.9994
2025-11-12 12:55:52,7.7434,229.2409,0.9993
2025-11-12 12:55:52,7.7429,238.5037,0.9993
2025-11-12 12:55:52,7.7418,221.0665,0.9993
2025-11-12 12:55:52,7.7426,237.9472,0.9993
2025-11-12 12:55:52,7.7416,255.7052,0.9992
2025-11-12 12:55:52,7.7421,247.5208,0.9993
2025-11-12 12:55:52,7.7418,243.5899,0.9993
2025-11-12 12:55:52,7.7418,243.4635,0.9993
2025-11-12 12:55:53,7.7338,455.0459,0.9986
2025-11-12 12:55:53,7.7291,522.0911,0.9984
2025-11-12 12:55:53,7.7309,566.0061,0.9983
2025-11-12 12:55:53,7.7299,535.6626,0.9983
2025-11-12 12:55:53,7.7378,345.2173,0.9990
2025-11-12 12:55:53,7.7423,255.7340,0.9992
2025-11-12 12:55:53,7.7434,277.3387,0.9992
2025-11-12 12:55:53,7.7425,261.1935,0.9992
2025-11-12 12:55:53,7.7422,265.4872,0.9992
2025-11-12 12:55:53,7.7407,292.4574,0.9991
2025-11-12 12:55:54,7.7398,273.1883,0.9992
2025-11-12 12:55:54,7.7413,303.3732,0.9991
2025-11-12 12:55:54,7.7429,273.5474,0.9992
2025-11-12 12:55:54,7.7446,243.1989,0.9993
2025-11-12 12:55:54,7.7455,259.7479,0.9992
2025-11-12 12:55:54,7.7448,246.9454,0.9993
2025-11-12 12:55:54,7.7416,312.0274,0.9991
2025-11-12 12:55:54,7.7405,329.8659,0.9990
2025-11-12 12:55:54,7.7404,327.3701,0.9990
2025-11-12 12:55:54,7.7416,352.1139,0.9989
2025-11-12 12:55:54,7.7440,299.6440,0.9991
2025-11-12 12:55:54,7.7453,276.5283,0.9992
2025-11-12 12:55:55,7.7442,256.0690,0.9992
2025-11-12 12:55:55,7.7447,268.1134,0.9992
2025-11-12 12:55:55,7.7436,292.3860,0.9991
2025-11-12 12:55:55,7.7420,318.8062,0.9990
2025-11-12 12:55:55,7.7430,336.9863,0.9990
2025-11-12 12:55:55,7.7428,332.4612,0.9990
2025-11-12 12:55:55,7.7461,270.9571,0.9992
2025-11-12 12:55:55,7.7478,238.6764,0.9993
2025-11-12 12:55:55,7.7467,221.2658,0.9993
2025-11-12 12:55:55,7.7472,232.0179,0.9993
2025-11-12 12:55:56,7.7493,203.3539,0.9994
2025-11-12 12:55:56,7.7468,255.7471,0.9992
2025-11-12 12:55:56,7.7474,264.7129,0.9992
2025-11-12 12:55:56,7.7474,264.5799,0.9992
2025-11-12 12:55:56,7.7464,276.5084,0.9992
2025-11-12 12:55:56,7.7487,227.2389,0.9993
2025-11-12 12:55:56,7.7483,220.8390,0.9993
2025-11-12 12:55:56,7.7475,206.5155,0.9994
2025-11-12 12:55:57,7.7495,183.5086,0.9995
2025-11-12 12:55:57,7.7494,185.4491,0.9994
2025-11-12 12:55:57,7.7495,186.2480,0.9994
2025-11-12 12:55:57,7.7475,155.5909,0.9995
2025-11-12 12:55:57,7.7471,159.0194,0.9995
2025-11-12 12:55:57,7.7474,153.9777,0.9995
2025-11-12 12:55:57,7.7462,137.8942,0.9996
2025-11-12 12:55:57,7.7457,129.9965,0.9996
2025-11-12 12:55:58,7.7451,135.0494,0.9996
2025-11-12 12:55:58,7.7433,167.5753,0.9995
2025-11-12 12:55:58,7.7432,166.5112,0.9995
2025-11-12 12:55:58,7.7455,206.1878,0.9994
2025-11-12 12:55:58,7.7463,199.3958,0.9994
2025-11-12 12:55:58,7.7465,195.5540,0.9994
2025-11-12 12:55:58,7.7449,178.9524,0.9995
2025-11-12 12:55:58,7.7436,155.7200,0.9995
2025-11-12 12:55:58,7.7407,182.4796,0.9994
2025-11-12 12:55:59,7.7420,160.1575,0.9995
2025-11-12 12:55:59,7.7418,157.2060,0.9995
2025-11-12 12:55:59,7.7413,149.0714,0.9996
2025-11-12 12:55:59,7.7426,134.8618,0.9996
2025-11-12 12:55:59,7.7424,137.2267,0.9996
2025-11-12 12:55:59,7.7463,190.8152,0.9994
2025-11-12 12:55:59,7.7464,191.3358,0.9994
2025-11-12 12:55:59,7.7473,180.8776,0.9995
2025-11-12 12:55:59,7.7458,212.1711,0.9994
2025-11-12 12:55:59,7.7459,214.1421,0.9994
2025-11-12 12:56:00,7.7456,210.2007,0.9994
2025-11-12 12:56:00,7.7460,206.4611,0.9994
2025-11-12 12:56:00,7.7468,189.7745,0.9994
2025-11-12 12:56:00,7.7470,193.3358,0.9994
2025-11-12 12:56:00,7.7458,179.1357,0.9995
2025-11-12 12:56:00,7.7453,183.3001,0.9995
2025-11-12 12:56:00,7.7449,192.9128,0.9994
2025-11-12 12:56:00,7.7446,188.3504,0.9994
2025-11-12 12:56:00,7.7430,172.1974,0.9995
2025-11-12 12:56:00,7.7413,188.3978,0.9994
2025-11-12 12:56:00,7.7439,147.0057,0.9996
2025-11-12 12:56:01,7.7432,134.6253,0.9996
2025-11-12 12:56:01,7.7464,170.3725,0.9995
2025-11-12 12:56:01,7.7427,237.9632,0.9993
2025-11-12 12:56:01,7.7409,262.5331,0.9992
2025-11-12 12:56:01,7.7412,268.2270,0.9992
2025-11-12 12:56:01,7.7407,258.9165,0.9992
2025-11-12 12:56:01,7.7317,509.1349,0.9984
2025-11-12 12:56:01,7.7323,503.8387,0.9985
2025-11-12 12:56:01,7.7321,500.6182,0.9985
2025-11-12 12:56:01,7.7333,527.2527,0.9984
2025-11-12 12:56:01,7.7402,315.8897,0.9990
2025-11-12 12:56:01,7.7403,314.5269,0.9990
2025-11-12 12:56:02,7.7407,323.0108,0.9990
2025-11-12 12:56:02,7.7404,318.5198,0.9990
2025-11-12 12:56:02,7.7467,196.5255,0.9994
2025-11-12 12:56:02,7.7467,197.2768,0.9994
2025-11-12 12:56:02,7.7457,180.4630,0.9995
2025-11-12 12:56:02,7.7464,191.6104,0.9994
2025-11-12 12:56:02,7.7430,246.7925,0.9993
2025-11-12 12:56:02,7.7411,279.0694,0.9992
2025-11-12 12:56:02,7.7412,279.8404,0.9992
2025-11-12 12:56:03,7.7409,275.2177,0.9992
2025-11-12 12:56:03,7.7453,213.2654,0.9994
2025-11-12 12:56:03,7.7453,213.4963,0.9994
2025-11-12 12:56:03,7.7462,228.2970,0.9993
2025-11-12 12:56:03,7.7455,217.7319,0.9993
2025-11-12 12:56:03,7.7448,226.1829,0.9993
2025-11-12 12:56:03,7.7452,217.0704,0.9994
2025-11-12 12:56:03,7.7445,204.2659,0.9994
2025-11-12 12:56:03,7.7458,228.3224,0.9993
2025-11-12 12:56:03,7.7478,208.0381,0.9994
2025-11-12 12:56:03,7.7476,211.9370,0.9994
2025-11-12 12:56:04,7.7471,204.8490,0.9994
2025-11-12 12:56:04,7.7469,202.0543,0.9994
2025-11-12 12:56:04,7.7459,210.9492,0.9994
2025-11-12 12:56:04,7.7460,209.1393,0.9994
2025-11-12 12:56:04,7.7480,241.0806,0.9993
2025-11-12 12:56:04,7.7487,254.2714,0.9992
2025-11-12 12:56:04,7.7500,240.2665,0.9993
2025-11-12 12:56:04,7.7502,236.0065,0.9993
2025-11-12 12:56:04,7.7495,223.8525,0.9993
2025-11-12 12:56:04,7.7482,202.9671,0.9994
2025-11-12 12:56:05,7.7477,207.6995,0.9994
2025-11-12 12:56:05,7.7487,185.5895,0.9994
2025-11-12 12:56:05,7.7492,193.2868,0.9994
2025-11-12 12:56:05,7.7488,187.8000,0.9994
2025-11-12 12:56:05,7.7491,185.5211,0.9994
2025-11-12 12:56:05,7.7467,238.2905,0.9993
2025-11-12 12:56:05,7.7439,194.0843,0.9994
2025-11-12 12:56:05,7.7428,176.7755,0.9995
2025-11-12 12:56:05,7.7414,186.3310,0.9994
2025-11-12 12:56:06,7.7440,137.8823,0.9996
2025-11-12 12:56:06,7.7449,149.6382,0.9996
2025-11-12 12:56:06,7.7440,137.6880,0.9996
2025-11-12 12:56:06,7.7450,128.3258,0.9996
2025-11-12 12:56:06,7.7451,126.9525,0.9996
2025-11-12 12:56:06,7.7458,136.6311,0.9996
2025-11-12 12:56:06,7.7470,151.1865,0.9995
2025-11-12 12:56:06,7.7472,149.3674,0.9996
2025-11-12 12:56:06,7.7452,189.2056,0.9994
2025-11-12 12:56:06,7.7447,182.1927,0.9995
2025-11-12 12:56:07,7.7423,152.2219,0.9995
2025-11-12 12:56:07,7.7425,151.1477,0.9995
2025-11-12 12:56:07,7.7443,118.2857,0.9996
2025-11-12 12:56:07,7.7450,129.9618,0.9996
2025-11-12 12:56:07,7.7473,153.8169,0.9995
2025-11-12 12:56:07,7.7449,179.3340,0.9995
2025-11-12 12:56:07,7.7436,203.1257,0.9994
2025-11-12 12:56:07,7.7433,198.3725,0.9994
2025-11-12 12:56:07,7.7430,193.2269,0.9994
2025-11-12 12:56:08,7.7441,181.2549,0.9995
2025-11-12 12:56:08,7.7454,157.7450,0.9995
2025-11-12 12:56:08,7.7459,165.8923,0.9995
2025-11-12 12:56:08,7.7457,164.3302,0.9995
2025-11-12 12:56:08,7.7469,153.6029,0.9995
2025-11-12 12:56:08,7.7469,153.7843,0.9995
2025-11-12 12:56:08,7.7478,169.2428,0.9995
2025-11-12 12:56:08,7.7489,183.2339,0.9995
2025-11-12 12:56:08,7.7487,185.6336,0.9994
2025-11-12 12:56:09,7.7472,217.1270,0.9994
2025-11-12 12:56:09,7.7465,205.1313,0.9994
2025-11-12 12:56:09,7.7463,202.3975,0.9994
2025-11-12 12:56:09,7.7462,203.0942,0.9994
2025-11-12 12:56:09,7.7451,229.9400,0.9993
2025-11-12 12:56:09,7.7457,241.4138,0.9993
2025-11-12 12:56:09,7.7442,221.1580,0.9993
2025-11-12 12:56:09,7.7451,215.4131,0.9994
2025-11-12 12:56:09,7.7481,151.7858,0.9995
2025-11-12 12:56:10,7.7478,146.3112,0.9996
2025-11-12 12:56:10,7.7450,127.1377,0.9996
2025-11-12 12:56:10,7.7441,132.3461,0.9996
2025-11-12 12:56:10,7.7441,133.0592,0.9996
2025-11-12 12:56:10,7.7445,140.3728,0.9996
2025-11-12 12:56:10,7.7436,137.3380,0.9996
2025-11-12 12:56:10,7.7422,148.1241,0.9996
2025-11-12 12:56:10,7.7422,147.9044,0.9996
2025-11-12 12:56:10,7.7420,143.5701,0.9996
2025-11-12 12:56:10,7.7436,151.5894,0.9995
2025-11-12 12:56:11,7.7409,185.5829,0.9994
2025-11-12 12:56:11,7.7401,196.9542,0.9994
2025-11-12 12:56:11,7.7379,151.8360,0.9995
2025-11-12 12:56:11,7.7306,128.9267,0.9996
2025-11-12 12:56:11,7.7289,146.8301,0.9995
2025-11-12 12:56:11,7.7267,168.3003,0.9995
2025-11-12 12:56:11,7.7272,180.3809,0.9994
2025-11-12 12:56:11,7.7162,311.2951,0.9990
2025-11-12 12:56:11,7.7173,308.0269,0.9990
2025-11-12 12:56:11,7.7177,306.1520,0.9990
2025-11-12 12:56:12,7.7174,297.1677,0.9991
2025-11-12 12:56:12,7.7272,162.8049,0.9995
2025-11-12 12:56:12,7.7294,149.9888,0.9995
2025-11-12 12:56:12,7.7318,124.0483,0.9996
2025-11-12 12:56:12,7.7306,98.4613,0.9997
2025-11-12 12:56:12,7.7262,146.6935,0.9995
2025-11-12 12:56:12,7.7255,148.3293,0.9995
2025-11-12 12:56:12,7.7247,152.6093,0.9995
2025-11-12 12:56:12,7.7274,223.8963,0.9993
2025-11-12 12:56:12,7.7264,240.1634,0.9993
2025-11-12 12:56:13,7.7270,238.2870,0.9993
2025-11-12 12:56:13,7.7275,234.7046,0.9993
2025-11-12 12:56:13,7.7270,220.6273,0.9993
2025-11-12 12:56:13,7.7240,280.6813,0.9991
2025-11-12 12:56:13,7.7244,280.5137,0.9991
2025-11-12 12:56:13,7.7225,292.2184,0.9991
2025-11-12 12:56:13,7.7232,312.0569,0.9990
2025-11-12 12:56:13,7.7252,270.2227,0.9992
2025-11-12 12:56:13,7.7268,271.6551,0.9992
2025-11-12 12:56:13,7.7278,261.9730,0.9992
2025-11-12 12:56:14,7.7286,287.7721,0.9991
2025-11-12 12:56:14,7.7303,255.4594,0.9992
2025-11-12 12:56:14,7.7275,262.3921,0.9992
2025-11-12 12:56:14,7.7267,270.0448,0.9992
2025-11-12 12:56:14,7.7262,253.9334,0.9992
2025-11-12 12:56:14,7.7289,217.7778,0.9993
2025-11-12 12:56:14,7.7296,213.9675,0.9993
2025-11-12 12:56:15,7.7317,192.7747,0.9994
2025-11-12 12:56:15,7.7313,182.5533,0.9994
2025-11-12 12:56:15,7.7384,143.0383,0.9996
2025-11-12 12:56:15,7.7419,118.8190,0.9996
2025-11-12 12:56:15,7.7418,120.6050,0.9996
2025-11-12 12:56:15,7.7407,100.3995,0.9997
2025-11-12 12:56:15,7.7421,102.0161,0.9997
2025-11-12 12:56:15,7.7409,107.9051,0.9997
2025-11-12 12:56:15,7.7384,149.3765,0.9995
2025-11-12 12:56:16,7.7375,131.9538,0.9996
2025-11-12 12:56:16,7.7387,140.6741,0.9996
2025-11-12 12:56:16,7.7392,138.7061,0.9996
2025-11-12 12:56:16,7.7406,112.7341,0.9997
2025-11-12 12:56:16,7.7420,136.6850,0.9996
2025-11-12 12:56:16,7.7454,168.6317,0.9995
2025-11-12 12:56:16,7.7454,168.6317,0.9995
2025-11-12 12:56:16,7.7424,236.3205,0.9993
2025-11-12 12:56:16,7.7430,246.5463,0.9993
2025-11-12 12:56:16,7.7423,237.2810,0.9993
2025-11-12 12:56:17,7.7423,237.2810,0.9993
2025-11-12 12:56:17,7.7464,149.0186,0.9996
2025-11-12 12:56:17,7.7471,161.0951,0.9995
2025-11-12 12:56:17,7.7471,161.4620,0.9995
2025-11-12 12:56:17,7.7480,154.4738,0.9995
2025-11-12 12:56:17,7.7479,155.1482,0.9995
2025-11-12 12:56:17,7.7478,152.6074,0.9995
2025-11-12 12:56:17,7.7486,160.7246,0.9995
2025-11-12 12:56:17,7.7464,181.4549,0.9995
2025-11-12 12:56:17,7.7466,178.5888,0.9995
2025-11-12 12:56:17,7.7474,193.3599,0.9994
2025-11-12 12:56:18,7.7477,197.7217,0.9994
2025-11-12 12:56:18,7.7471,205.5246,0.9994
2025-11-12 12:56:18,7.7471,205.7737,0.9994
2025-11-12 12:56:18,7.7462,187.7386,0.9994
2025-11-12 12:56:18,7.7460,185.3658,0.9994
2025-11-12 12:56:18,7.7472,171.3401,0.9995
2025-11-12 12:56:18,7.7471,172.5984,0.9995
2025-11-12 12:56:18,7.7471,173.1122,0.9995
2025-11-12 12:56:18,7.7459,159.2367,0.9995
2025-11-12 12:56:18,7.7461,157.1622,0.9995
2025-11-12 12:56:18,7.7460,160.3389,0.9995
2025-11-12 12:56:19,7.7469,178.0212,0.9995
2025-11-12 12:56:19,7.7470,179.3504,0.9995
2025-11-12 12:56:19,7.7464,186.3558,0.9994
2025-11-12 12:56:19,7.7458,197.0186,0.9994
2025-11-12 12:56:19,7.7454,189.4740,0.9994
2025-11-12 12:56:19,7.7476,218.3598,0.9993
2025-11-12 12:56:19,7.7479,215.5963,0.9994
2025-11-12 12:56:19,7.7469,237.1080,0.9993
2025-11-12 12:56:19,7.7472,243.7632,0.9993
2025-11-12 12:56:20,7.7469,239.5382,0.9993
2025-11-12 12:56:20,7.7484,224.9904,0.9993
2025-11-12 12:56:20,7.7489,213.3480,0.9994
2025-11-12 12:56:20,7.7476,190.1203,0.9994
2025-11-12 12:56:20,7.7474,187.7897,0.9994
2025-11-12 12:56:20,7.7460,200.5645,0.9994
2025-11-12 12:56:20,7.7458,205.6280,0.9994
2025-11-12 12:56:20,7.7471,230.9999,0.9993
2025-11-12 12:56:20,7.7464,221.4260,0.9993
2025-11-12 12:56:20,7.7468,217.8257,0.9994
2025-11-12 12:56:21,7.7484,185.0304,0.9994
2025-11-12 12:56:21,7.7472,163.6041,0.9995
2025-11-12 12:56:21,7.7482,176.4183,0.9995
2025-11-12 12:56:21,7.7468,192.5299,0.9994
2025-11-12 12:56:21,7.7463,202.9872,0.9994
2025-11-12 12:56:21,7.7450,182.4853,0.9995
2025-11-12 12:56:21,7.7445,174.8066,0.9995
2025-11-12 12:56:21,7.7447,172.1377,0.9995
2025-11-12 12:56:21,7.7447,172.1904,0.9995
2025-11-12 12:56:21,7.7441,163.1099,0.9995
2025-11-12 12:56:22,7.7441,163.3793,0.9995
2025-11-12 12:56:22,7.7443,161.6440,0.9995
2025-11-12 12:56:22,7.7429,187.2343,0.9994
2025-11-12 12:56:22,7.7414,168.1728,0.9995
2025-11-12 12:56:22,7.7418,174.5170,0.9995
2025-11-12 12:56:22,7.7426,167.7648,0.9995
2025-11-12 12:56:22,7.7435,151.0050,0.9995
2025-11-12 12:56:22,7.7446,163.7442,0.9995
2025-11-12 12:56:22,7.7430,138.8930,0.9996
2025-11-12 12:56:22,7.7417,149.8859,0.9995
2025-11-12 12:56:22,7.7422,142.6859,0.9996
2025-11-12 12:56:23,7.7419,139.5884,0.9996
2025-11-12 12:56:23,7.7412,130.3522,0.9996
2025-11-12 12:56:23,7.7414,128.4067,0.9996
2025-11-12 12:56:23,7.7408,139.6562,0.9996
2025-11-12 12:56:23,7.7413,147.6698,0.9996
2025-11-12 12:56:23,7.7401,134.4667,0.9996
2025-11-12 12:56:23,7.7417,123.5578,0.9996
2025-11-12 12:56:23,7.7393,169.5315,0.9995
2025-11-12 12:56:23,7.7398,177.2473,0.9995
2025-11-12 12:56:23,7.7418,201.8843,0.9994
2025-11-12 12:56:24,7.7408,208.1443,0.9994
2025-11-12 12:56:24,7.7440,145.2203,0.9996
2025-11-12 12:56:24,7.7451,162.5007,0.9995
2025-11-12 12:56:24,7.7459,173.4484,0.9995
2025-11-12 12:56:24,7.7457,175.3693,0.9995
2025-11-12 12:56:24,7.7439,211.8629,0.9994
2025-11-12 12:56:24,7.7448,228.5708,0.9993
2025-11-12 12:56:24,7.7446,225.7128,0.9993
2025-11-12 12:56:24,7.7449,223.0373,0.9993
2025-11-12 12:56:25,7.7453,212.8612,0.9994
2025-11-12 12:56:25,7.7447,200.6697,0.9994
2025-11-12 12:56:25,7.7454,211.6691,0.9994
2025-11-12 12:56:25,7.7457,208.3602,0.9994
2025-11-12 12:56:25,7.7475,173.8647,0.9995
2025-11-12 12:56:25,7.7466,161.1820,0.9995
2025-11-12 12:56:25,7.7472,170.5398,0.9995
2025-11-12 12:56:25,7.7485,158.5407,0.9995
2025-11-12 12:56:25,7.7467,196.2005,0.9994
2025-11-12 12:56:26,7.7472,203.4339,0.9994
2025-11-12 12:56:26,7.7467,196.2293,0.9994
2025-11-12 12:56:26,7.7460,201.4873,0.9994
2025-11-12 12:56:26,7.7480,162.0181,0.9995
2025-11-12 12:56:26,7.7450,127.4470,0.9996
2025-11-12 12:56:26,7.7453,132.1690,0.9996
2025-11-12 12:56:26,7.7449,135.9864,0.9996
2025-11-12 12:56:26,7.7436,157.9092,0.9995
2025-11-12 12:56:26,7.7442,163.4701,0.9995
2025-11-12 12:56:26,7.7445,168.7991,0.9995
2025-11-12 12:56:27,7.7452,163.0937,0.9995
2025-11-12 12:56:27,7.7449,169.6513,0.9995
2025-11-12 12:56:27,7.7462,185.0997,0.9994
2025-11-12 12:56:27,7.7465,190.4605,0.9994
2025-11-12 12:56:27,7.7465,190.3018,0.9994
2025-11-12 12:56:27,7.7469,182.1456,0.9995
2025-11-12 12:56:27,7.7430,149.1966,0.9996
2025-11-12 12:56:27,7.7434,156.7285,0.9995
2025-11-12 12:56:27,7.7430,159.1840,0.9995
2025-11-12 12:56:28,7.7406,206.1003,0.9994
2025-11-12 12:56:28,7.7453,256.7785,0.9992
2025-11-12 12:56:28,7.7443,237.9943,0.9993
2025-11-12 12:56:28,7.7433,246.4880,0.9993
2025-11-12 12:56:28,7.7445,218.6699,0.9993
2025-11-12 12:56:28,7.7440,209.5024,0.9994
2025-11-12 12:56:28,7.7441,211.6587,0.9994
2025-11-12 12:56:28,7.7452,201.8857,0.9994
2025-11-12 12:56:28,7.7474,156.9303,0.9995
2025-11-12 12:56:29,7.7484,170.7953,0.9995
2025-11-12 12:56:29,7.7483,169.6166,0.9995
2025-11-12 12:56:29,7.7492,161.9468,0.9995
2025-11-12 12:56:29,7.7474,199.9201,0.9994
2025-11-12 12:56:29,7.7448,166.7663,0.9995
2025-11-12 12:56:29,7.7444,159.8372,0.9995
2025-11-12 12:56:29,7.7435,165.0683,0.9995
2025-11-12 12:56:29,7.7434,167.2090,0.9995
2025-11-12 12:56:29,7.7442,176.3711,0.9995
2025-11-12 12:56:29,7.7435,166.3286,0.9995
2025-11-12 12:56:30,7.7439,164.1999,0.9995
2025-11-12 12:56:30,7.7458,128.1790,0.9996
2025-11-12 12:56:30,7.7465,137.0171,0.9996
2025-11-12 12:56:30,7.7466,138.6389,0.9996
2025-11-12 12:56:30,7.7463,141.0378,0.9996
2025-11-12 12:56:30,7.7459,147.3162,0.9996
2025-11-12 12:56:30,7.7468,159.9843,0.9995
2025-11-12 12:56:30,7.7468,159.4970,0.9995
2025-11-12 12:56:30,7.7468,159.4970,0.9995
2025-11-12 12:56:31,7.7472,151.8637,0.9995
2025-11-12 12:56:31,7.7475,156.1276,0.9995
2025-11-12 12:56:31,7.7470,150.0576,0.9996
2025-11-12 12:56:31,7.7463,156.8902,0.9995
2025-11-12 12:56:31,7.7460,161.0199,0.9995
2025-11-12 12:56:31,7.7458,157.2024,0.9995
2025-11-12 12:56:31,7.7458,156.6616,0.9995
2025-11-12 12:56:31,7.7463,151.2521,0.9995
2025-11-12 12:56:31,7.7456,165.9603,0.9995
2025-11-12 12:56:31,7.7450,156.5126,0.9995
2025-11-12 12:56:31,7.7450,156.7429,0.9995
2025-11-12 12:56:32,7.7415,196.1191,0.9994
2025-11-12 12:56:32,7.7415,196.3976,0.9994
2025-11-12 12:56:32,7.7422,209.5052,0.9994
2025-11-12 12:56:32,7.7420,206.4456,0.9994
2025-11-12 12:56:32,7.7396,247.5757,0.9993
2025-11-12 12:56:32,7.7376,282.1268,0.9991
2025-11-12 12:56:32,7.7376,281.2855,0.9991
2025-11-12 12:56:32,7.7395,319.0120,0.9990
2025-11-12 12:56:33,7.7415,283.8033,0.9991
2025-11-12 12:56:33,7.7425,262.9518,0.9992
2025-11-12 12:56:33,7.7424,260.1114,0.9992
2025-11-12 12:56:33,7.7412,238.4629,0.9993
2025-11-12 12:56:33,7.7434,208.6162,0.9994
2025-11-12 12:56:33,7.7453,173.2618,0.9995
2025-11-12 12:56:33,7.7466,196.1750,0.9994
2025-11-12 12:56:33,7.7446,173.5768,0.9995
2025-11-12 12:56:33,7.7441,180.8167,0.9995
2025-11-12 12:56:33,7.7439,184.0558,0.9994
2025-11-12 12:56:34,7.7438,183.4144,0.9994
2025-11-12 12:56:34,7.7439,184.1663,0.9994
2025-11-12 12:56:34,7.7387,276.4753,0.9992
2025-11-12 12:56:34,7.7362,315.7660,0.9990
2025-11-12 12:56:34,7.7370,338.5450,0.9990
2025-11-12 12:56:34,7.7356,320.0185,0.9990
2025-11-12 12:56:34,7.7363,307.3251,0.9991
2025-11-12 12:56:34,7.7351,329.5953,0.9990
2025-11-12 12:56:34,7.7355,341.1177,0.9990
2025-11-12 12:56:34,7.7361,348.9374,0.9989
2025-11-12 12:56:35,7.7379,317.2122,0.9990
2025-11-12 12:56:35,7.7410,258.1547,0.9992
2025-11-12 12:56:35,7.7396,224.5573,0.9993
2025-11-12 12:56:35,7.7398,225.7436,0.9993
2025-11-12 12:56:35,7.7356,312.9347,0.9990
2025-11-12 12:56:35,7.7361,306.5493,0.9991
2025-11-12 12:56:35,7.7367,323.4393,0.9990
2025-11-12 12:56:35,7.7400,377.0761,0.9989
2025-11-12 12:56:35,7.7496,196.2074,0.9994
2025-11-12 12:56:35,7.7482,226.2683,0.9993
2025-11-12 12:56:36,7.7472,206.9055,0.9994
2025-11-12 12:56:36,7.7468,202.0869,0.9994
2025-11-12 12:56:36,7.7468,202.4690,0.9994
2025-11-12 12:56:36,7.7468,203.3354,0.9994
2025-11-12 12:56:36,7.7479,224.0113,0.9993
2025-11-12 12:56:36,7.7491,242.9413,0.9993
2025-11-12 12:56:36,7.7492,242.4859,0.9993
2025-11-12 12:56:36,7.7506,209.2399,0.9994
2025-11-12 12:56:37,7.7506,208.5883,0.9994
2025-11-12 12:56:37,7.7501,200.7295,0.9994
2025-11-12 12:56:37,7.7485,219.8304,0.9993
2025-11-12 12:56:37,7.7484,220.2250,0.9993
2025-11-12 12:56:37,7.7488,228.1010,0.9993
2025-11-12 12:56:37,7.7482,218.5830,0.9993
2025-11-12 12:56:37,7.7495,202.8167,0.9994
2025-11-12 12:56:37,7.7498,197.0262,0.9994
2025-11-12 12:56:37,7.7493,187.9126,0.9994
2025-11-12 12:56:38,7.7491,185.6832,0.9994
2025-11-12 12:56:38,7.7491,185.6832,0.9994
2025-11-12 12:56:38,7.7468,236.5009,0.9993
2025-11-12 12:56:38,7.7462,224.5297,0.9993
2025-11-12 12:56:38,7.7464,227.5926,0.9993
2025-11-12 12:56:38,7.7464,227.1292,0.9993
2025-11-12 12:56:38,7.7481,190.5051,0.9994
2025-11-12 12:56:38,7.7478,185.4442,0.9994
2025-11-12 12:56:38,7.7472,177.3349,0.9995
2025-11-12 12:56:39,7.7470,179.6189,0.9995
2025-11-12 12:56:39,7.7467,185.8004,0.9994
2025-11-12 12:56:39,7.7449,158.5280,0.9995
2025-11-12 12:56:39,7.7455,167.0692,0.9995
2025-11-12 12:56:39,7.7449,172.6542,0.9995
2025-11-12 12:56:39,7.7431,209.9576,0.9994
2025-11-12 12:56:39,7.7442,228.7184,0.9993
2025-11-12 12:56:39,7.7437,220.9124,0.9993
2025-11-12 12:56:39,7.7447,212.9723,0.9994
2025-11-12 12:56:39,7.7471,162.3248,0.9995
2025-11-12 12:56:40,7.7475,169.3650,0.9995
2025-11-12 12:56:40,7.7477,171.9291,0.9995
2025-11-12 12:56:40,7.7445,210.3169,0.9994
2025-11-12 12:56:40,7.7430,240.3959,0.9993
2025-11-12 12:56:40,7.7422,226.5715,0.9993
2025-11-12 12:56:40,7.7414,213.1114,0.9994
2025-11-12 12:56:40,7.7427,197.4137,0.9994
2025-11-12 12:56:40,7.7427,197.6874,0.9994
2025-11-12 12:56:40,7.7424,192.5813,0.9994
2025-11-12 12:56:40,7.7441,219.1629,0.9993
2025-11-12 12:56:40,7.7461,199.9380,0.9994
2025-11-12 12:56:40,7.7478,164.8334,0.9995
2025-11-12 12:56:41,7.7463,147.1710,0.9996
2025-11-12 12:56:41,7.7446,121.8828,0.9996
2025-11-12 12:56:41,7.7447,121.5820,0.9996
2025-11-12 12:56:41,7.7420,173.0847,0.9995
2025-11-12 12:56:41,7.7429,185.1422,0.9994
2025-11-12 12:56:41,7.7403,155.7945,0.9995
2025-11-12 12:56:41,7.7397,158.2821,0.9995
2025-11-12 12:56:41,7.7416,121.3682,0.9996
2025-11-12 12:56:42,7.7428,142.3519,0.9996
2025-11-12 12:56:42,7.7445,156.2254,0.9995
2025-11-12 12:56:42,7.7446,155.2644,0.9995
2025-11-12 12:56:42,7.7425,199.6916,0.9994
2025-11-12 12:56:42,7.7434,218.2647,0.9993
2025-11-12 12:56:42,7.7442,227.2892,0.9993
2025-11-12 12:56:42,7.7442,226.7739,0.9993
2025-11-12 12:56:42,7.7473,162.6095,0.9995
2025-11-12 12:56:43,7.7464,147.2847,0.9996
2025-11-12 12:56:43,7.7465,148.2305,0.9996
2025-11-12 12:56:43,7.7468,145.7981,0.9996
2025-11-12 12:56:43,7.7452,175.7880,0.9995
2025-11-12 12:56:43,7.7463,196.4871,0.9994
2025-11-12 12:56:43,7.7461,193.8070,0.9994
2025-11-12 12:56:43,7.7467,189.3036,0.9994
2025-11-12 12:56:43,7.7484,155.1254,0.9995
2025-11-12 12:56:44,7.7476,140.4464,0.9996
2025-11-12 12:56:44,7.7476,141.0842,0.9996
2025-11-12 12:56:44,7.7467,148.7418,0.9996
2025-11-12 12:56:44,7.7463,154.9577,0.9995
2025-11-12 12:56:44,7.7454,139.8282,0.9996
2025-11-12 12:56:44,7.7462,150.0974,0.9996
2025-11-12 12:56:44,7.7463,149.2990,0.9996
2025-11-12 12:56:44,7.7466,144.1315,0.9996
2025-11-12 12:56:44,7.7473,154.3525,0.9995
2025-11-12 12:56:44,7.7474,156.0641,0.9995
2025-11-12 12:56:45,7.7471,158.9210,0.9995
2025-11-12 12:56:45,7.7469,163.0177,0.9995
2025-11-12 12:56:45,7.7480,182.1839,0.9995
2025-11-12 12:56:45,7.7478,179.7203,0.9995
2025-11-12 12:56:45,7.7464,195.0739,0.9994
2025-11-12 12:56:45,7.7467,190.0117,0.9994
2025-11-12 12:56:45,7.7458,173.7984,0.9995
2025-11-12 12:56:45,7.7473,195.6862,0.9994
2025-11-12 12:56:45,7.7485,181.2986,0.9995
2025-11-12 12:56:45,7.7481,188.6509,0.9994
2025-11-12 12:56:46,7.7485,194.5428,0.9994
2025-11-12 12:56:46,7.7484,193.3558,0.9994
2025-11-12 12:56:46,7.7488,189.0465,0.9994
2025-11-12 12:56:46,7.7491,182.6374,0.9995
2025-11-12 12:56:46,7.7494,187.2226,0.9994
2025-11-12 12:56:46,7.7496,189.6976,0.9994
2025-11-12 12:56:46,7.7496,189.6976,0.9994
2025-11-12 12:56:46,7.7487,208.3399,0.9994
2025-11-12 12:56:47,7.7480,197.8958,0.9994
2025-11-12 12:56:47,7.7475,190.1616,0.9994
2025-11-12 12:56:47,7.7474,191.1460,0.9994
2025-11-12 12:56:47,7.7458,226.6464,0.9993
2025-11-12 12:56:47,7.7469,247.3370,0.9993
2025-11-12 12:56:47,7.7465,240.9632,0.9993
2025-11-12 12:56:47,7.7473,234.1287,0.9993
2025-11-12 12:56:47,7.7483,210.8385,0.9994
2025-11-12 12:56:47,7.7478,200.5513,0.9994
2025-11-12 12:56:47,7.7479,202.1201,0.9994
2025-11-12 12:56:47,7.7464,215.8805,0.9994
2025-11-12 12:56:47,7.7462,220.7248,0.9993
2025-11-12 12:56:47,7.7464,224.8896,0.9993
2025-11-12 12:56:48,7.7468,232.0889,0.9993
2025-11-12 12:56:48,7.7480,220.4460,0.9993
2025-11-12 12:56:48,7.7498,182.0555,0.9995
2025-11-12 12:56:48,7.7490,168.3226,0.9995
2025-11-12 12:56:48,7.7484,159.6873,0.9995
2025-11-12 12:56:48,7.7477,166.0383,0.9995
2025-11-12 12:56:48,7.7476,167.0581,0.9995
2025-11-12 12:56:48,7.7446,128.3076,0.9996
2025-11-12 12:56:48,7.7447,130.3793,0.9996
2025-11-12 12:56:48,7.7439,137.8156,0.9996
2025-11-12 12:56:48,7.7430,153.3349,0.9995
2025-11-12 12:56:49,7.7453,184.2188,0.9994
2025-11-12 12:56:49,7.7448,176.3241,0.9995
2025-11-12 12:56:49,7.7463,162.9187,0.9995
2025-11-12 12:56:49,7.7469,151.6372,0.9995
2025-11-12 12:56:49,7.7466,147.0873,0.9996
2025-11-12 12:56:49,7.7480,168.3403,0.9995
2025-11-12 12:56:49,7.7488,162.3223,0.9995
2025-11-12 12:56:49,7.7490,158.7312,0.9995
2025-11-12 12:56:49,7.7476,144.3388,0.9996
2025-11-12 12:56:49,7.7463,123.9434,0.9996
2025-11-12 12:56:50,7.7441,140.8000,0.9996
2025-11-12 12:56:50,7.7420,178.7464,0.9995
2025-11-12 12:56:50,7.7432,195.5258,0.9994
2025-11-12 12:56:50,7.7440,210.2395,0.9994
2025-11-12 12:56:50,7.7456,197.1359,0.9994
2025-11-12 12:56:50,7.7479,149.8052,0.9996
2025-11-12 12:56:50,7.7483,154.2131,0.9995
2025-11-12 12:56:50,7.7488,162.7649,0.9995
2025-11-12 12:56:50,7.7464,189.3200,0.9994
2025-11-12 12:56:50,7.7450,215.3548,0.9994
2025-11-12 12:56:51,7.7419,177.6913,0.9995
2025-11-12 12:56:51,7.7423,185.5121,0.9994
2025-11-12 12:56:51,7.7434,175.4546,0.9995
2025-11-12 12:56:51,7.7424,195.2690,0.9994
2025-11-12 12:56:51,7.7434,205.2347,0.9994
2025-11-12 12:56:51,7.7429,194.7181,0.9994
2025-11-12 12:56:51,7.7437,188.1772,0.9994
2025-11-12 12:56:51,7.7446,170.9202,0.9995
2025-11-12 12:56:51,7.7446,171.4149,0.9995
2025-11-12 12:56:51,7.7441,162.1581,0.9995
2025-11-12 12:56:51,7.7452,155.6103,0.9995
2025-11-12 12:56:52,7.7448,164.5791,0.9995
2025-11-12 12:56:52,7.7452,169.2723,0.9995
2025-11-12 12:56:52,7.7456,175.2673,0.9995
2025-11-12 12:56:52,7.7444,182.8276,0.9995
2025-11-12 12:56:52,7.7430,212.5828,0.9994
2025-11-12 12:56:52,7.7420,200.6565,0.9994
2025-11-12 12:56:52,7.7419,200.0578,0.9994
2025-11-12 12:56:52,7.7402,213.0206,0.9994
2025-11-12 12:56:52,7.7414,189.1635,0.9994
2025-11-12 12:56:52,7.7405,180.3654,0.9995
2025-11-12 12:56:53,7.7402,175.5582,0.9995
2025-11-12 12:56:53,7.7398,179.7180,0.9995
2025-11-12 12:56:53,7.7414,152.0542,0.9995
2025-11-12 12:56:53,7.7435,173.2054,0.9995
2025-11-12 12:56:53,7.7436,175.8039,0.9995
2025-11-12 12:56:53,7.7432,181.2754,0.9995
2025-11-12 12:56:53,7.7437,172.9571,0.9995
2025-11-12 12:56:53,7.7446,184.4942,0.9994
2025-11-12 12:56:53,7.7426,153.8010,0.9995
2025-11-12 12:56:53,7.7445,133.4767,0.9996
2025-11-12 12:56:54,7.7444,134.0323,0.9996
2025-11-12 12:56:54,7.7458,155.8428,0.9995
2025-11-12 12:56:54,7.7468,167.8394,0.9995
2025-11-12 12:56:54,7.7476,159.1667,0.9995
2025-11-12 12:56:54,7.7458,196.0098,0.9994
2025-11-12 12:56:54,7.7434,160.4214,0.9995
2025-11-12 12:56:54,7.7445,180.3805,0.9995
2025-11-12 12:56:54,7.7442,183.0094,0.9995
2025-11-12 12:56:54,7.7459,149.4327,0.9996
2025-11-12 12:56:55,7.7461,151.3055,0.9995
2025-11-12 12:56:55,7.7466,160.4838,0.9995
2025-11-12 12:56:55,7.7477,151.5201,0.9995
2025-11-12 12:56:55,7.7460,186.5016,0.9994
2025-11-12 12:56:55,7.7462,189.5498,0.9994
2025-11-12 12:56:55,7.7442,156.6857,0.9995
2025-11-12 12:56:55,7.7438,159.3482,0.9995
2025-11-12 12:56:55,7.7435,164.5595,0.9995
2025-11-12 12:56:55,7.7443,175.5313,0.9995
2025-11-12 12:56:55,7.7457,197.2540,0.9994
2025-11-12 12:56:56,7.7453,199.7861,0.9994
2025-11-12 12:56:56,7.7472,162.1237,0.9995
2025-11-12 12:56:56,7.7469,158.0149,0.9995
2025-11-12 12:56:56,7.7468,157.3179,0.9995
2025-11-12 12:56:56,7.7469,156.4814,0.9995
2025-11-12 12:56:56,7.7453,188.7409,0.9994
2025-11-12 12:56:56,7.7451,186.0546,0.9994
2025-11-12 12:56:56,7.7452,187.6318,0.9994
2025-11-12 12:56:56,7.7439,198.8088,0.9994
2025-11-12 12:56:57,7.7458,164.0154,0.9995
2025-11-12 12:56:57,7.7454,159.5662,0.9995
2025-11-12 12:56:57,7.7452,156.0256,0.9995
2025-11-12 12:56:57,7.7442,167.6026,0.9995
2025-11-12 12:56:57,7.7418,212.0947,0.9994
2025-11-12 12:56:57,7.7427,225.9637,0.9993
2025-11-12 12:56:57,7.7430,230.8764,0.9993
2025-11-12 12:56:57,7.7445,215.2052,0.9994
2025-11-12 12:56:57,7.7468,167.7934,0.9995
2025-11-12 12:56:58,7.7470,170.0927,0.9995
2025-11-12 12:56:58,7.7468,167.2261,0.9995
2025-11-12 12:56:58,7.7440,204.2086,0.9994
2025-11-12 12:56:58,7.7421,239.7298,0.9993
2025-11-12 12:56:58,7.7433,263.2037,0.9992
2025-11-12 12:56:58,7.7433,261.9635,0.9992
2025-11-12 12:56:58,7.7472,215.8227,0.9994
2025-11-12 12:56:58,7.7460,244.7195,0.9993
2025-11-12 12:56:59,7.7453,232.0202,0.9993
2025-11-12 12:56:59,7.7453,232.2682,0.9993
2025-11-12 12:56:59,7.7444,239.1000,0.9993
2025-11-12 12:56:59,7.7474,174.7880,0.9995
2025-11-12 12:56:59,7.7477,179.8825,0.9995
2025-11-12 12:56:59,7.7462,159.4578,0.9995
2025-11-12 12:56:59,7.7474,149.4163,0.9996
2025-11-12 12:56:59,7.7462,172.7145,0.9995
2025-11-12 12:56:59,7.7461,170.6933,0.9995
2025-11-12 12:56:59,7.7456,164.2630,0.9995
2025-11-12 12:56:59,7.7449,169.1999,0.9995
2025-11-12 12:57:00,7.7445,175.8411,0.9995
2025-11-12 12:57:00,7.7433,155.5574,0.9995
2025-11-12 12:57:00,7.7454,187.8454,0.9994
2025-11-12 12:57:00,7.7454,188.1395,0.9994
2025-11-12 12:57:00,7.7470,155.1762,0.9995
2025-11-12 12:57:00,7.7472,157.1737,0.9995
2025-11-12 12:57:00,7.7472,156.6144,0.9995
2025-11-12 12:57:00,7.7462,166.7977,0.9995
2025-11-12 12:57:00,7.7450,187.8762,0.9994
2025-11-12 12:57:01,7.7459,201.2532,0.9994
2025-11-12 12:57:01,7.7466,212.8104,0.9994
2025-11-12 12:57:01,7.7476,202.3025,0.9994
2025-11-12 12:57:01,7.7488,177.5745,0.9995
2025-11-12 12:57:01,7.7488,177.4523,0.9995
2025-11-12 12:57:01,7.7482,167.5976,0.9995
2025-11-12 12:57:01,7.7457,197.8509,0.9994
2025-11-12 12:57:01,7.7435,239.9868,0.9993
2025-11-12 12:57:02,7.7435,240.0743,0.9993
2025-11-12 12:57:02,7.7433,235.8217,0.9993
2025-11-12 12:57:02,7.7450,216.2376,0.9994
2025-11-12 12:57:02,7.7470,175.8942,0.9995
2025-11-12 12:57:02,7.7476,185.3433,0.9994
2025-11-12 12:57:02,7.7474,182.5827,0.9995
2025-11-12 12:57:02,7.7465,194.1206,0.9994
2025-11-12 12:57:02,7.7449,223.8225,0.9993
2025-11-12 12:57:02,7.7450,224.3681,0.9993
2025-11-12 12:57:02,7.7451,225.8825,0.9993
2025-11-12 12:57:02,7.7470,206.2072,0.9994
2025-11-12 12:57:02,7.7487,169.8257,0.9995
2025-11-12 12:57:03,7.7479,157.1830,0.9995
2025-11-12 12:57:03,7.7477,155.0965,0.9995
2025-11-12 12:57:03,7.7474,157.7563,0.9995
2025-11-12 12:57:03,7.7469,167.0751,0.9995
2025-11-12 12:57:03,7.7475,175.4456,0.9995
2025-11-12 12:57:03,7.7480,182.8105,0.9995
2025-11-12 12:57:03,7.7481,181.8598,0.9995
2025-11-12 12:57:03,7.7471,201.9572,0.9994
2025-11-12 12:57:03,7.7464,191.8841,0.9994
2025-11-12 12:57:03,7.7464,191.3464,0.9994
2025-11-12 12:57:04,7.7467,188.8341,0.9994
2025-11-12 12:57:04,7.7480,163.7126,0.9995
2025-11-12 12:57:04,7.7474,156.7780,0.9995
2025-11-12 12:57:04,7.7473,155.3640,0.9995
2025-11-12 12:57:04,7.7471,157.0618,0.9995
2025-11-12 12:57:04,7.7473,153.6844,0.9995
2025-11-12 12:57:04,7.7465,144.0791,0.9996
2025-11-12 12:57:04,7.7465,144.8392,0.9996
2025-11-12 12:57:04,7.7457,152.9816,0.9995
2025-11-12 12:57:05,7.7450,164.4746,0.9995
2025-11-12 12:57:05,7.7436,149.9390,0.9995
2025-11-12 12:57:05,7.7441,160.0465,0.9995
2025-11-12 12:57:05,7.7455,148.9571,0.9996
2025-11-12 12:57:05,7.7462,136.4218,0.9996
2025-11-12 12:57:05,7.7470,142.2431,0.9996
2025-11-12 12:57:05,7.7465,134.4114,0.9996
2025-11-12 12:57:05,7.7459,139.5956,0.9996
2025-11-12 12:57:05,7.7442,171.0851,0.9995
2025-11-12 12:57:06,7.7442,171.2710,0.9995
2025-11-12 12:57:06,7.7442,171.8023,0.9995
2025-11-12 12:57:06,7.7451,166.0886,0.9995
2025-11-12 12:57:06,7.7466,137.7308,0.9996
2025-11-12 12:57:06,7.7477,148.7336,0.9996
2025-11-12 12:57:06,7.7464,129.6753,0.9996
2025-11-12 12:57:06,7.7443,147.5208,0.9996
2025-11-12 12:57:06,7.7445,143.6995,0.9996
2025-11-12 12:57:06,7.7445,143.2577,0.9996
2025-11-12 12:57:06,7.7431,125.3942,0.9996
2025-11-12 12:57:07,7.7428,128.4910,0.9996
2025-11-12 12:57:07,7.7409,160.0848,0.9995
2025-11-12 12:57:07,7.7407,156.3394,0.9995
2025-11-12 12:57:07,7.7389,135.7222,0.9996
2025-11-12 12:57:07,7.7386,138.0856,0.9996
2025-11-12 12:57:07,7.7402,112.7637,0.9997
2025-11-12 12:57:07,7.7421,145.2587,0.9996
2025-11-12 12:57:07,7.7436,159.1628,0.9995
2025-11-12 12:57:08,7.7448,146.3791,0.9996
2025-11-12 12:57:08,7.7448,147.8061,0.9996
2025-11-12 12:57:08,7.7446,145.4785,0.9996
2025-11-12 12:57:08,7.7409,122.6237,0.9996
2025-11-12 12:57:08,7.7418,117.1773,0.9996
2025-11-12 12:57:08,7.7411,128.7967,0.9996
2025-11-12 12:57:08,7.7392,94.6047,0.9997
2025-11-12 12:57:08,7.7369,91.8596,0.9997
2025-11-12 12:57:08,7.7371,91.6631,0.9997
2025-11-12 12:57:08,7.7381,78.1419,0.9998
2025-11-12 12:57:09,7.7389,91.8620,0.9997
2025-11-12 12:57:09,7.7396,90.7371,0.9997
2025-11-12 12:57:09,7.7384,95.8725,0.9997
2025-11-12 12:57:09,7.7381,99.7305,0.9997
2025-11-12 12:57:09,7.7394,125.1562,0.9996
2025-11-12 12:57:09,7.7424,132.1835,0.9996
2025-11-12 12:57:09,7.7420,135.1700,0.9996
2025-11-12 12:57:09,7.7423,131.0111,0.9996
2025-11-12 12:57:09,7.7418,122.1702,0.9996
2025-11-12 12:57:09,7.7429,129.1684,0.9996
2025-11-12 12:57:10,7.7426,131.6365,0.9996
2025-11-12 12:57:10,7.7421,139.2966,0.9996
2025-11-12 12:57:10,7.7418,134.3958,0.9996
2025-11-12 12:57:10,7.7420,135.7343,0.9996
2025-11-12 12:57:10,7.7423,132.6152,0.9996
2025-11-12 12:57:10,7.7428,126.0734,0.9996
2025-11-12 12:57:10,7.7423,118.3644,0.9996
2025-11-12 12:57:10,7.7444,141.1844,0.9996
2025-11-12 12:57:10,7.7458,129.0906,0.9996
2025-11-12 12:57:11,7.7457,130.3905,0.9996
2025-11-12 12:57:11,7.7435,105.4150,0.9997
2025-11-12 12:57:11,7.7455,138.3306,0.9996
2025-11-12 12:57:11,7.7430,162.6090,0.9995
2025-11-12 12:57:11,7.7414,190.0022,0.9994
2025-11-12 12:57:11,7.7372,165.4201,0.9995
2025-11-12 12:57:11,7.7374,169.7966,0.9995
2025-11-12 12:57:11,7.7335,216.0893,0.9993
2025-11-12 12:57:11,7.7332,219.8580,0.9993
2025-11-12 12:57:12,7.7353,232.7032,0.9993
2025-11-12 12:57:12,7.7353,232.0877,0.9993
2025-11-12 12:57:12,7.7402,172.6623,0.9995
2025-11-12 12:57:12,7.7411,156.7185,0.9995
2025-11-12 12:57:12,7.7420,161.6578,0.9995
2025-11-12 12:57:12,7.7416,153.5506,0.9995
2025-11-12 12:57:12,7.7422,148.4229,0.9996
2025-11-12 12:57:12,7.7409,173.0818,0.9995
2025-11-12 12:57:12,7.7376,160.7791,0.9995
2025-11-12 12:57:13,7.7365,136.8454,0.9996
2025-11-12 12:57:13,7.7348,145.5109,0.9996
2025-11-12 12:57:13,7.7356,132.4528,0.9996
2025-11-12 12:57:13,7.7419,182.1590,0.9995
2025-11-12 12:57:13,7.7415,176.7946,0.9995
2025-11-12 12:57:13,7.7429,163.5121,0.9995
2025-11-12 12:57:13,7.7438,146.7230,0.9996
2025-11-12 12:57:13,7.7423,129.6632,0.9996
2025-11-12 12:57:13,7.7428,137.1726,0.9996
2025-11-12 12:57:14,7.7429,136.0507,0.9996
2025-11-12 12:57:14,7.7435,126.0585,0.9996
2025-11-12 12:57:14,7.7469,169.5877,0.9995
2025-11-12 12:57:14,7.7453,150.4168,0.9995
2025-11-12 12:57:14,7.7450,153.4998,0.9995
2025-11-12 12:57:14,7.7433,185.2721,0.9994
2025-11-12 12:57:14,7.7421,164.5039,0.9995
2025-11-12 12:57:14,7.7441,193.5071,0.9994
2025-11-12 12:57:14,7.7457,180.0567,0.9995
2025-11-12 12:57:15,7.7475,143.8255,0.9996
2025-11-12 12:57:15,7.7479,147.8933,0.9996
2025-11-12 12:57:15,7.7478,146.6142,0.9996
2025-11-12 12:57:15,7.7464,159.2636,0.9995
2025-11-12 12:57:15,7.7457,173.0287,0.9995
2025-11-12 12:57:15,7.7461,179.8142,0.9995
2025-11-12 12:57:15,7.7466,187.0409,0.9994
2025-11-12 12:57:15,7.7480,173.6064,0.9995
2025-11-12 12:57:15,7.7486,161.2019,0.9995
2025-11-12 12:57:16,7.7484,157.8441,0.9995
2025-11-12 12:57:16,7.7470,138.7126,0.9996
2025-11-12 12:57:16,7.7464,143.1320,0.9996
2025-11-12 12:57:16,7.7448,174.1599,0.9995
2025-11-12 12:57:16,7.7439,160.9642,0.9995
2025-11-12 12:57:16,7.7446,171.0817,0.9995
2025-11-12 12:57:16,7.7448,169.4349,0.9995
2025-11-12 12:57:16,7.7464,138.8670,0.9996
2025-11-12 12:57:16,7.7467,143.1101,0.9996
2025-11-12 12:57:17,7.7470,147.0365,0.9996
2025-11-12 12:57:17,7.7466,150.4435,0.9996
2025-11-12 12:57:17,7.7467,148.4660,0.9996
2025-11-12 12:57:17,7.7465,145.0253,0.9996
2025-11-12 12:57:17,7.7462,141.4991,0.9996
2025-11-12 12:57:17,7.7438,168.3975,0.9995
2025-11-12 12:57:17,7.7431,179.4125,0.9995
2025-11-12 12:57:18,7.7431,179.0451,0.9995
2025-11-12 12:57:18,7.7427,173.1964,0.9995
2025-11-12 12:57:18,7.7441,157.7021,0.9995
2025-11-12 12:57:18,7.7427,183.8070,0.9994
2025-11-12 12:57:18,7.7431,190.0466,0.9994
2025-11-12 12:57:18,7.7440,203.9355,0.9994
2025-11-12 12:57:18,7.7463,185.5432,0.9994
2025-11-12 12:57:18,7.7483,144.6286,0.9996
2025-11-12 12:57:19,7.7458,120.3802,0.9996
2025-11-12 12:57:19,7.7460,122.8186,0.9996
2025-11-12 12:57:19,7.7460,122.8186,0.9996
2025-11-12 12:57:19,7.7440,161.7559,0.9995
2025-11-12 12:57:19,7.7436,158.6107,0.9995
2025-11-12 12:57:19,7.7429,146.2243,0.9996
2025-11-12 12:57:19,7.7409,156.4302,0.9995
2025-11-12 12:57:19,7.7430,119.9574,0.9996
2025-11-12 12:57:19,7.7437,126.4079,0.9996
2025-11-12 12:57:19,7.7435,122.4549,0.9996
2025-11-12 12:57:19,7.7419,138.4717,0.9996
2025-11-12 12:57:20,7.7417,141.2272,0.9996
2025-11-12 12:57:20,7.7433,161.0578,0.9995
2025-11-12 12:57:20,7.7385,111.1691,0.9997
2025-11-12 12:57:20,7.7356,146.5542,0.9996
2025-11-12 12:57:20,7.7352,151.5557,0.9995
2025-11-12 12:57:20,7.7317,95.2885,0.9997
2025-11-12 12:57:20,7.7295,77.9304,0.9998
2025-11-12 12:57:20,7.7253,139.2321,0.9996
2025-11-12 12:57:20,7.7248,141.8260,0.9996
2025-11-12 12:57:21,7.7278,201.6319,0.9994
2025-11-12 12:57:21,7.7284,206.0235,0.9994
2025-11-12 12:57:21,7.7368,98.6352,0.9997
2025-11-12 12:57:21,7.7364,104.2032,0.9997
2025-11-12 12:57:21,7.7372,119.5865,0.9996
2025-11-12 12:57:21,7.7364,118.4658,0.9996
2025-11-12 12:57:21,7.7358,121.7827,0.9996
2025-11-12 12:57:21,7.7350,134.0294,0.9996
2025-11-12 12:57:21,7.7348,130.0598,0.9996
2025-11-12 12:57:21,7.7358,132.5230,0.9996
2025-11-12 12:57:22,7.7378,123.9956,0.9996
2025-11-12 12:57:22,7.7399,91.1591,0.9997
2025-11-12 12:57:22,7.7397,87.5705,0.9997
2025-11-12 12:57:22,7.7408,89.8286,0.9997
2025-11-12 12:57:22,7.7396,95.9128,0.9997
2025-11-12 12:57:22,7.7375,128.5006,0.9996
2025-11-12 12:57:22,7.7375,128.5006,0.9996
2025-11-12 12:57:22,7.7387,136.3316,0.9996
2025-11-12 12:57:23,7.7402,129.9285,0.9996
2025-11-12 12:57:23,7.7425,90.7234,0.9997
2025-11-12 12:57:23,7.7445,124.5529,0.9996
2025-11-12 12:57:23,7.7425,120.8016,0.9996
2025-11-12 12:57:23,7.7404,135.2180,0.9996
2025-11-12 12:57:23,7.7399,142.1519,0.9996
2025-11-12 12:57:23,7.7403,151.3023,0.9995
2025-11-12 12:57:23,7.7434,166.0126,0.9995
2025-11-12 12:57:23,7.7450,151.8845,0.9995
2025-11-12 12:57:23,7.7453,145.4773,0.9996
2025-11-12 12:57:23,7.7453,145.4196,0.9996
2025-11-12 12:57:24,7.7457,148.3815,0.9996
2025-11-12 12:57:24,7.7460,146.5872,0.9996
2025-11-12 12:57:24,7.7459,146.7196,0.9996
2025-11-12 12:57:24,7.7454,136.7899,0.9996
2025-11-12 12:57:24,7.7487,174.1321,0.9995
2025-11-12 12:57:24,7.7481,180.7083,0.9995
2025-11-12 12:57:24,7.7479,184.3500,0.9995
2025-11-12 12:57:24,7.7467,166.4380,0.9995
2025-11-12 12:57:25,7.7467,165.7968,0.9995
2025-11-12 12:57:25,7.7465,167.4769,0.9995
2025-11-12 12:57:25,7.7474,151.7552,0.9995
2025-11-12 12:57:25,7.7481,160.9476,0.9995
2025-11-12 12:57:25,7.7486,169.7529,0.9995
2025-11-12 12:57:25,7.7488,167.7139,0.9995
2025-11-12 12:57:25,7.7472,197.4088,0.9994
2025-11-12 12:57:25,7.7473,198.2576,0.9994
2025-11-12 12:57:25,7.7473,199.0635,0.9994
2025-11-12 12:57:25,7.7458,217.8216,0.9993
2025-11-12 12:57:25,7.7462,208.9578,0.9994
2025-11-12 12:57:26,7.7465,212.6138,0.9994
2025-11-12 12:57:26,7.7458,201.6488,0.9994
2025-11-12 12:57:26,7.7471,185.6169,0.9994
2025-11-12 12:57:26,7.7468,192.6774,0.9994
2025-11-12 12:57:26,7.7471,197.7428,0.9994
2025-11-12 12:57:26,7.7460,181.6352,0.9995
2025-11-12 12:57:26,7.7457,184.2843,0.9994
2025-11-12 12:57:26,7.7448,202.4194,0.9994
2025-11-12 12:57:27,7.7444,195.7083,0.9994
2025-11-12 12:57:27,7.7432,179.4673,0.9995
2025-11-12 12:57:27,7.7438,174.6192,0.9995
2025-11-12 12:57:27,7.7455,142.2702,0.9996
2025-11-12 12:57:27,7.7457,145.0307,0.9996
2025-11-12 12:57:27,7.7475,167.0261,0.9995
2025-11-12 12:57:27,7.7457,189.2212,0.9994
2025-11-12 12:57:27,7.7453,196.1794,0.9994
2025-11-12 12:57:27,7.7449,190.5699,0.9994
2025-11-12 12:57:27,7.7452,194.5320,0.9994
2025-11-12 12:57:28,7.7451,196.4687,0.9994
2025-11-12 12:57:28,7.7442,211.5820,0.9994
2025-11-12 12:57:28,7.7452,229.1348,0.9993
2025-11-12 12:57:28,7.7453,231.4856,0.9993
2025-11-12 12:57:28,7.7457,226.5434,0.9993
2025-11-12 12:57:28,7.7467,207.7548,0.9994
2025-11-12 12:57:28,7.7454,186.5935,0.9994
2025-11-12 12:57:28,7.7449,177.8658,0.9995
2025-11-12 12:57:28,7.7456,169.0123,0.9995
2025-11-12 12:57:28,7.7457,167.8918,0.9995
2025-11-12 12:57:29,7.7458,169.1685,0.9995
2025-11-12 12:57:29,7.7473,193.8501,0.9994
2025-11-12 12:57:29,7.7489,176.3487,0.9995
2025-11-12 12:57:29,7.7472,211.7891,0.9994
2025-11-12 12:57:29,7.7473,213.2163,0.9994
2025-11-12 12:57:29,7.7477,220.8728,0.9993
2025-11-12 12:57:29,7.7476,221.7385,0.9993
2025-11-12 12:57:29,7.7479,215.2860,0.9994
2025-11-12 12:57:29,7.7482,219.7191,0.9993
2025-11-12 12:57:29,7.7470,198.7484,0.9994
2025-11-12 12:57:29,7.7450,218.5653,0.9993
2025-11-12 12:57:30,7.7460,199.3029,0.9994
2025-11-12 12:57:30,7.7455,191.1163,0.9994
2025-11-12 12:57:30,7.7461,200.9859,0.9994
2025-11-12 12:57:30,7.7470,190.1443,0.9994
2025-11-12 12:57:30,7.7473,183.6601,0.9995
2025-11-12 12:57:30,7.7476,187.0644,0.9994
2025-11-12 12:57:30,7.7474,184.3578,0.9995
2025-11-12 12:57:30,7.7483,175.2311,0.9995
2025-11-12 12:57:31,7.7467,206.8953,0.9994
2025-11-12 12:57:31,7.7461,197.9449,0.9994
2025-11-12 12:57:31,7.7469,211.1258,0.9994
2025-11-12 12:57:31,7.7480,202.4718,0.9994
2025-11-12 12:57:31,7.7494,171.2347,0.9995
2025-11-12 12:57:31,7.7491,167.1612,0.9995
2025-11-12 12:57:31,7.7467,131.3277,0.9996
2025-11-12 12:57:31,7.7467,131.3277,0.9996
2025-11-12 12:57:31,7.7469,126.7603,0.9996
2025-11-12 12:57:32,7.7476,134.7664,0.9996
2025-11-12 12:57:32,7.7476,135.7902,0.9996
2025-11-12 12:57:32,7.7460,148.8051,0.9996
2025-11-12 12:57:32,7.7460,148.7379,0.9996
2025-11-12 12:57:32,7.7471,165.9189,0.9995
2025-11-12 12:57:32,7.7479,176.4394,0.9995
2025-11-12 12:57:32,7.7487,167.7379,0.9995
2025-11-12 12:57:32,7.7487,169.1019,0.9995
2025-11-12 12:57:33,7.7483,163.2384,0.9995
2025-11-12 12:57:33,7.7480,159.3469,0.9995
2025-11-12 12:57:33,7.7474,164.7188,0.9995
2025-11-12 12:57:33,7.7460,192.7137,0.9994
2025-11-12 12:57:33,7.7457,186.9331,0.9994
2025-11-12 12:57:33,7.7444,169.5461,0.9995
2025-11-12 12:57:33,7.7442,170.5110,0.9995
2025-11-12 12:57:33,7.7439,176.3812,0.9995
2025-11-12 12:57:33,7.7444,184.2327,0.9994
2025-11-12 12:57:34,7.7455,198.5900,0.9994
2025-11-12 12:57:34,7.7461,193.7434,0.9994
2025-11-12 12:57:34,7.7462,190.0263,0.9994
2025-11-12 12:57:34,7.7452,173.5820,0.9995
2025-11-12 12:57:34,7.7457,181.4509,0.9995
2025-11-12 12:57:34,7.7464,177.1458,0.9995
2025-11-12 12:57:34,7.7480,144.8802,0.9996
2025-11-12 12:57:34,7.7490,159.3966,0.9995
2025-11-12 12:57:34,7.7469,135.8202,0.9996
2025-11-12 12:57:34,7.7457,144.9399,0.9996
2025-11-12 12:57:35,7.7455,148.5259,0.9996
2025-11-12 12:57:35,7.7450,140.8077,0.9996
2025-11-12 12:57:35,7.7474,170.3950,0.9995
2025-11-12 12:57:35,7.7450,199.1396,0.9994
2025-11-12 12:57:35,7.7431,234.7361,0.9993
2025-11-12 12:57:35,7.7426,226.4733,0.9993
2025-11-12 12:57:35,7.7431,234.1013,0.9993
2025-11-12 12:57:36,7.7420,248.2051,0.9993
2025-11-12 12:57:36,7.7439,213.9182,0.9994
2025-11-12 12:57:36,7.7434,205.7328,0.9994
2025-11-12 12:57:36,7.7422,185.0266,0.9994
2025-11-12 12:57:36,7.7457,144.2446,0.9996
2025-11-12 12:57:36,7.7459,140.7107,0.9996
2025-11-12 12:57:36,7.7457,139.1306,0.9996
2025-11-12 12:57:36,7.7457,138.6119,0.9996
2025-11-12 12:57:36,7.7457,138.6119,0.9996
2025-11-12 12:57:36,7.7445,161.4464,0.9995
2025-11-12 12:57:37,7.7442,157.7571,0.9995
2025-11-12 12:57:37,7.7442,157.3215,0.9995
2025-11-12 12:57:37,7.7406,195.7342,0.9994
2025-11-12 12:57:37,7.7386,235.3668,0.9993
2025-11-12 12:57:37,7.7383,231.6966,0.9993
2025-11-12 12:57:37,7.7354,185.3313,0.9994
2025-11-12 12:57:37,7.7380,163.7105,0.9995
2025-11-12 12:57:37,7.7400,125.8054,0.9996
2025-11-12 12:57:37,7.7374,92.9345,0.9997
2025-11-12 12:57:38,7.7375,94.4000,0.9997
2025-11-12 12:57:38,7.7381,91.4575,0.9997
2025-11-12 12:57:38,7.7379,95.2831,0.9997
2025-11-12 12:57:38,7.7414,141.9391,0.9996
2025-11-12 12:57:38,7.7425,153.6395,0.9995
2025-11-12 12:57:38,7.7424,154.6823,0.9995
2025-11-12 12:57:38,7.7438,129.9584,0.9996
2025-11-12 12:57:38,7.7445,141.6752,0.9996
2025-11-12 12:57:39,7.7448,143.9849,0.9996
2025-11-12 12:57:39,7.7398,212.9965,0.9994
2025-11-12 12:57:39,7.7399,211.7685,0.9994
2025-11-12 12:57:39,7.7401,215.7151,0.9993
2025-11-12 12:57:39,7.7402,217.9983,0.9993
2025-11-12 12:57:39,7.7451,148.7450,0.9996
2025-11-12 12:57:39,7.7434,180.2473,0.9995
2025-11-12 12:57:39,7.7425,164.3729,0.9995
2025-11-12 12:57:39,7.7430,172.1633,0.9995
2025-11-12 12:57:40,7.7443,163.1609,0.9995
2025-11-12 12:57:40,7.7460,129.8967,0.9996
2025-11-12 12:57:40,7.7468,140.5672,0.9996
2025-11-12 12:57:40,7.7475,149.8126,0.9996
2025-11-12 12:57:40,7.7465,159.2887,0.9995
2025-11-12 12:57:40,7.7442,204.3469,0.9994
2025-11-12 12:57:40,7.7441,201.7593,0.9994
2025-11-12 12:57:40,7.7448,214.2093,0.9994
2025-11-12 12:57:40,7.7447,215.0182,0.9994
2025-11-12 12:57:40,7.7471,168.3807,0.9995
2025-11-12 12:57:41,7.7475,174.4050,0.9995
2025-11-12 12:57:41,7.7462,156.5258,0.9995
2025-11-12 12:57:41,7.7468,149.9805,0.9996
2025-11-12 12:57:41,7.7464,158.7699,0.9995
2025-11-12 12:57:41,7.7462,156.1381,0.9995
2025-11-12 12:57:41,7.7469,165.5791,0.9995
2025-11-12 13:10:24,7.7133,44.7054,0.9999
2025-11-12 13:10:24,7.7230,73.6410,0.9998
2025-11-12 13:10:24,7.7262,38.2003,0.9999
2025-11-12 13:10:24,7.7183,130.3451,0.9996
2025-11-12 13:10:24,7.7184,131.1473,0.9996
2025-11-12 13:10:25,7.7180,125.4624,0.9996
2025-11-12 13:10:25,7.7211,125.4559,0.9996
2025-11-12 13:10:25,7.7354,18.8063,0.9999
2025-11-12 13:10:25,7.7325,36.2664,0.9999
2025-11-12 13:10:25,7.7328,37.8566,0.9999
2025-11-12 13:10:25,7.7325,39.4430,0.9999
2025-11-12 13:10:25,7.7328,41.8216,0.9999
2025-11-12 13:10:25,7.7309,62.1414,0.9998
2025-11-12 13:10:25,7.7317,69.2846,0.9998
2025-11-12 13:10:25,7.7142,423.0276,0.9987
2025-11-12 13:10:25,7.7164,470.9596,0.9985
2025-11-12 13:10:26,7.7160,472.2686,0.9985
2025-11-12 13:10:26,7.7156,464.5860,0.9985
2025-11-12 13:10:26,7.7236,231.0072,0.9993
2025-11-12 13:10:26,7.7227,213.8551,0.9993
2025-11-12 13:10:26,7.7206,235.9905,0.9993
2025-11-12 13:10:26,7.7220,259.2891,0.9992
2025-11-12 13:10:26,7.7209,282.5111,0.9991
2025-11-12 13:10:26,7.7204,272.8919,0.9991
2025-11-12 13:10:26,7.7205,271.9806,0.9991
2025-11-12 13:10:27,7.7195,253.5888,0.9992
2025-11-12 13:10:27,7.7228,187.8518,0.9994
2025-11-12 13:10:27,7.7244,218.1287,0.9993
2025-11-12 13:10:27,7.7262,196.1561,0.9994
2025-11-12 13:10:27,7.7271,209.2846,0.9994
2025-11-12 13:10:27,7.7293,171.3135,0.9995
2025-11-12 13:10:27,7.7271,138.7067,0.9996
2025-11-12 13:10:27,7.7204,258.7668,0.9992
2025-11-12 13:10:27,7.7102,171.5901,0.9994
2025-11-12 13:10:27,7.7068,193.7549,0.9994
2025-11-12 13:10:28,7.7084,236.8359,0.9992
2025-11-12 13:10:28,7.7127,182.8288,0.9994
2025-11-12 13:10:28,7.7154,181.8174,0.9994
2025-11-12 13:10:28,7.7069,370.0826,0.9988
2025-11-12 13:10:28,7.7057,337.0888,0.9989
2025-11-12 13:10:28,7.7094,332.2034,0.9989
2025-11-12 13:10:28,7.7089,329.3107,0.9989
2025-11-12 13:10:28,7.7141,194.4405,0.9994
2025-11-12 13:10:28,7.7143,198.8935,0.9994
2025-11-12 13:10:29,7.7118,206.4061,0.9993
2025-11-12 13:10:29,7.7101,204.0015,0.9993
2025-11-12 13:10:29,7.7144,136.0283,0.9996
2025-11-12 13:10:29,7.7140,126.7911,0.9996
2025-11-12 13:10:29,7.7194,118.0463,0.9996
2025-11-12 13:10:29,7.7249,113.9305,0.9996
2025-11-12 13:10:29,7.7232,147.7942,0.9995
2025-11-12 13:10:29,7.7235,153.6980,0.9995
2025-11-12 13:10:29,7.7210,158.0025,0.9995
2025-11-12 13:10:29,7.7251,204.4853,0.9994
2025-11-12 13:10:29,7.7181,404.5039,0.9987
2025-11-12 13:10:29,7.7197,440.3557,0.9986
2025-11-12 13:10:30,7.7229,438.4921,0.9986
2025-11-12 13:10:30,7.7245,466.9200,0.9985
2025-11-12 13:10:30,7.7227,538.0887,0.9983
2025-11-12 13:10:30,7.7158,440.5185,0.9986
2025-11-12 13:10:30,7.7186,466.9258,0.9985
2025-11-12 13:10:30,7.7175,443.2365,0.9986
2025-11-12 13:10:30,7.7243,223.2499,0.9993
2025-11-12 13:10:30,7.7310,282.0443,0.9991
2025-11-12 13:10:30,7.7251,289.4486,0.9991
2025-11-12 13:10:30,7.7199,229.9076,0.9993
2025-11-12 13:10:31,7.7125,450.4129,0.9986
2025-11-12 13:10:31,7.7151,528.1556,0.9983
2025-11-12 13:10:31,7.7173,530.9225,0.9983
2025-11-12 13:10:31,7.7171,529.6566,0.9983
2025-11-12 13:10:31,7.7341,110.2412,0.9997
2025-11-12 13:10:31,7.7343,114.2481,0.9997
2025-11-12 13:10:31,7.7324,131.2917,0.9996
2025-11-12 13:10:31,7.7215,263.8917,0.9992
2025-11-12 13:10:31,7.7182,280.2044,0.9991
2025-11-12 13:10:31,7.7188,297.6762,0.9991
2025-11-12 13:10:32,7.7114,363.7278,0.9988
2025-11-12 13:10:32,7.7145,322.4917,0.9990
2025-11-12 13:10:32,7.7214,327.0310,0.9990
2025-11-12 13:10:32,7.7204,296.2414,0.9991
2025-11-12 13:10:32,7.7352,184.1125,0.9994
2025-11-12 13:10:32,7.7335,226.2072,0.9993
2025-11-12 13:10:32,7.7314,231.3359,0.9993
2025-11-12 13:10:33,7.7316,235.1827,0.9993
2025-11-12 13:10:33,7.7328,247.5010,0.9992
2025-11-12 13:10:33,7.7332,236.8015,0.9993
2025-11-12 13:10:33,7.7261,323.5958,0.9990
2025-11-12 13:10:33,7.7183,186.7599,0.9994
2025-11-12 13:10:33,7.7168,157.3320,0.9995
2025-11-12 13:10:33,7.7166,159.7455,0.9995
2025-11-12 13:10:33,7.7192,133.2342,0.9996
2025-11-12 13:10:33,7.7235,190.1508,0.9994
2025-11-12 13:10:34,7.7218,170.9362,0.9995
2025-11-12 13:10:34,7.7227,156.3237,0.9995
2025-11-12 13:10:34,7.7201,189.2417,0.9994
2025-11-12 13:10:34,7.7217,225.3180,0.9993
2025-11-12 13:10:34,7.7165,198.9520,0.9994
2025-11-12 13:10:34,7.7249,156.3971,0.9995
2025-11-12 13:10:34,7.7264,132.2856,0.9996
2025-11-12 13:10:34,7.7263,130.5615,0.9996
2025-11-12 13:10:34,7.7285,121.6527,0.9996
2025-11-12 13:10:35,7.7274,122.1959,0.9996
2025-11-12 13:10:35,7.7149,454.2395,0.9986
2025-11-12 13:10:35,7.7151,460.3261,0.9985
2025-11-12 13:10:35,7.7202,518.1087,0.9984
2025-11-12 13:10:35,7.7192,516.4501,0.9984
2025-11-12 13:10:35,7.7292,204.8746,0.9994
2025-11-12 13:10:35,7.7292,206.3720,0.9994
2025-11-12 13:10:35,7.7312,231.1169,0.9993
2025-11-12 13:10:35,7.7326,223.9402,0.9993
2025-11-12 13:10:35,7.7317,246.0336,0.9992
2025-11-12 13:10:35,7.7274,190.0529,0.9994
2025-11-12 13:10:36,7.7198,116.4454,0.9996
2025-11-12 13:10:36,7.7161,112.4710,0.9996
2025-11-12 13:10:36,7.7121,194.6606,0.9994
2025-11-12 13:10:36,7.7125,203.7674,0.9993
2025-11-12 13:10:36,7.7181,271.2031,0.9991
2025-11-12 13:10:36,7.7151,291.2439,0.9991
2025-11-12 13:10:36,7.7280,103.6105,0.9997
2025-11-12 13:10:36,7.7286,109.2315,0.9997
2025-11-12 13:10:36,7.7276,99.8644,0.9997
2025-11-12 13:10:36,7.7384,23.7263,0.9999
2025-11-12 13:10:37,7.7348,69.4244,0.9998
2025-11-12 13:10:37,7.7347,68.6218,0.9998
2025-11-12 13:10:37,7.7361,77.2366,0.9998
2025-11-12 13:10:37,7.7375,85.4595,0.9997
2025-11-12 13:10:37,7.7416,28.3267,0.9999
2025-11-12 13:10:37,7.7437,36.9246,0.9999
2025-11-12 13:10:37,7.7267,268.3000,0.9992
2025-11-12 13:10:37,7.7257,254.1068,0.9992
2025-11-12 13:10:37,7.7246,255.3895,0.9992
2025-11-12 13:10:37,7.7250,262.1238,0.9992
2025-11-12 13:10:38,7.7188,462.7708,0.9985
2025-11-12 13:10:38,7.7194,473.6171,0.9985
2025-11-12 13:10:38,7.7172,476.3686,0.9985
2025-11-12 13:10:38,7.7155,437.9724,0.9986
2025-11-12 13:10:38,7.7241,193.1782,0.9994
2025-11-12 13:10:38,7.7220,166.0624,0.9995
2025-11-12 13:10:38,7.7141,268.6487,0.9991
2025-11-12 13:10:38,7.7148,284.5909,0.9991
2025-11-12 13:10:38,7.7134,309.1538,0.9990
2025-11-12 13:10:38,7.7150,338.6001,0.9989
2025-11-12 13:10:38,7.7079,528.5331,0.9983
2025-11-12 13:10:38,7.7105,608.3384,0.9981
2025-11-12 13:10:39,7.7116,590.5675,0.9981
2025-11-12 13:10:39,7.7132,628.4190,0.9980
2025-11-12 13:10:39,7.7215,390.8350,0.9988
2025-11-12 13:10:39,7.7221,407.1608,0.9987
2025-11-12 13:10:39,7.7212,425.9597,0.9987
2025-11-12 13:10:39,7.7216,432.8577,0.9986
2025-11-12 13:10:39,7.7161,580.0190,0.9982
2025-11-12 13:10:39,7.7153,556.1023,0.9982
2025-11-12 13:10:39,7.7155,552.5959,0.9982
2025-11-12 13:10:39,7.7140,518.2552,0.9984
2025-11-12 13:10:40,7.7239,302.2996,0.9991
2025-11-12 13:10:40,7.7254,339.5171,0.9989
2025-11-12 13:10:40,7.7251,346.6158,0.9989
2025-11-12 13:10:40,7.7236,328.1645,0.9990
2025-11-12 13:10:40,7.7213,363.0773,0.9989
2025-11-12 13:10:40,7.7201,327.5237,0.9990
2025-11-12 13:10:40,7.7202,324.8420,0.9990
2025-11-12 13:10:40,7.7218,348.7159,0.9989
2025-11-12 13:10:40,7.7234,323.4582,0.9990
2025-11-12 13:10:40,7.7244,351.2422,0.9989
2025-11-12 13:10:41,7.7241,360.0154,0.9989
2025-11-12 13:10:41,7.7289,457.5165,0.9986
2025-11-12 13:10:41,7.7352,379.2912,0.9988
2025-11-12 13:10:41,7.7341,359.9152,0.9989
2025-11-12 13:10:41,7.7344,352.6981,0.9989
2025-11-12 13:10:41,7.7336,336.9474,0.9990
2025-11-12 13:10:41,7.7323,345.8581,0.9989
2025-11-12 13:10:41,7.7331,361.8358,0.9989
2025-11-12 13:10:41,7.7333,354.8573,0.9989
2025-11-12 13:10:42,7.7332,351.8714,0.9989
2025-11-12 13:10:42,7.7351,338.8242,0.9990
2025-11-12 13:10:42,7.7360,357.8087,0.9989
2025-11-12 13:10:42,7.7356,371.3063,0.9989
2025-11-12 13:10:42,7.7359,376.0559,0.9989
2025-11-12 13:10:42,7.7358,376.5130,0.9989
2025-11-12 13:10:42,7.7362,385.4095,0.9988
2025-11-12 13:10:42,7.7340,461.3178,0.9986
2025-11-12 13:10:42,7.7342,465.4947,0.9986
2025-11-12 13:10:42,7.7346,463.7343,0.9986
2025-11-12 13:10:42,7.7323,415.2383,0.9987
2025-11-12 13:10:42,7.7348,331.9490,0.9990
2025-11-12 13:10:43,7.7333,303.9978,0.9991
2025-11-12 13:10:43,7.7314,312.9436,0.9990
2025-11-12 13:10:43,7.7312,308.0665,0.9991
2025-11-12 13:10:43,7.7313,304.9016,0.9991
2025-11-12 13:10:43,7.7343,371.1165,0.9989
2025-11-12 13:10:43,7.7332,382.0620,0.9988
2025-11-12 13:10:43,7.7331,381.4271,0.9988
2025-11-12 13:10:43,7.7336,369.5341,0.9989
2025-11-12 13:10:43,7.7329,353.7524,0.9989
2025-11-12 13:10:43,7.7356,332.7655,0.9990
2025-11-12 13:10:43,7.7368,353.3506,0.9989
2025-11-12 13:10:44,7.7361,373.4748,0.9989
2025-11-12 13:10:44,7.7360,370.0489,0.9989
2025-11-12 13:10:44,7.7334,391.6618,0.9988
2025-11-12 13:10:44,7.7240,290.2888,0.9991
2025-11-12 13:10:44,7.7240,290.2888,0.9991
2025-11-12 13:10:44,7.7228,255.0348,0.9992
2025-11-12 13:10:44,7.7183,290.4495,0.9991
2025-11-12 13:10:44,7.7225,329.7313,0.9990
2025-11-12 13:10:44,7.7225,329.7313,0.9990
2025-11-12 13:10:44,7.7218,311.0736,0.9990
2025-11-12 13:10:45,7.7190,357.0568,0.9989
2025-11-12 13:10:45,7.7226,425.5824,0.9987
2025-11-12 13:10:45,7.7232,410.7984,0.9987
2025-11-12 13:10:45,7.7237,423.3061,0.9987
2025-11-12 13:10:45,7.7242,412.8758,0.9987
2025-11-12 13:10:45,7.7256,447.4214,0.9986
2025-11-12 13:10:45,7.7248,467.2364,0.9985
2025-11-12 13:10:45,7.7267,516.8252,0.9984
2025-11-12 13:10:45,7.7145,913.9816,0.9971
2025-11-12 13:10:45,7.7142,904.9908,0.9971
2025-11-12 13:10:45,7.7153,884.3506,0.9972
2025-11-12 13:10:45,7.7147,860.8088,0.9973
2025-11-12 13:10:46,7.7304,392.8809,0.9988
2025-11-12 13:10:46,7.7306,396.5762,0.9988
2025-11-12 13:10:46,7.7296,422.6677,0.9987
2025-11-12 13:10:46,7.7287,401.5601,0.9988
2025-11-12 13:10:46,7.7225,533.3029,0.9983
2025-11-12 13:10:46,7.7246,595.2633,0.9981
2025-11-12 13:10:46,7.7247,592.7644,0.9982
2025-11-12 13:10:46,7.7249,599.1263,0.9981
2025-11-12 13:10:46,7.7316,450.9315,0.9986
2025-11-12 13:10:46,7.7309,433.4777,0.9987
2025-11-12 13:10:47,7.7308,436.3462,0.9987
2025-11-12 13:10:47,7.7312,445.0829,0.9986
2025-11-12 13:10:47,7.7246,589.7438,0.9982
2025-11-12 13:10:47,7.7250,600.6303,0.9981
2025-11-12 13:10:47,7.7253,593.4800,0.9982
2025-11-12 13:10:47,7.7223,521.6697,0.9984
2025-11-12 13:10:47,7.7297,375.6837,0.9988
2025-11-12 13:10:47,7.7298,379.7518,0.9988
2025-11-12 13:10:47,7.7302,370.1342,0.9989
2025-11-12 13:10:47,7.7328,418.5002,0.9987
2025-11-12 13:10:47,7.7339,402.6520,0.9988
2025-11-12 13:10:47,7.7308,335.4418,0.9990
2025-11-12 13:10:48,7.7302,353.1856,0.9989
2025-11-12 13:10:48,7.7276,301.5479,0.9991
2025-11-12 13:10:48,7.7257,322.3282,0.9990
2025-11-12 13:10:48,7.7262,332.4716,0.9990
2025-11-12 13:10:48,7.7262,332.4716,0.9990
2025-11-12 13:10:48,7.7287,386.2160,0.9988
2025-11-12 13:10:48,7.7360,329.1114,0.9990
2025-11-12 13:10:48,7.7395,397.7119,0.9988
2025-11-12 13:10:48,7.7395,397.7119,0.9988
2025-11-12 13:10:48,7.7392,393.0012,0.9988
2025-11-12 13:10:49,7.7362,410.1841,0.9988
2025-11-12 13:10:49,7.7352,384.0982,0.9988
2025-11-12 13:10:49,7.7352,384.0982,0.9988
2025-11-12 13:10:49,7.7336,357.7772,0.9989
2025-11-12 13:10:49,7.7353,348.8889,0.9989
2025-11-12 13:10:49,7.7365,378.4291,0.9988
2025-11-12 13:10:49,7.7371,358.1620,0.9989
2025-11-12 13:10:49,7.7349,333.8688,0.9990
2025-11-12 13:10:49,7.7360,331.2209,0.9990
2025-11-12 13:10:50,7.7348,300.4914,0.9991
2025-11-12 13:10:50,7.7342,316.7232,0.9990
2025-11-12 13:10:50,7.7347,321.3439,0.9990
2025-11-12 13:10:50,7.7335,323.4640,0.9990
2025-11-12 13:10:50,7.7336,325.1551,0.9990
2025-11-12 13:10:50,7.7344,299.8846,0.9991
2025-11-12 13:10:50,7.7353,309.6663,0.9991
2025-11-12 13:10:50,7.7338,317.9359,0.9990
2025-11-12 13:10:50,7.7333,307.0461,0.9991
2025-11-12 13:10:50,7.7322,339.4577,0.9990
2025-11-12 13:10:51,7.7310,324.1166,0.9990
2025-11-12 13:10:51,7.7309,324.6399,0.9990
2025-11-12 13:10:51,7.7316,342.0471,0.9989
2025-11-12 13:10:51,7.7314,347.2578,0.9989
2025-11-12 13:10:51,7.7347,395.6173,0.9988
2025-11-12 13:10:51,7.7348,395.1263,0.9988
2025-11-12 13:10:51,7.7342,382.7107,0.9988
2025-11-12 13:10:51,7.7348,365.0132,0.9989
2025-11-12 13:10:51,7.7364,396.3372,0.9988
2025-11-12 13:10:51,7.7374,388.5905,0.9988
2025-11-12 13:10:51,7.7348,340.3455,0.9990
2025-11-12 13:10:52,7.7343,353.4989,0.9989
2025-11-12 13:10:52,7.7315,296.0114,0.9991
2025-11-12 13:10:52,7.7251,353.0837,0.9989
2025-11-12 13:10:52,7.7216,288.7632,0.9991
2025-11-12 13:10:52,7.7218,284.3120,0.9991
2025-11-12 13:10:52,7.7232,320.2331,0.9990
2025-11-12 13:10:52,7.7310,270.2647,0.9992
2025-11-12 13:10:52,7.7340,305.8902,0.9991
2025-11-12 13:10:52,7.7343,297.2267,0.9991
2025-11-12 13:10:53,7.7344,299.1850,0.9991
2025-11-12 13:10:53,7.7340,299.9463,0.9991
2025-11-12 13:10:53,7.7319,273.1022,0.9992
2025-11-12 13:10:53,7.7317,277.7846,0.9991
2025-11-12 13:10:53,7.7307,258.1755,0.9992
2025-11-12 13:10:53,7.7307,258.1757,0.9992
2025-11-12 13:10:53,7.7342,310.2946,0.9991
2025-11-12 13:10:53,7.7338,322.5081,0.9990
2025-11-12 13:10:53,7.7297,270.7758,0.9992
2025-11-12 13:10:54,7.7252,287.2181,0.9991
2025-11-12 13:10:54,7.7244,269.8935,0.9992
2025-11-12 13:10:54,7.7249,257.2698,0.9992
2025-11-12 13:10:54,7.7251,259.2738,0.9992
2025-11-12 13:10:54,7.7297,243.1745,0.9992
2025-11-12 13:10:54,7.7286,221.6031,0.9993
2025-11-12 13:10:54,7.7285,224.5717,0.9993
2025-11-12 13:10:54,7.7300,242.2832,0.9993
2025-11-12 13:10:54,7.7263,252.9881,0.9992
2025-11-12 13:10:54,7.7287,304.9801,0.9991
2025-11-12 13:10:54,7.7286,308.3014,0.9990
2025-11-12 13:10:54,7.7258,278.1876,0.9991
2025-11-12 13:10:55,7.7293,268.2965,0.9992
2025-11-12 13:10:55,7.7284,248.2644,0.9992
2025-11-12 13:10:55,7.7284,248.2644,0.9992
2025-11-12 13:10:55,7.7275,243.3479,0.9992
2025-11-12 13:10:55,7.7258,243.3810,0.9992
2025-11-12 13:10:55,7.7225,177.9084,0.9994
2025-11-12 13:10:55,7.7227,172.5012,0.9995
2025-11-12 13:10:55,7.7265,215.6703,0.9993
2025-11-12 13:10:55,7.7182,296.9096,0.9991
2025-11-12 13:10:55,7.7150,247.0714,0.9992
2025-11-12 13:10:55,7.7154,239.7609,0.9992
2025-11-12 13:10:56,7.7126,184.2989,0.9994
2025-11-12 13:10:56,7.7175,138.6876,0.9996
2025-11-12 13:10:56,7.7167,130.5845,0.9996
2025-11-12 13:10:56,7.7161,142.6515,0.9995
2025-11-12 13:10:56,7.7201,217.4278,0.9993
2025-11-12 13:10:56,7.7043,538.7822,0.9983
2025-11-12 13:10:56,7.6895,492.3314,0.9984
2025-11-12 13:10:56,7.6896,491.8856,0.9984
2025-11-12 13:10:56,7.6758,108.5978,0.9996
2025-11-12 13:10:56,7.6833,31.1645,0.9999
2025-11-12 13:10:56,7.6935,61.3475,0.9998
2025-11-12 13:10:57,7.6942,58.0655,0.9998
2025-11-12 13:10:57,7.7011,125.6131,0.9996
2025-11-12 13:10:57,7.7079,66.1872,0.9998
2025-11-12 13:10:57,7.7092,72.6078,0.9998
2025-11-12 13:10:57,7.7084,83.8222,0.9997
2025-11-12 13:10:57,7.7021,47.0322,0.9998
2025-11-12 13:10:57,7.6921,126.7193,0.9996
2025-11-12 13:10:58,7.6798,63.6347,0.9998
2025-11-12 13:10:58,7.6799,63.8798,0.9998
2025-11-12 13:10:58,7.6832,117.3628,0.9996
2025-11-12 13:10:58,7.6980,143.1870,0.9995
2025-11-12 13:10:58,7.7145,110.7005,0.9996
2025-11-12 13:10:58,7.7144,112.5286,0.9996
2025-11-12 13:10:58,7.7171,120.4098,0.9996
2025-11-12 13:10:58,7.7191,131.2117,0.9996
2025-11-12 13:10:58,7.7223,176.0367,0.9994
2025-11-12 13:10:58,7.7226,170.6522,0.9995
2025-11-12 13:10:58,7.7232,172.1842,0.9995
2025-11-12 13:10:58,7.7174,176.6128,0.9994
2025-11-12 13:10:58,7.7040,81.1072,0.9997
2025-11-12 13:10:59,7.7036,86.1573,0.9997
2025-11-12 13:10:59,7.7028,74.0039,0.9998
2025-11-12 13:10:59,7.6993,74.8522,0.9998
2025-11-12 13:10:59,7.7077,118.5307,0.9996
2025-11-12 13:10:59,7.7081,112.4226,0.9996
2025-11-12 13:10:59,7.7056,91.7033,0.9997
2025-11-12 13:10:59,7.7080,79.3074,0.9997
2025-11-12 13:10:59,7.7025,36.8122,0.9999
2025-11-12 13:10:59,7.7024,37.9973,0.9999
2025-11-12 13:10:59,7.7101,155.3209,0.9995
2025-11-12 13:11:00,7.7106,153.3428,0.9995
2025-11-12 13:11:00,7.7058,187.4957,0.9994
2025-11-12 13:11:00,7.7059,186.0710,0.9994
2025-11-12 13:11:00,7.7073,224.5429,0.9993
2025-11-12 13:11:00,7.7129,247.9570,0.9992
2025-11-12 13:11:00,7.7275,213.1156,0.9993
2025-11-12 13:11:00,7.7295,164.7229,0.9995
2025-11-12 13:11:00,7.7184,127.7085,0.9996
2025-11-12 13:11:00,7.7099,144.2896,0.9995
2025-11-12 13:11:00,7.7084,112.7144,0.9996
2025-11-12 13:11:01,7.7062,138.3218,0.9996
2025-11-12 13:11:01,7.7134,190.2144,0.9994
2025-11-12 13:11:01,7.7205,151.1134,0.9995
2025-11-12 13:11:01,7.7276,294.2430,0.9991
2025-11-12 13:11:01,7.7274,299.3882,0.9991
2025-11-12 13:11:01,7.7097,500.1483,0.9984
2025-11-12 13:11:01,7.7079,489.5450,0.9984
2025-11-12 13:11:01,7.7077,482.0335,0.9984
2025-11-12 13:11:01,7.7081,475.7695,0.9985
2025-11-12 13:11:02,7.7153,334.4859,0.9989
2025-11-12 13:11:02,7.7190,346.1891,0.9989
2025-11-12 13:11:02,7.7197,369.4339,0.9988
2025-11-12 13:11:02,7.7195,374.4555,0.9988
2025-11-12 13:11:02,7.7199,368.1161,0.9988
2025-11-12 13:11:02,7.7149,361.3545,0.9989
2025-11-12 13:11:02,7.7156,391.9451,0.9988
2025-11-12 13:11:02,7.7157,390.0134,0.9988
2025-11-12 13:11:02,7.7208,347.3361,0.9989
2025-11-12 13:11:02,7.7221,339.4584,0.9989
2025-11-12 13:11:03,7.7216,321.0879,0.9990
2025-11-12 13:11:03,7.7218,316.9078,0.9990
2025-11-12 13:11:03,7.7222,315.0394,0.9990
2025-11-12 13:11:03,7.7238,310.1529,0.9990
2025-11-12 13:11:03,7.7246,337.2212,0.9989
2025-11-12 13:11:03,7.7243,344.1781,0.9989
2025-11-12 13:11:03,7.7228,353.2642,0.9989
2025-11-12 13:11:03,7.7235,352.8617,0.9989
2025-11-12 13:11:03,7.7209,267.8130,0.9992
2025-11-12 13:11:03,7.7207,272.1545,0.9991
2025-11-12 13:11:03,7.7282,279.7019,0.9991
2025-11-12 13:11:03,7.7290,278.0520,0.9991
2025-11-12 13:11:04,7.7301,305.9683,0.9991
2025-11-12 13:11:04,7.7303,300.5061,0.9991
2025-11-12 13:11:04,7.7305,301.8474,0.9991
2025-11-12 13:11:04,7.7255,337.7678,0.9989
2025-11-12 13:11:04,7.7238,292.6510,0.9991
2025-11-12 13:11:04,7.7238,292.6510,0.9991
2025-11-12 13:11:04,7.7222,276.2170,0.9991
2025-11-12 13:11:04,7.7245,258.7005,0.9992
2025-11-12 13:11:04,7.7228,217.7663,0.9993
2025-11-12 13:11:04,7.7230,212.3104,0.9993
2025-11-12 13:11:04,7.7263,249.6530,0.9992
2025-11-12 13:11:05,7.7286,239.6149,0.9993
2025-11-12 13:11:05,7.7261,202.2920,0.9994
2025-11-12 13:11:05,7.7259,208.1912,0.9994
2025-11-12 13:11:05,7.7249,195.2446,0.9994
2025-11-12 13:11:05,7.7223,201.3241,0.9994
2025-11-12 13:11:05,7.7242,233.5235,0.9993
2025-11-12 13:11:05,7.7243,231.0850,0.9993
2025-11-12 13:11:05,7.7243,231.3651,0.9993
2025-11-12 13:11:05,7.7208,263.4502,0.9992
2025-11-12 13:11:06,7.7040,192.1920,0.9994
2025-11-12 13:11:06,7.7039,193.3927,0.9994
2025-11-12 13:11:06,7.7055,237.5122,0.9992
2025-11-12 13:11:06,7.7043,242.2463,0.9992
2025-11-12 13:11:06,7.7146,219.0758,0.9993
2025-11-12 13:11:06,7.7154,204.7544,0.9993
2025-11-12 13:11:06,7.7145,184.1477,0.9994
2025-11-12 13:11:06,7.7196,150.1553,0.9995
2025-11-12 13:11:06,7.7190,147.8204,0.9995
2025-11-12 13:11:06,7.7183,161.8026,0.9995
2025-11-12 13:11:06,7.7228,270.3971,0.9992
2025-11-12 13:11:06,7.7216,276.9346,0.9991
2025-11-12 13:11:07,7.7197,277.6505,0.9991
2025-11-12 13:11:07,7.7199,273.6925,0.9991
2025-11-12 13:11:07,7.7203,286.6360,0.9991
2025-11-12 13:11:07,7.7250,281.4927,0.9991
2025-11-12 13:11:07,7.7260,277.1046,0.9991
2025-11-12 13:11:07,7.7258,281.7566,0.9991
2025-11-12 13:11:07,7.7211,172.7208,0.9995
2025-11-12 13:11:07,7.7169,163.9797,0.9995
2025-11-12 13:11:07,7.7246,237.7238,0.9993
2025-11-12 13:11:07,7.7248,233.2194,0.9993
2025-11-12 13:11:08,7.7229,207.3636,0.9994
2025-11-12 13:11:08,7.7224,210.2237,0.9993
2025-11-12 13:11:08,7.7228,217.3565,0.9993
2025-11-12 13:11:08,7.7226,221.6299,0.9993
2025-11-12 13:11:08,7.7241,242.5511,0.9992
2025-11-12 13:11:08,7.7254,234.3167,0.9993
2025-11-12 13:11:08,7.7286,302.0594,0.9991
2025-11-12 13:11:08,7.7288,297.0851,0.9991
2025-11-12 13:11:08,7.7254,268.2791,0.9992
2025-11-12 13:11:08,7.7269,262.3547,0.9992
2025-11-12 13:11:08,7.7267,256.2531,0.9992
2025-11-12 13:11:08,7.7264,263.5640,0.9992
2025-11-12 13:11:08,7.7297,288.8190,0.9991
2025-11-12 13:11:08,7.7253,324.7396,0.9990
2025-11-12 13:11:09,7.7261,344.6644,0.9989
2025-11-12 13:11:09,7.7262,342.0992,0.9989
2025-11-12 13:11:09,7.7271,354.7537,0.9989
2025-11-12 13:11:09,7.7298,324.9369,0.9990
2025-11-12 13:11:09,7.7280,281.8546,0.9991
2025-11-12 13:11:09,7.7279,284.5250,0.9991
2025-11-12 13:11:09,7.7278,283.1478,0.9991
2025-11-12 13:11:09,7.7289,276.4926,0.9991
2025-11-12 13:11:09,7.7295,288.3220,0.9991
2025-11-12 13:11:09,7.7297,280.4717,0.9991
2025-11-12 13:11:09,7.7308,295.5291,0.9991
2025-11-12 13:11:09,7.7313,292.9514,0.9991
2025-11-12 13:11:09,7.7310,287.3180,0.9991
2025-11-12 13:11:10,7.7308,291.9120,0.9991
2025-11-12 13:11:10,7.7295,273.8529,0.9992
2025-11-12 13:11:10,7.7288,277.0266,0.9991
2025-11-12 13:11:10,7.7275,249.7567,0.9992
2025-11-12 13:11:10,7.7271,259.1660,0.9992
2025-11-12 13:11:10,7.7289,287.2492,0.9991
2025-11-12 13:11:10,7.7322,279.9325,0.9991
2025-11-12 13:11:10,7.7325,284.8255,0.9991
2025-11-12 13:11:10,7.7327,277.8636,0.9991
2025-11-12 13:11:10,7.7322,269.7176,0.9992
2025-11-12 13:11:11,7.7323,269.9094,0.9992
2025-11-12 13:11:11,7.7313,254.2376,0.9992
2025-11-12 13:11:11,7.7313,254.2376,0.9992
2025-11-12 13:11:11,7.7322,268.9441,0.9992
2025-11-12 13:11:11,7.7248,311.3014,0.9990
2025-11-12 13:11:11,7.7255,325.5757,0.9990
2025-11-12 13:11:11,7.7255,325.5757,0.9990
2025-11-12 13:11:11,7.7270,359.1313,0.9989
2025-11-12 13:11:11,7.7316,314.0688,0.9990
2025-11-12 13:11:11,7.7296,286.7320,0.9991
2025-11-12 13:11:12,7.7308,254.8893,0.9992
2025-11-12 13:11:12,7.7323,288.9822,0.9991
2025-11-12 13:11:12,7.7356,279.6805,0.9991
2025-11-12 13:11:12,7.7385,310.5918,0.9991
2025-11-12 13:11:12,7.7374,344.1866,0.9990
2025-11-12 13:11:12,7.7368,330.1021,0.9990
2025-11-12 13:11:12,7.7359,330.9887,0.9990
2025-11-12 13:11:12,7.7378,363.9288,0.9989
2025-11-12 13:11:12,7.7377,367.9462,0.9989
2025-11-12 13:11:12,7.7389,392.8163,0.9988
2025-11-12 13:11:12,7.7353,419.4321,0.9987
2025-11-12 13:11:12,7.7346,405.3547,0.9988
2025-11-12 13:11:13,7.7348,398.1519,0.9988
2025-11-12 13:11:13,7.7342,383.8448,0.9988
2025-11-12 13:11:13,7.7373,361.9025,0.9989
2025-11-12 13:11:13,7.7387,388.4586,0.9988
2025-11-12 13:11:13,7.7383,401.5854,0.9988
2025-11-12 13:11:13,7.7380,395.2508,0.9988
2025-11-12 13:11:13,7.7349,418.2839,0.9987
2025-11-12 13:11:13,7.7327,371.1001,0.9989
2025-11-12 13:11:14,7.7328,366.2927,0.9989
2025-11-12 13:11:14,7.7333,377.9965,0.9988
2025-11-12 13:11:14,7.7347,366.6761,0.9989
2025-11-12 13:11:14,7.7350,371.7241,0.9989
2025-11-12 13:11:14,7.7350,371.7241,0.9989
2025-11-12 13:11:14,7.7352,376.3522,0.9989
2025-11-12 13:11:14,7.7331,394.9598,0.9988
2025-11-12 13:11:14,7.7352,439.3818,0.9987
2025-11-12 13:11:14,7.7349,450.0446,0.9986
2025-11-12 13:11:14,7.7341,432.4892,0.9987
2025-11-12 13:11:14,7.7324,455.8752,0.9986
2025-11-12 13:11:14,7.7325,460.1031,0.9986
2025-11-12 13:11:15,7.7329,449.9285,0.9986
2025-11-12 13:11:15,7.7323,437.6070,0.9987
2025-11-12 13:11:15,7.7335,421.2330,0.9987
2025-11-12 13:11:15,7.7342,438.9659,0.9987
2025-11-12 13:11:15,7.7352,410.1283,0.9987
2025-11-12 13:11:15,7.7347,400.1363,0.9988
2025-11-12 13:11:15,7.7345,402.6428,0.9988
2025-11-12 13:11:15,7.7348,410.1468,0.9987
2025-11-12 13:11:15,7.7338,438.7353,0.9987
2025-11-12 13:11:15,7.7349,461.0581,0.9986
2025-11-12 13:11:16,7.7329,492.5390,0.9985
2025-11-12 13:11:16,7.7330,494.7711,0.9985
2025-11-12 13:11:16,7.7330,494.7711,0.9985
2025-11-12 13:11:16,7.7312,458.1667,0.9986
2025-11-12 13:11:16,7.7276,528.4955,0.9984
2025-11-12 13:11:16,7.7277,531.0127,0.9984
2025-11-12 13:11:16,7.7277,531.0127,0.9984
2025-11-12 13:11:16,7.7291,562.0538,0.9983
2025-11-12 13:11:16,7.7315,508.9383,0.9984
2025-11-12 13:11:16,7.7325,537.2798,0.9984
2025-11-12 13:11:16,7.7326,533.6415,0.9984
2025-11-12 13:11:16,7.7256,430.1075,0.9987
2025-11-12 13:11:17,7.7289,388.7437,0.9988
2025-11-12 13:11:17,7.7290,390.7782,0.9988
2025-11-12 13:11:17,7.7291,387.7573,0.9988
2025-11-12 13:11:17,7.7318,410.5835,0.9987
2025-11-12 13:11:17,7.7279,468.8017,0.9985
2025-11-12 13:11:17,7.7274,448.9496,0.9986
2025-11-12 13:11:17,7.7272,452.4446,0.9986
2025-11-12 13:11:17,7.7278,460.8438,0.9986
2025-11-12 13:11:17,7.7288,444.1923,0.9986
2025-11-12 13:11:17,7.7277,409.9047,0.9987
2025-11-12 13:11:17,7.7276,412.5695,0.9987
2025-11-12 13:11:17,7.7286,429.8106,0.9987
2025-11-12 13:11:18,7.7153,800.3598,0.9975
2025-11-12 13:11:18,7.7166,853.9100,0.9973
2025-11-12 13:11:18,7.7169,849.1847,0.9973
2025-11-12 13:11:18,7.7158,822.9166,0.9974
2025-11-12 13:11:18,7.7260,508.7464,0.9984
2025-11-12 13:11:18,7.7257,497.0423,0.9985
2025-11-12 13:11:18,7.7255,500.7941,0.9984
2025-11-12 13:11:18,7.7255,499.9991,0.9984
2025-11-12 13:11:18,7.7301,417.0912,0.9987
2025-11-12 13:11:18,7.7303,422.1136,0.9987
2025-11-12 13:11:19,7.7305,416.4931,0.9987
2025-11-12 13:11:19,7.7302,413.0053,0.9987
2025-11-12 13:11:19,7.7222,579.0884,0.9982
2025-11-12 13:11:19,7.7226,593.7249,0.9981
2025-11-12 13:11:19,7.7223,600.4089,0.9981
2025-11-12 13:11:19,7.7230,613.5787,0.9981
2025-11-12 13:11:19,7.7186,753.0150,0.9976
2025-11-12 13:11:19,7.7180,729.0588,0.9977
2025-11-12 13:11:19,7.7187,715.8583,0.9977
2025-11-12 13:11:19,7.7205,758.7551,0.9976
2025-11-12 13:11:19,7.7310,466.2408,0.9986
2025-11-12 13:11:19,7.7313,475.0403,0.9985
2025-11-12 13:11:20,7.7308,490.1983,0.9985
2025-11-12 13:11:20,7.7317,509.5191,0.9984
2025-11-12 13:11:20,7.7271,617.1356,0.9981
2025-11-12 13:11:20,7.7258,574.0138,0.9982
2025-11-12 13:11:20,7.7257,576.5782,0.9982
2025-11-12 13:11:20,7.7216,490.9339,0.9985
2025-11-12 13:11:20,7.7156,662.5697,0.9979
2025-11-12 13:11:20,7.7159,676.3318,0.9979
2025-11-12 13:11:20,7.7167,661.0008,0.9979
2025-11-12 13:11:20,7.7155,637.7145,0.9980
2025-11-12 13:11:20,7.7297,331.2407,0.9990
2025-11-12 13:11:21,7.7297,333.1580,0.9990
2025-11-12 13:11:21,7.7291,351.2714,0.9989
2025-11-12 13:11:21,7.7311,372.0513,0.9989
2025-11-12 13:11:21,7.7299,385.0443,0.9988
2025-11-12 13:11:21,7.7296,376.0838,0.9988
2025-11-12 13:11:21,7.7295,379.4776,0.9988
2025-11-12 13:11:21,7.7286,369.0070,0.9989
2025-11-12 13:11:21,7.7273,385.6085,0.9988
2025-11-12 13:11:21,7.7278,399.2859,0.9988
2025-11-12 13:11:22,7.7280,391.7042,0.9988
2025-11-12 13:11:22,7.7333,484.1316,0.9985
2025-11-12 13:11:22,7.7311,526.1012,0.9984
2025-11-12 13:11:22,7.7309,519.9754,0.9984
2025-11-12 13:11:22,7.7306,528.1008,0.9984
2025-11-12 13:11:22,7.7306,526.6677,0.9984
2025-11-12 13:11:22,7.7343,460.2745,0.9986
2025-11-12 13:11:22,7.7343,459.9568,0.9986
2025-11-12 13:11:22,7.7343,459.9568,0.9986
2025-11-12 13:11:22,7.7350,475.2557,0.9986
2025-11-12 13:11:23,7.7387,432.5240,0.9987
2025-11-12 13:11:23,7.7385,427.6878,0.9987
2025-11-12 13:11:23,7.7386,423.6034,0.9987
2025-11-12 13:11:23,7.7380,411.0739,0.9988
2025-11-12 13:11:23,7.7352,439.2176,0.9987
2025-11-12 13:11:23,7.7349,430.0414,0.9987
2025-11-12 13:11:23,7.7347,433.8408,0.9987
2025-11-12 13:11:23,7.7341,420.1361,0.9987
2025-11-12 13:11:23,7.7343,417.8176,0.9987
2025-11-12 13:11:23,7.7341,411.7284,0.9987
2025-11-12 13:11:24,7.7343,404.6018,0.9988
2025-11-12 13:11:24,7.7356,434.9146,0.9987
2025-11-12 13:11:24,7.7379,411.7933,0.9988
2025-11-12 13:11:24,7.7385,425.5681,0.9987
2025-11-12 13:11:24,7.7384,429.2417,0.9987
2025-11-12 13:11:24,7.7368,398.2766,0.9988
2025-11-12 13:11:24,7.7283,530.2751,0.9984
2025-11-12 13:11:24,7.7280,520.8205,0.9984
2025-11-12 13:11:24,7.7287,503.0439,0.9984
2025-11-12 13:11:24,7.7298,532.4967,0.9984
2025-11-12 13:11:25,7.7303,521.0900,0.9984
2025-11-12 13:11:25,7.7305,526.6862,0.9984
2025-11-12 13:11:25,7.7297,548.6851,0.9983
2025-11-12 13:11:25,7.7295,542.2925,0.9983
2025-11-12 13:11:25,7.7255,644.0521,0.9980
2025-11-12 13:11:25,7.7263,667.5229,0.9979
2025-11-12 13:11:25,7.7263,667.5229,0.9979
2025-11-12 13:11:25,7.7263,667.8203,0.9979
2025-11-12 13:11:25,7.7385,433.3541,0.9987
2025-11-12 13:11:25,7.7385,432.3189,0.9987
2025-11-12 13:11:26,7.7391,411.2261,0.9988
2025-11-12 13:11:26,7.7385,398.9187,0.9988
2025-11-12 13:11:26,7.7378,404.6660,0.9988
2025-11-12 13:11:26,7.7369,382.7845,0.9988
2025-11-12 13:11:26,7.7363,402.9797,0.9988
2025-11-12 13:11:26,7.7362,400.6285,0.9988
2025-11-12 13:11:26,7.7370,394.5756,0.9988
2025-11-12 13:11:26,7.7371,398.0714,0.9988
2025-11-12 13:11:26,7.7371,398.0714,0.9988
2025-11-12 13:11:26,7.7371,397.5701,0.9988
2025-11-12 13:11:27,7.7371,397.4048,0.9988
2025-11-12 13:11:27,7.7378,414.8970,0.9987
2025-11-12 13:11:27,7.7378,414.8970,0.9987
2025-11-12 13:11:27,7.7379,415.5117,0.9987
2025-11-12 13:11:27,7.7380,414.4785,0.9987
2025-11-12 13:11:27,7.7375,401.7405,0.9988
2025-11-12 13:11:27,7.7376,397.7355,0.9988
2025-11-12 13:11:27,7.7369,384.6303,0.9988
2025-11-12 13:11:27,7.7355,394.5953,0.9988
2025-11-12 13:11:27,7.7355,392.5356,0.9988
2025-11-12 13:11:28,7.7348,413.4136,0.9987
2025-11-12 13:11:28,7.7357,430.4135,0.9987
2025-11-12 13:11:28,7.7385,412.9290,0.9987
2025-11-12 13:11:28,7.7392,429.6383,0.9987
2025-11-12 13:11:28,7.7398,411.1244,0.9988
2025-11-12 13:11:28,7.7344,347.3970,0.9989
2025-11-12 13:11:28,7.7328,351.0791,0.9989
2025-11-12 13:11:28,7.7333,366.6865,0.9989
2025-11-12 13:11:28,7.7333,366.6865,0.9989
2025-11-12 13:11:28,7.7321,359.8248,0.9989
2025-11-12 13:11:28,7.7310,365.0037,0.9989
2025-11-12 13:11:29,7.7303,344.6669,0.9989
2025-11-12 13:11:29,7.7303,344.6669,0.9989
2025-11-12 13:11:29,7.7302,343.7053,0.9989
2025-11-12 13:11:29,7.7318,338.0366,0.9990
2025-11-12 13:11:29,7.7310,315.0992,0.9990
2025-11-12 13:11:29,7.7313,306.9728,0.9991
2025-11-12 13:11:29,7.7333,321.3268,0.9990
2025-11-12 13:11:29,7.7348,319.0614,0.9990
2025-11-12 13:11:29,7.7353,330.9181,0.9990
2025-11-12 13:11:30,7.7351,335.9539,0.9990
2025-11-12 13:11:30,7.7347,333.1261,0.9990
2025-11-12 13:11:30,7.7335,334.6008,0.9990
2025-11-12 13:11:30,7.7341,352.2880,0.9989
2025-11-12 13:11:30,7.7336,367.9620,0.9989
2025-11-12 13:11:30,7.7340,371.0090,0.9989
2025-11-12 13:11:30,7.7345,369.8502,0.9989
2025-11-12 13:11:30,7.7324,313.7729,0.9990
2025-11-12 13:11:31,7.7327,302.1594,0.9991
2025-11-12 13:11:31,7.7313,290.5517,0.9991
2025-11-12 13:11:31,7.7319,291.1191,0.9991
2025-11-12 13:11:31,7.7338,340.0106,0.9990
2025-11-12 13:11:31,7.7340,332.9439,0.9990
2025-11-12 13:11:31,7.7367,353.1846,0.9989
2025-11-12 13:11:31,7.7376,352.4805,0.9989
2025-11-12 13:11:31,7.7361,316.6163,0.9990
2025-11-12 13:11:31,7.7359,323.9855,0.9990
2025-11-12 13:11:32,7.7344,310.3592,0.9991
2025-11-12 13:11:32,7.7326,309.4464,0.9991
2025-11-12 13:11:32,7.7283,224.4251,0.9993
2025-11-12 13:11:32,7.7284,221.7310,0.9993
2025-11-12 13:11:32,7.7302,245.7272,0.9992
2025-11-12 13:11:32,7.7306,246.0553,0.9992
2025-11-12 13:11:32,7.7296,233.2612,0.9993
2025-11-12 13:11:32,7.7298,228.1856,0.9993
2025-11-12 13:11:32,7.7283,206.9033,0.9994
2025-11-12 13:11:32,7.7271,205.0212,0.9994
2025-11-12 13:11:33,7.7286,226.7833,0.9993
2025-11-12 13:11:33,7.7284,231.7221,0.9993
2025-11-12 13:11:33,7.7283,230.8942,0.9993
2025-11-12 13:11:33,7.7295,231.8424,0.9993
2025-11-12 13:11:33,7.7293,228.3085,0.9993
2025-11-12 13:11:33,7.7295,223.2699,0.9993
2025-11-12 13:11:33,7.7299,228.5405,0.9993
2025-11-12 13:11:33,7.7279,228.9301,0.9993
2025-11-12 13:11:33,7.7274,220.2819,0.9993
2025-11-12 13:11:34,7.7271,227.6998,0.9993
2025-11-12 13:11:34,7.7283,247.3943,0.9992
2025-11-12 13:11:34,7.7291,246.1247,0.9992
2025-11-12 13:11:34,7.7322,299.3088,0.9991
2025-11-12 13:11:34,7.7322,299.3088,0.9991
2025-11-12 13:11:34,7.7297,269.5675,0.9992
2025-11-12 13:11:34,7.7288,271.5021,0.9992
2025-11-12 13:11:34,7.7302,304.5770,0.9991
2025-11-12 13:11:34,7.7302,304.5770,0.9991
2025-11-12 13:11:34,7.7358,387.3760,0.9988
2025-11-12 13:11:34,7.7323,424.9136,0.9987
2025-11-12 13:11:35,7.7334,452.2005,0.9986
2025-11-12 13:11:35,7.7349,409.4909,0.9988
2025-11-12 13:11:35,7.7361,436.2097,0.9987
2025-11-12 13:11:35,7.7338,477.6067,0.9985
2025-11-12 13:11:35,7.7338,477.1405,0.9985
2025-11-12 13:11:35,7.7324,515.9875,0.9984
2025-11-12 13:11:35,7.7313,486.9363,0.9985
2025-11-12 13:11:35,7.7346,434.4244,0.9987
2025-11-12 13:11:35,7.7340,418.8883,0.9987
2025-11-12 13:11:35,7.7339,421.9437,0.9987
2025-11-12 13:11:36,7.7336,417.0852,0.9987
2025-11-12 13:11:36,7.7317,444.4958,0.9986
2025-11-12 13:11:36,7.7325,465.3200,0.9986
2025-11-12 13:11:36,7.7325,465.3200,0.9986
2025-11-12 13:11:36,7.7327,469.8980,0.9986
2025-11-12 13:11:36,7.7327,469.8311,0.9986
2025-11-12 13:11:36,7.7324,461.4130,0.9986
2025-11-12 13:11:36,7.7327,453.0013,0.9986
2025-11-12 13:11:36,7.7346,500.2808,0.9985
2025-11-12 13:11:36,7.7336,518.0002,0.9984
2025-11-12 13:11:36,7.7342,532.6063,0.9984
2025-11-12 13:11:37,7.7339,541.3045,0.9983
2025-11-12 13:11:37,7.7335,531.6156,0.9984
2025-11-12 13:11:37,7.7369,477.0486,0.9986
2025-11-12 13:11:37,7.7363,463.1099,0.9986
2025-11-12 13:11:37,7.7363,463.1099,0.9986
2025-11-12 13:11:37,7.7361,458.0459,0.9986
2025-11-12 13:11:37,7.7250,706.0446,0.9978
2025-11-12 13:11:37,7.7239,672.0616,0.9979
2025-11-12 13:11:37,7.7240,669.0518,0.9979
2025-11-12 13:11:37,7.7250,700.1412,0.9978
2025-11-12 13:11:37,7.7352,463.1901,0.9986
2025-11-12 13:11:37,7.7359,477.1337,0.9985
2025-11-12 13:11:37,7.7357,481.0141,0.9985
2025-11-12 13:11:37,7.7360,487.7523,0.9985
2025-11-12 13:11:38,7.7366,478.6015,0.9985
2025-11-12 13:11:38,7.7324,403.5642,0.9988
2025-11-12 13:11:38,7.7324,403.5642,0.9988
2025-11-12 13:11:38,7.7313,371.2584,0.9989
2025-11-12 13:11:38,7.7330,356.9021,0.9989
2025-11-12 13:11:38,7.7335,363.1463,0.9989
2025-11-12 13:11:38,7.7335,363.1463,0.9989
2025-11-12 13:11:38,7.7339,374.4101,0.9989
2025-11-12 13:11:38,7.7347,369.4392,0.9989
2025-11-12 13:11:38,7.7390,445.6829,0.9987
2025-11-12 13:11:39,7.7390,445.6829,0.9987
2025-11-12 13:11:39,7.7400,471.3653,0.9986
2025-11-12 13:11:39,7.7401,470.6022,0.9986
2025-11-12 13:11:39,7.7391,451.1518,0.9986
2025-11-12 13:11:39,7.7394,443.2794,0.9987
2025-11-12 13:11:39,7.7391,435.4060,0.9987
2025-11-12 13:11:39,7.7409,423.1056,0.9987
2025-11-12 13:11:39,7.7396,402.4803,0.9988
2025-11-12 13:11:39,7.7341,614.3321,0.9981
2025-11-12 13:11:39,7.7340,610.9577,0.9981
2025-11-12 13:11:40,7.7285,643.8982,0.9980
2025-11-12 13:11:40,7.7301,681.9415,0.9979
2025-11-12 13:11:40,7.7369,446.1675,0.9986
2025-11-12 13:11:40,7.7367,441.2168,0.9987
2025-11-12 13:11:40,7.7363,448.2382,0.9986
2025-11-12 13:11:40,7.7274,332.9903,0.9990
2025-11-12 13:11:40,7.7258,373.7951,0.9988
2025-11-12 13:11:40,7.7255,364.8624,0.9989
2025-11-12 13:11:40,7.7305,338.1723,0.9990
2025-11-12 13:11:40,7.7340,357.5492,0.9989
2025-11-12 13:11:40,7.7342,351.6209,0.9989
2025-11-12 13:11:40,7.7347,365.9905,0.9989
2025-11-12 13:11:41,7.7352,364.4404,0.9989
2025-11-12 13:11:41,7.7354,366.3433,0.9989
2025-11-12 13:11:41,7.7354,366.3433,0.9989
2025-11-12 13:11:41,7.7354,366.3433,0.9989
2025-11-12 13:11:41,7.7341,371.3518,0.9989
2025-11-12 13:11:41,7.7332,363.8001,0.9989
2025-11-12 13:11:41,7.7332,363.8001,0.9989
2025-11-12 13:11:41,7.7327,347.9262,0.9989
2025-11-12 13:11:41,7.7292,374.1834,0.9988
2025-11-12 13:11:41,7.7293,375.9977,0.9988
2025-11-12 13:11:41,7.7296,368.1451,0.9989
2025-11-12 13:11:42,7.7302,385.6481,0.9988
2025-11-12 13:11:42,7.7312,374.5146,0.9988
2025-11-12 13:11:42,7.7293,359.6271,0.9989
2025-11-12 13:11:42,7.7312,311.5687,0.9990
2025-11-12 13:11:42,7.7310,305.3357,0.9991
2025-11-12 13:11:42,7.7319,297.9501,0.9991
2025-11-12 13:11:42,7.7353,323.2334,0.9990
2025-11-12 13:11:42,7.7329,390.4420,0.9988
2025-11-12 13:11:42,7.7327,384.3329,0.9988
2025-11-12 13:11:42,7.7294,420.8985,0.9987
2025-11-12 13:11:42,7.7301,431.8274,0.9987
2025-11-12 13:11:43,7.7300,434.2100,0.9987
2025-11-12 13:11:43,7.7304,447.0374,0.9986
2025-11-12 13:11:43,7.7320,426.5271,0.9987
2025-11-12 13:11:43,7.7323,431.5766,0.9987
2025-11-12 13:11:43,7.7323,431.5766,0.9987
2025-11-12 13:11:43,7.7319,419.1528,0.9987
2025-11-12 13:11:43,7.7299,446.7934,0.9986
2025-11-12 13:11:43,7.7290,432.3643,0.9987
2025-11-12 13:11:43,7.7290,432.3643,0.9987
2025-11-12 13:11:44,7.7289,430.2823,0.9987
2025-11-12 13:11:44,7.7235,536.9202,0.9983
2025-11-12 13:11:44,7.7272,621.7072,0.9981
2025-11-12 13:11:44,7.7275,614.2628,0.9981
2025-11-12 13:11:44,7.7275,613.7990,0.9981
2025-11-12 13:11:44,7.7299,553.1771,0.9983
2025-11-12 13:11:44,7.7309,579.3822,0.9982
2025-11-12 13:11:44,7.7312,571.1895,0.9982
2025-11-12 13:11:44,7.7289,507.4795,0.9984
2025-11-12 13:11:44,7.7353,402.1362,0.9988
2025-11-12 13:11:44,7.7342,377.1481,0.9988
2025-11-12 13:11:45,7.7341,382.7628,0.9988
2025-11-12 13:11:45,7.7361,429.0180,0.9987
2025-11-12 13:11:45,7.7380,411.3328,0.9988
2025-11-12 13:11:45,7.7395,444.4667,0.9987
2025-11-12 13:11:45,7.7417,375.9673,0.9989
2025-11-12 13:11:45,7.7406,353.5017,0.9989
2025-11-12 13:11:45,7.7398,360.3157,0.9989
2025-11-12 13:11:45,7.7385,331.7719,0.9990
2025-11-12 13:11:45,7.7363,399.1937,0.9988
2025-11-12 13:11:45,7.7363,399.5461,0.9988
2025-11-12 13:11:45,7.7303,481.1309,0.9985
2025-11-12 13:11:46,7.7315,513.8614,0.9984
2025-11-12 13:11:46,7.7316,510.9420,0.9984
2025-11-12 13:11:46,7.7323,527.3719,0.9984
2025-11-12 13:11:46,7.7381,439.2532,0.9987
2025-11-12 13:11:46,7.7373,419.4735,0.9987
2025-11-12 13:11:46,7.7375,413.4818,0.9987
2025-11-12 13:11:46,7.7364,389.8641,0.9988
2025-11-12 13:11:46,7.7386,375.6336,0.9989
2025-11-12 13:11:46,7.7375,353.5203,0.9989
2025-11-12 13:11:47,7.7345,459.2511,0.9986
2025-11-12 13:11:47,7.7352,475.5471,0.9986
2025-11-12 13:11:47,7.7355,474.9797,0.9986
2025-11-12 13:11:47,7.7352,469.2035,0.9986
2025-11-12 13:11:47,7.7398,312.6654,0.9991
2025-11-12 13:11:47,7.7396,307.5433,0.9991
2025-11-12 13:11:47,7.7346,350.2726,0.9989
2025-11-12 13:11:47,7.7366,393.1410,0.9988
2025-11-12 13:11:47,7.7347,448.2019,0.9986
2025-11-12 13:11:47,7.7343,438.7852,0.9987
2025-11-12 13:11:48,7.7356,422.7949,0.9987
2025-11-12 13:11:48,7.7355,418.6517,0.9987
2025-11-12 13:11:48,7.7355,418.6517,0.9987
2025-11-12 13:11:48,7.7370,453.8278,0.9986
2025-11-12 13:11:48,7.7353,476.4810,0.9985
2025-11-12 13:11:48,7.7353,476.0371,0.9985
2025-11-12 13:11:48,7.7353,476.0371,0.9985
2025-11-12 13:11:48,7.7325,412.7550,0.9987
2025-11-12 13:11:48,7.7352,384.4029,0.9988
2025-11-12 13:11:48,7.7358,397.2919,0.9988
2025-11-12 13:11:48,7.7358,397.2919,0.9988
2025-11-12 13:11:49,7.7346,378.3207,0.9988
2025-11-12 13:11:49,7.7371,365.7843,0.9989
2025-11-12 13:11:49,7.7345,308.4485,0.9991
2025-11-12 13:11:49,7.7275,563.7258,0.9983
2025-11-12 13:11:49,7.7277,568.3657,0.9982
2025-11-12 13:11:49,7.7267,565.9048,0.9982
2025-11-12 13:11:49,7.7275,584.3634,0.9982
2025-11-12 13:11:49,7.7294,507.5107,0.9984
2025-11-12 13:11:49,7.7306,532.1751,0.9984
2025-11-12 13:11:49,7.7290,536.0910,0.9983
2025-11-12 13:11:50,7.7276,503.5670,0.9984
2025-11-12 13:11:50,7.7328,327.0644,0.9990
2025-11-12 13:11:50,7.7327,325.4605,0.9990
2025-11-12 13:11:50,7.7329,324.6280,0.9990
2025-11-12 13:11:50,7.7348,363.4902,0.9989
2025-11-12 13:11:50,7.7347,367.2771,0.9989
2025-11-12 13:11:50,7.7299,300.7217,0.9991
2025-11-12 13:11:50,7.7315,296.7887,0.9991
2025-11-12 13:11:50,7.7338,359.2005,0.9989
2025-11-12 13:11:50,7.7338,359.2005,0.9989
2025-11-12 13:11:50,7.7228,407.3043,0.9987
2025-11-12 13:11:51,7.7223,405.1967,0.9987
2025-11-12 13:11:51,7.7221,400.3750,0.9987
2025-11-12 13:11:51,7.7221,400.3750,0.9987
2025-11-12 13:11:51,7.7258,360.5037,0.9989
2025-11-12 13:11:51,7.7257,360.3222,0.9989
2025-11-12 13:11:51,7.7266,394.7321,0.9988
2025-11-12 13:11:51,7.7266,394.7321,0.9988
2025-11-12 13:11:51,7.7272,390.5388,0.9988
2025-11-12 13:11:51,7.7281,391.5428,0.9988
2025-11-12 13:11:51,7.7276,374.2185,0.9988
2025-11-12 13:11:51,7.7270,390.2688,0.9988
2025-11-12 13:11:51,7.7164,564.3395,0.9982
2025-11-12 13:11:52,7.7171,570.9119,0.9982
2025-11-12 13:11:52,7.7173,579.6920,0.9982
2025-11-12 13:11:52,7.7145,646.7762,0.9979
2025-11-12 13:11:52,7.7310,482.8544,0.9985
2025-11-12 13:11:52,7.7300,482.1267,0.9985
2025-11-12 13:11:52,7.7294,462.0773,0.9986
2025-11-12 13:11:52,7.7329,349.5019,0.9989
2025-11-12 13:11:52,7.7360,373.6177,0.9989
2025-11-12 13:11:52,7.7319,406.4460,0.9988
2025-11-12 13:11:52,7.7305,367.6302,0.9989
2025-11-12 13:11:53,7.7305,370.4689,0.9989
2025-11-12 13:11:53,7.7282,342.4727,0.9989
2025-11-12 13:11:53,7.7297,330.4025,0.9990
2025-11-12 13:11:53,7.7296,329.0676,0.9990
2025-11-12 13:11:53,7.7299,321.1759,0.9990
2025-11-12 13:11:53,7.7329,356.1163,0.9989
2025-11-12 13:11:53,7.7317,367.6489,0.9989
2025-11-12 13:11:53,7.7322,380.6253,0.9988
2025-11-12 13:11:53,7.7309,418.5801,0.9987
2025-11-12 13:11:53,7.7300,404.3595,0.9988
2025-11-12 13:11:53,7.7283,423.0800,0.9987
2025-11-12 13:11:54,7.7284,424.5923,0.9987
2025-11-12 13:11:54,7.7296,388.6259,0.9988
2025-11-12 13:11:54,7.7306,403.5189,0.9988
2025-11-12 13:11:54,7.7306,402.8440,0.9988
2025-11-12 13:11:54,7.7305,398.9968,0.9988
2025-11-12 13:11:54,7.7225,673.4712,0.9979
2025-11-12 13:11:54,7.7224,671.9244,0.9979
2025-11-12 13:11:54,7.7228,668.6500,0.9979
2025-11-12 13:11:55,7.7209,608.8947,0.9981
2025-11-12 13:11:55,7.7301,312.1916,0.9990
2025-11-12 13:11:55,7.7319,345.8697,0.9989
2025-11-12 13:11:55,7.7359,304.4045,0.9991
2025-11-12 13:11:55,7.7350,286.6068,0.9991
2025-11-12 13:11:55,7.7336,325.5254,0.9990
2025-11-12 13:11:55,7.7354,363.2794,0.9989
2025-11-12 13:11:55,7.7335,378.8463,0.9988
2025-11-12 13:11:55,7.7346,402.1080,0.9988
2025-11-12 13:11:55,7.7347,399.7952,0.9988
2025-11-12 13:11:55,7.7339,381.8010,0.9988
2025-11-12 13:11:56,7.7343,378.1867,0.9988
2025-11-12 13:11:56,7.7333,358.4489,0.9989
2025-11-12 13:11:56,7.7329,370.1698,0.9989
2025-11-12 13:11:56,7.7329,369.9210,0.9989
2025-11-12 13:11:56,7.7344,359.4441,0.9989
2025-11-12 13:11:56,7.7341,354.5742,0.9989
2025-11-12 13:11:56,7.7343,348.6290,0.9989
2025-11-12 13:11:56,7.7348,359.5991,0.9989
2025-11-12 13:11:56,7.7342,363.5355,0.9989
2025-11-12 13:11:56,7.7346,370.9701,0.9989
2025-11-12 13:11:57,7.7371,298.4199,0.9991
2025-11-12 13:11:57,7.7372,299.6488,0.9991
2025-11-12 13:11:57,7.7386,288.9334,0.9991
2025-11-12 13:11:57,7.7369,264.9964,0.9992
2025-11-12 13:11:57,7.7344,337.0920,0.9990
2025-11-12 13:11:57,7.7350,352.3501,0.9989
2025-11-12 13:11:57,7.7329,365.4764,0.9989
2025-11-12 13:11:57,7.7198,339.5184,0.9989
2025-11-12 13:11:57,7.7199,337.3370,0.9989
2025-11-12 13:11:57,7.7179,270.4640,0.9991
2025-11-12 13:11:57,7.7198,277.0495,0.9991
2025-11-12 13:11:58,7.7249,248.1263,0.9992
2025-11-12 13:11:58,7.7251,243.5813,0.9992
2025-11-12 13:11:58,7.7246,231.8906,0.9993
2025-11-12 13:11:58,7.7247,232.1510,0.9993
2025-11-12 13:11:58,7.7316,272.7499,0.9992
2025-11-12 13:11:58,7.7313,280.9233,0.9991
2025-11-12 13:11:58,7.7289,239.5065,0.9993
2025-11-12 13:11:58,7.7305,241.4199,0.9993
2025-11-12 13:11:58,7.7308,246.3758,0.9992
2025-11-12 13:11:59,7.7317,221.4262,0.9993
2025-11-12 13:11:59,7.7299,201.4361,0.9994
2025-11-12 13:11:59,7.7287,199.0365,0.9994
2025-11-12 13:11:59,7.7299,220.8997,0.9993
2025-11-12 13:11:59,7.7292,241.5149,0.9993
2025-11-12 13:11:59,7.7275,228.2747,0.9993
2025-11-12 13:11:59,7.7256,229.4607,0.9993
2025-11-12 13:11:59,7.7278,283.4726,0.9991
2025-11-12 13:11:59,7.7279,280.5419,0.9991
2025-11-12 13:12:00,7.7278,279.8996,0.9991
2025-11-12 13:12:00,7.7307,276.3315,0.9991
2025-11-12 13:12:00,7.7300,259.4468,0.9992
2025-11-12 13:12:00,7.7299,262.5179,0.9992
2025-11-12 13:12:00,7.7326,282.7229,0.9991
2025-11-12 13:12:00,7.7307,285.6570,0.9991
2025-11-12 13:12:00,7.7317,310.7556,0.9990
2025-11-12 13:12:00,7.7305,348.1643,0.9989
2025-11-12 13:12:00,7.7313,359.1034,0.9989
2025-11-12 13:12:00,7.7325,355.8285,0.9989
2025-11-12 13:12:01,7.7324,352.9389,0.9989
2025-11-12 13:12:01,7.7338,309.1407,0.9991
2025-11-12 13:12:01,7.7322,292.5188,0.9991
2025-11-12 13:12:01,7.7334,292.3844,0.9991
2025-11-12 13:12:01,7.7330,283.4601,0.9991
2025-11-12 13:12:01,7.7329,288.9207,0.9991
2025-11-12 13:12:01,7.7359,323.0175,0.9990
2025-11-12 13:12:01,7.7353,323.7115,0.9990
2025-11-12 13:12:01,7.7349,315.5073,0.9990
2025-11-12 13:12:01,7.7351,309.8064,0.9991
2025-11-12 13:12:02,7.7303,262.0704,0.9992
2025-11-12 13:12:02,7.7305,262.5478,0.9992
2025-11-12 13:12:02,7.7310,274.6228,0.9992
2025-11-12 13:12:02,7.7318,253.3707,0.9992
2025-11-12 13:12:02,7.7398,349.9048,0.9989
2025-11-12 13:12:02,7.7387,355.3331,0.9989
2025-11-12 13:12:02,7.7362,315.1212,0.9990
2025-11-12 13:12:02,7.7358,327.6944,0.9990
2025-11-12 13:12:02,7.7346,301.8591,0.9991
2025-11-12 13:12:02,7.7313,323.4616,0.9990
2025-11-12 13:12:03,7.7322,339.3208,0.9990
2025-11-12 13:12:03,7.7326,327.6829,0.9990
2025-11-12 13:12:03,7.7327,329.3852,0.9990
2025-11-12 13:12:03,7.7321,335.8470,0.9990
2025-11-12 13:12:03,7.7360,425.4118,0.9987
2025-11-12 13:12:03,7.7341,483.6211,0.9985
2025-11-12 13:12:03,7.7307,424.1240,0.9987
2025-11-12 13:12:03,7.7325,407.7426,0.9987
2025-11-12 13:12:04,7.7319,390.2168,0.9988
2025-11-12 13:12:04,7.7301,447.5601,0.9986
2025-11-12 13:12:04,7.7324,485.1545,0.9985
2025-11-12 13:12:04,7.7342,474.8974,0.9985
2025-11-12 13:12:04,7.7348,491.8481,0.9985
2025-11-12 13:12:04,7.7365,430.1854,0.9987
2025-11-12 13:12:04,7.7324,380.5706,0.9988
2025-11-12 13:12:04,7.7343,378.6367,0.9988
2025-11-12 13:12:04,7.7342,375.8884,0.9989
2025-11-12 13:12:05,7.7353,340.3438,0.9990
2025-11-12 13:12:05,7.7361,345.4547,0.9989
2025-11-12 13:12:05,7.7327,357.3657,0.9989
2025-11-12 13:12:05,7.7316,325.9545,0.9990
2025-11-12 13:12:05,7.7314,330.6185,0.9990
2025-11-12 13:12:05,7.7289,310.9364,0.9990
2025-11-12 13:12:05,7.7253,338.9977,0.9989
2025-11-12 13:12:05,7.7269,392.1120,0.9988
2025-11-12 13:12:05,7.7270,389.2323,0.9988
2025-11-12 13:12:05,7.7269,388.4547,0.9988
2025-11-12 13:12:05,7.7295,362.8173,0.9989
2025-11-12 13:12:06,7.7281,316.8157,0.9990
2025-11-12 13:12:06,7.7280,319.7601,0.9990
2025-11-12 13:12:06,7.7302,337.3828,0.9990
2025-11-12 13:12:06,7.7290,347.5084,0.9989
2025-11-12 13:12:06,7.7299,372.1091,0.9989
2025-11-12 13:12:06,7.7272,452.9564,0.9986
2025-11-12 13:12:06,7.7270,451.0387,0.9986
2025-11-12 13:12:06,7.7295,435.5817,0.9987
2025-11-12 13:12:06,7.7273,373.2472,0.9988
2025-11-12 13:12:06,7.7288,326.8823,0.9990
2025-11-12 13:12:06,7.7204,306.8130,0.9990
2025-11-12 13:12:07,7.7139,334.2724,0.9989
2025-11-12 13:12:07,7.7158,407.7332,0.9987
2025-11-12 13:12:07,7.7152,422.3890,0.9987
2025-11-12 13:12:07,7.7185,424.6489,0.9987
2025-11-12 13:12:07,7.7252,377.5853,0.9988
2025-11-12 13:12:07,7.7264,421.5529,0.9987
2025-11-12 13:12:07,7.7281,372.4419,0.9988
2025-11-12 13:12:07,7.7269,376.8106,0.9988
2025-11-12 13:12:07,7.7231,397.5629,0.9988
2025-11-12 13:12:07,7.7229,390.4440,0.9988
2025-11-12 13:12:08,7.7232,384.9239,0.9988
2025-11-12 13:12:08,7.7206,396.7718,0.9988
2025-11-12 13:12:08,7.7039,762.1091,0.9975
2025-11-12 13:12:08,7.7040,769.3877,0.9975
2025-11-12 13:12:08,7.7010,813.5769,0.9974
2025-11-12 13:12:08,7.7059,860.2306,0.9972
2025-11-12 13:12:08,7.7234,466.7677,0.9985
2025-11-12 13:12:08,7.7240,488.1982,0.9985
2025-11-12 13:12:09,7.7259,432.4245,0.9987
2025-11-12 13:12:09,7.7267,434.8103,0.9987
2025-11-12 13:12:09,7.7301,413.2756,0.9987
2025-11-12 13:12:09,7.7288,369.6717,0.9989
2025-11-12 13:12:09,7.7296,345.2349,0.9989
2025-11-12 13:12:09,7.7335,367.2552,0.9989
2025-11-12 13:12:09,7.7297,401.6604,0.9988
2025-11-12 13:12:09,7.7294,393.0640,0.9988
2025-11-12 13:12:09,7.7294,393.0640,0.9988
2025-11-12 13:12:09,7.7316,425.1271,0.9987
2025-11-12 13:12:09,7.7318,422.6273,0.9987
2025-11-12 13:12:10,7.7251,275.1714,0.9991
2025-11-12 13:12:10,7.7251,275.1714,0.9991
2025-11-12 13:12:10,7.7245,262.1160,0.9992
2025-11-12 13:12:10,7.7180,357.0154,0.9989
2025-11-12 13:12:10,7.7205,413.8861,0.9987
2025-11-12 13:12:10,7.7207,408.7094,0.9987
2025-11-12 13:12:10,7.7207,408.6592,0.9987
2025-11-12 13:12:10,7.7302,279.1447,0.9991
2025-11-12 13:12:10,7.7314,301.5590,0.9991
2025-11-12 13:12:10,7.7309,313.8022,0.9990
2025-11-12 13:12:10,7.7295,293.8484,0.9991
2025-11-12 13:12:11,7.7293,295.1422,0.9991
2025-11-12 13:12:11,7.7299,311.0065,0.9990
2025-11-12 13:12:11,7.7301,305.5634,0.9991
2025-11-12 13:12:11,7.7309,314.9722,0.9990
2025-11-12 13:12:11,7.7293,327.1075,0.9990
2025-11-12 13:12:11,7.7285,308.6287,0.9990
2025-11-12 13:12:11,7.7285,308.6287,0.9990
2025-11-12 13:12:11,7.7279,299.8805,0.9991
2025-11-12 13:12:12,7.7242,342.3138,0.9989
2025-11-12 13:12:12,7.7235,324.4621,0.9990
2025-11-12 13:12:12,7.7260,268.7727,0.9992
2025-11-12 13:12:12,7.7241,243.2403,0.9992
2025-11-12 13:12:12,7.7315,184.6007,0.9994
2025-11-12 13:12:12,7.7332,220.4716,0.9993
2025-11-12 13:12:12,7.7308,283.9408,0.9991
2025-11-12 13:12:12,7.7247,277.3537,0.9991
2025-11-12 13:12:12,7.7256,281.2370,0.9991
2025-11-12 13:12:12,7.7250,262.8633,0.9992
2025-11-12 13:12:12,7.7251,260.1307,0.9992
2025-11-12 13:12:13,7.7231,273.8185,0.9991
2025-11-12 13:12:13,7.7220,267.8816,0.9992
2025-11-12 13:12:13,7.7232,301.6629,0.9991
2025-11-12 13:12:13,7.7231,304.7961,0.9990
2025-11-12 13:12:13,7.7249,292.0084,0.9991
2025-11-12 13:12:13,7.7254,293.8981,0.9991
2025-11-12 13:12:13,7.7262,318.1840,0.9990
2025-11-12 13:12:13,7.7264,313.4770,0.9990
2025-11-12 13:12:13,7.7259,317.3120,0.9990
2025-11-12 13:12:13,7.7260,318.0401,0.9990
2025-11-12 13:12:13,7.7255,302.5777,0.9991
2025-11-12 13:12:13,7.7253,309.6948,0.9990
2025-11-12 13:12:13,7.7321,306.3754,0.9991
2025-11-12 13:12:14,7.7307,308.1502,0.9991
2025-11-12 13:12:14,7.7320,346.4571,0.9989
2025-11-12 13:12:14,7.7321,343.5228,0.9989
2025-11-12 13:12:14,7.7359,381.8163,0.9988
2025-11-12 13:12:14,7.7335,402.4973,0.9988
2025-11-12 13:12:14,7.7330,387.9048,0.9988
2025-11-12 13:12:14,7.7329,390.8951,0.9988
2025-11-12 13:12:14,7.7310,364.9970,0.9989
2025-11-12 13:12:14,7.7324,354.4005,0.9989
2025-11-12 13:12:14,7.7331,374.5173,0.9989
2025-11-12 13:12:14,7.7331,374.5173,0.9989
2025-11-12 13:12:15,7.7345,391.4384,0.9988
2025-11-12 13:12:15,7.7349,387.8441,0.9988
2025-11-12 13:12:15,7.7354,402.1365,0.9988
2025-11-12 13:12:15,7.7357,393.1958,0.9988
2025-11-12 13:12:15,7.7347,380.8482,0.9988
2025-11-12 13:12:15,7.7364,371.9099,0.9989
2025-11-12 13:12:15,7.7355,347.1156,0.9989
2025-11-12 13:12:15,7.7358,336.2634,0.9990
2025-11-12 13:12:15,7.7371,350.0185,0.9989
2025-11-12 13:12:15,7.7354,359.5971,0.9989
2025-11-12 13:12:15,7.7355,362.0569,0.9989
2025-11-12 13:12:16,7.7348,381.6605,0.9988
2025-11-12 13:12:16,7.7336,366.4996,0.9989
2025-11-12 13:12:16,7.7286,420.5244,0.9987
2025-11-12 13:12:16,7.7275,387.5426,0.9988
2025-11-12 13:12:16,7.7275,387.5426,0.9988
2025-11-12 13:12:16,7.7261,366.8859,0.9989
2025-11-12 13:12:16,7.7217,443.7709,0.9986
2025-11-12 13:12:16,7.7221,459.6027,0.9986
2025-11-12 13:12:16,7.7212,482.3557,0.9985
2025-11-12 13:12:16,7.7220,495.5892,0.9984
2025-11-12 13:12:16,7.7195,554.9256,0.9983
2025-11-12 13:12:16,7.7201,577.3493,0.9982
2025-11-12 13:12:17,7.7219,537.3793,0.9983
2025-11-12 13:12:17,7.7212,526.9785,0.9983
2025-11-12 13:12:17,7.7296,362.2160,0.9989
2025-11-12 13:12:17,7.7292,351.0162,0.9989
2025-11-12 13:12:17,7.7285,369.5376,0.9989
2025-11-12 13:12:17,7.7285,368.8248,0.9989
2025-11-12 13:12:17,7.7269,388.9790,0.9988
2025-11-12 13:12:17,7.7268,384.5951,0.9988
2025-11-12 13:12:17,7.7270,379.8120,0.9988
2025-11-12 13:12:17,7.7289,407.6053,0.9987
2025-11-12 13:12:17,7.7305,384.9089,0.9988
2025-11-12 13:12:18,7.7307,389.8333,0.9988
2025-11-12 13:12:18,7.7305,394.4156,0.9988
2025-11-12 13:12:18,7.7312,405.1242,0.9988
2025-11-12 13:12:18,7.7282,453.8337,0.9986
2025-11-12 13:12:18,7.7284,460.3269,0.9986
2025-11-12 13:12:18,7.7283,463.6393,0.9986
2025-11-12 13:12:18,7.7284,466.2162,0.9986
2025-11-12 13:12:18,7.7274,486.8048,0.9985
2025-11-12 13:12:18,7.7268,469.5617,0.9985
2025-11-12 13:12:18,7.7270,463.4692,0.9986
2025-11-12 13:12:19,7.7267,456.3846,0.9986
2025-11-12 13:12:19,7.7238,522.4671,0.9984
2025-11-12 13:12:19,7.7244,545.3208,0.9983
2025-11-12 13:12:19,7.7243,548.5881,0.9983
2025-11-12 13:12:19,7.7243,548.8938,0.9983
2025-11-12 13:12:19,7.7159,820.1402,0.9974
2025-11-12 13:12:19,7.7159,819.2432,0.9974
2025-11-12 13:12:19,7.7161,815.6176,0.9974
2025-11-12 13:12:20,7.7160,812.1526,0.9974
2025-11-12 13:12:20,7.7244,538.3794,0.9983
2025-11-12 13:12:20,7.7240,522.4407,0.9984
2025-11-12 13:12:20,7.7237,529.3436,0.9983
2025-11-12 13:12:20,7.7230,515.6354,0.9984
2025-11-12 13:12:20,7.7325,361.8353,0.9989
2025-11-12 13:12:20,7.7329,374.2031,0.9989
2025-11-12 13:12:20,7.7330,370.5491,0.9989
2025-11-12 13:12:20,7.7324,363.2777,0.9989
2025-11-12 13:12:20,7.7324,363.2009,0.9989
2025-11-12 13:12:20,7.7323,360.6760,0.9989
2025-11-12 13:12:21,7.7311,397.8892,0.9988
2025-11-12 13:12:21,7.7306,391.4661,0.9988
2025-11-12 13:12:21,7.7330,381.3484,0.9988
2025-11-12 13:12:21,7.7329,379.3506,0.9988
2025-11-12 13:12:21,7.7359,290.2038,0.9991
2025-11-12 13:12:21,7.7367,296.4487,0.9991
2025-11-12 13:12:21,7.7359,300.3480,0.9991
2025-11-12 13:12:21,7.7359,302.2101,0.9991
2025-11-12 13:12:21,7.7342,353.5049,0.9989
2025-11-12 13:12:21,7.7349,362.0464,0.9989
2025-11-12 13:12:22,7.7282,438.6026,0.9986
2025-11-12 13:12:22,7.7286,450.9169,0.9986
2025-11-12 13:12:22,7.7287,445.9211,0.9986
2025-11-12 13:12:22,7.7292,453.3634,0.9986
2025-11-12 13:12:22,7.7271,494.3821,0.9985
2025-11-12 13:12:22,7.7268,483.5398,0.9985
2025-11-12 13:12:22,7.7266,488.3198,0.9985
2025-11-12 13:12:22,7.7269,494.8342,0.9985
2025-11-12 13:12:22,7.7325,402.6535,0.9988
2025-11-12 13:12:22,7.7331,421.3629,0.9987
2025-11-12 13:12:23,7.7306,502.1634,0.9985
2025-11-12 13:12:23,7.7286,472.7206,0.9985
2025-11-12 13:12:23,7.7307,456.9688,0.9986
2025-11-12 13:12:23,7.7306,454.1653,0.9986
2025-11-12 13:12:23,7.7341,345.4349,0.9989
2025-11-12 13:12:23,7.7322,330.8581,0.9990
2025-11-12 13:12:23,7.7322,330.7852,0.9990
2025-11-12 13:12:23,7.7322,330.5619,0.9990
2025-11-12 13:12:23,7.7309,365.7947,0.9989
2025-11-12 13:12:23,7.7314,369.1017,0.9989
2025-11-12 13:12:24,7.7309,372.5471,0.9989
2025-11-12 13:12:24,7.7311,379.2904,0.9988
2025-11-12 13:12:24,7.7313,373.6988,0.9989
2025-11-12 13:12:24,7.7303,367.5985,0.9989
2025-11-12 13:12:24,7.7319,359.8147,0.9989
2025-11-12 13:12:24,7.7300,304.3613,0.9991
2025-11-12 13:12:24,7.7300,304.3613,0.9991
2025-11-12 13:12:24,7.7285,297.8522,0.9991
2025-11-12 13:12:24,7.7290,297.4302,0.9991
2025-11-12 13:12:25,7.7304,338.1950,0.9990
2025-11-12 13:12:25,7.7301,346.0532,0.9989
2025-11-12 13:12:25,7.7329,358.9412,0.9989
2025-11-12 13:12:25,7.7323,361.1879,0.9989
2025-11-12 13:12:25,7.7316,342.7656,0.9989
2025-11-12 13:12:25,7.7319,334.6502,0.9990
2025-11-12 13:12:25,7.7303,324.1675,0.9990
2025-11-12 13:12:25,7.7277,337.9219,0.9990
2025-11-12 13:12:25,7.7284,359.0406,0.9989
2025-11-12 13:12:25,7.7284,359.0406,0.9989
2025-11-12 13:12:25,7.7293,365.6786,0.9989
2025-11-12 13:12:26,7.7279,379.9351,0.9988
2025-11-12 13:12:26,7.7280,382.6010,0.9988
2025-11-12 13:12:26,7.7283,374.9827,0.9988
2025-11-12 13:12:26,7.7289,380.7986,0.9988
2025-11-12 13:12:26,7.7320,352.4851,0.9989
2025-11-12 13:12:26,7.7312,329.8145,0.9990
2025-11-12 13:12:26,7.7271,460.4520,0.9986
2025-11-12 13:12:26,7.7297,496.3719,0.9985
2025-11-12 13:12:26,7.7300,494.8494,0.9985
2025-11-12 13:12:26,7.7310,523.0146,0.9984
2025-11-12 13:12:27,7.7348,391.1142,0.9988
2025-11-12 13:12:27,7.7353,397.1420,0.9988
2025-11-12 13:12:27,7.7370,386.8884,0.9988
2025-11-12 13:12:27,7.7365,375.3187,0.9989
2025-11-12 13:12:27,7.7366,371.3912,0.9989
2025-11-12 13:12:27,7.7354,356.6100,0.9989
2025-11-12 13:12:27,7.7343,361.6446,0.9989
2025-11-12 13:12:27,7.7350,381.6733,0.9988
2025-11-12 13:12:27,7.7351,378.2401,0.9988
2025-11-12 13:12:27,7.7357,384.8581,0.9988
2025-11-12 13:12:27,7.7370,377.8435,0.9989
2025-11-12 13:12:27,7.7359,349.1364,0.9989
2025-11-12 13:12:28,7.7357,356.4898,0.9989
2025-11-12 13:12:28,7.7344,342.3170,0.9990
2025-11-12 13:12:28,7.7334,345.3186,0.9989
2025-11-12 13:12:28,7.7337,354.8478,0.9989
2025-11-12 13:12:28,7.7339,351.1342,0.9989
2025-11-12 13:12:28,7.7389,425.8713,0.9987
2025-11-12 13:12:28,7.7378,434.9445,0.9987
2025-11-12 13:12:28,7.7376,429.9968,0.9987
2025-11-12 13:12:29,7.7350,523.9362,0.9984
2025-11-12 13:12:29,7.7357,540.6499,0.9984
2025-11-12 13:12:29,7.7345,551.5682,0.9983
2025-11-12 13:12:29,7.7344,549.9419,0.9983
2025-11-12 13:12:29,7.7360,493.7323,0.9985
2025-11-12 13:12:29,7.7364,503.2307,0.9985
2025-11-12 13:12:29,7.7348,524.9483,0.9984
2025-11-12 13:12:29,7.7336,496.8531,0.9985
2025-11-12 13:12:29,7.7349,458.1180,0.9986
2025-11-12 13:12:29,7.7347,453.7070,0.9986
2025-11-12 13:12:29,7.7393,406.2466,0.9988
2025-11-12 13:12:29,7.7392,404.9376,0.9988
2025-11-12 13:12:30,7.7400,377.8859,0.9989
2025-11-12 13:12:30,7.7394,364.1321,0.9989
2025-11-12 13:12:30,7.7370,384.2446,0.9988
2025-11-12 13:12:30,7.7362,368.5878,0.9989
2025-11-12 13:12:30,7.7352,400.9478,0.9988
2025-11-12 13:12:30,7.7359,419.4436,0.9987
2025-11-12 13:12:30,7.7375,406.1528,0.9988
2025-11-12 13:12:30,7.7373,402.5359,0.9988
2025-11-12 13:12:30,7.7374,399.2688,0.9988
2025-11-12 13:12:30,7.7366,380.2774,0.9988
2025-11-12 13:12:30,7.7331,414.3551,0.9987
2025-11-12 13:12:30,7.7339,433.0628,0.9987
2025-11-12 13:12:31,7.7341,427.4556,0.9987
2025-11-12 13:12:31,7.7341,427.4556,0.9987
2025-11-12 13:12:31,7.7378,389.8970,0.9988
2025-11-12 13:12:31,7.7386,408.4224,0.9988
2025-11-12 13:12:31,7.7384,417.8838,0.9987
2025-11-12 13:12:31,7.7380,410.8661,0.9988
2025-11-12 13:12:31,7.7393,403.4331,0.9988
2025-11-12 13:12:31,7.7393,403.4331,0.9988
2025-11-12 13:12:31,7.7400,382.0209,0.9988
2025-11-12 13:12:31,7.7401,383.9587,0.9988
2025-11-12 13:12:31,7.7396,386.2372,0.9988
2025-11-12 13:12:32,7.7390,371.8034,0.9989
2025-11-12 13:12:32,7.7383,392.8036,0.9988
2025-11-12 13:12:32,7.7379,385.1008,0.9988
2025-11-12 13:12:32,7.7361,396.9084,0.9988
2025-11-12 13:12:32,7.7372,423.8369,0.9987
2025-11-12 13:12:32,7.7373,420.5728,0.9987
2025-11-12 13:12:32,7.7355,386.7741,0.9988
2025-11-12 13:12:32,7.7364,380.4267,0.9988
2025-11-12 13:12:32,7.7361,373.4170,0.9989
2025-11-12 13:12:32,7.7360,376.6012,0.9989
2025-11-12 13:12:33,7.7371,395.3806,0.9988
2025-11-12 13:12:33,7.7370,396.1960,0.9988
2025-11-12 13:12:33,7.7378,415.7138,0.9987
2025-11-12 13:12:33,7.7381,406.3565,0.9988
2025-11-12 13:12:33,7.7376,398.3346,0.9988
2025-11-12 13:12:33,7.7364,407.8536,0.9988
2025-11-12 13:12:33,7.7361,400.0665,0.9988
2025-11-12 13:12:33,7.7358,409.0794,0.9988
2025-11-12 13:12:33,7.7331,368.1518,0.9989
2025-11-12 13:12:33,7.7342,361.5056,0.9989
2025-11-12 13:12:33,7.7343,366.3166,0.9989
2025-11-12 13:12:34,7.7343,366.3166,0.9989
2025-11-12 13:12:34,7.7346,368.9483,0.9989
2025-11-12 13:12:34,7.7365,362.3888,0.9989
2025-11-12 13:12:34,7.7360,350.0877,0.9989
2025-11-12 13:12:34,7.7360,350.0877,0.9989
2025-11-12 13:12:34,7.7318,323.8154,0.9990
2025-11-12 13:12:34,7.7311,323.1736,0.9990
2025-11-12 13:12:34,7.7307,311.9998,0.9990
2025-11-12 13:12:34,7.7307,311.9998,0.9990
2025-11-12 13:12:34,7.7344,335.7007,0.9990
2025-11-12 13:12:34,7.7335,338.0401,0.9990
2025-11-12 13:12:35,7.7331,327.3924,0.9990
2025-11-12 13:12:35,7.7332,324.3924,0.9990
2025-11-12 13:12:35,7.7327,319.4129,0.9990
2025-11-12 13:12:35,7.7284,350.8908,0.9989
2025-11-12 13:12:35,7.7287,359.9475,0.9989
2025-11-12 13:12:35,7.7289,354.9520,0.9989
2025-11-12 13:12:35,7.7291,357.5234,0.9989
2025-11-12 13:12:35,7.7310,338.2744,0.9990
2025-11-12 13:12:35,7.7314,349.2059,0.9989
2025-11-12 13:12:35,7.7312,354.4907,0.9989
2025-11-12 13:12:36,7.7333,382.4896,0.9988
2025-11-12 13:12:36,7.7351,368.0172,0.9989
2025-11-12 13:12:36,7.7358,386.8437,0.9988
2025-11-12 13:12:36,7.7357,390.0110,0.9988
2025-11-12 13:12:36,7.7346,375.3985,0.9989
2025-11-12 13:12:36,7.7368,367.0587,0.9989
2025-11-12 13:12:36,7.7372,376.3315,0.9989
2025-11-12 13:12:36,7.7362,409.5032,0.9988
2025-11-12 13:12:37,7.7351,399.2663,0.9988
2025-11-12 13:12:37,7.7328,405.5871,0.9988
2025-11-12 13:12:37,7.7325,397.7008,0.9988
2025-11-12 13:12:37,7.7338,358.1977,0.9989
2025-11-12 13:12:37,7.7329,350.8124,0.9989
2025-11-12 13:12:37,7.7336,347.7789,0.9989
2025-11-12 13:12:37,7.7315,290.1886,0.9991
2025-11-12 13:12:37,7.7313,295.4706,0.9991
2025-11-12 13:12:37,7.7314,296.8870,0.9991
2025-11-12 13:12:37,7.7301,301.6689,0.9991
2025-11-12 13:12:37,7.7316,342.0139,0.9989
2025-11-12 13:12:38,7.7318,336.6901,0.9990
2025-11-12 13:12:38,7.7304,326.2884,0.9990
2025-11-12 13:12:38,7.7322,320.3370,0.9990
2025-11-12 13:12:38,7.7320,314.0647,0.9990
2025-11-12 13:12:38,7.7317,322.3167,0.9990
2025-11-12 13:12:38,7.7333,333.1709,0.9990
2025-11-12 13:12:38,7.7333,333.1709,0.9990
2025-11-12 13:12:38,7.7333,334.2842,0.9990
2025-11-12 13:12:38,7.7334,330.6038,0.9990
2025-11-12 13:12:38,7.7356,352.9552,0.9989
2025-11-12 13:12:38,7.7361,351.2411,0.9989
2025-11-12 13:12:38,7.7365,361.4802,0.9989
2025-11-12 13:12:39,7.7366,357.9423,0.9989
2025-11-12 13:12:39,7.7392,395.3891,0.9988
2025-11-12 13:12:39,7.7388,397.4291,0.9988
2025-11-12 13:12:39,7.7387,394.4583,0.9988
2025-11-12 13:12:39,7.7368,459.9956,0.9986
2025-11-12 13:12:39,7.7368,461.1427,0.9986
2025-11-12 13:12:39,7.7293,547.4484,0.9983
2025-11-12 13:12:39,7.7296,558.7021,0.9983
2025-11-12 13:12:39,7.7316,499.8669,0.9985
2025-11-12 13:12:39,7.7313,494.1283,0.9985
2025-11-12 13:12:39,7.7322,476.7656,0.9985
2025-11-12 13:12:40,7.7317,461.6127,0.9986
2025-11-12 13:12:40,7.7314,469.8602,0.9986
2025-11-12 13:12:40,7.7319,481.2632,0.9985
2025-11-12 13:12:40,7.7360,424.6070,0.9987
2025-11-12 13:12:40,7.7364,434.7052,0.9987
2025-11-12 13:12:40,7.7374,401.5253,0.9988
2025-11-12 13:12:40,7.7383,420.0062,0.9987
2025-11-12 13:12:40,7.7378,426.3217,0.9987
2025-11-12 13:12:40,7.7363,391.5267,0.9988
2025-11-12 13:12:40,7.7354,420.8341,0.9987
2025-11-12 13:12:40,7.7358,429.8393,0.9987
2025-11-12 13:12:41,7.7362,425.1544,0.9987
2025-11-12 13:12:41,7.7362,425.4236,0.9987
2025-11-12 13:12:41,7.7361,428.6173,0.9987
2025-11-12 13:12:41,7.7351,405.3137,0.9988
2025-11-12 13:12:41,7.7358,398.5831,0.9988
2025-11-12 13:12:41,7.7373,434.1244,0.9987
2025-11-12 13:12:41,7.7373,434.1244,0.9987
2025-11-12 13:12:41,7.7355,402.2393,0.9988
2025-11-12 13:12:41,7.7337,421.3382,0.9987
2025-11-12 13:12:41,7.7338,424.5216,0.9987
2025-11-12 13:12:41,7.7338,424.5216,0.9987
2025-11-12 13:12:41,7.7340,427.6721,0.9987
2025-11-12 13:12:42,7.7360,406.5649,0.9988
2025-11-12 13:12:42,7.7315,307.0766,0.9991
2025-11-12 13:12:42,7.7311,316.9109,0.9990
2025-11-12 13:12:42,7.7305,305.1344,0.9991
2025-11-12 13:12:42,7.7313,302.0182,0.9991
2025-11-12 13:12:42,7.7325,323.0901,0.9990
2025-11-12 13:12:42,7.7268,524.4572,0.9984
2025-11-12 13:12:42,7.7280,551.6995,0.9983
2025-11-12 13:12:42,7.7299,553.0700,0.9983
2025-11-12 13:12:42,7.7302,559.2021,0.9983
2025-11-12 13:12:43,7.7363,334.7579,0.9990
2025-11-12 13:12:43,7.7368,344.6334,0.9990
2025-11-12 13:12:43,7.7352,349.7957,0.9989
2025-11-12 13:12:43,7.7360,366.1676,0.9989
2025-11-12 13:12:43,7.7322,500.8829,0.9985
2025-11-12 13:12:43,7.7336,533.3444,0.9984
2025-11-12 13:12:43,7.7320,541.6978,0.9983
2025-11-12 13:12:43,7.7308,517.0182,0.9984
2025-11-12 13:12:43,7.7347,385.4264,0.9988
2025-11-12 13:12:43,7.7351,397.1132,0.9988
2025-11-12 13:12:43,7.7370,383.9568,0.9988
2025-11-12 13:12:44,7.7358,365.2441,0.9989
2025-11-12 13:12:44,7.7307,547.8561,0.9983
2025-11-12 13:12:44,7.7306,543.7002,0.9983
2025-11-12 13:12:44,7.7280,552.6428,0.9983
2025-11-12 13:12:44,7.7305,605.6766,0.9981
2025-11-12 13:12:44,7.7351,438.9639,0.9987
2025-11-12 13:12:44,7.7350,435.2172,0.9987
2025-11-12 13:12:44,7.7373,416.1302,0.9987
2025-11-12 13:12:45,7.7351,377.6760,0.9988
2025-11-12 13:12:45,7.7359,353.1622,0.9989
2025-11-12 13:12:45,7.7358,351.5433,0.9989
2025-11-12 13:12:45,7.7357,351.7783,0.9989
2025-11-12 13:12:45,7.7387,402.2952,0.9988
2025-11-12 13:12:45,7.7385,408.4231,0.9988
2025-11-12 13:12:45,7.7388,416.0903,0.9987
2025-11-12 13:12:45,7.7369,432.3777,0.9987
2025-11-12 13:12:45,7.7366,425.5562,0.9987
2025-11-12 13:12:45,7.7368,419.6410,0.9987
2025-11-12 13:12:45,7.7369,422.1666,0.9987
2025-11-12 13:12:46,7.7385,407.5497,0.9988
2025-11-12 13:12:46,7.7365,372.5749,0.9989
2025-11-12 13:12:46,7.7364,377.7457,0.9989
2025-11-12 13:12:46,7.7356,359.1917,0.9989
2025-11-12 13:12:46,7.7328,381.8348,0.9988
2025-11-12 13:12:46,7.7332,389.9649,0.9988
2025-11-12 13:12:46,7.7331,393.6361,0.9988
2025-11-12 13:12:46,7.7328,386.6499,0.9988
2025-11-12 13:12:46,7.7332,382.7091,0.9988
2025-11-12 13:12:46,7.7337,391.6913,0.9988
2025-11-12 13:12:47,7.7337,391.6913,0.9988
2025-11-12 13:12:47,7.7325,365.4137,0.9989
2025-11-12 13:12:47,7.7339,354.3468,0.9989
2025-11-12 13:12:47,7.7332,342.2114,0.9990
2025-11-12 13:12:47,7.7352,286.1978,0.9991
2025-11-12 13:12:47,7.7373,334.0090,0.9990
2025-11-12 13:12:47,7.7399,316.5676,0.9990
2025-11-12 13:12:47,7.7362,279.1943,0.9991
2025-11-12 13:12:47,7.7342,336.4407,0.9990
2025-11-12 13:12:47,7.7334,314.1660,0.9990
2025-11-12 13:12:47,7.7334,314.1671,0.9990
2025-11-12 13:12:47,7.7341,320.8336,0.9990
2025-11-12 13:12:48,7.7341,320.8336,0.9990
2025-11-12 13:12:48,7.7351,346.2033,0.9989
2025-11-12 13:12:48,7.7344,347.7017,0.9989
2025-11-12 13:12:48,7.7358,362.9959,0.9989
2025-11-12 13:12:48,7.7358,362.9959,0.9989
2025-11-12 13:12:48,7.7349,341.5233,0.9990
2025-11-12 13:12:48,7.7355,340.0940,0.9990
2025-11-12 13:12:48,7.7344,328.1737,0.9990
2025-11-12 13:12:48,7.7345,325.0920,0.9990
2025-11-12 13:12:48,7.7347,329.7490,0.9990
2025-11-12 13:12:48,7.7356,329.2181,0.9990
2025-11-12 13:12:49,7.7367,341.1504,0.9990
2025-11-12 13:12:49,7.7369,335.2327,0.9990
2025-11-12 13:12:49,7.7367,330.8611,0.9990
2025-11-12 13:12:49,7.7372,330.8634,0.9990
2025-11-12 13:12:49,7.7390,356.2016,0.9989
2025-11-12 13:12:49,7.7387,365.7187,0.9989
2025-11-12 13:12:49,7.7392,374.6353,0.9989
2025-11-12 13:12:49,7.7378,377.5775,0.9989
2025-11-12 13:12:49,7.7388,394.1294,0.9988
2025-11-12 13:12:49,7.7389,390.7708,0.9988
2025-11-12 13:12:50,7.7387,385.8962,0.9988
2025-11-12 13:12:50,7.7367,397.8526,0.9988
2025-11-12 13:12:50,7.7382,431.9422,0.9987
2025-11-12 13:12:50,7.7383,428.7218,0.9987
2025-11-12 13:12:50,7.7381,424.4375,0.9987
2025-11-12 13:12:50,7.7377,428.9191,0.9987
2025-11-12 13:12:50,7.7376,426.3153,0.9987
2025-11-12 13:12:50,7.7374,432.7612,0.9987
2025-11-12 13:12:50,7.7363,410.6896,0.9988
2025-11-12 13:12:50,7.7325,457.9581,0.9986
2025-11-12 13:12:51,7.7323,453.6227,0.9986
2025-11-12 13:12:51,7.7325,450.0030,0.9986
2025-11-12 13:12:51,7.7323,447.0218,0.9986
2025-11-12 13:12:51,7.7371,392.5323,0.9988
2025-11-12 13:12:51,7.7378,409.5104,0.9988
2025-11-12 13:12:51,7.7390,370.7564,0.9989
2025-11-12 13:12:51,7.7388,366.7726,0.9989
2025-11-12 13:12:51,7.7400,358.7179,0.9989
2025-11-12 13:12:51,7.7400,359.3524,0.9989
2025-11-12 13:12:52,7.7388,399.5783,0.9988
2025-11-12 13:12:52,7.7391,404.5102,0.9988
2025-11-12 13:12:52,7.7402,399.7455,0.9988
2025-11-12 13:12:52,7.7400,393.8004,0.9988
2025-11-12 13:12:53,7.7399,397.2276,0.9988
2025-11-12 13:12:53,7.7390,382.5013,0.9988
2025-11-12 13:12:53,7.7383,384.4773,0.9988
2025-11-12 13:12:53,7.7380,378.2185,0.9989
2025-11-12 13:12:53,7.7380,378.2185,0.9989
2025-11-12 13:12:53,7.7386,388.1994,0.9988
2025-11-12 13:12:53,7.7368,397.8112,0.9988
2025-11-12 13:12:53,7.7367,395.0184,0.9988
2025-11-12 13:12:53,7.7367,395.0184,0.9988
2025-11-12 13:12:53,7.7362,385.8914,0.9988
2025-11-12 13:12:54,7.7374,379.1087,0.9988
2025-11-12 13:12:54,7.7389,416.8388,0.9987
2025-11-12 13:12:54,7.7391,410.2028,0.9988
2025-11-12 13:12:54,7.7366,377.9127,0.9989
2025-11-12 13:12:54,7.7352,385.0034,0.9988
2025-11-12 13:12:54,7.7346,366.8172,0.9989
2025-11-12 13:12:54,7.7344,372.8897,0.9989
2025-11-12 13:12:54,7.7344,372.6804,0.9989
2025-11-12 13:12:54,7.7318,393.7724,0.9988
2025-11-12 13:12:54,7.7320,398.1516,0.9988
2025-11-12 13:12:55,7.7316,409.7843,0.9987
2025-11-12 13:12:55,7.7322,418.8372,0.9987
2025-11-12 13:12:55,7.7281,480.0541,0.9985
2025-11-12 13:12:55,7.7280,476.6897,0.9985
2025-11-12 13:12:55,7.7286,459.5936,0.9986
2025-11-12 13:12:55,7.7295,475.3311,0.9985
2025-11-12 13:12:55,7.7315,439.3322,0.9987
2025-11-12 13:12:55,7.7315,439.3322,0.9987
2025-11-12 13:12:55,7.7319,427.8274,0.9987
2025-11-12 13:12:55,7.7331,450.3517,0.9986
2025-11-12 13:12:55,7.7271,581.6283,0.9982
2025-11-12 13:12:56,7.7269,575.8116,0.9982
2025-11-12 13:12:56,7.7275,562.7339,0.9983
2025-11-12 13:12:56,7.7277,567.5832,0.9982
2025-11-12 13:12:56,7.7307,493.2076,0.9985
2025-11-12 13:12:56,7.7306,491.8313,0.9985
2025-11-12 13:12:56,7.7295,523.4753,0.9984
2025-11-12 13:12:56,7.7294,521.4826,0.9984
2025-11-12 13:12:56,7.7317,475.9727,0.9985
2025-11-12 13:12:56,7.7316,473.3149,0.9985
2025-11-12 13:12:57,7.7300,523.8073,0.9984
2025-11-12 13:12:57,7.7292,507.4318,0.9984
2025-11-12 13:12:57,7.7251,588.1447,0.9982
2025-11-12 13:12:57,7.7252,591.1433,0.9982
2025-11-12 13:12:57,7.7202,754.1537,0.9976
2025-11-12 13:12:57,7.7188,717.6413,0.9977
2025-11-12 13:12:57,7.7276,616.6475,0.9981
2025-11-12 13:12:57,7.7277,619.8946,0.9981
2025-11-12 13:12:57,7.7357,339.8112,0.9990
2025-11-12 13:12:57,7.7383,380.1583,0.9988
2025-11-12 13:12:58,7.7410,359.8845,0.9989
2025-11-12 13:12:58,7.7412,365.1128,0.9989
2025-11-12 13:12:58,7.7398,412.6273,0.9988
2025-11-12 13:12:58,7.7384,391.5770,0.9988
2025-11-12 13:12:58,7.7385,391.4606,0.9988
2025-11-12 13:12:58,7.7374,366.3742,0.9989
2025-11-12 13:12:58,7.7351,447.7712,0.9986
2025-11-12 13:12:58,7.7075,720.8613,0.9977
2025-11-12 13:12:58,7.7068,709.2091,0.9977
2025-11-12 13:12:58,7.7068,710.6978,0.9977
2025-11-12 13:12:59,7.7102,654.0842,0.9979
2025-11-12 13:12:59,7.7262,302.3300,0.9991
2025-11-12 13:12:59,7.7271,305.8167,0.9991
2025-11-12 13:12:59,7.7269,301.1725,0.9991
2025-11-12 13:12:59,7.7260,323.7593,0.9990
2025-11-12 13:12:59,7.7300,306.4853,0.9991
2025-11-12 13:12:59,7.7230,332.8828,0.9990
2025-11-12 13:12:59,7.7244,381.3338,0.9988
2025-11-12 13:12:59,7.7192,532.2970,0.9983
2025-11-12 13:12:59,7.7205,542.1664,0.9983
2025-11-12 13:13:00,7.7162,597.7572,0.9981
2025-11-12 13:13:00,7.7158,583.0936,0.9982
2025-11-12 13:13:00,7.7210,444.7833,0.9986
2025-11-12 13:13:00,7.7231,467.2537,0.9985
2025-11-12 13:13:00,7.7333,348.4782,0.9989
2025-11-12 13:13:00,7.7346,386.2758,0.9988
2025-11-12 13:13:00,7.7347,383.6543,0.9988
2025-11-12 13:13:00,7.7340,380.5531,0.9988
2025-11-12 13:13:00,7.7305,400.7088,0.9988
2025-11-12 13:13:01,7.7305,399.5764,0.9988
2025-11-12 13:13:01,7.7307,393.9290,0.9988
2025-11-12 13:13:01,7.7311,396.8087,0.9988
2025-11-12 13:13:01,7.7307,401.0641,0.9988
2025-11-12 13:13:01,7.7294,356.9505,0.9989
2025-11-12 13:13:01,7.7292,362.0026,0.9989
2025-11-12 13:13:01,7.7344,432.9362,0.9987
2025-11-12 13:13:01,7.7364,411.1407,0.9987
2025-11-12 13:13:01,7.7370,426.2897,0.9987
2025-11-12 13:13:02,7.7334,553.4180,0.9983
2025-11-12 13:13:02,7.7350,588.5080,0.9982
2025-11-12 13:13:02,7.7346,592.1386,0.9982
2025-11-12 13:13:02,7.7343,583.8657,0.9982
2025-11-12 13:13:02,7.7378,457.8862,0.9986
2025-11-12 13:13:02,7.7372,446.1475,0.9986
2025-11-12 13:13:02,7.7372,446.3886,0.9986
2025-11-12 13:13:02,7.7375,454.1304,0.9986
2025-11-12 13:13:02,7.7371,467.9737,0.9986
2025-11-12 13:13:02,7.7370,466.3818,0.9986
2025-11-12 13:13:03,7.7337,510.3062,0.9984
2025-11-12 13:13:03,7.7339,514.6163,0.9984
2025-11-12 13:13:03,7.7343,501.5827,0.9985
2025-11-12 13:13:03,7.7345,506.5703,0.9985
2025-11-12 13:13:03,7.7395,445.1616,0.9987
2025-11-12 13:13:03,7.7397,450.5680,0.9986
2025-11-12 13:13:03,7.7409,411.5530,0.9988
2025-11-12 13:13:03,7.7388,379.0575,0.9989
2025-11-12 13:13:03,7.7395,374.6593,0.9989
2025-11-12 13:13:03,7.7398,384.0055,0.9988
2025-11-12 13:13:04,7.7387,422.2459,0.9987
2025-11-12 13:13:04,7.7404,449.8624,0.9986
2025-11-12 13:13:04,7.7376,475.8854,0.9986
2025-11-12 13:13:04,7.7373,465.6497,0.9986
2025-11-12 13:13:04,7.7374,461.6549,0.9986
2025-11-12 13:13:04,7.7358,433.1798,0.9987
2025-11-12 13:13:04,7.7350,442.4948,0.9987
2025-11-12 13:13:04,7.7346,432.0691,0.9987
2025-11-12 13:13:04,7.7357,400.2417,0.9988
2025-11-12 13:13:05,7.7370,422.9972,0.9987
2025-11-12 13:13:05,7.7409,384.5185,0.9988
2025-11-12 13:13:05,7.7414,397.2224,0.9988
2025-11-12 13:13:05,7.7403,432.8277,0.9987
2025-11-12 13:13:05,7.7400,427.4014,0.9987
2025-11-12 13:13:05,7.7404,425.5102,0.9987
2025-11-12 13:13:05,7.7387,383.7542,0.9988
2025-11-12 13:13:05,7.7388,380.0635,0.9988
2025-11-12 13:13:05,7.7382,370.5357,0.9989
2025-11-12 13:13:06,7.7381,370.9008,0.9989
2025-11-12 13:13:06,7.7386,381.4232,0.9988
2025-11-12 13:13:06,7.7383,389.1642,0.9988
2025-11-12 13:13:06,7.7392,403.1800,0.9988
2025-11-12 13:13:06,7.7385,406.4308,0.9988
2025-11-12 13:13:06,7.7391,421.4632,0.9987
2025-11-12 13:13:06,7.7391,421.4632,0.9987
2025-11-12 13:13:06,7.7383,408.5496,0.9988
2025-11-12 13:13:06,7.7386,407.1486,0.9988
2025-11-12 13:13:06,7.7386,407.1486,0.9988
2025-11-12 13:13:06,7.7386,407.1486,0.9988
2025-11-12 13:13:06,7.7373,387.9935,0.9988
2025-11-12 13:13:07,7.7378,386.2247,0.9988
2025-11-12 13:13:07,7.7366,356.8947,0.9989
2025-11-12 13:13:07,7.7356,389.3861,0.9988
2025-11-12 13:13:07,7.7365,402.5600,0.9988
2025-11-12 13:13:07,7.7336,417.3407,0.9987
2025-11-12 13:13:07,7.7349,452.1811,0.9986
2025-11-12 13:13:07,7.7359,420.0864,0.9987
2025-11-12 13:13:07,7.7328,380.5513,0.9988
2025-11-12 13:13:07,7.7317,390.5514,0.9988
2025-11-12 13:13:08,7.7316,387.2800,0.9988
2025-11-12 13:13:08,7.7316,387.2800,0.9988
2025-11-12 13:13:08,7.7358,451.5818,0.9986
2025-11-12 13:13:08,7.7359,450.3310,0.9986
2025-11-12 13:13:08,7.7353,435.7527,0.9987
2025-11-12 13:13:08,7.7356,426.8217,0.9987
2025-11-12 13:13:08,7.7363,440.1623,0.9987
2025-11-12 13:13:08,7.7404,405.3094,0.9988
2025-11-12 13:13:08,7.7409,416.8230,0.9987
2025-11-12 13:13:09,7.7407,423.2141,0.9987
2025-11-12 13:13:09,7.7406,421.7420,0.9987
2025-11-12 13:13:09,7.7407,421.5679,0.9987
2025-11-12 13:13:09,7.7406,420.5999,0.9987
2025-11-12 13:13:09,7.7405,424.0710,0.9987
2025-11-12 13:13:09,7.7411,433.7210,0.9987
2025-11-12 13:13:09,7.7384,453.6503,0.9986
2025-11-12 13:13:09,7.7393,479.9897,0.9985
2025-11-12 13:13:09,7.7369,567.4344,0.9983
2025-11-12 13:13:09,7.7365,559.4740,0.9983
2025-11-12 13:13:10,7.7349,576.5584,0.9982
2025-11-12 13:13:10,7.7350,579.4468,0.9982
2025-11-12 13:13:10,7.7399,416.9069,0.9987
2025-11-12 13:13:10,7.7374,376.1424,0.9989
2025-11-12 13:13:10,7.7394,353.1009,0.9989
2025-11-12 13:13:10,7.7390,342.0957,0.9990
2025-11-12 13:13:10,7.7365,418.4532,0.9987
2025-11-12 13:13:10,7.7377,436.4033,0.9987
2025-11-12 13:13:11,7.7381,433.3286,0.9987
2025-11-12 13:13:11,7.7384,443.2214,0.9987
2025-11-12 13:13:11,7.7384,443.2214,0.9987
2025-11-12 13:13:11,7.7378,434.0645,0.9987
2025-11-12 13:13:11,7.7385,429.4417,0.9987
2025-11-12 13:13:11,7.7384,428.9111,0.9987
2025-11-12 13:13:11,7.7373,467.0000,0.9986
2025-11-12 13:13:11,7.7394,502.9666,0.9985
2025-11-12 13:13:11,7.7395,502.1224,0.9985
2025-11-12 13:13:11,7.7395,501.4790,0.9985
2025-11-12 13:13:12,7.7406,461.8667,0.9986
2025-11-12 13:13:12,7.7399,448.5301,0.9986
2025-11-12 13:13:12,7.7369,478.3591,0.9985
2025-11-12 13:13:12,7.7362,459.1503,0.9986
2025-11-12 13:13:12,7.7385,389.7085,0.9988
2025-11-12 13:13:12,7.7390,399.7789,0.9988
2025-11-12 13:13:12,7.7384,409.4259,0.9988
2025-11-12 13:13:12,7.7375,385.5135,0.9988
2025-11-12 13:13:13,7.7353,450.2977,0.9986
2025-11-12 13:13:13,7.7352,448.6471,0.9986
2025-11-12 13:13:13,7.7289,566.6614,0.9983
2025-11-12 13:13:13,7.7297,591.9689,0.9982
2025-11-12 13:13:13,7.7299,586.8141,0.9982
2025-11-12 13:13:13,7.7290,564.0862,0.9983
2025-11-12 13:13:13,7.7351,447.2500,0.9986
2025-11-12 13:13:13,7.7336,404.8217,0.9988
2025-11-12 13:13:13,7.7334,410.3628,0.9987
2025-11-12 13:13:13,7.7346,436.7817,0.9987
2025-11-12 13:13:13,7.7352,429.1928,0.9987
2025-11-12 13:13:13,7.7370,475.4777,0.9986
2025-11-12 13:13:14,7.7369,478.7252,0.9985
2025-11-12 13:13:14,7.7363,467.6072,0.9986
2025-11-12 13:13:14,7.7339,504.0380,0.9985
2025-11-12 13:13:14,7.7322,456.0661,0.9986
2025-11-12 13:13:14,7.7325,447.6845,0.9986
2025-11-12 13:13:14,7.7334,469.0162,0.9986
2025-11-12 13:13:14,7.7349,444.9205,0.9986
2025-11-12 13:13:14,7.7368,494.8793,0.9985
2025-11-12 13:13:14,7.7367,500.0980,0.9985
2025-11-12 13:13:14,7.7359,482.9393,0.9985
2025-11-12 13:13:15,7.7398,439.8302,0.9987
2025-11-12 13:13:15,7.7391,421.3416,0.9987
2025-11-12 13:13:15,7.7303,777.7987,0.9976
2025-11-12 13:13:15,7.7314,804.5677,0.9975
2025-11-12 13:13:15,7.7328,803.3674,0.9975
2025-11-12 13:13:15,7.7318,777.4371,0.9976
2025-11-12 13:13:15,7.7419,367.7522,0.9989
2025-11-12 13:13:15,7.7417,363.4893,0.9989
2025-11-12 13:13:15,7.7397,377.7842,0.9989
2025-11-12 13:13:16,7.7397,377.5263,0.9989
2025-11-12 13:13:16,7.7371,462.5747,0.9986
2025-11-12 13:13:16,7.7376,475.4693,0.9986
2025-11-12 13:13:16,7.7383,470.4867,0.9986
2025-11-12 13:13:16,7.7371,444.6009,0.9986
2025-11-12 13:13:16,7.7385,397.3883,0.9988
2025-11-12 13:13:16,7.7375,374.3085,0.9989
2025-11-12 13:13:16,7.7374,374.8061,0.9989
2025-11-12 13:13:16,7.7386,399.8964,0.9988
2025-11-12 13:13:17,7.7337,578.7376,0.9982
2025-11-12 13:13:17,7.7343,591.6413,0.9982
2025-11-12 13:13:17,7.7350,589.2930,0.9982
2025-11-12 13:13:17,7.7336,556.7977,0.9983
2025-11-12 13:13:17,7.7372,421.3644,0.9987
2025-11-12 13:13:17,7.7366,409.4277,0.9988
2025-11-12 13:13:17,7.7364,410.3122,0.9988
2025-11-12 13:13:17,7.7359,401.2461,0.9988
2025-11-12 13:13:17,7.7369,368.5662,0.9989
2025-11-12 13:13:18,7.7376,383.3591,0.9988
2025-11-12 13:13:18,7.7339,413.7318,0.9987
2025-11-12 13:13:18,7.7356,452.2610,0.9986
2025-11-12 13:13:18,7.7370,408.8392,0.9988
2025-11-12 13:13:18,7.7376,421.6295,0.9987
2025-11-12 13:13:18,7.7333,498.8342,0.9985
2025-11-12 13:13:18,7.7336,508.4665,0.9984
2025-11-12 13:13:18,7.7322,549.0157,0.9983
2025-11-12 13:13:18,7.7316,532.4007,0.9984
2025-11-12 13:13:18,7.7340,488.0669,0.9985
2025-11-12 13:13:19,7.7338,484.2110,0.9985
2025-11-12 13:13:19,7.7339,481.1520,0.9985
2025-11-12 13:13:19,7.7340,482.5999,0.9985
2025-11-12 13:13:19,7.7284,601.8695,0.9981
2025-11-12 13:13:19,7.7276,579.5407,0.9982
2025-11-12 13:13:20,7.7278,574.6265,0.9982
2025-11-12 13:13:20,7.7283,590.1990,0.9982
2025-11-12 13:13:20,7.7366,433.5227,0.9987
2025-11-12 13:13:20,7.7377,457.6447,0.9986
2025-11-12 13:13:20,7.7374,466.9445,0.9986
2025-11-12 13:13:20,7.7372,463.6383,0.9986
2025-11-12 13:13:20,7.7377,458.1620,0.9986
2025-11-12 13:13:20,7.7384,475.4791,0.9986
2025-11-12 13:13:20,7.7399,428.1922,0.9987
2025-11-12 13:13:20,7.7396,422.9524,0.9987
2025-11-12 13:13:21,7.7395,424.7987,0.9987
2025-11-12 13:13:21,7.7398,432.0997,0.9987
2025-11-12 13:13:21,7.7383,479.3013,0.9985
2025-11-12 13:13:21,7.7387,488.2630,0.9985
2025-11-12 13:13:21,7.7381,495.2652,0.9985
2025-11-12 13:13:21,7.7387,510.5006,0.9985
2025-11-12 13:13:21,7.7388,507.1364,0.9985
2025-11-12 13:13:21,7.7388,507.1364,0.9985
2025-11-12 13:13:21,7.7392,501.6063,0.9985
2025-11-12 13:13:21,7.7387,488.8936,0.9985
2025-11-12 13:13:22,7.7389,482.7196,0.9985
2025-11-12 13:13:22,7.7390,483.1683,0.9985
2025-11-12 13:13:22,7.7423,451.1591,0.9986
2025-11-12 13:13:22,7.7428,462.7011,0.9986
2025-11-12 13:13:22,7.7426,469.8714,0.9986
2025-11-12 13:13:22,7.7426,469.2884,0.9986
2025-11-12 13:13:22,7.7384,512.1780,0.9984
2025-11-12 13:13:22,7.7380,500.7866,0.9985
2025-11-12 13:13:22,7.7382,494.1839,0.9985
2025-11-12 13:13:22,7.7374,475.1382,0.9986
2025-11-12 13:13:23,7.7362,491.7898,0.9985
2025-11-12 13:13:23,7.7368,507.6582,0.9985
2025-11-12 13:13:23,7.7365,516.8164,0.9984
2025-11-12 13:13:23,7.7364,514.4862,0.9984
2025-11-12 13:13:23,7.7389,481.3103,0.9985
2025-11-12 13:13:23,7.7388,478.5905,0.9986
2025-11-12 13:13:23,7.7388,478.5905,0.9986
2025-11-12 13:13:23,7.7380,463.0376,0.9986
2025-11-12 13:13:23,7.7402,443.8556,0.9987
2025-11-12 13:13:23,7.7402,442.9315,0.9987
2025-11-12 13:13:24,7.7418,388.1857,0.9988
2025-11-12 13:13:24,7.7427,402.5406,0.9988
2025-11-12 13:13:24,7.7368,480.6473,0.9985
2025-11-12 13:13:24,7.7372,491.2514,0.9985
2025-11-12 13:13:24,7.7355,541.3497,0.9984
2025-11-12 13:13:24,7.7364,562.9341,0.9983
2025-11-12 13:13:24,7.7372,550.0892,0.9983
2025-11-12 13:13:24,7.7365,529.2843,0.9984
2025-11-12 13:13:24,7.7366,525.3437,0.9984
2025-11-12 13:13:24,7.7355,499.5895,0.9985
2025-11-12 13:13:25,7.7396,448.7066,0.9986
2025-11-12 13:13:25,7.7390,433.9926,0.9987
2025-11-12 13:13:25,7.7391,430.2723,0.9987
2025-11-12 13:13:25,7.7399,445.4189,0.9987
2025-11-12 13:13:25,7.7379,465.7112,0.9986
2025-11-12 13:13:25,7.7387,486.1661,0.9985
2025-11-12 13:13:25,7.7401,442.9230,0.9987
2025-11-12 13:13:25,7.7407,456.7780,0.9986
2025-11-12 13:13:26,7.7408,455.5562,0.9986
2025-11-12 13:13:26,7.7412,466.6296,0.9986
2025-11-12 13:13:26,7.7397,515.3921,0.9984
2025-11-12 13:13:26,7.7397,515.9949,0.9984
2025-11-12 13:13:26,7.7425,486.1324,0.9985
2025-11-12 13:13:26,7.7423,479.8359,0.9986
2025-11-12 13:13:26,7.7422,483.4158,0.9985
2025-11-12 13:13:26,7.7405,449.9053,0.9986
2025-11-12 13:13:26,7.7391,460.9613,0.9986
2025-11-12 13:13:26,7.7392,464.2288,0.9986
2025-11-12 13:13:27,7.7392,464.2288,0.9986
2025-11-12 13:13:27,7.7401,482.2177,0.9985
2025-11-12 13:13:27,7.7424,464.8161,0.9986
2025-11-12 13:13:27,7.7425,468.2043,0.9986
2025-11-12 13:13:27,7.7431,445.4889,0.9987
2025-11-12 13:13:27,7.7419,423.1027,0.9987
2025-11-12 13:13:27,7.7417,424.1162,0.9987
2025-11-12 13:13:27,7.7407,398.9185,0.9988
2025-11-12 13:13:27,7.7407,398.9185,0.9988
2025-11-12 13:13:27,7.7402,390.1346,0.9988
2025-11-12 13:13:27,7.7405,388.8444,0.9988
2025-11-12 13:13:28,7.7393,362.6885,0.9989
2025-11-12 13:13:28,7.7388,379.7437,0.9988
2025-11-12 13:13:28,7.7387,378.3870,0.9989
2025-11-12 13:13:28,7.7372,385.3682,0.9988
2025-11-12 13:13:28,7.7376,394.1244,0.9988
2025-11-12 13:13:28,7.7357,456.4094,0.9986
2025-11-12 13:13:28,7.7361,462.5858,0.9986
2025-11-12 13:13:29,7.7336,481.3390,0.9985
2025-11-12 13:13:29,7.7341,496.2072,0.9985
2025-11-12 13:13:29,7.7358,439.5357,0.9987
2025-11-12 13:13:29,7.7371,466.5035,0.9986
2025-11-12 13:13:29,7.7361,479.8024,0.9985
2025-11-12 13:13:29,7.7356,467.2913,0.9986
2025-11-12 13:13:29,7.7359,458.2971,0.9986
2025-11-12 13:13:29,7.7336,409.4225,0.9987
2025-11-12 13:13:29,7.7390,369.9292,0.9989
2025-11-12 13:13:29,7.7390,369.0456,0.9989
2025-11-12 13:13:30,7.7387,378.5548,0.9989
2025-11-12 13:13:30,7.7392,385.8960,0.9988
2025-11-12 13:13:30,7.7376,391.5425,0.9988
2025-11-12 13:13:30,7.7375,389.5583,0.9988
2025-11-12 13:13:30,7.7376,386.2775,0.9988
2025-11-12 13:13:30,7.7386,402.8367,0.9988
2025-11-12 13:13:30,7.7390,400.7709,0.9988
2025-11-12 13:13:30,7.7392,406.8602,0.9988
2025-11-12 13:13:30,7.7391,410.2414,0.9988
2025-11-12 13:13:30,7.7392,412.1038,0.9988
2025-11-12 13:13:31,7.7372,426.8980,0.9987
2025-11-12 13:13:31,7.7364,408.9220,0.9988
2025-11-12 13:13:31,7.7379,364.8290,0.9989
2025-11-12 13:13:31,7.7261,279.0230,0.9991
2025-11-12 13:13:31,7.7244,285.2383,0.9991
2025-11-12 13:13:31,7.7253,313.5848,0.9990
2025-11-12 13:13:31,7.7260,298.3329,0.9991
2025-11-12 13:13:31,7.7326,313.7513,0.9990
2025-11-12 13:13:31,7.7348,295.1859,0.9991
2025-11-12 13:13:32,7.7347,291.3782,0.9991
2025-11-12 13:13:32,7.7327,348.1399,0.9989
2025-11-12 13:13:32,7.7341,362.3809,0.9989
2025-11-12 13:13:32,7.7296,407.0995,0.9987
2025-11-12 13:13:32,7.7293,398.7534,0.9988
2025-11-12 13:13:32,7.7295,393.6779,0.9988
2025-11-12 13:13:32,7.7290,386.2528,0.9988
2025-11-12 13:13:32,7.7291,384.5060,0.9988
2025-11-12 13:13:32,7.7292,387.5695,0.9988
2025-11-12 13:13:32,7.7280,422.7377,0.9987
2025-11-12 13:13:33,7.7287,433.2223,0.9987
2025-11-12 13:13:33,7.7223,553.3605,0.9983
2025-11-12 13:13:33,7.7234,591.5022,0.9982
2025-11-12 13:13:33,7.7240,573.5937,0.9982
2025-11-12 13:13:33,7.7254,599.6836,0.9981
2025-11-12 13:13:33,7.7207,737.9107,0.9977
2025-11-12 13:13:33,7.7196,693.8174,0.9978
2025-11-12 13:13:33,7.7198,687.6463,0.9978
2025-11-12 13:13:33,7.7202,695.5783,0.9978
2025-11-12 13:13:33,7.7267,512.6667,0.9984
2025-11-12 13:13:33,7.7255,476.7548,0.9985
2025-11-12 13:13:34,7.7258,469.5494,0.9985
2025-11-12 13:13:34,7.7287,543.1548,0.9983
2025-11-12 13:13:34,7.7235,690.3424,0.9978
2025-11-12 13:13:34,7.7262,778.8702,0.9976
2025-11-12 13:13:34,7.7259,786.2271,0.9976
2025-11-12 13:13:34,7.7249,756.4987,0.9976
2025-11-12 13:13:34,7.7333,532.4654,0.9984
2025-11-12 13:13:34,7.7315,479.5777,0.9985
2025-11-12 13:13:34,7.7315,479.5777,0.9985
2025-11-12 13:13:35,7.7319,489.2275,0.9985
2025-11-12 13:13:35,7.7395,404.0333,0.9988
2025-11-12 13:13:35,7.7391,396.7459,0.9988
2025-11-12 13:13:35,7.7392,393.3651,0.9988
2025-11-12 13:13:35,7.7404,418.8382,0.9987
2025-11-12 13:13:35,7.7400,421.2405,0.9987
2025-11-12 13:13:35,7.7414,453.4958,0.9986
2025-11-12 13:13:35,7.7416,447.0158,0.9987
2025-11-12 13:13:35,7.7412,437.2010,0.9987
2025-11-12 13:13:35,7.7400,446.2305,0.9987
2025-11-12 13:13:35,7.7412,477.6025,0.9986
2025-11-12 13:13:36,7.7396,534.6649,0.9984
2025-11-12 13:13:36,7.7391,523.8584,0.9984
2025-11-12 13:13:36,7.7309,652.5402,0.9980
2025-11-12 13:13:36,7.7309,651.8577,0.9980
2025-11-12 13:13:36,7.7260,826.0781,0.9974
2025-11-12 13:13:36,7.7254,808.4293,0.9975
2025-11-12 13:13:36,7.7248,819.8756,0.9975
2025-11-12 13:13:36,7.7247,814.7736,0.9975
2025-11-12 13:13:37,7.7272,723.1571,0.9978
2025-11-12 13:13:37,7.7272,722.5046,0.9978
2025-11-12 13:13:37,7.7318,639.5386,0.9980
2025-11-12 13:13:37,7.7320,647.6975,0.9980
2025-11-12 13:13:37,7.7360,510.2537,0.9984
2025-11-12 13:13:37,7.7339,471.7051,0.9986
2025-11-12 13:13:37,7.7328,489.3437,0.9985
2025-11-12 13:13:38,7.7328,488.8063,0.9985
2025-11-12 13:13:38,7.7326,494.2698,0.9985
2025-11-12 13:13:38,7.7333,506.3521,0.9985
2025-11-12 13:13:38,7.7317,534.6294,0.9984
2025-11-12 13:13:38,7.7316,528.5003,0.9984
2025-11-12 13:13:38,7.7318,523.1457,0.9984
2025-11-12 13:13:38,7.7314,515.9686,0.9984
2025-11-12 13:13:38,7.7233,731.2456,0.9977
2025-11-12 13:13:38,7.7234,735.5150,0.9977
2025-11-12 13:13:38,7.7231,742.3770,0.9977
2025-11-12 13:13:38,7.7262,826.8281,0.9974
2025-11-12 13:13:39,7.7410,490.4097,0.9985
2025-11-12 13:13:39,7.7407,481.9966,0.9985
2025-11-12 13:13:39,7.7407,481.9966,0.9985
2025-11-12 13:13:39,7.7398,462.7344,0.9986
2025-11-12 13:13:39,7.7391,468.8004,0.9986
2025-11-12 13:13:39,7.7388,460.1079,0.9986
2025-11-12 13:13:39,7.7389,455.9959,0.9986
2025-11-12 13:13:39,7.7403,485.6774,0.9985
2025-11-12 13:13:39,7.7433,462.0960,0.9986
2025-11-12 13:13:39,7.7438,473.1947,0.9986
2025-11-12 13:13:39,7.7437,477.6798,0.9986
2025-11-12 13:13:40,7.7437,478.3514,0.9986
2025-11-12 13:13:40,7.7440,476.7466,0.9986
2025-11-12 13:13:40,7.7429,450.3711,0.9986
2025-11-12 13:13:40,7.7453,368.4285,0.9989
2025-11-12 13:13:40,7.7451,364.4912,0.9989
2025-11-12 13:13:40,7.7442,369.7657,0.9989
2025-11-12 13:13:40,7.7434,351.9608,0.9989
2025-11-12 13:13:40,7.7410,430.9622,0.9987
2025-11-12 13:13:40,7.7422,458.6139,0.9986
2025-11-12 13:13:41,7.7420,459.6731,0.9986
2025-11-12 13:13:41,7.7435,492.5825,0.9985
2025-11-12 13:13:41,7.7441,469.4589,0.9986
2025-11-12 13:13:41,7.7434,453.8350,0.9986
2025-11-12 13:13:41,7.7429,457.6589,0.9986
2025-11-12 13:13:41,7.7423,444.6007,0.9987
2025-11-12 13:13:41,7.7417,467.0020,0.9986
2025-11-12 13:13:41,7.7425,484.8705,0.9985
2025-11-12 13:13:41,7.7384,531.6569,0.9984
2025-11-12 13:13:42,7.7387,539.3748,0.9984
2025-11-12 13:13:42,7.7387,539.3748,0.9984
2025-11-12 13:13:42,7.7383,528.9715,0.9984
2025-11-12 13:13:42,7.7397,509.8171,0.9985
2025-11-12 13:13:42,7.7393,500.5432,0.9985
2025-11-12 13:13:42,7.7393,500.5432,0.9985
2025-11-12 13:13:42,7.7395,505.6033,0.9985
2025-11-12 13:13:42,7.7427,475.1839,0.9986
2025-11-12 13:13:42,7.7427,476.1983,0.9986
2025-11-12 13:13:43,7.7428,472.5857,0.9986
2025-11-12 13:13:43,7.7413,438.5627,0.9987
2025-11-12 13:13:43,7.7348,513.6026,0.9984
2025-11-12 13:13:43,7.7358,543.0920,0.9983
2025-11-12 13:13:43,7.7360,537.2457,0.9984
2025-11-12 13:13:43,7.7360,536.4487,0.9984
2025-11-12 13:13:43,7.7313,639.8620,0.9980
2025-11-12 13:13:43,7.7315,645.0862,0.9980
2025-11-12 13:13:44,7.7337,585.3278,0.9982
2025-11-12 13:13:44,7.7338,588.4233,0.9982
2025-11-12 13:13:44,7.7326,623.3197,0.9981
2025-11-12 13:13:44,7.7327,626.0662,0.9981
2025-11-12 13:13:44,7.7326,629.0748,0.9981
2025-11-12 13:13:44,7.7328,633.6623,0.9981
2025-11-12 13:13:44,7.7409,446.4536,0.9987
2025-11-12 13:13:44,7.7410,448.2198,0.9986
2025-11-12 13:13:44,7.7397,489.1085,0.9985
2025-11-12 13:13:44,7.7372,441.4727,0.9987
2025-11-12 13:13:45,7.7378,433.7441,0.9987
2025-11-12 13:13:45,7.7377,430.7109,0.9987
2025-11-12 13:13:45,7.7366,464.0999,0.9986
2025-11-12 13:13:45,7.7378,486.0306,0.9985
2025-11-12 13:13:45,7.7408,457.9788,0.9986
2025-11-12 13:13:45,7.7407,455.7790,0.9986
2025-11-12 13:13:45,7.7408,451.5245,0.9986
2025-11-12 13:13:45,7.7415,464.3900,0.9986
2025-11-12 13:13:45,7.7385,494.7391,0.9985
2025-11-12 13:13:45,7.7387,500.4901,0.9985
2025-11-12 13:13:46,7.7386,504.5903,0.9985
2025-11-12 13:13:46,7.7377,486.1628,0.9985
2025-11-12 13:13:46,7.7394,467.4074,0.9986
2025-11-12 13:13:46,7.7391,459.4191,0.9986
2025-11-12 13:13:46,7.7394,449.8081,0.9986
2025-11-12 13:13:46,7.7405,469.6547,0.9986
2025-11-12 13:13:46,7.7355,540.2514,0.9984
2025-11-12 13:13:46,7.7352,530.0665,0.9984
2025-11-12 13:13:47,7.7350,535.1258,0.9984
2025-11-12 13:13:47,7.7347,526.6065,0.9984
2025-11-12 13:13:47,7.7278,694.4306,0.9979
2025-11-12 13:13:47,7.7282,708.4660,0.9978
2025-11-12 13:13:47,7.7273,733.3834,0.9977
2025-11-12 13:13:47,7.7274,738.5190,0.9977
2025-11-12 13:13:47,7.7346,567.3634,0.9983
2025-11-12 13:13:47,7.7346,566.5339,0.9983
2025-11-12 13:13:48,7.7341,582.7660,0.9982
2025-11-12 13:13:48,7.7348,599.8909,0.9982
2025-11-12 13:13:48,7.7371,563.3290,0.9983
2025-11-12 13:13:48,7.7373,567.3358,0.9983
2025-11-12 13:13:48,7.7398,480.6773,0.9985
2025-11-12 13:13:48,7.7383,449.5531,0.9986
2025-11-12 13:13:48,7.7336,537.4578,0.9984
2025-11-12 13:13:48,7.7335,533.9602,0.9984
2025-11-12 13:13:49,7.7339,520.5730,0.9984
2025-11-12 13:13:49,7.7347,538.0701,0.9984
2025-11-12 13:13:49,7.7374,480.7961,0.9985
2025-11-12 13:13:49,7.7376,484.3406,0.9985
2025-11-12 13:13:49,7.7348,572.0060,0.9983
2025-11-12 13:13:49,7.7362,606.4805,0.9982
2025-11-12 13:13:49,7.7371,589.6715,0.9982
2025-11-12 13:13:49,7.7364,568.9682,0.9983
2025-11-12 13:13:49,7.7374,535.5153,0.9984
2025-11-12 13:13:49,7.7367,517.1599,0.9984
2025-11-12 13:13:50,7.7401,474.1755,0.9986
2025-11-12 13:13:50,7.7401,475.7288,0.9986
2025-11-12 13:13:50,7.7390,515.7816,0.9984
2025-11-12 13:13:50,7.7395,526.5165,0.9984
2025-11-12 13:13:50,7.7417,510.6898,0.9985
2025-11-12 13:13:50,7.7419,516.0257,0.9984
2025-11-12 13:13:50,7.7430,473.9329,0.9986
2025-11-12 13:13:50,7.7433,480.4255,0.9986
2025-11-12 13:13:50,7.7433,480.6031,0.9986
2025-11-12 13:13:50,7.7428,469.2157,0.9986
2025-11-12 13:13:51,7.7428,469.2157,0.9986
2025-11-12 13:13:51,7.7426,463.8235,0.9986
2025-11-12 13:13:51,7.7418,468.5695,0.9986
2025-11-12 13:13:51,7.7405,438.7604,0.9987
2025-11-12 13:13:51,7.7408,428.9059,0.9987
2025-11-12 13:13:51,7.7408,428.9059,0.9987
2025-11-12 13:13:51,7.7420,422.7528,0.9987
2025-11-12 13:13:51,7.7423,428.6018,0.9987
2025-11-12 13:13:51,7.7420,438.7167,0.9987
2025-11-12 13:13:51,7.7422,444.0575,0.9987
2025-11-12 13:13:52,7.7415,447.6107,0.9987
2025-11-12 13:13:52,7.7417,452.7287,0.9986
2025-11-12 13:13:52,7.7417,452.7287,0.9986
2025-11-12 13:13:52,7.7415,446.3716,0.9987
2025-11-12 13:13:52,7.7422,442.7932,0.9987
2025-11-12 13:13:52,7.7425,449.8121,0.9986
2025-11-12 13:13:52,7.7426,446.2154,0.9987
2025-11-12 13:13:52,7.7419,432.2543,0.9987
2025-11-12 13:13:52,7.7416,433.5323,0.9987
2025-11-12 13:13:53,7.7413,425.0526,0.9987
2025-11-12 13:13:53,7.7412,428.5630,0.9987
2025-11-12 13:13:53,7.7420,445.3021,0.9987
2025-11-12 13:13:53,7.7411,450.0227,0.9986
2025-11-12 13:13:53,7.7414,457.7494,0.9986
2025-11-12 13:13:53,7.7363,660.5355,0.9980
2025-11-12 13:13:53,7.7362,657.3587,0.9980
2025-11-12 13:13:53,7.7367,655.9750,0.9980
2025-11-12 13:13:53,7.7373,671.8083,0.9980
2025-11-12 13:13:53,7.7369,688.2518,0.9979
2025-11-12 13:13:54,7.7363,674.7120,0.9979
2025-11-12 13:13:54,7.7332,690.9286,0.9979
2025-11-12 13:13:54,7.7328,676.2562,0.9979
2025-11-12 13:13:54,7.7383,468.0528,0.9986
2025-11-12 13:13:54,7.7382,466.2151,0.9986
2025-11-12 13:13:54,7.7412,441.2093,0.9987
2025-11-12 13:13:54,7.7416,451.8366,0.9986
2025-11-12 13:13:54,7.7406,487.4836,0.9985
2025-11-12 13:13:54,7.7397,469.3157,0.9986
2025-11-12 13:13:54,7.7402,467.5272,0.9986
2025-11-12 13:13:55,7.7402,468.4254,0.9986
2025-11-12 13:13:55,7.7414,424.9036,0.9987
2025-11-12 13:13:55,7.7406,410.7769,0.9988
2025-11-12 13:13:55,7.7376,430.7680,0.9987
2025-11-12 13:13:55,7.7374,424.4960,0.9987
2025-11-12 13:13:55,7.7371,432.0720,0.9987
2025-11-12 13:13:55,7.7316,363.9754,0.9989
2025-11-12 13:13:55,7.7341,355.9284,0.9989
2025-11-12 13:13:55,7.7338,347.7904,0.9989
2025-11-12 13:13:56,7.7338,347.7904,0.9989
2025-11-12 13:13:56,7.7365,368.6936,0.9989
2025-11-12 13:13:56,7.7355,372.0464,0.9989
2025-11-12 13:13:56,7.7355,372.0464,0.9989
2025-11-12 13:13:56,7.7346,399.5185,0.9988
2025-11-12 13:13:56,7.7341,393.3475,0.9988
2025-11-12 13:13:56,7.7344,392.2743,0.9988
2025-11-12 13:13:56,7.7337,372.9481,0.9989
2025-11-12 13:13:57,7.7348,337.2052,0.9990
2025-11-12 13:13:57,7.7266,320.9977,0.9990
2025-11-12 13:13:57,7.7273,323.1194,0.9990
2025-11-12 13:13:57,7.7287,369.5161,0.9989
2025-11-12 13:13:57,7.7286,373.8963,0.9988
2025-11-12 13:13:57,7.7354,368.9557,0.9989
2025-11-12 13:13:57,7.7346,370.8839,0.9989
2025-11-12 13:13:57,7.7352,390.5268,0.9988
2025-11-12 13:13:57,7.7351,394.3491,0.9988
2025-11-12 13:13:57,7.7207,503.1367,0.9984
2025-11-12 13:13:57,7.7197,498.3395,0.9984
2025-11-12 13:13:58,7.7195,492.1447,0.9985
2025-11-12 13:13:58,7.7191,502.2791,0.9984
2025-11-12 13:13:58,7.7240,427.2130,0.9987
2025-11-12 13:13:58,7.7259,432.5890,0.9987
2025-11-12 13:13:58,7.7261,438.9216,0.9986
2025-11-12 13:13:58,7.7265,426.8636,0.9987
2025-11-12 13:13:58,7.7301,393.6406,0.9988
2025-11-12 13:13:58,7.7299,393.2058,0.9988
2025-11-12 13:13:58,7.7298,388.9142,0.9988
2025-11-12 13:13:59,7.7321,328.8300,0.9990
2025-11-12 13:13:59,7.7377,320.0499,0.9990
2025-11-12 13:13:59,7.7373,321.7593,0.9990
2025-11-12 13:13:59,7.7373,321.9795,0.9990
2025-11-12 13:13:59,7.7351,386.4039,0.9988
2025-11-12 13:13:59,7.7361,393.4583,0.9988
2025-11-12 13:13:59,7.7322,423.2755,0.9987
2025-11-12 13:13:59,7.7320,416.6655,0.9987
2025-11-12 13:13:59,7.7319,419.5958,0.9987
2025-11-12 13:13:59,7.7333,436.7276,0.9987
2025-11-12 13:13:59,7.7278,529.0373,0.9984
2025-11-12 13:13:59,7.7281,539.7910,0.9983
2025-11-12 13:14:00,7.7259,601.9044,0.9981
2025-11-12 13:14:00,7.7292,673.0885,0.9979
2025-11-12 13:14:00,7.7310,636.4606,0.9980
2025-11-12 13:14:00,7.7310,636.2882,0.9980
2025-11-12 13:14:00,7.7331,567.5098,0.9983
2025-11-12 13:14:00,7.7320,542.9769,0.9983
2025-11-12 13:14:00,7.7373,460.8872,0.9986
2025-11-12 13:14:00,7.7372,458.4850,0.9986
2025-11-12 13:14:00,7.7372,458.4850,0.9986
2025-11-12 13:14:00,7.7334,409.8271,0.9987
2025-11-12 13:14:01,7.7349,399.8512,0.9988
2025-11-12 13:14:01,7.7347,394.6122,0.9988
2025-11-12 13:14:01,7.7350,385.8030,0.9988
2025-11-12 13:14:01,7.7350,385.7961,0.9988
2025-11-12 13:14:01,7.7366,379.5662,0.9988
2025-11-12 13:14:01,7.7361,365.5668,0.9989
2025-11-12 13:14:01,7.7360,370.6937,0.9989
2025-11-12 13:14:01,7.7354,367.1863,0.9989
2025-11-12 13:14:01,7.7316,387.0914,0.9988
2025-11-12 13:14:01,7.7319,394.5191,0.9988
2025-11-12 13:14:02,7.7320,391.2975,0.9988
2025-11-12 13:14:02,7.7333,404.4699,0.9988
2025-11-12 13:14:02,7.7373,379.9527,0.9988
2025-11-12 13:14:02,7.7352,324.6803,0.9990
2025-11-12 13:14:02,7.7350,331.9236,0.9990
2025-11-12 13:14:02,7.7330,315.5823,0.9990
2025-11-12 13:14:02,7.7327,315.5113,0.9990
2025-11-12 13:14:02,7.7345,364.3261,0.9989
2025-11-12 13:14:02,7.7346,361.2393,0.9989
2025-11-12 13:14:02,7.7373,382.5552,0.9988
2025-11-12 13:14:02,7.7336,406.5411,0.9988
2025-11-12 13:14:02,7.7317,351.7320,0.9989
2025-11-12 13:14:03,7.7275,486.8093,0.9985
2025-11-12 13:14:03,7.7279,493.2286,0.9985
2025-11-12 13:14:03,7.7304,483.1096,0.9985
2025-11-12 13:14:03,7.7316,518.6797,0.9984
2025-11-12 13:14:03,7.7372,331.3067,0.9990
2025-11-12 13:14:03,7.7361,320.3303,0.9990
2025-11-12 13:14:03,7.7374,315.0817,0.9990
2025-11-12 13:14:03,7.7372,308.2312,0.9991
2025-11-12 13:14:03,7.7357,353.0139,0.9989
2025-11-12 13:14:04,7.7391,398.5677,0.9988
2025-11-12 13:14:04,7.7334,452.0093,0.9986
2025-11-12 13:14:04,7.7326,430.5533,0.9987
2025-11-12 13:14:04,7.7314,466.3008,0.9986
2025-11-12 13:14:04,7.7327,495.9148,0.9985
2025-11-12 13:14:04,7.7357,460.8048,0.9986
2025-11-12 13:14:04,7.7333,408.7098,0.9987
2025-11-12 13:14:04,7.7333,406.9813,0.9988
2025-11-12 13:14:04,7.7329,396.9464,0.9988
2025-11-12 13:14:05,7.7354,386.2633,0.9988
2025-11-12 13:14:05,7.7383,443.7546,0.9987
2025-11-12 13:14:05,7.7394,405.0208,0.9988
2025-11-12 13:14:05,7.7397,412.3286,0.9988
2025-11-12 13:14:05,7.7375,427.2970,0.9987
2025-11-12 13:14:05,7.7373,421.3350,0.9987
2025-11-12 13:14:05,7.7367,442.3025,0.9987
2025-11-12 13:14:05,7.7364,436.6759,0.9987
2025-11-12 13:14:05,7.7362,438.2357,0.9987
2025-11-12 13:14:05,7.7362,436.9347,0.9987
2025-11-12 13:14:06,7.7378,384.4233,0.9988
2025-11-12 13:14:06,7.7384,397.7830,0.9988
2025-11-12 13:14:06,7.7364,421.3617,0.9987
2025-11-12 13:14:06,7.7367,429.0041,0.9987
2025-11-12 13:14:06,7.7358,456.9522,0.9986
2025-11-12 13:14:06,7.7342,420.9450,0.9987
2025-11-12 13:14:06,7.7357,404.8874,0.9988
2025-11-12 13:14:06,7.7357,406.0484,0.9988
2025-11-12 13:14:06,7.7359,400.2377,0.9988
2025-11-12 13:14:06,7.7369,421.1941,0.9987
2025-11-12 13:14:06,7.7370,420.2661,0.9987
2025-11-12 13:14:07,7.7373,425.9289,0.9987
2025-11-12 13:14:07,7.7371,431.9011,0.9987
2025-11-12 13:14:07,7.7363,415.8208,0.9987
2025-11-12 13:14:07,7.7355,424.3009,0.9987
2025-11-12 13:14:07,7.7360,438.0353,0.9987
2025-11-12 13:14:07,7.7362,432.1875,0.9987
2025-11-12 13:14:07,7.7336,388.7726,0.9988
2025-11-12 13:14:07,7.7368,366.8063,0.9989
2025-11-12 13:14:07,7.7365,358.9921,0.9989
2025-11-12 13:14:08,7.7362,368.0533,0.9989
2025-11-12 13:14:08,7.7383,398.9770,0.9988
2025-11-12 13:14:08,7.7386,397.7770,0.9988
2025-11-12 13:14:08,7.7388,402.7539,0.9988
2025-11-12 13:14:08,7.7383,419.2934,0.9987
2025-11-12 13:14:08,7.7365,392.4445,0.9988
2025-11-12 13:14:08,7.7347,400.9567,0.9988
2025-11-12 13:14:08,7.7348,404.2042,0.9988
2025-11-12 13:14:09,7.7356,379.8066,0.9988
2025-11-12 13:14:09,7.7378,415.8362,0.9987
2025-11-12 13:14:09,7.7396,403.5912,0.9988
2025-11-12 13:14:09,7.7392,392.9611,0.9988
2025-11-12 13:14:09,7.7361,501.9839,0.9985
2025-11-12 13:14:09,7.7378,537.3454,0.9984
2025-11-12 13:14:09,7.7370,541.4142,0.9984
2025-11-12 13:14:09,7.7378,563.9070,0.9983
2025-11-12 13:14:09,7.7429,385.3015,0.9988
2025-11-12 13:14:09,7.7422,371.9371,0.9989
2025-11-12 13:14:10,7.7422,371.7659,0.9989
2025-11-12 13:14:10,7.7416,357.9512,0.9989
2025-11-12 13:14:10,7.7386,456.7451,0.9986
2025-11-12 13:14:10,7.7381,445.8002,0.9986
2025-11-12 13:14:10,7.7391,440.4924,0.9987
2025-11-12 13:14:10,7.7391,441.5611,0.9987
2025-11-12 13:14:10,7.7401,407.0090,0.9988
2025-11-12 13:14:10,7.7411,425.9751,0.9987
2025-11-12 13:14:10,7.7413,424.9274,0.9987
2025-11-12 13:14:11,7.7410,417.7727,0.9987
2025-11-12 13:14:11,7.7408,424.7075,0.9987
2025-11-12 13:14:11,7.7412,434.3039,0.9987
2025-11-12 13:14:11,7.7367,478.1588,0.9985
2025-11-12 13:14:11,7.7369,483.2498,0.9985
2025-11-12 13:14:11,7.7368,485.9943,0.9985
2025-11-12 13:14:11,7.7367,483.0060,0.9985
2025-11-12 13:14:11,7.7342,522.3163,0.9984
2025-11-12 13:14:11,7.7345,529.3938,0.9984
2025-11-12 13:14:12,7.7345,529.3938,0.9984
2025-11-12 13:14:12,7.7338,512.8263,0.9984
2025-11-12 13:14:12,7.7394,440.8886,0.9987
2025-11-12 13:14:12,7.7388,427.3698,0.9987
2025-11-12 13:14:12,7.7372,484.8989,0.9985
2025-11-12 13:14:12,7.7372,485.5739,0.9985
2025-11-12 13:14:12,7.7328,530.9932,0.9984
2025-11-12 13:14:12,7.7339,561.8191,0.9983
2025-11-12 13:14:13,7.7356,507.4718,0.9985
2025-11-12 13:14:13,7.7346,486.4560,0.9985
2025-11-12 13:14:13,7.7397,431.0227,0.9987
2025-11-12 13:14:13,7.7383,394.6734,0.9988
2025-11-12 13:14:13,7.7383,394.6734,0.9988
2025-11-12 13:14:13,7.7372,376.4002,0.9989
2025-11-12 13:14:13,7.7343,397.2346,0.9988
2025-11-12 13:14:13,7.7350,415.8453,0.9987
2025-11-12 13:14:14,7.7350,415.8453,0.9987
2025-11-12 13:14:14,7.7351,417.6653,0.9987
2025-11-12 13:14:14,7.7345,423.4047,0.9987
2025-11-12 13:14:14,7.7349,432.6031,0.9987
2025-11-12 13:14:14,7.7350,429.4848,0.9987
2025-11-12 13:14:14,7.7352,434.3862,0.9987
2025-11-12 13:14:14,7.7360,425.7802,0.9987
2025-11-12 13:14:14,7.7363,433.5823,0.9987
2025-11-12 13:14:15,7.7365,427.7014,0.9987
2025-11-12 13:14:15,7.7320,369.2515,0.9989
2025-11-12 13:14:15,7.7337,358.8123,0.9989
2025-11-12 13:14:15,7.7342,374.4928,0.9989
2025-11-12 13:14:15,7.7339,383.1593,0.9988
2025-11-12 13:14:15,7.7366,409.5468,0.9988
2025-11-12 13:14:15,7.7374,404.7798,0.9988
2025-11-12 13:14:15,7.7375,407.0670,0.9988
2025-11-12 13:14:15,7.7375,407.0670,0.9988
2025-11-12 13:14:15,7.7396,437.1120,0.9987
2025-11-12 13:14:16,7.7405,432.2280,0.9987
2025-11-12 13:14:16,7.7408,438.5885,0.9987
2025-11-12 13:14:16,7.7324,787.0030,0.9976
2025-11-12 13:14:16,7.7284,719.6773,0.9978
2025-11-12 13:14:16,7.7268,717.2860,0.9978
2025-11-12 13:14:16,7.7268,717.2860,0.9978
2025-11-12 13:14:16,7.7342,428.2234,0.9987
2025-11-12 13:14:16,7.7363,452.3391,0.9986
2025-11-12 13:14:16,7.7366,450.9006,0.9986
2025-11-12 13:14:16,7.7363,442.9218,0.9987
2025-11-12 13:14:17,7.7373,411.5851,0.9987
2025-11-12 13:14:17,7.7381,422.4369,0.9987
2025-11-12 13:14:17,7.7362,437.2374,0.9987
2025-11-12 13:14:17,7.7361,432.5988,0.9987
2025-11-12 13:14:17,7.7364,423.5361,0.9987
2025-11-12 13:14:17,7.7342,394.4879,0.9988
2025-11-12 13:14:17,7.7366,379.6287,0.9988
2025-11-12 13:14:17,7.7371,393.9834,0.9988
2025-11-12 13:14:18,7.7345,479.4179,0.9985
2025-11-12 13:14:18,7.7324,461.2357,0.9986
2025-11-12 13:14:18,7.7309,465.8633,0.9986
2025-11-12 13:14:18,7.7310,469.7458,0.9986
2025-11-12 13:14:18,7.7354,335.7114,0.9990
2025-11-12 13:14:18,7.7378,352.8470,0.9989
2025-11-12 13:14:18,7.7396,340.2802,0.9990
2025-11-12 13:14:18,7.7396,339.9549,0.9990
2025-11-12 13:14:18,7.7346,505.2416,0.9985
2025-11-12 13:14:18,7.7319,481.6596,0.9985
2025-11-12 13:14:19,7.7316,481.9147,0.9985
2025-11-12 13:14:19,7.7310,460.4850,0.9986
2025-11-12 13:14:19,7.7345,347.7140,0.9989
2025-11-12 13:14:19,7.7333,343.6562,0.9989
2025-11-12 13:14:19,7.7336,343.1224,0.9989
2025-11-12 13:14:19,7.7326,314.8955,0.9990
2025-11-12 13:14:19,7.7320,333.2860,0.9990
2025-11-12 13:14:19,7.7362,363.1611,0.9989
2025-11-12 13:14:19,7.7365,362.1332,0.9989
2025-11-12 13:14:19,7.7375,388.8380,0.9988
2025-11-12 13:14:20,7.7374,392.1092,0.9988
2025-11-12 13:14:20,7.7317,364.7083,0.9989
2025-11-12 13:14:20,7.7317,364.6934,0.9989
2025-11-12 13:14:20,7.7317,363.1370,0.9989
2025-11-12 13:14:20,7.7340,300.4288,0.9991
2025-11-12 13:14:20,7.7426,356.9235,0.9989
2025-11-12 13:14:20,7.7375,415.7014,0.9987
2025-11-12 13:14:20,7.7380,429.6581,0.9987
2025-11-12 13:14:20,7.7357,498.4029,0.9985
2025-11-12 13:14:21,7.7372,531.5751,0.9984
2025-11-12 13:14:21,7.7387,508.9572,0.9985
2025-11-12 13:14:21,7.7382,494.3128,0.9985
2025-11-12 13:14:21,7.7369,540.0639,0.9984
2025-11-12 13:14:21,7.7352,503.6065,0.9985
2025-11-12 13:14:21,7.7392,474.5979,0.9986
2025-11-12 13:14:21,7.7389,468.6206,0.9986
2025-11-12 13:14:21,7.7417,373.7383,0.9989
2025-11-12 13:14:21,7.7411,364.7927,0.9989
2025-11-12 13:14:21,7.7417,362.4704,0.9989
2025-11-12 13:14:21,7.7411,349.8880,0.9989
2025-11-12 13:14:22,7.7398,392.7044,0.9988
2025-11-12 13:14:22,7.7416,422.9017,0.9987
2025-11-12 13:14:22,7.7402,429.7385,0.9987
2025-11-12 13:14:22,7.7407,441.0306,0.9987
2025-11-12 13:14:22,7.7408,437.1957,0.9987
2025-11-12 13:14:22,7.7412,445.5927,0.9987
2025-11-12 13:14:22,7.7417,442.3217,0.9987
2025-11-12 13:14:22,7.7418,445.5304,0.9987
2025-11-12 13:14:22,7.7417,450.2242,0.9986
2025-11-12 13:14:22,7.7418,451.7432,0.9986
2025-11-12 13:14:23,7.7413,454.8480,0.9986
2025-11-12 13:14:23,7.7405,435.1369,0.9987
2025-11-12 13:14:23,7.7407,428.7703,0.9987
2025-11-12 13:14:23,7.7411,437.2701,0.9987
2025-11-12 13:14:23,7.7401,445.1190,0.9987
2025-11-12 13:14:23,7.7407,460.2412,0.9986
2025-11-12 13:14:23,7.7415,434.1931,0.9987
2025-11-12 13:14:23,7.7402,409.1742,0.9988
2025-11-12 13:14:24,7.7387,425.1468,0.9987
2025-11-12 13:14:24,7.7391,436.7072,0.9987
2025-11-12 13:14:24,7.7380,471.0348,0.9986
2025-11-12 13:14:24,7.7380,471.1212,0.9986
2025-11-12 13:14:24,7.7373,480.3204,0.9985
2025-11-12 13:14:24,7.7369,469.0585,0.9986
2025-11-12 13:14:24,7.7369,469.0585,0.9986
2025-11-12 13:14:24,7.7369,469.9526,0.9986
2025-11-12 13:14:24,7.7359,484.2586,0.9985
2025-11-12 13:14:25,7.7359,485.5034,0.9985
2025-11-12 13:14:25,7.7360,482.3154,0.9985
2025-11-12 13:14:25,7.7359,480.7732,0.9985
2025-11-12 13:14:25,7.7329,533.8629,0.9984
2025-11-12 13:14:25,7.7319,505.3831,0.9984
2025-11-12 13:14:25,7.7318,508.3177,0.9984
2025-11-12 13:14:25,7.7321,516.6629,0.9984
2025-11-12 13:14:25,7.7384,429.3065,0.9987
2025-11-12 13:14:25,7.7385,431.7904,0.9987
2025-11-12 13:14:26,7.7388,422.2912,0.9987
2025-11-12 13:14:26,7.7392,430.6400,0.9987
2025-11-12 13:14:26,7.7393,430.3098,0.9987
2025-11-12 13:14:26,7.7394,434.2235,0.9987
2025-11-12 13:14:26,7.7391,443.8321,0.9987
2025-11-12 13:14:26,7.7384,429.0853,0.9987
2025-11-12 13:14:26,7.7399,419.5241,0.9987
2025-11-12 13:14:26,7.7395,408.8743,0.9988
2025-11-12 13:14:26,7.7395,408.8743,0.9988
2025-11-12 13:14:26,7.7388,395.9901,0.9988
2025-11-12 13:14:26,7.7390,394.9464,0.9988
2025-11-12 13:14:27,7.7403,426.5244,0.9987
2025-11-12 13:14:27,7.7404,423.0667,0.9987
2025-11-12 13:14:27,7.7419,450.6131,0.9986
2025-11-12 13:14:27,7.7423,448.6910,0.9987
2025-11-12 13:14:27,7.7403,405.7262,0.9988
2025-11-12 13:14:27,7.7405,399.3827,0.9988
2025-11-12 13:14:27,7.7405,399.6403,0.9988
2025-11-12 13:14:27,7.7402,401.1753,0.9988
2025-11-12 13:14:27,7.7406,410.1644,0.9988
2025-11-12 13:14:28,7.7403,419.9763,0.9987
2025-11-12 13:14:28,7.7407,427.6380,0.9987
2025-11-12 13:14:28,7.7398,432.6045,0.9987
2025-11-12 13:14:28,7.7400,437.3571,0.9987
2025-11-12 13:14:28,7.7401,433.9168,0.9987
2025-11-12 13:14:28,7.7402,435.1032,0.9987
2025-11-12 13:14:28,7.7414,428.1050,0.9987
2025-11-12 13:14:28,7.7419,439.0325,0.9987
2025-11-12 13:14:28,7.7441,365.0909,0.9989
2025-11-12 13:14:28,7.7434,350.9709,0.9989
2025-11-12 13:14:28,7.7392,391.3840,0.9988
2025-11-12 13:14:28,7.7391,389.2980,0.9988
2025-11-12 13:14:29,7.7369,456.3614,0.9986
2025-11-12 13:14:29,7.7362,440.5236,0.9987
2025-11-12 13:14:29,7.7402,408.6398,0.9988
2025-11-12 13:14:29,7.7411,429.7180,0.9987
2025-11-12 13:14:29,7.7410,433.2186,0.9987
2025-11-12 13:14:29,7.7396,411.1912,0.9988
2025-11-12 13:14:29,7.7378,420.9945,0.9987
2025-11-12 13:14:29,7.7371,402.8054,0.9988
2025-11-12 13:14:29,7.7386,358.0896,0.9989
2025-11-12 13:14:29,7.7404,390.9602,0.9988
2025-11-12 13:14:30,7.7411,385.5997,0.9988
2025-11-12 13:14:30,7.7406,375.0948,0.9989
2025-11-12 13:14:30,7.7372,491.3852,0.9985
2025-11-12 13:14:30,7.7366,478.6084,0.9985
2025-11-12 13:14:30,7.7343,495.1344,0.9985
2025-11-12 13:14:30,7.7345,500.6812,0.9985
2025-11-12 13:14:30,7.7360,449.1859,0.9986
2025-11-12 13:14:30,7.7363,456.3829,0.9986
2025-11-12 13:14:30,7.7393,433.6893,0.9987
2025-11-12 13:14:30,7.7387,420.8129,0.9987
2025-11-12 13:14:31,7.7394,395.5700,0.9988
2025-11-12 13:14:31,7.7401,408.2229,0.9988
2025-11-12 13:14:31,7.7397,410.6137,0.9988
2025-11-12 13:14:31,7.7392,400.4823,0.9988
2025-11-12 13:14:31,7.7389,410.0383,0.9988
2025-11-12 13:14:31,7.7378,387.8545,0.9988
2025-11-12 13:14:31,7.7378,387.8376,0.9988
2025-11-12 13:14:31,7.7387,407.6576,0.9988
2025-11-12 13:14:32,7.7387,407.6576,0.9988
2025-11-12 13:14:32,7.7361,366.0244,0.9989
2025-11-12 13:14:32,7.7359,366.7096,0.9989
2025-11-12 13:14:32,7.7332,305.3653,0.9991
2025-11-12 13:14:32,7.7363,220.4104,0.9993
2025-11-12 13:14:32,7.7380,246.5717,0.9993
2025-11-12 13:14:32,7.7377,248.4332,0.9992
2025-11-12 13:14:32,7.7384,261.2479,0.9992
2025-11-12 13:14:33,7.7297,554.4556,0.9983
2025-11-12 13:14:33,7.7285,528.6945,0.9984
2025-11-12 13:14:33,7.7300,530.3476,0.9984
2025-11-12 13:14:33,7.7293,514.7761,0.9984
2025-11-12 13:14:33,7.7375,238.8717,0.9993
2025-11-12 13:14:33,7.7390,262.3983,0.9992
2025-11-12 13:14:33,7.7380,266.1528,0.9992
2025-11-12 13:14:33,7.7381,267.5425,0.9992
2025-11-12 13:14:33,7.7354,348.3497,0.9989
2025-11-12 13:14:34,7.7365,370.4251,0.9989
2025-11-12 13:14:34,7.7308,423.7798,0.9987
2025-11-12 13:14:34,7.7321,455.1479,0.9986
2025-11-12 13:14:34,7.7323,449.4198,0.9986
2025-11-12 13:14:34,7.7331,467.9312,0.9986
2025-11-12 13:14:34,7.7347,443.9201,0.9986
2025-11-12 13:14:34,7.7349,449.3170,0.9986
2025-11-12 13:14:34,7.7349,449.3170,0.9986
2025-11-12 13:14:34,7.7349,447.5969,0.9986
2025-11-12 13:14:34,7.7386,411.0452,0.9988
2025-11-12 13:14:35,7.7411,470.6675,0.9986
2025-11-12 13:14:35,7.7414,460.6977,0.9986
2025-11-12 13:14:35,7.7419,471.6159,0.9986
2025-11-12 13:14:35,7.7418,472.4266,0.9986
2025-11-12 13:14:35,7.7414,460.6204,0.9986
2025-11-12 13:14:35,7.7373,617.7248,0.9981
2025-11-12 13:14:35,7.7368,607.2722,0.9982
2025-11-12 13:14:35,7.7369,606.7358,0.9982
2025-11-12 13:14:36,7.7366,599.1358,0.9982
2025-11-12 13:14:36,7.7405,453.5199,0.9986
2025-11-12 13:14:36,7.7405,453.5199,0.9986
2025-11-12 13:14:36,7.7408,451.0286,0.9986
2025-11-12 13:14:36,7.7406,445.3249,0.9987
2025-11-12 13:14:36,7.7407,441.8481,0.9987
2025-11-12 13:14:36,7.7408,443.7281,0.9987
2025-11-12 13:14:36,7.7374,478.0689,0.9985
2025-11-12 13:14:36,7.7382,501.0494,0.9985
2025-11-12 13:14:36,7.7384,494.9366,0.9985
2025-11-12 13:14:36,7.7384,494.9366,0.9985
2025-11-12 13:14:37,7.7410,464.5933,0.9986
2025-11-12 13:14:37,7.7414,473.6316,0.9986
2025-11-12 13:14:37,7.7412,479.3097,0.9986
2025-11-12 13:14:37,7.7419,493.7436,0.9985
2025-11-12 13:14:37,7.7367,567.1827,0.9983
2025-11-12 13:14:37,7.7356,533.1247,0.9984
2025-11-12 13:14:37,7.7319,658.7571,0.9980
2025-11-12 13:14:37,7.7315,647.5153,0.9980
2025-11-12 13:14:37,7.7311,654.0240,0.9980
2025-11-12 13:14:37,7.7305,636.6303,0.9980
2025-11-12 13:14:38,7.7363,451.3572,0.9986
2025-11-12 13:14:38,7.7363,451.3572,0.9986
2025-11-12 13:14:38,7.7367,443.8741,0.9987
2025-11-12 13:14:38,7.7375,463.2541,0.9986
2025-11-12 13:14:38,7.7371,475.3069,0.9986
2025-11-12 13:14:38,7.7381,501.9064,0.9985
2025-11-12 13:14:38,7.7278,795.6826,0.9975
2025-11-12 13:14:38,7.7289,833.1455,0.9974
2025-11-12 13:14:38,7.7282,850.2011,0.9974
2025-11-12 13:14:38,7.7276,831.6715,0.9974
2025-11-12 13:14:39,7.7274,841.3895,0.9974
2025-11-12 13:14:39,7.7273,839.1407,0.9974
2025-11-12 13:14:39,7.7260,873.8460,0.9973
2025-11-12 13:14:39,7.7252,850.1869,0.9974
2025-11-12 13:14:39,7.7363,552.5140,0.9983
2025-11-12 13:14:39,7.7363,552.5140,0.9983
2025-11-12 13:14:39,7.7367,538.7716,0.9984
2025-11-12 13:14:39,7.7373,553.0804,0.9983
2025-11-12 13:14:39,7.7394,518.0411,0.9984
2025-11-12 13:14:39,7.7397,524.9573,0.9984
2025-11-12 13:14:40,7.7403,503.2801,0.9985
2025-11-12 13:14:40,7.7394,482.0083,0.9985
2025-11-12 13:14:40,7.7353,554.4682,0.9983
2025-11-12 13:14:40,7.7352,550.9099,0.9983
2025-11-12 13:14:40,7.7320,653.8235,0.9980
2025-11-12 13:14:40,7.7312,635.0638,0.9981
2025-11-12 13:14:40,7.7354,571.5882,0.9983
2025-11-12 13:14:40,7.7355,575.1257,0.9982
2025-11-12 13:14:41,7.7369,526.9597,0.9984
2025-11-12 13:14:41,7.7360,510.2640,0.9984
2025-11-12 13:14:41,7.7371,498.6288,0.9985
2025-11-12 13:14:41,7.7371,498.1390,0.9985
2025-11-12 13:14:41,7.7377,476.1337,0.9986
2025-11-12 13:14:41,7.7387,494.8440,0.9985
2025-11-12 13:14:41,7.7387,495.2711,0.9985
2025-11-12 13:14:41,7.7383,484.4741,0.9985
2025-11-12 13:14:41,7.7389,463.8986,0.9986
2025-11-12 13:14:41,7.7405,496.2533,0.9985
2025-11-12 13:14:42,7.7418,482.3657,0.9985
2025-11-12 13:14:42,7.7419,485.7081,0.9985
2025-11-12 13:14:42,7.7417,491.4392,0.9985
2025-11-12 13:14:42,7.7421,499.6404,0.9985
2025-11-12 13:14:42,7.7328,668.2948,0.9980
2025-11-12 13:14:42,7.7328,668.2948,0.9980
2025-11-12 13:14:42,7.7327,671.9667,0.9979
2025-11-12 13:14:42,7.7326,669.7846,0.9979
2025-11-12 13:14:42,7.7365,580.7868,0.9982
2025-11-12 13:14:42,7.7364,576.9906,0.9982
2025-11-12 13:14:43,7.7364,576.9906,0.9982
2025-11-12 13:14:43,7.7369,591.1844,0.9982
2025-11-12 13:14:43,7.7368,594.3383,0.9982
2025-11-12 13:14:43,7.7362,578.5072,0.9982
2025-11-12 13:14:43,7.7336,666.6910,0.9980
2025-11-12 13:14:43,7.7339,673.8923,0.9979
2025-11-12 13:14:43,7.7373,621.9128,0.9981
2025-11-12 13:14:43,7.7377,633.4952,0.9981
2025-11-12 13:14:43,7.7397,557.6647,0.9983
2025-11-12 13:14:43,7.7396,553.5625,0.9983
2025-11-12 13:14:43,7.7418,528.6606,0.9984
2025-11-12 13:14:43,7.7412,514.6080,0.9985
2025-11-12 13:14:44,7.7417,495.3954,0.9985
2025-11-12 13:14:44,7.7417,494.1578,0.9985
2025-11-12 13:14:44,7.7408,502.9933,0.9985
2025-11-12 13:14:44,7.7407,500.5077,0.9985
2025-11-12 13:14:44,7.7410,490.6030,0.9985
2025-11-12 13:14:44,7.7413,497.5647,0.9985
2025-11-12 13:14:44,7.7370,562.8794,0.9983
2025-11-12 13:14:44,7.7363,545.3696,0.9983
2025-11-12 13:14:44,7.7361,551.2537,0.9983
2025-11-12 13:14:44,7.7363,554.9859,0.9983
2025-11-12 13:14:45,7.7377,529.3694,0.9984
2025-11-12 13:14:45,7.7375,523.2282,0.9984
2025-11-12 13:14:45,7.7370,539.1412,0.9984
2025-11-12 13:14:45,7.7373,546.3174,0.9983
2025-11-12 13:14:45,7.7180,1161.5502,0.9964
2025-11-12 13:14:45,7.7185,1181.0889,0.9963
2025-11-12 13:14:45,7.7189,1172.5597,0.9963
2025-11-12 13:14:45,7.7189,1171.6881,0.9963
2025-11-12 13:14:45,7.7364,577.6297,0.9982
2025-11-12 13:14:45,7.7367,586.4519,0.9982
2025-11-12 13:14:45,7.7367,586.4519,0.9982
2025-11-12 13:14:46,7.7362,572.4032,0.9983
