Timestamp,Group_Reward,QoE_Variance,Jain_Index
2025-11-07 16:40:51,7.7087,108.9389,0.9996
2025-11-07 16:40:51,7.7191,174.6077,0.9994
2025-11-07 16:40:51,7.7302,151.3506,0.9995
2025-11-07 16:40:51,7.7369,35.2557,0.9999
2025-11-07 16:40:51,7.7346,35.5485,0.9999
2025-11-07 16:40:51,7.7280,34.7965,0.9999
2025-11-07 16:40:51,7.7283,37.5494,0.9999
2025-11-07 16:40:51,7.7283,37.2443,0.9999
2025-11-07 16:40:52,7.7330,66.2547,0.9998
2025-11-07 16:40:52,7.7337,59.8129,0.9998
2025-11-07 16:40:52,7.7251,69.4410,0.9998
2025-11-07 16:40:52,7.7237,77.0883,0.9998
2025-11-07 16:40:52,7.7233,71.1498,0.9998
2025-11-07 16:40:52,7.7308,115.6007,0.9996
2025-11-07 16:40:52,7.7305,119.1812,0.9996
2025-11-07 16:40:52,7.7301,123.6796,0.9996
2025-11-07 16:40:52,7.7275,99.8347,0.9997
2025-11-07 16:40:52,7.7287,120.3205,0.9996
2025-11-07 16:40:52,7.7317,91.9882,0.9997
2025-11-07 16:40:52,7.7352,58.9355,0.9998
2025-11-07 16:40:53,7.7223,196.0441,0.9994
2025-11-07 16:40:53,7.7220,190.2726,0.9994
2025-11-07 16:40:53,7.7166,220.7957,0.9993
2025-11-07 16:40:53,7.7164,219.4916,0.9993
2025-11-07 16:40:53,7.7247,126.3422,0.9996
2025-11-07 16:40:53,7.7224,85.5598,0.9997
2025-11-07 16:40:53,7.7252,53.5069,0.9998
2025-11-07 16:40:53,7.7248,53.7392,0.9998
2025-11-07 16:40:53,7.7205,86.0400,0.9997
2025-11-07 16:40:53,7.7228,129.6834,0.9996
2025-11-07 16:40:53,7.7185,179.6788,0.9994
2025-11-07 16:40:54,7.7123,197.3794,0.9994
2025-11-07 16:40:54,7.7125,196.2429,0.9994
2025-11-07 16:40:54,7.7131,214.5270,0.9993
2025-11-07 16:40:54,7.7132,212.9433,0.9993
2025-11-07 16:40:54,7.7265,257.5890,0.9992
2025-11-07 16:40:54,7.7284,232.8593,0.9993
2025-11-07 16:40:54,7.7304,276.4377,0.9991
2025-11-07 16:40:54,7.7325,232.5717,0.9993
2025-11-07 16:40:54,7.7296,204.4148,0.9994
2025-11-07 16:40:54,7.7289,212.6058,0.9993
2025-11-07 16:40:55,7.7292,218.3799,0.9993
2025-11-07 16:40:55,7.7290,221.5479,0.9993
2025-11-07 16:40:55,7.7320,252.6627,0.9992
2025-11-07 16:40:55,7.7335,232.6471,0.9993
2025-11-07 16:40:55,7.7279,141.3925,0.9996
2025-11-07 16:40:55,7.7304,105.6666,0.9997
2025-11-07 16:40:55,7.7296,94.1515,0.9997
2025-11-07 16:40:55,7.7333,68.7531,0.9998
2025-11-07 16:40:55,7.7338,72.5263,0.9998
2025-11-07 16:40:55,7.7366,40.1732,0.9999
2025-11-07 16:40:55,7.7381,54.0086,0.9998
2025-11-07 16:40:56,7.7360,71.8602,0.9998
2025-11-07 16:40:56,7.7411,132.6255,0.9996
2025-11-07 16:40:56,7.7419,123.4651,0.9996
2025-11-07 16:40:56,7.7364,107.5499,0.9997
2025-11-07 16:40:56,7.7375,96.6757,0.9997
2025-11-07 16:40:56,7.7364,75.2451,0.9998
2025-11-07 16:40:56,7.7384,66.5378,0.9998
2025-11-07 16:40:56,7.7410,63.3248,0.9998
2025-11-07 16:40:56,7.7361,137.9423,0.9996
2025-11-07 16:40:56,7.7302,71.4537,0.9998
2025-11-07 16:40:56,7.7293,69.6187,0.9998
2025-11-07 16:40:56,7.7301,77.4748,0.9998
2025-11-07 16:40:57,7.7190,357.3325,0.9989
2025-11-07 16:40:57,7.7210,385.3495,0.9988
2025-11-07 16:40:57,7.7183,375.7639,0.9988
2025-11-07 16:40:57,7.7206,422.1426,0.9987
2025-11-07 16:40:57,7.7285,192.4359,0.9994
2025-11-07 16:40:57,7.7265,173.0653,0.9995
2025-11-07 16:40:57,7.7242,186.9924,0.9994
2025-11-07 16:40:57,7.7208,129.4023,0.9996
2025-11-07 16:40:57,7.7255,67.0844,0.9998
2025-11-07 16:40:57,7.7289,106.8126,0.9997
2025-11-07 16:40:57,7.7267,136.4297,0.9996
2025-11-07 16:40:57,7.7319,217.1227,0.9993
2025-11-07 16:40:57,7.7230,408.1424,0.9987
2025-11-07 16:40:58,7.7219,389.9417,0.9988
2025-11-07 16:40:58,7.7248,361.7225,0.9989
2025-11-07 16:40:58,7.7237,334.1454,0.9990
2025-11-07 16:40:58,7.7259,272.7821,0.9992
2025-11-07 16:40:58,7.7263,278.2878,0.9991
2025-11-07 16:40:58,7.7244,297.1488,0.9991
2025-11-07 16:40:58,7.7264,347.6760,0.9989
2025-11-07 16:40:58,7.7264,347.6760,0.9989
2025-11-07 16:40:59,7.7223,304.9368,0.9990
2025-11-07 16:40:59,7.7241,289.7085,0.9991
2025-11-07 16:40:59,7.7234,270.0585,0.9992
2025-11-07 16:40:59,7.7234,270.0585,0.9992
2025-11-07 16:40:59,7.7257,288.4554,0.9991
2025-11-07 16:40:59,7.7245,299.1607,0.9991
2025-11-07 16:40:59,7.7255,327.3796,0.9990
2025-11-07 16:40:59,7.7265,303.8030,0.9991
2025-11-07 16:40:59,7.7206,280.6382,0.9991
2025-11-07 16:40:59,7.7253,264.3340,0.9992
2025-11-07 16:41:00,7.7252,262.3253,0.9992
2025-11-07 16:41:00,7.7241,289.0499,0.9991
2025-11-07 16:41:00,7.7271,285.7649,0.9991
2025-11-07 16:41:00,7.7220,311.0509,0.9990
2025-11-07 16:41:00,7.7228,334.6270,0.9990
2025-11-07 16:41:00,7.7229,330.8000,0.9990
2025-11-07 16:41:00,7.7252,345.4250,0.9989
2025-11-07 16:41:00,7.7278,321.0930,0.9990
2025-11-07 16:41:00,7.7270,300.0056,0.9991
2025-11-07 16:41:00,7.7268,306.1575,0.9990
2025-11-07 16:41:00,7.7273,310.6579,0.9990
2025-11-07 16:41:01,7.7278,307.8434,0.9990
2025-11-07 16:41:01,7.7289,338.1542,0.9990
2025-11-07 16:41:01,7.7294,323.8953,0.9990
2025-11-07 16:41:01,7.7230,315.9905,0.9990
2025-11-07 16:41:01,7.7246,314.1406,0.9990
2025-11-07 16:41:01,7.7248,319.5891,0.9990
2025-11-07 16:41:01,7.7245,326.5798,0.9990
2025-11-07 16:41:01,7.7230,337.4102,0.9989
2025-11-07 16:41:01,7.7209,338.7733,0.9989
2025-11-07 16:41:01,7.7197,299.2413,0.9991
2025-11-07 16:41:01,7.7195,302.7456,0.9990
2025-11-07 16:41:02,7.7165,331.1467,0.9990
2025-11-07 16:41:02,7.7178,333.0862,0.9989
2025-11-07 16:41:02,7.7174,318.4301,0.9990
2025-11-07 16:41:02,7.7175,315.1349,0.9990
2025-11-07 16:41:02,7.7218,277.5754,0.9991
2025-11-07 16:41:02,7.7247,286.0811,0.9991
2025-11-07 16:41:02,7.7235,255.0366,0.9992
2025-11-07 16:41:02,7.7232,261.7092,0.9992
2025-11-07 16:41:02,7.7225,266.5180,0.9992
2025-11-07 16:41:02,7.7213,259.3464,0.9992
2025-11-07 16:41:02,7.7231,310.2800,0.9990
2025-11-07 16:41:03,7.7231,310.2800,0.9990
2025-11-07 16:41:03,7.7209,330.9610,0.9990
2025-11-07 16:41:03,7.7185,324.4315,0.9990
2025-11-07 16:41:03,7.7189,339.5972,0.9989
2025-11-07 16:41:03,7.7192,333.6251,0.9989
2025-11-07 16:41:03,7.7152,390.1313,0.9988
2025-11-07 16:41:03,7.7123,390.8334,0.9988
2025-11-07 16:41:03,7.7121,383.6240,0.9988
2025-11-07 16:41:03,7.7121,383.6240,0.9988
2025-11-07 16:41:03,7.7185,319.5991,0.9990
2025-11-07 16:41:03,7.7210,308.5320,0.9990
2025-11-07 16:41:03,7.7194,258.9972,0.9992
2025-11-07 16:41:04,7.7194,258.9972,0.9992
2025-11-07 16:41:04,7.7188,261.9533,0.9992
2025-11-07 16:41:04,7.7178,263.8648,0.9992
2025-11-07 16:41:04,7.7182,278.9357,0.9991
2025-11-07 16:41:04,7.7182,278.9357,0.9991
2025-11-07 16:41:04,7.7110,363.9533,0.9988
2025-11-07 16:41:04,7.7146,380.7510,0.9988
2025-11-07 16:41:04,7.6993,107.8705,0.9996
2025-11-07 16:41:04,7.6993,107.8705,0.9996
2025-11-07 16:41:04,7.7135,137.2760,0.9996
2025-11-07 16:41:04,7.7134,136.5643,0.9996
2025-11-07 16:41:04,7.7054,238.7265,0.9992
2025-11-07 16:41:05,7.7054,238.7265,0.9992
2025-11-07 16:41:05,7.7077,291.6627,0.9991
2025-11-07 16:41:05,7.7082,297.7524,0.9990
2025-11-07 16:41:05,7.7275,217.0393,0.9993
2025-11-07 16:41:05,7.7284,192.4136,0.9994
2025-11-07 16:41:05,7.7261,169.8895,0.9995
2025-11-07 16:41:05,7.7258,169.3997,0.9995
2025-11-07 16:41:05,7.7226,130.4332,0.9996
2025-11-07 16:41:05,7.7217,151.5816,0.9995
2025-11-07 16:41:05,7.7222,157.4865,0.9995
2025-11-07 16:41:05,7.7169,164.2699,0.9995
2025-11-07 16:41:06,7.7198,209.3090,0.9993
2025-11-07 16:41:06,7.7199,206.6634,0.9993
2025-11-07 16:41:06,7.7219,235.9889,0.9993
2025-11-07 16:41:06,7.7242,218.7142,0.9993
2025-11-07 16:41:06,7.7283,298.5023,0.9991
2025-11-07 16:41:06,7.7275,320.2189,0.9990
2025-11-07 16:41:06,7.7274,319.1018,0.9990
2025-11-07 16:41:06,7.7307,305.6927,0.9991
2025-11-07 16:41:07,7.7316,326.0233,0.9990
2025-11-07 16:41:07,7.7323,305.8815,0.9991
2025-11-07 16:41:07,7.7312,296.3016,0.9991
2025-11-07 16:41:07,7.7312,296.2793,0.9991
2025-11-07 16:41:07,7.7276,221.5330,0.9993
2025-11-07 16:41:07,7.7288,191.5757,0.9994
2025-11-07 16:41:07,7.7306,211.7290,0.9993
2025-11-07 16:41:07,7.7272,224.7369,0.9993
2025-11-07 16:41:07,7.7288,255.5567,0.9992
2025-11-07 16:41:08,7.7273,295.8555,0.9991
2025-11-07 16:41:08,7.7227,248.6378,0.9992
2025-11-07 16:41:08,7.7250,243.8976,0.9992
2025-11-07 16:41:08,7.7270,295.1701,0.9991
2025-11-07 16:41:08,7.7274,284.9749,0.9991
2025-11-07 16:41:08,7.7339,346.0940,0.9989
2025-11-07 16:41:08,7.7330,352.4911,0.9989
2025-11-07 16:41:08,7.7332,358.0705,0.9989
2025-11-07 16:41:08,7.7332,358.0705,0.9989
2025-11-07 16:41:08,7.7312,329.0730,0.9990
2025-11-07 16:41:08,7.7282,356.0691,0.9989
2025-11-07 16:41:08,7.7255,289.3315,0.9991
2025-11-07 16:41:08,7.7255,289.3315,0.9991
2025-11-07 16:41:09,7.7269,313.3312,0.9990
2025-11-07 16:41:09,7.7263,320.2957,0.9990
2025-11-07 16:41:09,7.7289,382.3495,0.9988
2025-11-07 16:41:09,7.7289,382.3495,0.9988
2025-11-07 16:41:09,7.7270,352.7493,0.9989
2025-11-07 16:41:09,7.7314,315.4276,0.9990
2025-11-07 16:41:09,7.7319,329.8051,0.9990
2025-11-07 16:41:09,7.7319,329.8051,0.9990
2025-11-07 16:41:09,7.7327,337.9374,0.9990
2025-11-07 16:41:09,7.7309,350.5143,0.9989
2025-11-07 16:41:09,7.7309,353.0936,0.9989
2025-11-07 16:41:10,7.7319,326.2760,0.9990
2025-11-07 16:41:10,7.7305,311.1879,0.9990
2025-11-07 16:41:10,7.7327,297.5766,0.9991
2025-11-07 16:41:10,7.7319,278.0149,0.9991
2025-11-07 16:41:10,7.7316,286.7672,0.9991
2025-11-07 16:41:10,7.7324,294.7968,0.9991
2025-11-07 16:41:10,7.7305,305.8687,0.9991
2025-11-07 16:41:10,7.7284,256.2220,0.9992
2025-11-07 16:41:10,7.7277,272.9475,0.9992
2025-11-07 16:41:10,7.7279,274.7575,0.9991
2025-11-07 16:41:10,7.7249,301.0833,0.9991
2025-11-07 16:41:11,7.7248,299.7364,0.9991
2025-11-07 16:41:11,7.7242,315.7638,0.9990
2025-11-07 16:41:11,7.7241,314.6817,0.9990
2025-11-07 16:41:11,7.7271,289.4993,0.9991
2025-11-07 16:41:11,7.7294,342.1546,0.9989
2025-11-07 16:41:11,7.7300,324.0866,0.9990
2025-11-07 16:41:11,7.7257,289.6087,0.9991
2025-11-07 16:41:11,7.7253,291.9452,0.9991
2025-11-07 16:41:11,7.7251,287.6983,0.9991
2025-11-07 16:41:11,7.7253,281.8905,0.9991
2025-11-07 16:41:11,7.7288,307.2582,0.9991
2025-11-07 16:41:11,7.7270,323.7770,0.9990
2025-11-07 16:41:11,7.7269,322.8120,0.9990
2025-11-07 16:41:12,7.7268,326.2557,0.9990
2025-11-07 16:41:12,7.7187,293.1831,0.9991
2025-11-07 16:41:12,7.7201,286.9336,0.9991
2025-11-07 16:41:12,7.7192,258.9341,0.9992
2025-11-07 16:41:12,7.7191,261.0657,0.9992
2025-11-07 16:41:12,7.7190,261.5763,0.9992
2025-11-07 16:41:12,7.7197,260.4308,0.9992
2025-11-07 16:41:12,7.7209,295.5792,0.9991
2025-11-07 16:41:12,7.7209,295.5792,0.9991
2025-11-07 16:41:12,7.7222,290.0102,0.9991
2025-11-07 16:41:12,7.7212,293.5357,0.9991
2025-11-07 16:41:13,7.7208,280.1888,0.9991
2025-11-07 16:41:13,7.7208,280.1888,0.9991
2025-11-07 16:41:13,7.7287,326.3122,0.9990
2025-11-07 16:41:13,7.7270,345.0769,0.9989
2025-11-07 16:41:13,7.7299,429.9917,0.9987
2025-11-07 16:41:13,7.7299,429.9917,0.9987
2025-11-07 16:41:13,7.7287,416.5294,0.9987
2025-11-07 16:41:13,7.7339,371.1873,0.9989
2025-11-07 16:41:13,7.7326,333.8078,0.9990
2025-11-07 16:41:13,7.7326,333.8078,0.9990
2025-11-07 16:41:13,7.7349,358.3408,0.9989
2025-11-07 16:41:14,7.7316,383.3807,0.9988
2025-11-07 16:41:14,7.7310,365.1745,0.9989
2025-11-07 16:41:14,7.7310,365.1745,0.9989
2025-11-07 16:41:14,7.7311,366.8484,0.9989
2025-11-07 16:41:14,7.7327,352.5801,0.9989
2025-11-07 16:41:14,7.7330,361.6873,0.9989
2025-11-07 16:41:15,7.7330,361.6873,0.9989
2025-11-07 16:41:15,7.7329,359.9489,0.9989
2025-11-07 16:41:15,7.7328,360.7426,0.9989
2025-11-07 16:41:15,7.7288,272.5376,0.9992
2025-11-07 16:41:15,7.7265,338.0794,0.9990
2025-11-07 16:41:15,7.7265,337.5780,0.9990
2025-11-07 16:41:15,7.7287,334.1887,0.9990
2025-11-07 16:41:15,7.7299,358.0972,0.9989
2025-11-07 16:41:15,7.7320,292.5566,0.9991
2025-11-07 16:41:15,7.7319,291.0778,0.9991
2025-11-07 16:41:15,7.7318,291.2481,0.9991
2025-11-07 16:41:15,7.7325,305.3117,0.9991
2025-11-07 16:41:16,7.7324,308.7676,0.9991
2025-11-07 16:41:16,7.7323,307.3130,0.9991
2025-11-07 16:41:16,7.7321,307.7507,0.9991
2025-11-07 16:41:16,7.7311,288.4761,0.9991
2025-11-07 16:41:16,7.7314,280.4593,0.9991
2025-11-07 16:41:16,7.7321,291.0712,0.9991
2025-11-07 16:41:16,7.7295,304.0676,0.9991
2025-11-07 16:41:16,7.7308,332.3705,0.9990
2025-11-07 16:41:16,7.7308,332.3705,0.9990
2025-11-07 16:41:17,7.7325,364.3641,0.9989
2025-11-07 16:41:17,7.7338,353.7899,0.9989
2025-11-07 16:41:17,7.7347,372.2726,0.9989
2025-11-07 16:41:17,7.7347,372.2726,0.9989
2025-11-07 16:41:17,7.7363,407.0133,0.9988
2025-11-07 16:41:17,7.7302,494.8064,0.9985
2025-11-07 16:41:17,7.7310,514.9443,0.9984
2025-11-07 16:41:17,7.7306,524.7401,0.9984
2025-11-07 16:41:17,7.7279,460.7956,0.9986
2025-11-07 16:41:17,7.7271,475.0507,0.9985
2025-11-07 16:41:17,7.7249,415.0758,0.9987
2025-11-07 16:41:18,7.7253,406.4884,0.9987
2025-11-07 16:41:18,7.7274,457.6404,0.9986
2025-11-07 16:41:18,7.7356,355.5923,0.9989
2025-11-07 16:41:18,7.7371,384.6896,0.9988
2025-11-07 16:41:18,7.7366,401.3220,0.9988
2025-11-07 16:41:18,7.7345,362.9813,0.9989
2025-11-07 16:41:18,7.7348,362.0090,0.9989
2025-11-07 16:41:18,7.7343,351.3964,0.9989
2025-11-07 16:41:18,7.7348,335.5067,0.9990
2025-11-07 16:41:18,7.7373,381.1514,0.9988
2025-11-07 16:41:18,7.7363,387.2298,0.9988
2025-11-07 16:41:19,7.7357,376.6798,0.9989
2025-11-07 16:41:19,7.7357,376.6798,0.9989
2025-11-07 16:41:19,7.7344,349.2446,0.9989
2025-11-07 16:41:19,7.7322,366.6094,0.9989
2025-11-07 16:41:19,7.7327,378.1020,0.9988
2025-11-07 16:41:19,7.7327,378.1020,0.9988
2025-11-07 16:41:19,7.7339,404.7081,0.9988
2025-11-07 16:41:19,7.7369,380.2023,0.9988
2025-11-07 16:41:19,7.7361,365.2905,0.9989
2025-11-07 16:41:19,7.7358,374.1273,0.9989
2025-11-07 16:41:19,7.7346,349.1692,0.9989
2025-11-07 16:41:19,7.7348,348.3793,0.9989
2025-11-07 16:41:20,7.7357,365.0174,0.9989
2025-11-07 16:41:20,7.7359,356.2102,0.9989
2025-11-07 16:41:20,7.7353,345.3562,0.9989
2025-11-07 16:41:20,7.7361,342.9648,0.9990
2025-11-07 16:41:20,7.7377,379.9188,0.9988
2025-11-07 16:41:20,7.7377,379.9188,0.9988
2025-11-07 16:41:20,7.7375,376.5128,0.9989
2025-11-07 16:41:20,7.7322,422.1778,0.9987
2025-11-07 16:41:20,7.7313,397.5050,0.9988
2025-11-07 16:41:20,7.7313,397.5050,0.9988
2025-11-07 16:41:20,7.7317,406.4434,0.9988
2025-11-07 16:41:21,7.7350,373.0802,0.9989
2025-11-07 16:41:21,7.7365,411.7371,0.9987
2025-11-07 16:41:21,7.7368,402.6023,0.9988
2025-11-07 16:41:21,7.7349,373.9235,0.9989
2025-11-07 16:41:21,7.7365,364.9639,0.9989
2025-11-07 16:41:21,7.7367,370.1901,0.9989
2025-11-07 16:41:21,7.7365,376.0847,0.9989
2025-11-07 16:41:21,7.7390,411.9648,0.9988
2025-11-07 16:41:21,7.7299,540.7953,0.9983
2025-11-07 16:41:21,7.7302,550.2474,0.9983
2025-11-07 16:41:21,7.7301,553.0805,0.9983
2025-11-07 16:41:22,7.7259,476.7386,0.9985
2025-11-07 16:41:22,7.7279,440.6237,0.9986
2025-11-07 16:41:22,7.7283,452.9135,0.9986
2025-11-07 16:41:22,7.7280,460.4455,0.9986
2025-11-07 16:41:22,7.7319,524.6149,0.9984
2025-11-07 16:41:22,7.7336,494.0222,0.9985
2025-11-07 16:41:22,7.7334,485.1702,0.9985
2025-11-07 16:41:22,7.7336,476.7249,0.9985
2025-11-07 16:41:23,7.7318,444.8115,0.9986
2025-11-07 16:41:23,7.7335,422.9867,0.9987
2025-11-07 16:41:23,7.7335,421.0314,0.9987
2025-11-07 16:41:23,7.7332,429.4332,0.9987
2025-11-07 16:41:23,7.7331,428.7685,0.9987
2025-11-07 16:41:23,7.7344,416.5318,0.9987
2025-11-07 16:41:23,7.7337,396.6060,0.9988
2025-11-07 16:41:23,7.7342,379.4543,0.9988
2025-11-07 16:41:23,7.7316,349.0893,0.9989
2025-11-07 16:41:23,7.7328,342.1401,0.9990
2025-11-07 16:41:23,7.7338,373.5546,0.9989
2025-11-07 16:41:23,7.7337,378.4491,0.9988
2025-11-07 16:41:24,7.7362,402.9459,0.9988
2025-11-07 16:41:24,7.7384,392.2513,0.9988
2025-11-07 16:41:24,7.7378,373.7551,0.9989
2025-11-07 16:41:24,7.7376,377.7691,0.9989
2025-11-07 16:41:24,7.7363,364.7367,0.9989
2025-11-07 16:41:24,7.7281,438.8070,0.9986
2025-11-07 16:41:24,7.7263,383.1795,0.9988
2025-11-07 16:41:24,7.7263,383.1795,0.9988
2025-11-07 16:41:24,7.7263,384.4095,0.9988
2025-11-07 16:41:24,7.7271,373.6815,0.9988
2025-11-07 16:41:24,7.7285,417.7282,0.9987
2025-11-07 16:41:24,7.7285,417.7282,0.9987
2025-11-07 16:41:24,7.7222,369.4381,0.9988
2025-11-07 16:41:25,7.7171,448.1536,0.9986
2025-11-07 16:41:25,7.7054,137.9549,0.9996
2025-11-07 16:41:25,7.7052,141.5793,0.9995
2025-11-07 16:41:25,7.7110,247.6440,0.9992
2025-11-07 16:41:25,7.7167,184.7019,0.9994
2025-11-07 16:41:25,7.7251,315.3415,0.9990
2025-11-07 16:41:25,7.7253,308.3463,0.9990
2025-11-07 16:41:25,7.7142,266.6889,0.9992
2025-11-07 16:41:25,7.7188,266.6845,0.9992
2025-11-07 16:41:25,7.7181,248.1493,0.9992
2025-11-07 16:41:25,7.7178,253.9112,0.9992
2025-11-07 16:41:25,7.7209,234.5896,0.9993
2025-11-07 16:41:25,7.7194,232.1326,0.9993
2025-11-07 16:41:26,7.7212,283.9788,0.9991
2025-11-07 16:41:26,7.7224,256.5154,0.9992
2025-11-07 16:41:26,7.7281,261.2533,0.9992
2025-11-07 16:41:26,7.7292,256.5064,0.9992
2025-11-07 16:41:26,7.7297,269.7683,0.9992
2025-11-07 16:41:26,7.7288,292.4824,0.9991
2025-11-07 16:41:26,7.7321,322.6025,0.9990
2025-11-07 16:41:26,7.7340,316.0162,0.9990
2025-11-07 16:41:26,7.7346,329.8286,0.9990
2025-11-07 16:41:26,7.7345,332.9141,0.9990
2025-11-07 16:41:26,7.7349,337.4313,0.9990
2025-11-07 16:41:27,7.7349,337.4221,0.9990
2025-11-07 16:41:27,7.7339,315.4468,0.9990
2025-11-07 16:41:27,7.7339,315.4468,0.9990
2025-11-07 16:41:27,7.7336,311.7906,0.9990
2025-11-07 16:41:27,7.7343,311.3147,0.9990
2025-11-07 16:41:27,7.7335,295.1937,0.9991
2025-11-07 16:41:27,7.7335,295.1937,0.9991
2025-11-07 16:41:27,7.7347,310.1006,0.9991
2025-11-07 16:41:27,7.7312,322.6298,0.9990
2025-11-07 16:41:27,7.7328,360.0125,0.9989
2025-11-07 16:41:27,7.7328,360.0125,0.9989
2025-11-07 16:41:27,7.7346,391.3625,0.9988
2025-11-07 16:41:28,7.7347,390.4859,0.9988
2025-11-07 16:41:28,7.7333,358.9995,0.9989
2025-11-07 16:41:28,7.7333,358.9995,0.9989
2025-11-07 16:41:28,7.7341,375.3154,0.9989
2025-11-07 16:41:28,7.7343,373.5512,0.9989
2025-11-07 16:41:28,7.7343,373.4657,0.9989
2025-11-07 16:41:28,7.7343,373.4657,0.9989
2025-11-07 16:41:28,7.7341,367.9257,0.9989
2025-11-07 16:41:28,7.7351,360.3915,0.9989
2025-11-07 16:41:28,7.7346,349.7427,0.9989
2025-11-07 16:41:28,7.7346,349.7427,0.9989
2025-11-07 16:41:29,7.7339,335.2909,0.9990
2025-11-07 16:41:29,7.7334,337.9436,0.9990
2025-11-07 16:41:29,7.7339,348.5753,0.9989
2025-11-07 16:41:29,7.7342,339.9198,0.9990
2025-11-07 16:41:29,7.7336,328.4435,0.9990
2025-11-07 16:41:29,7.7360,319.1576,0.9990
2025-11-07 16:41:29,7.7345,291.5574,0.9991
2025-11-07 16:41:29,7.7343,297.1818,0.9991
2025-11-07 16:41:29,7.7336,286.6977,0.9991
2025-11-07 16:41:29,7.7333,286.7292,0.9991
2025-11-07 16:41:29,7.7355,328.5348,0.9990
2025-11-07 16:41:30,7.7354,331.6794,0.9990
2025-11-07 16:41:30,7.7351,327.4378,0.9990
2025-11-07 16:41:30,7.7354,327.0590,0.9990
2025-11-07 16:41:30,7.7351,320.8146,0.9990
2025-11-07 16:41:30,7.7351,320.8146,0.9990
2025-11-07 16:41:30,7.7257,277.9830,0.9991
2025-11-07 16:41:30,7.7232,270.9245,0.9992
2025-11-07 16:41:30,7.7218,232.0430,0.9993
2025-11-07 16:41:31,7.7215,238.4191,0.9993
2025-11-07 16:41:31,7.7287,274.7563,0.9992
2025-11-07 16:41:31,7.7280,277.2648,0.9991
2025-11-07 16:41:31,7.7296,313.6362,0.9990
2025-11-07 16:41:31,7.7299,305.8718,0.9991
2025-11-07 16:41:31,7.7290,296.3002,0.9991
2025-11-07 16:41:31,7.7290,296.2139,0.9991
2025-11-07 16:41:31,7.7287,287.7942,0.9991
2025-11-07 16:41:31,7.7289,280.0850,0.9991
2025-11-07 16:41:31,7.7304,295.7956,0.9991
2025-11-07 16:41:31,7.7278,316.5977,0.9990
2025-11-07 16:41:31,7.7282,326.7978,0.9990
2025-11-07 16:41:32,7.7281,331.1203,0.9990
2025-11-07 16:41:32,7.7315,392.8013,0.9988
2025-11-07 16:41:32,7.7335,371.1594,0.9989
2025-11-07 16:41:32,7.7331,362.7722,0.9989
2025-11-07 16:41:32,7.7327,373.4475,0.9989
2025-11-07 16:41:32,7.7345,412.9670,0.9987
2025-11-07 16:41:32,7.7368,394.8110,0.9988
2025-11-07 16:41:32,7.7357,375.5298,0.9989
2025-11-07 16:41:32,7.7356,376.8933,0.9989
2025-11-07 16:41:32,7.7342,345.2633,0.9989
2025-11-07 16:41:32,7.7342,345.2633,0.9989
2025-11-07 16:41:32,7.7359,378.5259,0.9988
2025-11-07 16:41:33,7.7362,369.6717,0.9989
2025-11-07 16:41:33,7.7369,384.8678,0.9988
2025-11-07 16:41:33,7.7387,377.3171,0.9989
2025-11-07 16:41:33,7.7396,394.0909,0.9988
2025-11-07 16:41:33,7.7398,384.4218,0.9988
2025-11-07 16:41:33,7.7395,378.6266,0.9989
2025-11-07 16:41:33,7.7391,380.3008,0.9988
2025-11-07 16:41:33,7.7375,348.8872,0.9989
2025-11-07 16:41:33,7.7373,354.8692,0.9989
2025-11-07 16:41:33,7.7370,348.6266,0.9989
2025-11-07 16:41:33,7.7360,352.1983,0.9989
2025-11-07 16:41:34,7.7350,335.5706,0.9990
2025-11-07 16:41:34,7.7349,338.6848,0.9990
2025-11-07 16:41:34,7.7342,324.8805,0.9990
2025-11-07 16:41:34,7.7355,322.1324,0.9990
2025-11-07 16:41:34,7.7380,370.4404,0.9989
2025-11-07 16:41:34,7.7388,344.4547,0.9990
2025-11-07 16:41:34,7.7384,338.7656,0.9990
2025-11-07 16:41:34,7.7314,405.6958,0.9988
2025-11-07 16:41:34,7.7306,385.0330,0.9988
2025-11-07 16:41:34,7.7296,411.4610,0.9987
2025-11-07 16:41:34,7.7298,416.3919,0.9987
2025-11-07 16:41:35,7.7351,362.5080,0.9989
2025-11-07 16:41:35,7.7365,394.1196,0.9988
2025-11-07 16:41:35,7.7367,388.9294,0.9988
2025-11-07 16:41:35,7.7386,426.8232,0.9987
2025-11-07 16:41:35,7.7344,474.9932,0.9985
2025-11-07 16:41:35,7.7338,457.4504,0.9986
2025-11-07 16:41:35,7.7338,457.4504,0.9986
2025-11-07 16:41:35,7.7308,394.8310,0.9988
2025-11-07 16:41:35,7.7332,369.3610,0.9989
2025-11-07 16:41:35,7.7329,361.9179,0.9989
2025-11-07 16:41:35,7.7332,353.4430,0.9989
2025-11-07 16:41:36,7.7339,365.5762,0.9989
2025-11-07 16:41:36,7.7301,411.9295,0.9987
2025-11-07 16:41:36,7.7288,379.0242,0.9988
2025-11-07 16:41:36,7.7286,384.0167,0.9988
2025-11-07 16:41:36,7.7259,332.8133,0.9990
2025-11-07 16:41:36,7.7283,306.4458,0.9991
2025-11-07 16:41:36,7.7294,334.4042,0.9990
2025-11-07 16:41:36,7.7296,329.3292,0.9990
2025-11-07 16:41:36,7.7333,393.1524,0.9988
2025-11-07 16:41:36,7.7360,367.8523,0.9989
2025-11-07 16:41:36,7.7367,384.0393,0.9988
2025-11-07 16:41:36,7.7365,389.9416,0.9988
2025-11-07 16:41:37,7.7368,394.5267,0.9988
2025-11-07 16:41:37,7.7343,419.0561,0.9987
2025-11-07 16:41:37,7.7335,400.2335,0.9988
2025-11-07 16:41:37,7.7331,411.6431,0.9987
2025-11-07 16:41:37,7.7324,395.6985,0.9988
2025-11-07 16:41:37,7.7357,369.6244,0.9989
2025-11-07 16:41:37,7.7362,379.8667,0.9988
2025-11-07 16:41:37,7.7365,370.9630,0.9989
2025-11-07 16:41:37,7.7335,327.4651,0.9990
2025-11-07 16:41:37,7.7347,325.2595,0.9990
2025-11-07 16:41:37,7.7345,319.6824,0.9990
2025-11-07 16:41:38,7.7345,319.6824,0.9990
2025-11-07 16:41:38,7.7382,374.3010,0.9989
2025-11-07 16:41:38,7.7308,448.5666,0.9986
2025-11-07 16:41:38,7.7298,425.5618,0.9987
2025-11-07 16:41:38,7.7298,425.5618,0.9987
2025-11-07 16:41:38,7.7291,407.3846,0.9987
2025-11-07 16:41:38,7.7319,370.2385,0.9989
2025-11-07 16:41:38,7.7280,299.2974,0.9991
2025-11-07 16:41:38,7.7280,299.2974,0.9991
2025-11-07 16:41:38,7.7298,345.1772,0.9989
2025-11-07 16:41:38,7.7315,332.4398,0.9990
2025-11-07 16:41:38,7.7330,353.5508,0.9989
2025-11-07 16:41:39,7.7328,361.8648,0.9989
2025-11-07 16:41:39,7.7315,331.8319,0.9990
2025-11-07 16:41:39,7.7325,326.5784,0.9990
2025-11-07 16:41:39,7.7314,311.0974,0.9990
2025-11-07 16:41:39,7.7317,303.0220,0.9991
2025-11-07 16:41:39,7.7329,331.8311,0.9990
2025-11-07 16:41:39,7.7305,348.4842,0.9989
2025-11-07 16:41:39,7.7307,351.3831,0.9989
2025-11-07 16:41:39,7.7307,351.3831,0.9989
2025-11-07 16:41:39,7.7293,316.2483,0.9990
2025-11-07 16:41:39,7.7305,307.6820,0.9991
2025-11-07 16:41:40,7.7300,301.3095,0.9991
2025-11-07 16:41:40,7.7300,301.3095,0.9991
2025-11-07 16:41:40,7.7303,307.6371,0.9991
2025-11-07 16:41:40,7.7293,314.3797,0.9990
2025-11-07 16:41:40,7.7307,335.1278,0.9990
2025-11-07 16:41:40,7.7309,327.0530,0.9990
2025-11-07 16:41:40,7.7304,314.6212,0.9990
2025-11-07 16:41:40,7.7281,338.1371,0.9990
2025-11-07 16:41:40,7.7286,345.9105,0.9989
2025-11-07 16:41:40,7.7284,350.8686,0.9989
2025-11-07 16:41:40,7.7302,396.1510,0.9988
2025-11-07 16:41:41,7.7352,349.7332,0.9989
2025-11-07 16:41:41,7.7383,407.1429,0.9988
2025-11-07 16:41:41,7.7385,401.0296,0.9988
2025-11-07 16:41:41,7.7376,381.7192,0.9988
2025-11-07 16:41:41,7.7372,384.3678,0.9988
2025-11-07 16:41:41,7.7353,346.2333,0.9989
2025-11-07 16:41:41,7.7350,355.0855,0.9989
2025-11-07 16:41:41,7.7352,359.9181,0.9989
2025-11-07 16:41:41,7.7311,399.9304,0.9988
2025-11-07 16:41:41,7.7313,404.1320,0.9988
2025-11-07 16:41:41,7.7314,401.2396,0.9988
2025-11-07 16:41:42,7.7314,402.4183,0.9988
2025-11-07 16:41:42,7.7284,451.5305,0.9986
2025-11-07 16:41:42,7.7285,453.2071,0.9986
2025-11-07 16:41:42,7.7284,455.9261,0.9986
2025-11-07 16:41:42,7.7291,474.4630,0.9985
2025-11-07 16:41:42,7.7355,386.2999,0.9988
2025-11-07 16:41:42,7.7353,381.3084,0.9988
2025-11-07 16:41:42,7.7350,390.0067,0.9988
2025-11-07 16:41:42,7.7342,372.9038,0.9989
2025-11-07 16:41:42,7.7316,398.0193,0.9988
2025-11-07 16:41:42,7.7331,431.4212,0.9987
2025-11-07 16:41:43,7.7333,423.0406,0.9987
2025-11-07 16:41:43,7.7337,431.5080,0.9987
2025-11-07 16:41:43,7.7359,406.5042,0.9988
2025-11-07 16:41:43,7.7367,425.2489,0.9987
2025-11-07 16:41:43,7.7367,425.2489,0.9987
2025-11-07 16:41:43,7.7335,365.8681,0.9989
2025-11-07 16:41:43,7.7330,369.7166,0.9989
2025-11-07 16:41:43,7.7322,350.1050,0.9989
2025-11-07 16:41:43,7.7319,358.2750,0.9989
2025-11-07 16:41:43,7.7345,405.3892,0.9988
2025-11-07 16:41:44,7.7373,386.5807,0.9988
2025-11-07 16:41:44,7.7385,413.7822,0.9987
2025-11-07 16:41:44,7.7388,404.4817,0.9988
2025-11-07 16:41:44,7.7379,390.4935,0.9988
2025-11-07 16:41:44,7.7364,400.0678,0.9988
2025-11-07 16:41:44,7.7362,395.9763,0.9988
2025-11-07 16:41:44,7.7362,395.9763,0.9988
2025-11-07 16:41:44,7.7355,384.2993,0.9988
2025-11-07 16:41:44,7.7375,374.0114,0.9989
2025-11-07 16:41:44,7.7347,314.3592,0.9990
2025-11-07 16:41:45,7.7347,314.3592,0.9990
2025-11-07 16:41:45,7.7351,321.6915,0.9990
2025-11-07 16:41:45,7.7354,321.3652,0.9990
2025-11-07 16:41:45,7.7355,323.9268,0.9990
2025-11-07 16:41:45,7.7355,323.9268,0.9990
2025-11-07 16:41:45,7.7375,361.3609,0.9989
2025-11-07 16:41:45,7.7368,363.2823,0.9989
2025-11-07 16:41:45,7.7370,366.9327,0.9989
2025-11-07 16:41:45,7.7370,366.9327,0.9989
2025-11-07 16:41:46,7.7361,347.8288,0.9989
2025-11-07 16:41:46,7.7350,352.6229,0.9989
2025-11-07 16:41:46,7.7356,364.0107,0.9989
2025-11-07 16:41:46,7.7353,372.7594,0.9989
2025-11-07 16:41:46,7.7358,382.5986,0.9988
2025-11-07 16:41:46,7.7372,376.2375,0.9989
2025-11-07 16:41:46,7.7367,366.5771,0.9989
2025-11-07 16:41:46,7.7369,357.5994,0.9989
2025-11-07 16:41:47,7.7362,342.5537,0.9990
2025-11-07 16:41:47,7.7366,341.6120,0.9990
2025-11-07 16:41:47,7.7373,354.5217,0.9989
2025-11-07 16:41:47,7.7376,345.2597,0.9990
2025-11-07 16:41:47,7.7373,340.3059,0.9990
2025-11-07 16:41:47,7.7366,342.3527,0.9990
2025-11-07 16:41:47,7.7378,367.0290,0.9989
2025-11-07 16:41:47,7.7376,372.3219,0.9989
2025-11-07 16:41:47,7.7371,363.6154,0.9989
2025-11-07 16:41:47,7.7376,361.9316,0.9989
2025-11-07 16:41:47,7.7373,355.3559,0.9989
2025-11-07 16:41:48,7.7372,359.3308,0.9989
2025-11-07 16:41:48,7.7371,358.9195,0.9989
2025-11-07 16:41:48,7.7286,448.2041,0.9986
2025-11-07 16:41:48,7.7292,464.3882,0.9986
2025-11-07 16:41:48,7.7292,464.3882,0.9986
2025-11-07 16:41:48,7.7287,454.1911,0.9986
2025-11-07 16:41:48,7.7335,387.3759,0.9988
2025-11-07 16:41:48,7.7338,395.0869,0.9988
2025-11-07 16:41:48,7.7338,395.0869,0.9988
2025-11-07 16:41:48,7.7348,412.7766,0.9987
2025-11-07 16:41:49,7.7298,487.8026,0.9985
2025-11-07 16:41:49,7.7308,519.4758,0.9984
2025-11-07 16:41:49,7.7308,519.4758,0.9984
2025-11-07 16:41:49,7.7289,482.6288,0.9985
2025-11-07 16:41:49,7.7324,427.7092,0.9987
2025-11-07 16:41:49,7.7322,422.2303,0.9987
2025-11-07 16:41:49,7.7322,422.2303,0.9987
2025-11-07 16:41:49,7.7325,426.1447,0.9987
2025-11-07 16:41:49,7.7291,478.5001,0.9985
2025-11-07 16:41:49,7.7290,473.9290,0.9985
2025-11-07 16:41:49,7.7287,481.5873,0.9985
2025-11-07 16:41:49,7.7268,451.0546,0.9986
2025-11-07 16:41:50,7.7316,389.1540,0.9988
2025-11-07 16:41:50,7.7304,355.2126,0.9989
2025-11-07 16:41:50,7.7307,347.2976,0.9989
2025-11-07 16:41:50,7.7288,328.3972,0.9990
2025-11-07 16:41:50,7.7306,319.2519,0.9990
2025-11-07 16:41:50,7.7312,337.2018,0.9990
2025-11-07 16:41:50,7.7312,337.2018,0.9990
2025-11-07 16:41:50,7.7341,363.8064,0.9989
2025-11-07 16:41:50,7.7308,392.1687,0.9988
2025-11-07 16:41:50,7.7312,401.6946,0.9988
2025-11-07 16:41:50,7.7312,401.6946,0.9988
2025-11-07 16:41:50,7.7287,373.4350,0.9988
2025-11-07 16:41:51,7.7308,356.0415,0.9989
2025-11-07 16:41:51,7.7292,310.4160,0.9990
2025-11-07 16:41:51,7.7317,246.6760,0.9992
2025-11-07 16:41:51,7.7235,252.0504,0.9992
2025-11-07 16:41:51,7.7230,253.4209,0.9992
2025-11-07 16:41:51,7.7212,201.8872,0.9994
2025-11-07 16:41:51,7.7188,247.1995,0.9992
2025-11-07 16:41:51,7.7191,245.7928,0.9992
2025-11-07 16:41:51,7.7167,252.2473,0.9992
2025-11-07 16:41:51,7.7171,263.7804,0.9992
2025-11-07 16:41:51,7.7172,260.1244,0.9992
2025-11-07 16:41:52,7.7111,317.3400,0.9990
2025-11-07 16:41:52,7.7133,318.5282,0.9990
2025-11-07 16:41:52,7.7110,248.8670,0.9992
2025-11-07 16:41:52,7.7106,256.0702,0.9992
2025-11-07 16:41:52,7.7180,198.3735,0.9994
2025-11-07 16:41:52,7.7209,206.0197,0.9994
2025-11-07 16:41:52,7.7190,167.9386,0.9995
2025-11-07 16:41:52,7.7192,164.5087,0.9995
2025-11-07 16:41:52,7.7130,210.7479,0.9993
2025-11-07 16:41:52,7.7126,206.8746,0.9993
2025-11-07 16:41:52,7.7151,268.6388,0.9991
2025-11-07 16:41:53,7.7151,268.6388,0.9991
2025-11-07 16:41:53,7.7245,213.4951,0.9993
2025-11-07 16:41:53,7.7235,212.3226,0.9993
2025-11-07 16:41:53,7.7225,191.6171,0.9994
2025-11-07 16:41:53,7.7225,191.6171,0.9994
2025-11-07 16:41:53,7.7218,188.9197,0.9994
2025-11-07 16:41:53,7.7240,197.1384,0.9994
2025-11-07 16:41:53,7.7189,128.3086,0.9996
2025-11-07 16:41:53,7.7189,128.3086,0.9996
2025-11-07 16:41:53,7.7248,189.1818,0.9994
2025-11-07 16:41:53,7.7244,187.2100,0.9994
2025-11-07 16:41:54,7.7343,335.8786,0.9990
2025-11-07 16:41:54,7.7343,335.8786,0.9990
2025-11-07 16:41:54,7.7389,403.7900,0.9988
2025-11-07 16:41:54,7.7389,403.8511,0.9988
2025-11-07 16:41:54,7.7383,391.4448,0.9988
2025-11-07 16:41:54,7.7383,391.4448,0.9988
2025-11-07 16:41:54,7.7389,403.4339,0.9988
2025-11-07 16:41:54,7.7359,426.8096,0.9987
2025-11-07 16:41:54,7.7357,421.9881,0.9987
2025-11-07 16:41:55,7.7357,421.9881,0.9987
2025-11-07 16:41:55,7.7347,399.7711,0.9988
2025-11-07 16:41:55,7.7347,399.9050,0.9988
2025-11-07 16:41:55,7.7350,407.1858,0.9988
2025-11-07 16:41:55,7.7358,382.6548,0.9988
2025-11-07 16:41:55,7.7363,393.2262,0.9988
2025-11-07 16:41:55,7.7388,372.1680,0.9989
2025-11-07 16:41:55,7.7368,334.7571,0.9990
2025-11-07 16:41:55,7.7360,359.7311,0.9989
2025-11-07 16:41:55,7.7351,340.5885,0.9990
2025-11-07 16:41:56,7.7358,338.3431,0.9990
2025-11-07 16:41:56,7.7368,357.8715,0.9989
2025-11-07 16:41:56,7.7369,354.6387,0.9989
2025-11-07 16:41:56,7.7378,372.5832,0.9989
2025-11-07 16:41:56,7.7343,398.5086,0.9988
2025-11-07 16:41:56,7.7348,408.7535,0.9988
2025-11-07 16:41:56,7.7347,411.8571,0.9987
2025-11-07 16:41:56,7.7347,411.8571,0.9987
2025-11-07 16:41:56,7.7352,406.6881,0.9988
2025-11-07 16:41:56,7.7366,440.2271,0.9987
2025-11-07 16:41:56,7.7366,440.2271,0.9987
2025-11-07 16:41:56,7.7334,382.5793,0.9988
2025-11-07 16:41:57,7.7342,375.8039,0.9989
2025-11-07 16:41:57,7.7316,312.5855,0.9990
2025-11-07 16:41:57,7.7316,312.5855,0.9990
2025-11-07 16:41:57,7.7347,371.3002,0.9989
2025-11-07 16:41:57,7.7366,360.1344,0.9989
2025-11-07 16:41:57,7.7378,382.7984,0.9988
2025-11-07 16:41:57,7.7356,461.1370,0.9986
2025-11-07 16:41:57,7.7345,438.9782,0.9987
2025-11-07 16:41:57,7.7349,438.1766,0.9987
2025-11-07 16:41:57,7.7361,467.0620,0.9986
2025-11-07 16:41:57,7.7385,384.6220,0.9988
2025-11-07 16:41:58,7.7400,412.4192,0.9988
2025-11-07 16:41:58,7.7397,413.7862,0.9987
2025-11-07 16:41:58,7.7397,412.8289,0.9988
2025-11-07 16:41:58,7.7396,416.2396,0.9987
2025-11-07 16:41:58,7.7385,396.2561,0.9988
2025-11-07 16:41:58,7.7391,393.9400,0.9988
2025-11-07 16:41:58,7.7394,399.9351,0.9988
2025-11-07 16:41:58,7.7397,390.2982,0.9988
2025-11-07 16:41:58,7.7395,387.2589,0.9988
2025-11-07 16:41:58,7.7374,398.9527,0.9988
2025-11-07 16:41:58,7.7370,387.7010,0.9988
2025-11-07 16:41:58,7.7368,392.9173,0.9988
2025-11-07 16:41:58,7.7342,351.1586,0.9989
2025-11-07 16:41:59,7.7335,355.5134,0.9989
2025-11-07 16:41:59,7.7342,375.6223,0.9989
2025-11-07 16:41:59,7.7315,463.7310,0.9986
2025-11-07 16:41:59,7.7309,455.3625,0.9986
2025-11-07 16:41:59,7.7325,449.5014,0.9986
2025-11-07 16:41:59,7.7293,369.3295,0.9989
2025-11-07 16:41:59,7.7334,245.2310,0.9992
2025-11-07 16:41:59,7.7281,209.4805,0.9994
2025-11-07 16:41:59,7.7291,211.2118,0.9993
2025-11-07 16:41:59,7.7299,230.2678,0.9993
2025-11-07 16:42:00,7.7285,267.6862,0.9992
2025-11-07 16:42:00,7.7323,286.1098,0.9991
2025-11-07 16:42:00,7.7319,286.0761,0.9991
2025-11-07 16:42:00,7.7331,316.0181,0.9990
2025-11-07 16:42:00,7.7352,256.3273,0.9992
2025-11-07 16:42:00,7.7337,248.1986,0.9992
2025-11-07 16:42:00,7.7314,256.5843,0.9992
2025-11-07 16:42:00,7.7316,261.6005,0.9992
2025-11-07 16:42:00,7.7294,316.4578,0.9990
2025-11-07 16:42:00,7.7320,339.5149,0.9990
2025-11-07 16:42:00,7.7311,346.5070,0.9989
2025-11-07 16:42:00,7.7320,371.4504,0.9989
2025-11-07 16:42:01,7.7319,374.3763,0.9989
2025-11-07 16:42:01,7.7316,371.5002,0.9989
2025-11-07 16:42:01,7.7280,414.7970,0.9987
2025-11-07 16:42:01,7.7281,420.3614,0.9987
2025-11-07 16:42:01,7.7284,412.7090,0.9987
2025-11-07 16:42:01,7.7287,416.0185,0.9987
2025-11-07 16:42:01,7.7313,381.0349,0.9988
2025-11-07 16:42:01,7.7308,366.8875,0.9989
2025-11-07 16:42:02,7.7303,380.4564,0.9988
2025-11-07 16:42:02,7.7297,372.9288,0.9988
2025-11-07 16:42:02,7.7244,450.3844,0.9986
2025-11-07 16:42:02,7.7247,458.6526,0.9986
2025-11-07 16:42:02,7.7237,483.0976,0.9985
2025-11-07 16:42:02,7.7243,492.1539,0.9985
2025-11-07 16:42:02,7.7171,673.4020,0.9979
2025-11-07 16:42:02,7.7178,699.3369,0.9978
2025-11-07 16:42:02,7.7189,673.8960,0.9979
2025-11-07 16:42:02,7.7183,662.5212,0.9979
2025-11-07 16:42:02,7.7253,480.6263,0.9985
2025-11-07 16:42:02,7.7246,456.6835,0.9986
2025-11-07 16:42:02,7.7246,456.6835,0.9986
2025-11-07 16:42:03,7.7174,404.0060,0.9987
2025-11-07 16:42:03,7.7248,339.0718,0.9989
2025-11-07 16:42:03,7.7242,319.0182,0.9990
2025-11-07 16:42:03,7.7245,312.0823,0.9990
2025-11-07 16:42:03,7.7153,426.6519,0.9986
2025-11-07 16:42:03,7.7148,424.9617,0.9987
2025-11-07 16:42:03,7.7156,456.7829,0.9986
2025-11-07 16:42:03,7.7155,460.2924,0.9985
2025-11-07 16:42:03,7.7192,395.3955,0.9988
2025-11-07 16:42:03,7.7171,398.5168,0.9987
2025-11-07 16:42:03,7.7174,411.3378,0.9987
2025-11-07 16:42:03,7.7159,442.5452,0.9986
2025-11-07 16:42:03,7.7175,425.7024,0.9987
2025-11-07 16:42:04,7.7122,470.7063,0.9985
2025-11-07 16:42:04,7.7122,469.9204,0.9985
2025-11-07 16:42:04,7.7129,456.3321,0.9985
2025-11-07 16:42:04,7.7146,447.6995,0.9986
2025-11-07 16:42:04,7.7158,430.3372,0.9986
2025-11-07 16:42:04,7.7157,422.9704,0.9987
2025-11-07 16:42:04,7.7163,409.3141,0.9987
2025-11-07 16:42:04,7.7130,435.4847,0.9986
2025-11-07 16:42:04,7.7136,428.8439,0.9986
2025-11-07 16:42:04,7.7144,461.1939,0.9985
2025-11-07 16:42:04,7.7144,461.1939,0.9985
2025-11-07 16:42:04,7.7191,426.0123,0.9987
2025-11-07 16:42:05,7.7271,381.7567,0.9988
2025-11-07 16:42:05,7.7269,373.9395,0.9988
2025-11-07 16:42:05,7.7294,313.5581,0.9990
2025-11-07 16:42:05,7.7286,321.7608,0.9990
2025-11-07 16:42:05,7.7282,321.4598,0.9990
2025-11-07 16:42:05,7.7265,268.4213,0.9992
2025-11-07 16:42:05,7.7241,321.8079,0.9990
2025-11-07 16:42:05,7.7250,315.2187,0.9990
2025-11-07 16:42:05,7.7262,318.9933,0.9990
2025-11-07 16:42:05,7.7269,341.5363,0.9989
2025-11-07 16:42:05,7.7268,344.1451,0.9989
2025-11-07 16:42:05,7.7224,394.1113,0.9988
2025-11-07 16:42:05,7.7228,397.1441,0.9988
2025-11-07 16:42:06,7.7229,401.0599,0.9987
2025-11-07 16:42:06,7.7223,416.4331,0.9987
2025-11-07 16:42:06,7.7352,373.0302,0.9989
2025-11-07 16:42:06,7.7329,378.9820,0.9988
2025-11-07 16:42:06,7.7321,355.8211,0.9989
2025-11-07 16:42:06,7.7322,351.9257,0.9989
2025-11-07 16:42:06,7.7313,342.6429,0.9989
2025-11-07 16:42:06,7.7321,340.3893,0.9990
2025-11-07 16:42:06,7.7321,341.2968,0.9990
2025-11-07 16:42:06,7.7326,326.1056,0.9990
2025-11-07 16:42:06,7.7340,339.7153,0.9990
2025-11-07 16:42:06,7.7312,356.9991,0.9989
2025-11-07 16:42:07,7.7318,374.1399,0.9989
2025-11-07 16:42:07,7.7315,382.2430,0.9988
2025-11-07 16:42:07,7.7324,394.3017,0.9988
2025-11-07 16:42:07,7.7349,376.1998,0.9989
2025-11-07 16:42:07,7.7339,352.5721,0.9989
2025-11-07 16:42:07,7.7345,335.3584,0.9990
2025-11-07 16:42:07,7.7326,313.5229,0.9990
2025-11-07 16:42:07,7.7285,342.7376,0.9989
2025-11-07 16:42:07,7.7283,336.2768,0.9990
2025-11-07 16:42:07,7.7279,348.2177,0.9989
2025-11-07 16:42:07,7.7298,375.8908,0.9988
2025-11-07 16:42:07,7.7317,356.6235,0.9989
2025-11-07 16:42:07,7.7321,367.6839,0.9989
2025-11-07 16:42:08,7.7326,354.5640,0.9989
2025-11-07 16:42:08,7.7257,301.8725,0.9991
2025-11-07 16:42:08,7.7300,300.7380,0.9991
2025-11-07 16:42:08,7.7306,318.5296,0.9990
2025-11-07 16:42:08,7.7305,323.7212,0.9990
2025-11-07 16:42:08,7.7355,337.3796,0.9990
2025-11-07 16:42:08,7.7351,337.3696,0.9990
2025-11-07 16:42:08,7.7351,337.1415,0.9990
2025-11-07 16:42:08,7.7375,267.2325,0.9992
2025-11-07 16:42:09,7.7360,259.8069,0.9992
2025-11-07 16:42:09,7.7327,273.0935,0.9992
2025-11-07 16:42:09,7.7328,277.9997,0.9991
2025-11-07 16:42:09,7.7300,353.0684,0.9989
2025-11-07 16:42:09,7.7325,377.6638,0.9988
2025-11-07 16:42:09,7.7343,367.8750,0.9989
2025-11-07 16:42:09,7.7348,380.0661,0.9988
2025-11-07 16:42:09,7.7351,369.7730,0.9989
2025-11-07 16:42:09,7.7343,362.2560,0.9989
2025-11-07 16:42:09,7.7353,359.5739,0.9989
2025-11-07 16:42:09,7.7347,343.4953,0.9990
2025-11-07 16:42:10,7.7347,343.4953,0.9990
2025-11-07 16:42:10,7.7360,357.4251,0.9989
2025-11-07 16:42:10,7.7350,361.1097,0.9989
2025-11-07 16:42:10,7.7347,354.7437,0.9989
2025-11-07 16:42:10,7.7345,363.3442,0.9989
2025-11-07 16:42:10,7.7377,415.0632,0.9987
2025-11-07 16:42:10,7.7384,410.8892,0.9988
2025-11-07 16:42:10,7.7382,406.9639,0.9988
2025-11-07 16:42:10,7.7385,397.7065,0.9988
2025-11-07 16:42:10,7.7364,361.8712,0.9989
2025-11-07 16:42:10,7.7369,360.1619,0.9989
2025-11-07 16:42:10,7.7378,381.4315,0.9988
2025-11-07 16:42:11,7.7372,402.5761,0.9988
2025-11-07 16:42:11,7.7389,428.9121,0.9987
2025-11-07 16:42:11,7.7390,428.5197,0.9987
2025-11-07 16:42:11,7.7375,395.1376,0.9988
2025-11-07 16:42:11,7.7370,413.4071,0.9987
2025-11-07 16:42:11,7.7383,439.6821,0.9987
2025-11-07 16:42:11,7.7371,444.8569,0.9986
2025-11-07 16:42:11,7.7383,473.7468,0.9986
2025-11-07 16:42:11,7.7389,455.0101,0.9986
2025-11-07 16:42:11,7.7382,441.1987,0.9987
2025-11-07 16:42:11,7.7393,435.6042,0.9987
2025-11-07 16:42:11,7.7392,433.2712,0.9987
2025-11-07 16:42:12,7.7381,473.9525,0.9986
2025-11-07 16:42:12,7.7371,456.5244,0.9986
2025-11-07 16:42:12,7.7348,467.9580,0.9986
2025-11-07 16:42:12,7.7346,463.5596,0.9986
2025-11-07 16:42:12,7.7364,404.6741,0.9988
2025-11-07 16:42:12,7.7323,347.6672,0.9989
2025-11-07 16:42:12,7.7338,341.8122,0.9990
2025-11-07 16:42:12,7.7342,353.0474,0.9989
2025-11-07 16:42:12,7.7342,353.0474,0.9989
2025-11-07 16:42:12,7.7390,418.6446,0.9987
2025-11-07 16:42:12,7.7388,420.2413,0.9987
2025-11-07 16:42:12,7.7387,417.4322,0.9987
2025-11-07 16:42:13,7.7387,417.4322,0.9987
2025-11-07 16:42:13,7.7373,393.8467,0.9988
2025-11-07 16:42:13,7.7365,399.1099,0.9988
2025-11-07 16:42:13,7.7360,387.6634,0.9988
2025-11-07 16:42:13,7.7349,425.7080,0.9987
2025-11-07 16:42:13,7.7357,440.2526,0.9987
2025-11-07 16:42:13,7.7326,469.3837,0.9986
2025-11-07 16:42:13,7.7317,445.9518,0.9986
2025-11-07 16:42:13,7.7332,401.6583,0.9988
2025-11-07 16:42:13,7.7326,390.4143,0.9988
2025-11-07 16:42:13,7.7364,357.1774,0.9989
2025-11-07 16:42:14,7.7374,380.3141,0.9988
2025-11-07 16:42:14,7.7372,386.2941,0.9988
2025-11-07 16:42:14,7.7361,368.4183,0.9989
2025-11-07 16:42:14,7.7346,377.8864,0.9988
2025-11-07 16:42:14,7.7340,362.4171,0.9989
2025-11-07 16:42:14,7.7339,365.4677,0.9989
2025-11-07 16:42:14,7.7319,338.1785,0.9990
2025-11-07 16:42:14,7.7324,335.5117,0.9990
2025-11-07 16:42:14,7.7333,360.2802,0.9989
2025-11-07 16:42:14,7.7333,360.2802,0.9989
2025-11-07 16:42:14,7.7344,372.9491,0.9989
2025-11-07 16:42:14,7.7304,412.6003,0.9987
2025-11-07 16:42:15,7.7297,392.2280,0.9988
2025-11-07 16:42:15,7.7228,627.0928,0.9980
2025-11-07 16:42:15,7.7214,602.0373,0.9981
2025-11-07 16:42:15,7.7228,592.5214,0.9981
2025-11-07 16:42:15,7.7236,620.8695,0.9981
2025-11-07 16:42:15,7.7304,386.9159,0.9988
2025-11-07 16:42:15,7.7317,402.7265,0.9988
2025-11-07 16:42:15,7.7261,492.9606,0.9985
2025-11-07 16:42:15,7.7260,490.1641,0.9985
2025-11-07 16:42:15,7.7261,485.9996,0.9985
2025-11-07 16:42:16,7.7246,460.4418,0.9986
2025-11-07 16:42:16,7.7276,408.0306,0.9987
2025-11-07 16:42:16,7.7261,364.5847,0.9989
2025-11-07 16:42:16,7.7261,364.5847,0.9989
2025-11-07 16:42:16,7.7259,361.7569,0.9989
2025-11-07 16:42:16,7.7333,310.3779,0.9990
2025-11-07 16:42:16,7.7338,323.9066,0.9990
2025-11-07 16:42:16,7.7341,315.2750,0.9990
2025-11-07 16:42:17,7.7332,308.9494,0.9991
2025-11-07 16:42:17,7.7336,309.1010,0.9991
2025-11-07 16:42:17,7.7305,240.2096,0.9993
2025-11-07 16:42:17,7.7302,248.1791,0.9992
2025-11-07 16:42:17,7.7279,235.0442,0.9993
2025-11-07 16:42:17,7.7208,252.0571,0.9992
2025-11-07 16:42:17,7.7230,314.5511,0.9990
2025-11-07 16:42:17,7.7228,319.1551,0.9990
2025-11-07 16:42:17,7.7301,421.9495,0.9987
2025-11-07 16:42:17,7.7344,373.5009,0.9989
2025-11-07 16:42:17,7.7341,365.2863,0.9989
2025-11-07 16:42:18,7.7328,407.6609,0.9988
2025-11-07 16:42:18,7.7339,432.1343,0.9987
2025-11-07 16:42:18,7.7316,453.0050,0.9986
2025-11-07 16:42:18,7.7318,457.5547,0.9986
2025-11-07 16:42:18,7.7362,329.4752,0.9990
2025-11-07 16:42:18,7.7339,287.9104,0.9991
2025-11-07 16:42:18,7.7368,259.6615,0.9992
2025-11-07 16:42:18,7.7368,259.5848,0.9992
2025-11-07 16:42:18,7.7311,433.3844,0.9987
2025-11-07 16:42:18,7.7332,475.6279,0.9985
2025-11-07 16:42:18,7.7357,469.2129,0.9986
2025-11-07 16:42:19,7.7339,434.8063,0.9987
2025-11-07 16:42:19,7.7367,337.7613,0.9990
2025-11-07 16:42:19,7.7359,322.4353,0.9990
2025-11-07 16:42:19,7.7355,322.6141,0.9990
2025-11-07 16:42:19,7.7376,359.9482,0.9989
2025-11-07 16:42:19,7.7376,359.9482,0.9989
2025-11-07 16:42:19,7.7381,368.6171,0.9989
2025-11-07 16:42:19,7.7370,372.2425,0.9989
2025-11-07 16:42:19,7.7361,353.4952,0.9989
2025-11-07 16:42:20,7.7358,362.3288,0.9989
2025-11-07 16:42:20,7.7361,367.8663,0.9989
2025-11-07 16:42:20,7.7349,374.1647,0.9989
2025-11-07 16:42:20,7.7360,398.2634,0.9988
2025-11-07 16:42:20,7.7363,389.3882,0.9988
2025-11-07 16:42:20,7.7370,403.8452,0.9988
2025-11-07 16:42:20,7.7338,437.0714,0.9987
2025-11-07 16:42:20,7.7339,437.9365,0.9987
2025-11-07 16:42:20,7.7336,446.4121,0.9986
2025-11-07 16:42:20,7.7322,415.1642,0.9987
2025-11-07 16:42:20,7.7349,388.4952,0.9988
2025-11-07 16:42:20,7.7350,389.8602,0.9988
2025-11-07 16:42:21,7.7352,381.1681,0.9988
2025-11-07 16:42:21,7.7356,388.6527,0.9988
2025-11-07 16:42:21,7.7378,375.6767,0.9989
2025-11-07 16:42:21,7.7377,373.6735,0.9989
2025-11-07 16:42:21,7.7377,373.6735,0.9989
2025-11-07 16:42:21,7.7349,329.1332,0.9990
2025-11-07 16:42:21,7.7354,328.5439,0.9990
2025-11-07 16:42:21,7.7354,330.3309,0.9990
2025-11-07 16:42:21,7.7347,355.1849,0.9989
2025-11-07 16:42:21,7.7367,384.3697,0.9988
2025-11-07 16:42:21,7.7359,386.2536,0.9988
2025-11-07 16:42:22,7.7352,372.4215,0.9989
2025-11-07 16:42:22,7.7318,494.9358,0.9985
2025-11-07 16:42:22,7.7291,447.8843,0.9986
2025-11-07 16:42:22,7.7293,448.1596,0.9986
2025-11-07 16:42:22,7.7284,428.3046,0.9987
2025-11-07 16:42:22,7.7320,308.6933,0.9991
2025-11-07 16:42:22,7.7329,320.5663,0.9990
2025-11-07 16:42:22,7.7335,320.5560,0.9990
2025-11-07 16:42:22,7.7359,374.8452,0.9989
2025-11-07 16:42:22,7.7359,374.8452,0.9989
2025-11-07 16:42:22,7.7359,374.8452,0.9989
2025-11-07 16:42:23,7.7343,379.0093,0.9988
2025-11-07 16:42:23,7.7345,383.3917,0.9988
2025-11-07 16:42:23,7.7345,383.3917,0.9988
2025-11-07 16:42:23,7.7308,349.2088,0.9989
2025-11-07 16:42:23,7.7305,349.8091,0.9989
2025-11-07 16:42:23,7.7308,358.3276,0.9989
2025-11-07 16:42:23,7.7317,331.5108,0.9990
2025-11-07 16:42:23,7.7258,336.9268,0.9990
2025-11-07 16:42:23,7.7252,336.8397,0.9990
2025-11-07 16:42:23,7.7252,335.2433,0.9990
2025-11-07 16:42:24,7.7255,326.6555,0.9990
2025-11-07 16:42:24,7.7305,318.4087,0.9990
2025-11-07 16:42:24,7.7317,315.2916,0.9990
2025-11-07 16:42:24,7.7313,303.8371,0.9991
2025-11-07 16:42:24,7.7304,331.1585,0.9990
2025-11-07 16:42:24,7.7327,344.4980,0.9989
2025-11-07 16:42:24,7.7319,346.8266,0.9989
2025-11-07 16:42:24,7.7323,356.6335,0.9989
2025-11-07 16:42:24,7.7326,346.8498,0.9989
2025-11-07 16:42:24,7.7327,347.8921,0.9989
2025-11-07 16:42:24,7.7310,358.0583,0.9989
2025-11-07 16:42:24,7.7306,346.4645,0.9989
2025-11-07 16:42:25,7.7315,319.8665,0.9990
2025-11-07 16:42:25,7.7321,325.2137,0.9990
2025-11-07 16:42:25,7.7335,315.7675,0.9990
2025-11-07 16:42:25,7.7339,328.0248,0.9990
2025-11-07 16:42:25,7.7331,353.0536,0.9989
2025-11-07 16:42:25,7.7342,364.7312,0.9989
2025-11-07 16:42:25,7.7346,362.4293,0.9989
2025-11-07 16:42:25,7.7345,362.0084,0.9989
2025-11-07 16:42:25,7.7342,373.6500,0.9989
2025-11-07 16:42:25,7.7334,364.6249,0.9989
2025-11-07 16:42:25,7.7329,366.6077,0.9989
2025-11-07 16:42:26,7.7323,349.9371,0.9989
2025-11-07 16:42:26,7.7326,341.6991,0.9990
2025-11-07 16:42:26,7.7358,386.2858,0.9988
2025-11-07 16:42:26,7.7374,377.2395,0.9989
2025-11-07 16:42:26,7.7380,391.6584,0.9988
2025-11-07 16:42:26,7.7378,400.8314,0.9988
2025-11-07 16:42:26,7.7329,347.7653,0.9989
2025-11-07 16:42:26,7.7336,347.4995,0.9989
2025-11-07 16:42:26,7.7336,347.6542,0.9989
2025-11-07 16:42:26,7.7339,339.2058,0.9990
2025-11-07 16:42:26,7.7362,356.8538,0.9989
2025-11-07 16:42:27,7.7353,358.7016,0.9989
2025-11-07 16:42:27,7.7345,337.4965,0.9990
2025-11-07 16:42:27,7.7348,328.7405,0.9990
2025-11-07 16:42:27,7.7330,312.4762,0.9990
2025-11-07 16:42:27,7.7330,312.4688,0.9990
2025-11-07 16:42:27,7.7330,311.6577,0.9990
2025-11-07 16:42:27,7.7328,317.1168,0.9990
2025-11-07 16:42:27,7.7354,343.5520,0.9990
2025-11-07 16:42:27,7.7306,379.6204,0.9988
2025-11-07 16:42:27,7.7315,402.8391,0.9988
2025-11-07 16:42:27,7.7276,526.9872,0.9984
2025-11-07 16:42:27,7.7243,480.0907,0.9985
2025-11-07 16:42:27,7.7246,478.1482,0.9985
2025-11-07 16:42:28,7.7244,471.5801,0.9985
2025-11-07 16:42:28,7.7275,375.2610,0.9988
2025-11-07 16:42:28,7.7299,403.0705,0.9988
2025-11-07 16:42:28,7.7279,428.9587,0.9987
2025-11-07 16:42:28,7.7277,421.8421,0.9987
2025-11-07 16:42:28,7.7275,427.5099,0.9987
2025-11-07 16:42:28,7.7271,422.0964,0.9987
2025-11-07 16:42:28,7.7270,423.7635,0.9987
2025-11-07 16:42:28,7.7267,414.8378,0.9987
2025-11-07 16:42:28,7.7276,392.1126,0.9988
2025-11-07 16:42:29,7.7278,396.5177,0.9988
2025-11-07 16:42:29,7.7327,346.1256,0.9989
2025-11-07 16:42:29,7.7335,368.0530,0.9989
2025-11-07 16:42:29,7.7353,314.3648,0.9990
2025-11-07 16:42:29,7.7350,311.4107,0.9990
2025-11-07 16:42:29,7.7370,300.4493,0.9991
2025-11-07 16:42:29,7.7365,287.4376,0.9991
2025-11-07 16:42:29,7.7347,339.3199,0.9990
2025-11-07 16:42:29,7.7339,332.0466,0.9990
2025-11-07 16:42:29,7.7323,337.4573,0.9990
2025-11-07 16:42:29,7.7331,361.3068,0.9989
2025-11-07 16:42:29,7.7293,489.3159,0.9985
2025-11-07 16:42:29,7.7261,463.4589,0.9986
2025-11-07 16:42:29,7.7284,466.5047,0.9986
2025-11-07 16:42:29,7.7282,458.9719,0.9986
2025-11-07 16:42:30,7.7305,381.0442,0.9988
2025-11-07 16:42:30,7.7340,399.8303,0.9988
2025-11-07 16:42:30,7.7232,506.7846,0.9984
2025-11-07 16:42:30,7.7232,504.6365,0.9984
2025-11-07 16:42:30,7.7261,432.8002,0.9987
2025-11-07 16:42:30,7.7208,386.6955,0.9988
2025-11-07 16:42:30,7.7257,320.0119,0.9990
2025-11-07 16:42:30,7.7257,320.4780,0.9990
2025-11-07 16:42:30,7.7213,434.4589,0.9986
2025-11-07 16:42:30,7.7228,441.4595,0.9986
2025-11-07 16:42:31,7.7268,425.9024,0.9987
2025-11-07 16:42:31,7.7263,412.5489,0.9987
2025-11-07 16:42:31,7.7293,322.7034,0.9990
2025-11-07 16:42:31,7.7332,345.4116,0.9989
2025-11-07 16:42:31,7.7317,353.4461,0.9989
2025-11-07 16:42:31,7.7309,330.4839,0.9990
2025-11-07 16:42:31,7.7309,330.4839,0.9990
2025-11-07 16:42:31,7.7296,317.6339,0.9990
2025-11-07 16:42:31,7.7309,311.9512,0.9990
2025-11-07 16:42:31,7.7322,347.0106,0.9989
2025-11-07 16:42:32,7.7319,355.1793,0.9989
2025-11-07 16:42:32,7.7350,386.8075,0.9988
2025-11-07 16:42:32,7.7350,386.7335,0.9988
2025-11-07 16:42:32,7.7330,335.8258,0.9990
2025-11-07 16:42:32,7.7333,327.4823,0.9990
2025-11-07 16:42:32,7.7325,317.5141,0.9990
2025-11-07 16:42:32,7.7341,313.5782,0.9990
2025-11-07 16:42:32,7.7332,294.5668,0.9991
2025-11-07 16:42:32,7.7332,294.5668,0.9991
2025-11-07 16:42:32,7.7376,371.1520,0.9989
2025-11-07 16:42:33,7.7380,369.9470,0.9989
2025-11-07 16:42:33,7.7389,385.1259,0.9988
2025-11-07 16:42:33,7.7389,385.1259,0.9988
2025-11-07 16:42:33,7.7381,369.3917,0.9989
2025-11-07 16:42:33,7.7343,393.4217,0.9988
2025-11-07 16:42:33,7.7350,409.4732,0.9988
2025-11-07 16:42:33,7.7350,409.4732,0.9988
2025-11-07 16:42:33,7.7326,363.7040,0.9989
2025-11-07 16:42:33,7.7331,359.4527,0.9989
2025-11-07 16:42:33,7.7347,402.6916,0.9988
2025-11-07 16:42:33,7.7342,419.5312,0.9987
2025-11-07 16:42:34,7.7360,451.3529,0.9986
2025-11-07 16:42:34,7.7331,487.8292,0.9985
2025-11-07 16:42:34,7.7340,514.6972,0.9984
2025-11-07 16:42:34,7.7363,446.0161,0.9986
2025-11-07 16:42:34,7.7348,420.0788,0.9987
2025-11-07 16:42:34,7.7362,398.6456,0.9988
2025-11-07 16:42:34,7.7359,388.0628,0.9988
2025-11-07 16:42:34,7.7352,407.6729,0.9988
2025-11-07 16:42:34,7.7356,413.6403,0.9987
2025-11-07 16:42:34,7.7333,448.3410,0.9986
2025-11-07 16:42:34,7.7330,439.4163,0.9987
2025-11-07 16:42:35,7.7264,656.5598,0.9980
2025-11-07 16:42:35,7.7244,615.4776,0.9981
2025-11-07 16:42:35,7.7262,596.9707,0.9981
2025-11-07 16:42:35,7.7265,607.1983,0.9981
2025-11-07 16:42:35,7.7281,547.5454,0.9983
2025-11-07 16:42:35,7.7285,554.2998,0.9983
2025-11-07 16:42:35,7.7302,540.4509,0.9983
2025-11-07 16:42:35,7.7294,514.5253,0.9984
2025-11-07 16:42:35,7.7330,392.8087,0.9988
2025-11-07 16:42:35,7.7305,364.6878,0.9989
2025-11-07 16:42:35,7.7299,368.6281,0.9989
2025-11-07 16:42:36,7.7309,399.6384,0.9988
2025-11-07 16:42:36,7.7312,391.6309,0.9988
2025-11-07 16:42:36,7.7333,412.6619,0.9987
2025-11-07 16:42:36,7.7344,402.1438,0.9988
2025-11-07 16:42:36,7.7346,407.2038,0.9988
2025-11-07 16:42:36,7.7349,398.4125,0.9988
2025-11-07 16:42:36,7.7336,385.4545,0.9988
2025-11-07 16:42:36,7.7310,410.7161,0.9987
2025-11-07 16:42:36,7.7308,405.9297,0.9988
2025-11-07 16:42:36,7.7306,411.1568,0.9987
2025-11-07 16:42:36,7.7302,406.6065,0.9987
2025-11-07 16:42:36,7.7324,385.1318,0.9988
2025-11-07 16:42:37,7.7326,391.1538,0.9988
2025-11-07 16:42:37,7.7325,394.1230,0.9988
2025-11-07 16:42:37,7.7342,410.1477,0.9987
2025-11-07 16:42:37,7.7327,425.1284,0.9987
2025-11-07 16:42:37,7.7311,378.4304,0.9988
2025-11-07 16:42:37,7.7311,378.4304,0.9988
2025-11-07 16:42:37,7.7319,388.8757,0.9988
2025-11-07 16:42:37,7.7356,361.7702,0.9989
2025-11-07 16:42:37,7.7355,361.2177,0.9989
2025-11-07 16:42:37,7.7353,369.9575,0.9989
2025-11-07 16:42:37,7.7359,379.1670,0.9988
2025-11-07 16:42:37,7.7331,398.4800,0.9988
2025-11-07 16:42:38,7.7338,416.0932,0.9987
2025-11-07 16:42:38,7.7338,416.0932,0.9987
2025-11-07 16:42:38,7.7364,465.2032,0.9986
2025-11-07 16:42:38,7.7398,436.3500,0.9987
2025-11-07 16:42:38,7.7395,429.1949,0.9987
2025-11-07 16:42:38,7.7398,419.7119,0.9987
2025-11-07 16:42:38,7.7390,404.9447,0.9988
2025-11-07 16:42:38,7.7392,403.9595,0.9988
2025-11-07 16:42:38,7.7392,402.8963,0.9988
2025-11-07 16:42:38,7.7392,402.8963,0.9988
2025-11-07 16:42:38,7.7399,416.4891,0.9987
2025-11-07 16:42:38,7.7382,427.7248,0.9987
2025-11-07 16:42:39,7.7382,428.2942,0.9987
2025-11-07 16:42:39,7.7382,428.2942,0.9987
2025-11-07 16:42:39,7.7377,419.7384,0.9987
2025-11-07 16:42:39,7.7388,412.5265,0.9988
2025-11-07 16:42:39,7.7389,413.5766,0.9987
2025-11-07 16:42:39,7.7377,453.6671,0.9986
2025-11-07 16:42:39,7.7383,464.6120,0.9986
2025-11-07 16:42:39,7.7391,460.7769,0.9986
2025-11-07 16:42:39,7.7382,440.4100,0.9987
2025-11-07 16:42:39,7.7394,399.9723,0.9988
2025-11-07 16:42:40,7.7357,342.4141,0.9990
2025-11-07 16:42:40,7.7359,342.1011,0.9990
2025-11-07 16:42:40,7.7367,361.4376,0.9989
2025-11-07 16:42:40,7.7367,361.4376,0.9989
2025-11-07 16:42:40,7.7383,382.8042,0.9988
2025-11-07 16:42:40,7.7380,384.0043,0.9988
2025-11-07 16:42:40,7.7377,378.1892,0.9989
2025-11-07 16:42:40,7.7375,387.3080,0.9988
2025-11-07 16:42:40,7.7380,395.4975,0.9988
2025-11-07 16:42:40,7.7366,402.2362,0.9988
2025-11-07 16:42:40,7.7364,397.2485,0.9988
2025-11-07 16:42:41,7.7367,388.3095,0.9988
2025-11-07 16:42:41,7.7380,413.9049,0.9987
2025-11-07 16:42:41,7.7383,411.8233,0.9988
2025-11-07 16:42:41,7.7380,403.3713,0.9988
2025-11-07 16:42:41,7.7333,576.1663,0.9982
2025-11-07 16:42:41,7.7327,561.9511,0.9983
2025-11-07 16:42:41,7.7291,585.0825,0.9982
2025-11-07 16:42:41,7.7292,590.0767,0.9982
2025-11-07 16:42:41,7.7340,425.8047,0.9987
2025-11-07 16:42:41,7.7333,410.4065,0.9987
2025-11-07 16:42:42,7.7271,519.3923,0.9984
2025-11-07 16:42:42,7.7271,519.2831,0.9984
2025-11-07 16:42:42,7.7181,823.6572,0.9974
2025-11-07 16:42:42,7.7181,823.6440,0.9974
2025-11-07 16:42:42,7.7254,740.6905,0.9977
2025-11-07 16:42:42,7.7258,755.1874,0.9977
2025-11-07 16:42:42,7.7349,408.9531,0.9988
2025-11-07 16:42:42,7.7354,419.3719,0.9987
2025-11-07 16:42:42,7.7369,405.2321,0.9988
2025-11-07 16:42:42,7.7358,378.4398,0.9988
2025-11-07 16:42:43,7.7382,307.5051,0.9991
2025-11-07 16:42:43,7.7380,303.7592,0.9991
2025-11-07 16:42:43,7.7395,293.3441,0.9991
2025-11-07 16:42:43,7.7396,296.2226,0.9991
2025-11-07 16:42:43,7.7355,425.5452,0.9987
2025-11-07 16:42:43,7.7343,404.7172,0.9988
2025-11-07 16:42:43,7.7315,419.8740,0.9987
2025-11-07 16:42:43,7.7318,428.4642,0.9987
2025-11-07 16:42:43,7.7329,392.9578,0.9988
2025-11-07 16:42:43,7.7353,439.0860,0.9987
2025-11-07 16:42:43,7.7361,431.2990,0.9987
2025-11-07 16:42:43,7.7366,443.6468,0.9987
2025-11-07 16:42:44,7.7370,428.6293,0.9987
2025-11-07 16:42:44,7.7362,411.4969,0.9987
2025-11-07 16:42:44,7.7391,393.3918,0.9988
2025-11-07 16:42:44,7.7385,381.1618,0.9988
2025-11-07 16:42:44,7.7385,381.1618,0.9988
2025-11-07 16:42:44,7.7396,401.5850,0.9988
2025-11-07 16:42:44,7.7389,404.6243,0.9988
2025-11-07 16:42:44,7.7362,353.6439,0.9989
2025-11-07 16:42:44,7.7359,362.4986,0.9989
2025-11-07 16:42:44,7.7364,373.5017,0.9989
2025-11-07 16:42:45,7.7372,371.4189,0.9989
2025-11-07 16:42:45,7.7388,397.7137,0.9988
2025-11-07 16:42:45,7.7390,388.3693,0.9988
2025-11-07 16:42:45,7.7385,376.1913,0.9989
2025-11-07 16:42:45,7.7385,375.9670,0.9989
2025-11-07 16:42:45,7.7369,347.8923,0.9989
2025-11-07 16:42:45,7.7355,392.8418,0.9988
2025-11-07 16:42:45,7.7359,401.3560,0.9988
2025-11-07 16:42:45,7.7348,403.5011,0.9988
2025-11-07 16:42:45,7.7341,392.5734,0.9988
2025-11-07 16:42:46,7.7350,363.3335,0.9989
2025-11-07 16:42:46,7.7349,361.5918,0.9989
2025-11-07 16:42:46,7.7332,369.6978,0.9989
2025-11-07 16:42:46,7.7367,435.7101,0.9987
2025-11-07 16:42:46,7.7357,468.7350,0.9986
2025-11-07 16:42:46,7.7358,472.3165,0.9986
2025-11-07 16:42:46,7.7381,458.6743,0.9986
2025-11-07 16:42:46,7.7387,472.7571,0.9986
2025-11-07 16:42:46,7.7405,412.2026,0.9988
2025-11-07 16:42:46,7.7392,388.8264,0.9988
2025-11-07 16:42:46,7.7377,397.6491,0.9988
2025-11-07 16:42:46,7.7350,340.3849,0.9990
2025-11-07 16:42:47,7.7344,359.3969,0.9989
2025-11-07 16:42:47,7.7352,376.3158,0.9989
2025-11-07 16:42:47,7.7357,373.4715,0.9989
2025-11-07 16:42:47,7.7369,394.7452,0.9988
2025-11-07 16:42:47,7.7375,374.7794,0.9989
2025-11-07 16:42:47,7.7371,367.8176,0.9989
2025-11-07 16:42:47,7.7383,362.6413,0.9989
2025-11-07 16:42:47,7.7388,370.9562,0.9989
2025-11-07 16:42:47,7.7385,380.4288,0.9988
2025-11-07 16:42:47,7.7370,354.6793,0.9989
2025-11-07 16:42:48,7.7362,357.1454,0.9989
2025-11-07 16:42:48,7.7359,349.2086,0.9989
2025-11-07 16:42:48,7.7351,374.6021,0.9989
2025-11-07 16:42:48,7.7348,370.3090,0.9989
2025-11-07 16:42:48,7.7356,368.5594,0.9989
2025-11-07 16:42:48,7.7345,344.9530,0.9989
2025-11-07 16:42:48,7.7346,339.9950,0.9990
2025-11-07 16:42:48,7.7362,369.8985,0.9989
2025-11-07 16:42:48,7.7324,390.2018,0.9988
2025-11-07 16:42:48,7.7334,412.1752,0.9987
2025-11-07 16:42:49,7.7336,406.6496,0.9988
2025-11-07 16:42:49,7.7337,408.8701,0.9987
2025-11-07 16:42:49,7.7346,400.8782,0.9988
2025-11-07 16:42:49,7.7330,370.2656,0.9989
2025-11-07 16:42:49,7.7349,314.8484,0.9990
2025-11-07 16:42:49,7.7353,322.2088,0.9990
2025-11-07 16:42:49,7.7371,309.5355,0.9991
2025-11-07 16:42:49,7.7381,325.4438,0.9990
2025-11-07 16:42:49,7.7321,535.6856,0.9984
2025-11-07 16:42:49,7.7281,454.8424,0.9986
2025-11-07 16:42:49,7.7282,454.9543,0.9986
2025-11-07 16:42:49,7.7292,478.2714,0.9985
2025-11-07 16:42:50,7.7331,340.3399,0.9990
2025-11-07 16:42:50,7.7354,374.0154,0.9989
2025-11-07 16:42:50,7.7365,371.2485,0.9989
2025-11-07 16:42:50,7.7354,347.7655,0.9989
2025-11-07 16:42:50,7.7360,327.3669,0.9990
2025-11-07 16:42:50,7.7358,324.8411,0.9990
2025-11-07 16:42:50,7.7350,326.1586,0.9990
2025-11-07 16:42:50,7.7334,299.8694,0.9991
2025-11-07 16:42:50,7.7334,299.8694,0.9991
2025-11-07 16:42:50,7.7334,298.9866,0.9991
2025-11-07 16:42:50,7.7297,316.7465,0.9990
2025-11-07 16:42:50,7.7338,407.6173,0.9988
2025-11-07 16:42:51,7.7341,398.9699,0.9988
2025-11-07 16:42:51,7.7123,474.9170,0.9985
2025-11-07 16:42:51,7.7124,475.0723,0.9985
2025-11-07 16:42:51,7.7110,417.9599,0.9987
2025-11-07 16:42:51,7.7108,420.9356,0.9987
2025-11-07 16:42:51,7.7237,281.2816,0.9991
2025-11-07 16:42:51,7.7231,283.9782,0.9991
2025-11-07 16:42:51,7.7238,305.8390,0.9990
2025-11-07 16:42:51,7.7237,308.2579,0.9990
2025-11-07 16:42:51,7.7221,309.2846,0.9990
2025-11-07 16:42:51,7.7250,303.6184,0.9991
2025-11-07 16:42:51,7.7255,319.2176,0.9990
2025-11-07 16:42:52,7.7280,261.1071,0.9992
2025-11-07 16:42:52,7.7305,252.2802,0.9992
2025-11-07 16:42:52,7.7315,250.6186,0.9992
2025-11-07 16:42:52,7.7298,205.5124,0.9994
2025-11-07 16:42:52,7.7288,227.1719,0.9993
2025-11-07 16:42:52,7.7320,236.5609,0.9993
2025-11-07 16:42:52,7.7313,237.5914,0.9993
2025-11-07 16:42:52,7.7323,260.9471,0.9992
2025-11-07 16:42:52,7.7303,317.4585,0.9990
2025-11-07 16:42:52,7.7317,330.3653,0.9990
2025-11-07 16:42:52,7.7300,337.8103,0.9990
2025-11-07 16:42:53,7.7275,278.1038,0.9991
2025-11-07 16:42:53,7.7268,297.0136,0.9991
2025-11-07 16:42:53,7.7240,266.9028,0.9992
2025-11-07 16:42:53,7.7253,265.9831,0.9992
2025-11-07 16:42:53,7.7272,311.2380,0.9990
2025-11-07 16:42:53,7.7283,278.8282,0.9991
2025-11-07 16:42:53,7.7267,273.6440,0.9992
2025-11-07 16:42:53,7.7261,274.1931,0.9991
2025-11-07 16:42:53,7.7251,248.7887,0.9992
2025-11-07 16:42:53,7.7254,241.7072,0.9992
2025-11-07 16:42:54,7.7259,243.1536,0.9992
2025-11-07 16:42:54,7.7285,246.3940,0.9992
2025-11-07 16:42:54,7.7296,271.5240,0.9992
2025-11-07 16:42:54,7.7291,283.7885,0.9991
2025-11-07 16:42:54,7.7207,338.5471,0.9989
2025-11-07 16:42:54,7.7202,333.7263,0.9990
2025-11-07 16:42:54,7.7176,260.2789,0.9992
2025-11-07 16:42:54,7.7108,440.3305,0.9986
2025-11-07 16:42:54,7.7154,422.2646,0.9987
2025-11-07 16:42:54,7.7146,414.2845,0.9987
2025-11-07 16:42:54,7.7168,480.0273,0.9985
2025-11-07 16:42:55,7.7239,268.7203,0.9992
2025-11-07 16:42:55,7.7251,264.4549,0.9992
2025-11-07 16:42:55,7.7249,264.0567,0.9992
2025-11-07 16:42:55,7.7263,303.6907,0.9991
2025-11-07 16:42:55,7.7237,374.4203,0.9988
2025-11-07 16:42:55,7.7305,407.6806,0.9987
2025-11-07 16:42:55,7.7311,406.9540,0.9987
2025-11-07 16:42:55,7.7309,402.3320,0.9988
2025-11-07 16:42:56,7.7343,295.0038,0.9991
2025-11-07 16:42:56,7.7334,286.8701,0.9991
2025-11-07 16:42:56,7.7332,287.2960,0.9991
2025-11-07 16:42:56,7.7336,299.2632,0.9991
2025-11-07 16:42:56,7.7327,327.0787,0.9990
2025-11-07 16:42:56,7.7333,332.1409,0.9990
2025-11-07 16:42:56,7.7310,342.4871,0.9989
2025-11-07 16:42:56,7.7291,293.1318,0.9991
2025-11-07 16:42:56,7.7280,325.3199,0.9990
2025-11-07 16:42:56,7.7269,313.0254,0.9990
2025-11-07 16:42:56,7.7221,353.6775,0.9989
2025-11-07 16:42:57,7.7221,352.1172,0.9989
2025-11-07 16:42:57,7.7218,359.8838,0.9989
2025-11-07 16:42:57,7.7237,389.5528,0.9988
2025-11-07 16:42:57,7.7088,780.6567,0.9975
2025-11-07 16:42:57,7.7088,780.8641,0.9975
2025-11-07 16:42:57,7.7117,733.9292,0.9977
2025-11-07 16:42:57,7.7125,754.2383,0.9976
2025-11-07 16:42:57,7.7214,456.9017,0.9986
2025-11-07 16:42:57,7.7223,484.6170,0.9985
2025-11-07 16:42:57,7.7192,555.8734,0.9983
2025-11-07 16:42:57,7.7199,571.9334,0.9982
2025-11-07 16:42:57,7.7231,499.4437,0.9984
2025-11-07 16:42:58,7.7243,536.3629,0.9983
2025-11-07 16:42:58,7.7260,490.5252,0.9985
2025-11-07 16:42:58,7.7256,484.0084,0.9985
2025-11-07 16:42:58,7.7323,379.3304,0.9988
2025-11-07 16:42:58,7.7306,337.7040,0.9990
2025-11-07 16:42:58,7.7306,337.7040,0.9990
2025-11-07 16:42:58,7.7302,331.6269,0.9990
2025-11-07 16:42:58,7.7309,326.8027,0.9990
2025-11-07 16:42:58,7.7327,373.0926,0.9989
2025-11-07 16:42:59,7.7327,373.0926,0.9989
2025-11-07 16:42:59,7.7333,381.6602,0.9988
2025-11-07 16:42:59,7.7332,382.2484,0.9988
2025-11-07 16:42:59,7.7313,333.4218,0.9990
2025-11-07 16:42:59,7.7313,333.4218,0.9990
2025-11-07 16:42:59,7.7287,298.9909,0.9991
2025-11-07 16:42:59,7.7320,289.0448,0.9991
2025-11-07 16:42:59,7.7327,305.5894,0.9991
2025-11-07 16:42:59,7.7327,305.5894,0.9991
2025-11-07 16:42:59,7.7381,381.2950,0.9988
2025-11-07 16:42:59,7.7383,380.5919,0.9988
2025-11-07 16:42:59,7.7376,368.3539,0.9989
2025-11-07 16:42:59,7.7399,297.0499,0.9991
2025-11-07 16:42:59,7.7397,293.1674,0.9991
2025-11-07 16:43:00,7.7396,293.7392,0.9991
2025-11-07 16:43:00,7.7407,314.7877,0.9990
2025-11-07 16:43:00,7.7384,387.2528,0.9988
2025-11-07 16:43:00,7.7376,372.2596,0.9989
2025-11-07 16:43:00,7.7381,370.6572,0.9989
2025-11-07 16:43:00,7.7377,361.0205,0.9989
2025-11-07 16:43:00,7.7402,283.8083,0.9991
2025-11-07 16:43:00,7.7417,309.4329,0.9991
2025-11-07 16:43:00,7.7404,316.9047,0.9990
2025-11-07 16:43:00,7.7391,294.2173,0.9991
2025-11-07 16:43:00,7.7363,380.4096,0.9988
2025-11-07 16:43:01,7.7353,359.5311,0.9989
2025-11-07 16:43:01,7.7358,357.7657,0.9989
2025-11-07 16:43:01,7.7366,373.2430,0.9989
2025-11-07 16:43:01,7.7370,362.5724,0.9989
2025-11-07 16:43:01,7.7382,388.3863,0.9988
2025-11-07 16:43:01,7.7373,393.6059,0.9988
2025-11-07 16:43:01,7.7364,377.8873,0.9988
2025-11-07 16:43:01,7.7356,405.3482,0.9988
2025-11-07 16:43:01,7.7334,358.7575,0.9989
2025-11-07 16:43:01,7.7321,365.1712,0.9989
2025-11-07 16:43:01,7.7334,394.5291,0.9988
2025-11-07 16:43:01,7.7343,368.1990,0.9989
2025-11-07 16:43:01,7.7354,389.9738,0.9988
2025-11-07 16:43:01,7.7352,391.6307,0.9988
2025-11-07 16:43:02,7.7363,417.6650,0.9987
2025-11-07 16:43:02,7.7363,417.6650,0.9987
2025-11-07 16:43:02,7.7353,398.8414,0.9988
2025-11-07 16:43:02,7.7323,433.3146,0.9987
2025-11-07 16:43:02,7.7315,411.2140,0.9987
2025-11-07 16:43:02,7.7305,439.7686,0.9986
2025-11-07 16:43:02,7.7279,391.8807,0.9988
2025-11-07 16:43:02,7.7314,363.2614,0.9989
2025-11-07 16:43:02,7.7313,361.4491,0.9989
2025-11-07 16:43:02,7.7325,324.1526,0.9990
2025-11-07 16:43:03,7.7285,290.7955,0.9991
2025-11-07 16:43:03,7.7283,291.4605,0.9991
2025-11-07 16:43:03,7.7280,281.7102,0.9991
2025-11-07 16:43:03,7.7271,305.0794,0.9991
2025-11-07 16:43:03,7.7287,315.8593,0.9990
2025-11-07 16:43:03,7.7270,324.6737,0.9990
2025-11-07 16:43:03,7.7253,279.6615,0.9991
2025-11-07 16:43:03,7.7261,258.5882,0.9992
2025-11-07 16:43:03,7.7277,277.1153,0.9991
2025-11-07 16:43:03,7.7211,363.8592,0.9989
2025-11-07 16:43:04,7.7218,383.6073,0.9988
2025-11-07 16:43:04,7.7195,439.1148,0.9986
2025-11-07 16:43:04,7.7190,429.7208,0.9986
2025-11-07 16:43:04,7.7262,347.5716,0.9989
2025-11-07 16:43:04,7.7277,387.8351,0.9988
2025-11-07 16:43:04,7.7300,320.4670,0.9990
2025-11-07 16:43:04,7.7303,322.8472,0.9990
2025-11-07 16:43:04,7.7252,383.5915,0.9988
2025-11-07 16:43:04,7.7240,349.2737,0.9989
2025-11-07 16:43:04,7.7220,399.2707,0.9987
2025-11-07 16:43:04,7.7225,406.7722,0.9987
2025-11-07 16:43:04,7.7257,368.6525,0.9989
2025-11-07 16:43:04,7.7260,377.7087,0.9988
2025-11-07 16:43:04,7.7271,346.9328,0.9989
2025-11-07 16:43:05,7.7250,322.4295,0.9990
2025-11-07 16:43:05,7.7268,309.6727,0.9990
2025-11-07 16:43:05,7.7259,285.0072,0.9991
2025-11-07 16:43:05,7.7265,268.3373,0.9992
2025-11-07 16:43:05,7.7297,307.0812,0.9991
2025-11-07 16:43:05,7.7321,295.2609,0.9991
2025-11-07 16:43:05,7.7341,339.7943,0.9990
2025-11-07 16:43:05,7.7341,339.7943,0.9990
2025-11-07 16:43:05,7.7298,304.7541,0.9991
2025-11-07 16:43:05,7.7308,304.6755,0.9991
2025-11-07 16:43:05,7.7311,310.8625,0.9990
2025-11-07 16:43:05,7.7285,389.8952,0.9988
2025-11-07 16:43:06,7.7227,395.9342,0.9988
2025-11-07 16:43:06,7.7222,393.1747,0.9988
2025-11-07 16:43:06,7.7222,393.4556,0.9988
2025-11-07 16:43:06,7.7247,324.3209,0.9990
2025-11-07 16:43:06,7.7256,318.0399,0.9990
2025-11-07 16:43:06,7.7254,317.3172,0.9990
2025-11-07 16:43:06,7.7269,367.8447,0.9989
2025-11-07 16:43:06,7.7269,367.8447,0.9989
2025-11-07 16:43:06,7.7270,367.0637,0.9989
2025-11-07 16:43:06,7.7280,369.2643,0.9989
2025-11-07 16:43:06,7.7278,365.0678,0.9989
2025-11-07 16:43:07,7.7278,365.0678,0.9989
2025-11-07 16:43:07,7.7300,353.8319,0.9989
2025-11-07 16:43:07,7.7302,354.4458,0.9989
2025-11-07 16:43:07,7.7303,355.9892,0.9989
2025-11-07 16:43:07,7.7300,363.8344,0.9989
2025-11-07 16:43:07,7.7309,361.6386,0.9989
2025-11-07 16:43:07,7.7308,361.4587,0.9989
2025-11-07 16:43:07,7.7312,373.8558,0.9989
2025-11-07 16:43:07,7.7314,365.8103,0.9989
2025-11-07 16:43:07,7.7321,364.9148,0.9989
2025-11-07 16:43:08,7.7328,366.2075,0.9989
2025-11-07 16:43:08,7.7327,364.9065,0.9989
2025-11-07 16:43:08,7.7327,364.9065,0.9989
2025-11-07 16:43:08,7.7390,396.1908,0.9988
2025-11-07 16:43:08,7.7390,396.1908,0.9988
2025-11-07 16:43:08,7.7392,399.9517,0.9988
2025-11-07 16:43:08,7.7395,390.3473,0.9988
2025-11-07 16:43:08,7.7388,383.2893,0.9988
2025-11-07 16:43:08,7.7379,385.3768,0.9988
2025-11-07 16:43:08,7.7362,341.6020,0.9990
2025-11-07 16:43:08,7.7346,394.2661,0.9988
2025-11-07 16:43:09,7.7346,394.0365,0.9988
2025-11-07 16:43:09,7.7333,397.0339,0.9988
2025-11-07 16:43:09,7.7341,418.5242,0.9987
2025-11-07 16:43:09,7.7363,348.5812,0.9989
2025-11-07 16:43:09,7.7403,410.1694,0.9988
2025-11-07 16:43:09,7.7416,400.8007,0.9988
2025-11-07 16:43:09,7.7428,428.5309,0.9987
2025-11-07 16:43:09,7.7418,464.5292,0.9986
2025-11-07 16:43:09,7.7415,459.5838,0.9986
2025-11-07 16:43:10,7.7421,456.5760,0.9986
2025-11-07 16:43:10,7.7423,460.4456,0.9986
2025-11-07 16:43:10,7.7424,454.6703,0.9986
2025-11-07 16:43:10,7.7419,446.5485,0.9987
2025-11-07 16:43:10,7.7411,450.4039,0.9986
2025-11-07 16:43:10,7.7412,450.7658,0.9986
2025-11-07 16:43:10,7.7434,376.4465,0.9989
2025-11-07 16:43:10,7.7436,379.6630,0.9989
2025-11-07 16:43:10,7.7410,404.7382,0.9988
2025-11-07 16:43:10,7.7411,406.9370,0.9988
2025-11-07 16:43:11,7.7388,478.0613,0.9986
2025-11-07 16:43:11,7.7391,482.3595,0.9985
2025-11-07 16:43:11,7.7397,475.6081,0.9986
2025-11-07 16:43:11,7.7398,478.3269,0.9986
2025-11-07 16:43:11,7.7388,512.8844,0.9984
2025-11-07 16:43:11,7.7395,525.8342,0.9984
2025-11-07 16:43:11,7.7392,527.9786,0.9984
2025-11-07 16:43:11,7.7392,526.1385,0.9984
2025-11-07 16:43:12,7.7411,458.9131,0.9986
2025-11-07 16:43:12,7.7409,453.8681,0.9986
2025-11-07 16:43:12,7.7417,445.2532,0.9987
2025-11-07 16:43:12,7.7415,438.4924,0.9987
2025-11-07 16:43:12,7.7402,482.5420,0.9985
2025-11-07 16:43:12,7.7383,449.3545,0.9986
2025-11-07 16:43:12,7.7339,499.8218,0.9985
2025-11-07 16:43:12,7.7340,503.3543,0.9985
2025-11-07 16:43:12,7.7332,529.1249,0.9984
2025-11-07 16:43:13,7.7343,553.1565,0.9983
2025-11-07 16:43:13,7.7341,557.1265,0.9983
2025-11-07 16:43:13,7.7336,540.5169,0.9983
2025-11-07 16:43:13,7.7339,530.0237,0.9984
2025-11-07 16:43:13,7.7353,563.7218,0.9983
2025-11-07 16:43:13,7.7348,573.1571,0.9983
2025-11-07 16:43:13,7.7341,553.8810,0.9983
2025-11-07 16:43:13,7.7349,528.0219,0.9984
2025-11-07 16:43:13,7.7345,518.7580,0.9984
2025-11-07 16:43:13,7.7406,444.4055,0.9987
2025-11-07 16:43:13,7.7411,454.4740,0.9986
2025-11-07 16:43:14,7.7408,464.1816,0.9986
2025-11-07 16:43:14,7.7405,459.2773,0.9986
2025-11-07 16:43:14,7.7409,457.1732,0.9986
2025-11-07 16:43:14,7.7414,469.4438,0.9986
2025-11-07 16:43:14,7.7412,475.9737,0.9986
2025-11-07 16:43:14,7.7409,470.9143,0.9986
2025-11-07 16:43:14,7.7411,469.8179,0.9986
2025-11-07 16:43:14,7.7401,443.5338,0.9987
2025-11-07 16:43:14,7.7403,437.1343,0.9987
2025-11-07 16:43:15,7.7406,444.3573,0.9987
2025-11-07 16:43:15,7.7397,450.1224,0.9986
2025-11-07 16:43:15,7.7405,471.6772,0.9986
2025-11-07 16:43:15,7.7408,462.0147,0.9986
2025-11-07 16:43:15,7.7411,467.9554,0.9986
2025-11-07 16:43:15,7.7420,461.6084,0.9986
2025-11-07 16:43:15,7.7404,424.7828,0.9987
2025-11-07 16:43:15,7.7404,424.7828,0.9987
2025-11-07 16:43:15,7.7406,428.1635,0.9987
2025-11-07 16:43:15,7.7415,424.3602,0.9987
2025-11-07 16:43:15,7.7420,436.3993,0.9987
2025-11-07 16:43:16,7.7412,464.4930,0.9986
2025-11-07 16:43:16,7.7409,457.0398,0.9986
2025-11-07 16:43:16,7.7392,464.7377,0.9986
2025-11-07 16:43:16,7.7391,462.6640,0.9986
2025-11-07 16:43:16,7.7399,435.5803,0.9987
2025-11-07 16:43:16,7.7401,438.7978,0.9987
2025-11-07 16:43:16,7.7411,433.0555,0.9987
2025-11-07 16:43:16,7.7406,423.5633,0.9987
2025-11-07 16:43:16,7.7406,423.5633,0.9987
2025-11-07 16:43:16,7.7410,431.5978,0.9987
2025-11-07 16:43:16,7.7412,430.6602,0.9987
2025-11-07 16:43:16,7.7415,437.0076,0.9987
2025-11-07 16:43:17,7.7415,437.0076,0.9987
2025-11-07 16:43:17,7.7411,428.7612,0.9987
2025-11-07 16:43:17,7.7410,429.1154,0.9987
2025-11-07 16:43:17,7.7410,428.1012,0.9987
2025-11-07 16:43:17,7.7410,428.1012,0.9987
2025-11-07 16:43:17,7.7413,433.8101,0.9987
2025-11-07 16:43:17,7.7410,435.2667,0.9987
2025-11-07 16:43:17,7.7415,447.7752,0.9987
2025-11-07 16:43:17,7.7415,447.7752,0.9987
2025-11-07 16:43:18,7.7409,436.0115,0.9987
2025-11-07 16:43:18,7.7401,441.3839,0.9987
2025-11-07 16:43:18,7.7402,443.9041,0.9987
2025-11-07 16:43:18,7.7404,434.1152,0.9987
2025-11-07 16:43:18,7.7378,388.8964,0.9988
2025-11-07 16:43:18,7.7377,389.8030,0.9988
2025-11-07 16:43:18,7.7377,391.2715,0.9988
2025-11-07 16:43:18,7.7361,445.0192,0.9986
2025-11-07 16:43:18,7.7378,474.3507,0.9986
2025-11-07 16:43:18,7.7377,474.7950,0.9986
2025-11-07 16:43:18,7.7377,474.7950,0.9986
2025-11-07 16:43:19,7.7365,521.2829,0.9984
2025-11-07 16:43:19,7.7367,526.0007,0.9984
2025-11-07 16:43:19,7.7355,534.1191,0.9984
2025-11-07 16:43:19,7.7353,529.1483,0.9984
2025-11-07 16:43:19,7.7374,453.9813,0.9986
2025-11-07 16:43:19,7.7377,458.8776,0.9986
2025-11-07 16:43:19,7.7368,467.9721,0.9986
2025-11-07 16:43:19,7.7371,477.8782,0.9985
2025-11-07 16:43:20,7.7376,462.6912,0.9986
2025-11-07 16:43:20,7.7365,441.8947,0.9987
2025-11-07 16:43:20,7.7370,436.6629,0.9987
2025-11-07 16:43:20,7.7376,453.6997,0.9986
2025-11-07 16:43:20,7.7376,453.6997,0.9986
2025-11-07 16:43:20,7.7362,430.5510,0.9987
2025-11-07 16:43:20,7.7355,437.1321,0.9987
2025-11-07 16:43:20,7.7345,405.6631,0.9988
2025-11-07 16:43:20,7.7345,405.6631,0.9988
2025-11-07 16:43:20,7.7342,401.1454,0.9988
2025-11-07 16:43:21,7.7375,380.1170,0.9988
2025-11-07 16:43:21,7.7366,358.9343,0.9989
2025-11-07 16:43:21,7.7366,358.9343,0.9989
2025-11-07 16:43:21,7.7387,391.7696,0.9988
2025-11-07 16:43:21,7.7388,391.3093,0.9988
2025-11-07 16:43:21,7.7388,392.3248,0.9988
2025-11-07 16:43:21,7.7386,401.6377,0.9988
2025-11-07 16:43:21,7.7392,414.2816,0.9987
2025-11-07 16:43:21,7.7394,413.4667,0.9987
2025-11-07 16:43:21,7.7399,424.2563,0.9987
2025-11-07 16:43:22,7.7402,414.7063,0.9987
2025-11-07 16:43:22,7.7387,389.2545,0.9988
2025-11-07 16:43:22,7.7387,389.3373,0.9988
2025-11-07 16:43:22,7.7387,390.0544,0.9988
2025-11-07 16:43:22,7.7387,390.0544,0.9988
2025-11-07 16:43:22,7.7394,401.3118,0.9988
2025-11-07 16:43:22,7.7376,411.0388,0.9988
2025-11-07 16:43:22,7.7375,408.2457,0.9988
2025-11-07 16:43:22,7.7375,408.2457,0.9988
2025-11-07 16:43:22,7.7374,406.2641,0.9988
2025-11-07 16:43:23,7.7390,397.6381,0.9988
2025-11-07 16:43:23,7.7393,404.4778,0.9988
2025-11-07 16:43:23,7.7393,404.4778,0.9988
2025-11-07 16:43:23,7.7403,423.9943,0.9987
2025-11-07 16:43:23,7.7407,422.4524,0.9987
2025-11-07 16:43:23,7.7412,434.3652,0.9987
2025-11-07 16:43:23,7.7412,434.3652,0.9987
2025-11-07 16:43:23,7.7413,436.6931,0.9987
2025-11-07 16:43:23,7.7413,436.7168,0.9987
2025-11-07 16:43:23,7.7404,416.4728,0.9987
2025-11-07 16:43:24,7.7404,416.4728,0.9987
2025-11-07 16:43:24,7.7386,384.1211,0.9988
2025-11-07 16:43:24,7.7383,385.0540,0.9988
2025-11-07 16:43:24,7.7382,383.5635,0.9988
2025-11-07 16:43:24,7.7376,404.8807,0.9988
2025-11-07 16:43:24,7.7380,410.6662,0.9988
2025-11-07 16:43:24,7.7377,411.5015,0.9988
2025-11-07 16:43:24,7.7367,387.3481,0.9988
2025-11-07 16:43:24,7.7373,366.4131,0.9989
2025-11-07 16:43:24,7.7365,353.4404,0.9989
2025-11-07 16:43:25,7.7360,355.0442,0.9989
2025-11-07 16:43:25,7.7355,343.5578,0.9990
2025-11-07 16:43:25,7.7355,343.5578,0.9990
2025-11-07 16:43:25,7.7359,349.3818,0.9989
2025-11-07 16:43:25,7.7341,358.8158,0.9989
2025-11-07 16:43:25,7.7323,322.1537,0.9990
2025-11-07 16:43:25,7.7323,322.1537,0.9990
2025-11-07 16:43:25,7.7323,322.1537,0.9990
2025-11-07 16:43:25,7.7344,313.9995,0.9990
2025-11-07 16:43:25,7.7359,341.0842,0.9990
2025-11-07 16:43:26,7.7362,332.0740,0.9990
2025-11-07 16:43:26,7.7357,323.3376,0.9990
2025-11-07 16:43:26,7.7347,326.7412,0.9990
2025-11-07 16:43:26,7.7361,357.6266,0.9989
2025-11-07 16:43:26,7.7359,363.4513,0.9989
2025-11-07 16:43:26,7.7378,397.0332,0.9988
2025-11-07 16:43:26,7.7393,389.5266,0.9988
2025-11-07 16:43:26,7.7392,388.7535,0.9988
2025-11-07 16:43:26,7.7389,401.4982,0.9988
2025-11-07 16:43:26,7.7385,393.8233,0.9988
2025-11-07 16:43:27,7.7372,399.0914,0.9988
2025-11-07 16:43:27,7.7376,409.1366,0.9988
2025-11-07 16:43:27,7.7379,399.9788,0.9988
2025-11-07 16:43:27,7.7381,403.2991,0.9988
2025-11-07 16:43:27,7.7386,400.3233,0.9988
2025-11-07 16:43:27,7.7378,381.6482,0.9988
2025-11-07 16:43:27,7.7378,381.6482,0.9988
2025-11-07 16:43:27,7.7374,373.5106,0.9989
2025-11-07 16:43:27,7.7379,371.7192,0.9989
2025-11-07 16:43:27,7.7380,374.0728,0.9989
2025-11-07 16:43:28,7.7380,374.0728,0.9989
2025-11-07 16:43:28,7.7381,376.5828,0.9989
2025-11-07 16:43:28,7.7378,377.5627,0.9989
2025-11-07 16:43:28,7.7386,395.0044,0.9988
2025-11-07 16:43:28,7.7386,395.0044,0.9988
2025-11-07 16:43:28,7.7388,397.6512,0.9988
2025-11-07 16:43:28,7.7393,395.4249,0.9988
2025-11-07 16:43:28,7.7393,393.8988,0.9988
2025-11-07 16:43:29,7.7393,393.8988,0.9988
2025-11-07 16:43:29,7.7380,372.6663,0.9989
2025-11-07 16:43:29,7.7377,373.2915,0.9989
2025-11-07 16:43:29,7.7369,353.9677,0.9989
2025-11-07 16:43:29,7.7369,353.9677,0.9989
2025-11-07 16:43:29,7.7387,385.7831,0.9988
2025-11-07 16:43:29,7.7380,388.4560,0.9988
2025-11-07 16:43:29,7.7385,398.2017,0.9988
2025-11-07 16:43:29,7.7385,398.2017,0.9988
2025-11-07 16:43:29,7.7381,391.3020,0.9988
2025-11-07 16:43:29,7.7358,408.0001,0.9988
2025-11-07 16:43:30,7.7331,351.1796,0.9989
2025-11-07 16:43:30,7.7326,365.0399,0.9989
2025-11-07 16:43:30,7.7329,371.3177,0.9989
2025-11-07 16:43:30,7.7348,360.6952,0.9989
2025-11-07 16:43:30,7.7356,375.7921,0.9989
2025-11-07 16:43:30,7.7361,361.0742,0.9989
2025-11-07 16:43:30,7.7373,388.8835,0.9988
2025-11-07 16:43:30,7.7389,382.5688,0.9988
2025-11-07 16:43:30,7.7389,382.8299,0.9988
2025-11-07 16:43:31,7.7389,382.8299,0.9988
2025-11-07 16:43:31,7.7391,386.6884,0.9988
2025-11-07 16:43:31,7.7391,386.6884,0.9988
2025-11-07 16:43:31,7.7402,406.2864,0.9988
2025-11-07 16:43:31,7.7402,406.2864,0.9988
2025-11-07 16:43:31,7.7391,383.4802,0.9988
2025-11-07 16:43:31,7.7386,385.2080,0.9988
2025-11-07 16:43:31,7.7388,390.5937,0.9988
2025-11-07 16:43:31,7.7388,390.5937,0.9988
2025-11-07 16:43:31,7.7396,406.7675,0.9988
2025-11-07 16:43:32,7.7387,411.3512,0.9988
2025-11-07 16:43:32,7.7399,437.0833,0.9987
2025-11-07 16:43:32,7.7399,437.0833,0.9987
2025-11-07 16:43:32,7.7395,428.9510,0.9987
2025-11-07 16:43:32,7.7405,423.5907,0.9987
2025-11-07 16:43:32,7.7396,404.7424,0.9988
2025-11-07 16:43:32,7.7396,404.7424,0.9988
2025-11-07 16:43:32,7.7388,388.2198,0.9988
2025-11-07 16:43:32,7.7390,387.4172,0.9988
2025-11-07 16:43:32,7.7377,362.1960,0.9989
2025-11-07 16:43:33,7.7377,362.1960,0.9989
2025-11-07 16:43:33,7.7383,373.4716,0.9989
2025-11-07 16:43:33,7.7364,381.9821,0.9988
2025-11-07 16:43:33,7.7388,433.8806,0.9987
2025-11-07 16:43:33,7.7388,433.8806,0.9987
2025-11-07 16:43:33,7.7376,410.2857,0.9988
2025-11-07 16:43:33,7.7371,413.6135,0.9987
2025-11-07 16:43:33,7.7364,394.8071,0.9988
2025-11-07 16:43:33,7.7366,385.7077,0.9988
2025-11-07 16:43:33,7.7374,399.9370,0.9988
2025-11-07 16:43:34,7.7386,391.1786,0.9988
2025-11-07 16:43:34,7.7399,421.1950,0.9987
2025-11-07 16:43:34,7.7407,395.5527,0.9988
2025-11-07 16:43:34,7.7409,399.6948,0.9988
2025-11-07 16:43:34,7.7365,448.7433,0.9986
2025-11-07 16:43:34,7.7373,469.2891,0.9986
2025-11-07 16:43:34,7.7387,427.1764,0.9987
2025-11-07 16:43:34,7.7389,431.4259,0.9987
2025-11-07 16:43:34,7.7414,395.3687,0.9988
2025-11-07 16:43:34,7.7414,395.0630,0.9988
2025-11-07 16:43:35,7.7400,439.5656,0.9987
2025-11-07 16:43:35,7.7405,450.1659,0.9986
2025-11-07 16:43:35,7.7380,485.2861,0.9985
2025-11-07 16:43:35,7.7369,456.1015,0.9986
2025-11-07 16:43:35,7.7359,485.8110,0.9985
2025-11-07 16:43:35,7.7363,494.7961,0.9985
2025-11-07 16:43:35,7.7415,440.7068,0.9987
2025-11-07 16:43:35,7.7407,423.5403,0.9987
2025-11-07 16:43:36,7.7406,427.0172,0.9987
2025-11-07 16:43:36,7.7406,427.3115,0.9987
2025-11-07 16:43:36,7.7398,432.1929,0.9987
2025-11-07 16:43:36,7.7399,434.5949,0.9987
2025-11-07 16:43:36,7.7399,434.5949,0.9987
2025-11-07 16:43:36,7.7399,433.5810,0.9987
2025-11-07 16:43:36,7.7396,435.5232,0.9987
2025-11-07 16:43:36,7.7397,439.3361,0.9987
2025-11-07 16:43:36,7.7386,480.0996,0.9985
2025-11-07 16:43:37,7.7385,478.3596,0.9986
2025-11-07 16:43:37,7.7383,479.8028,0.9985
2025-11-07 16:43:37,7.7388,490.9718,0.9985
2025-11-07 16:43:37,7.7395,463.2723,0.9986
2025-11-07 16:43:37,7.7384,440.0502,0.9987
2025-11-07 16:43:37,7.7397,432.5937,0.9987
2025-11-07 16:43:37,7.7395,426.4572,0.9987
2025-11-07 16:43:38,7.7389,446.8041,0.9986
2025-11-07 16:43:38,7.7401,471.3945,0.9986
2025-11-07 16:43:38,7.7393,475.9327,0.9986
2025-11-07 16:43:38,7.7393,476.0987,0.9986
2025-11-07 16:43:38,7.7402,442.3340,0.9987
2025-11-07 16:43:38,7.7392,420.7947,0.9987
2025-11-07 16:43:38,7.7403,415.1527,0.9987
2025-11-07 16:43:38,7.7408,426.3847,0.9987
2025-11-07 16:43:38,7.7408,426.3847,0.9987
2025-11-07 16:43:38,7.7413,435.8596,0.9987
2025-11-07 16:43:39,7.7413,435.7648,0.9987
2025-11-07 16:43:39,7.7407,423.1826,0.9987
2025-11-07 16:43:39,7.7407,423.1826,0.9987
2025-11-07 16:43:39,7.7414,436.8690,0.9987
2025-11-07 16:43:39,7.7394,450.2430,0.9986
2025-11-07 16:43:39,7.7405,476.3357,0.9986
2025-11-07 16:43:39,7.7395,510.2691,0.9985
2025-11-07 16:43:39,7.7392,503.0471,0.9985
2025-11-07 16:43:39,7.7408,492.0405,0.9985
2025-11-07 16:43:40,7.7397,466.9333,0.9986
2025-11-07 16:43:40,7.7407,432.9111,0.9987
2025-11-07 16:43:40,7.7400,419.1973,0.9987
2025-11-07 16:43:40,7.7403,417.7680,0.9987
2025-11-07 16:43:40,7.7400,410.2847,0.9988
2025-11-07 16:43:40,7.7400,410.2847,0.9988
2025-11-07 16:43:40,7.7403,416.6767,0.9987
2025-11-07 16:43:40,7.7398,419.1735,0.9987
2025-11-07 16:43:40,7.7399,422.7273,0.9987
2025-11-07 16:43:40,7.7399,422.7273,0.9987
2025-11-07 16:43:41,7.7403,429.2922,0.9987
2025-11-07 16:43:41,7.7369,458.7695,0.9986
2025-11-07 16:43:41,7.7367,452.2430,0.9986
2025-11-07 16:43:41,7.7360,472.9797,0.9986
2025-11-07 16:43:41,7.7363,479.6644,0.9985
2025-11-07 16:43:41,7.7336,517.3670,0.9984
2025-11-07 16:43:41,7.7337,519.2353,0.9984
2025-11-07 16:43:41,7.7337,519.2353,0.9984
2025-11-07 16:43:41,7.7328,496.3498,0.9985
2025-11-07 16:43:41,7.7329,494.7980,0.9985
2025-11-07 16:43:42,7.7344,539.4449,0.9984
2025-11-07 16:43:42,7.7341,551.4459,0.9983
2025-11-07 16:43:42,7.7349,572.2606,0.9983
2025-11-07 16:43:42,7.7361,553.9966,0.9983
2025-11-07 16:43:42,7.7362,558.8931,0.9983
2025-11-07 16:43:42,7.7372,525.3974,0.9984
2025-11-07 16:43:42,7.7359,496.4015,0.9985
2025-11-07 16:43:42,7.7423,439.1476,0.9987
2025-11-07 16:43:42,7.7425,446.0408,0.9987
2025-11-07 16:43:42,7.7425,446.0408,0.9987
2025-11-07 16:43:42,7.7423,443.2121,0.9987
2025-11-07 16:43:43,7.7416,446.1104,0.9987
2025-11-07 16:43:43,7.7411,433.2899,0.9987
2025-11-07 16:43:43,7.7377,560.4668,0.9983
2025-11-07 16:43:43,7.7384,572.5998,0.9983
2025-11-07 16:43:43,7.7386,571.9913,0.9983
2025-11-07 16:43:43,7.7384,564.8952,0.9983
2025-11-07 16:43:43,7.7417,436.4372,0.9987
2025-11-07 16:43:43,7.7413,428.7214,0.9987
2025-11-07 16:43:43,7.7364,469.0094,0.9986
2025-11-07 16:43:43,7.7367,477.0846,0.9985
2025-11-07 16:43:43,7.7362,493.0395,0.9985
2025-11-07 16:43:44,7.7361,490.9225,0.9985
2025-11-07 16:43:44,7.7358,495.7725,0.9985
2025-11-07 16:43:44,7.7361,507.1855,0.9985
2025-11-07 16:43:44,7.7360,511.9993,0.9984
2025-11-07 16:43:44,7.7361,514.9002,0.9984
2025-11-07 16:43:44,7.7402,474.7024,0.9986
2025-11-07 16:43:44,7.7393,449.3166,0.9986
2025-11-07 16:43:44,7.7393,449.3166,0.9986
2025-11-07 16:43:44,7.7384,433.0242,0.9987
2025-11-07 16:43:44,7.7389,430.6292,0.9987
2025-11-07 16:43:45,7.7396,446.7170,0.9986
2025-11-07 16:43:45,7.7405,414.8221,0.9987
2025-11-07 16:43:45,7.7412,425.9722,0.9987
2025-11-07 16:43:45,7.7409,427.4477,0.9987
2025-11-07 16:43:45,7.7408,425.7198,0.9987
2025-11-07 16:43:45,7.7390,490.7593,0.9985
2025-11-07 16:43:45,7.7388,486.5615,0.9985
2025-11-07 16:43:45,7.7391,485.3984,0.9985
2025-11-07 16:43:45,7.7389,480.7536,0.9985
2025-11-07 16:43:45,7.7395,459.5432,0.9986
2025-11-07 16:43:46,7.7406,481.7721,0.9985
2025-11-07 16:43:46,7.7409,480.5580,0.9986
2025-11-07 16:43:46,7.7405,469.3092,0.9986
2025-11-07 16:43:46,7.7414,434.8428,0.9987
2025-11-07 16:43:46,7.7401,410.7980,0.9988
2025-11-07 16:43:46,7.7397,412.5473,0.9988
2025-11-07 16:43:46,7.7391,398.3159,0.9988
2025-11-07 16:43:46,7.7384,419.9660,0.9987
2025-11-07 16:43:46,7.7401,453.5910,0.9986
2025-11-07 16:43:46,7.7410,450.2570,0.9986
2025-11-07 16:43:47,7.7412,453.9372,0.9986
2025-11-07 16:43:47,7.7418,431.1977,0.9987
2025-11-07 16:43:47,7.7413,421.1173,0.9987
2025-11-07 16:43:47,7.7412,421.5202,0.9987
2025-11-07 16:43:47,7.7414,427.4656,0.9987
2025-11-07 16:43:47,7.7410,443.7295,0.9987
2025-11-07 16:43:47,7.7414,451.5524,0.9986
2025-11-07 16:43:47,7.7417,450.4615,0.9986
2025-11-07 16:43:47,7.7411,438.3398,0.9987
2025-11-07 16:43:48,7.7416,422.0278,0.9987
2025-11-07 16:43:48,7.7411,411.8342,0.9988
2025-11-07 16:43:48,7.7411,411.8342,0.9988
2025-11-07 16:43:48,7.7411,411.2686,0.9988
2025-11-07 16:43:48,7.7411,411.2686,0.9988
2025-11-07 16:43:48,7.7406,402.9939,0.9988
2025-11-07 16:43:48,7.7375,419.6441,0.9987
2025-11-07 16:43:48,7.7381,434.9881,0.9987
2025-11-07 16:43:48,7.7381,434.9881,0.9987
2025-11-07 16:43:49,7.7388,449.4002,0.9986
2025-11-07 16:43:49,7.7401,439.2136,0.9987
2025-11-07 16:43:49,7.7401,439.2136,0.9987
2025-11-07 16:43:49,7.7394,461.2789,0.9986
2025-11-07 16:43:49,7.7384,441.6697,0.9987
2025-11-07 16:43:49,7.7391,438.2679,0.9987
2025-11-07 16:43:49,7.7382,416.7918,0.9987
2025-11-07 16:43:49,7.7388,395.2296,0.9988
2025-11-07 16:43:49,7.7387,392.0169,0.9988
2025-11-07 16:43:50,7.7381,394.8383,0.9988
2025-11-07 16:43:50,7.7382,398.4438,0.9988
2025-11-07 16:43:50,7.7372,432.4360,0.9987
2025-11-07 16:43:50,7.7384,456.8789,0.9986
2025-11-07 16:43:50,7.7392,453.3045,0.9986
2025-11-07 16:43:50,7.7397,465.9155,0.9986
2025-11-07 16:43:50,7.7407,430.3547,0.9987
2025-11-07 16:43:50,7.7407,429.6531,0.9987
2025-11-07 16:43:50,7.7415,426.0472,0.9987
2025-11-07 16:43:50,7.7413,420.9902,0.9987
2025-11-07 16:43:50,7.7413,420.9902,0.9987
2025-11-07 16:43:51,7.7413,420.7379,0.9987
2025-11-07 16:43:51,7.7413,420.7379,0.9987
2025-11-07 16:43:51,7.7415,426.7506,0.9987
2025-11-07 16:43:51,7.7415,426.7506,0.9987
2025-11-07 16:43:51,7.7412,420.4332,0.9987
2025-11-07 16:43:51,7.7399,426.2469,0.9987
2025-11-07 16:43:51,7.7398,422.4755,0.9987
2025-11-07 16:43:51,7.7398,422.4755,0.9987
2025-11-07 16:43:51,7.7405,437.3364,0.9987
2025-11-07 16:43:51,7.7401,439.6513,0.9987
2025-11-07 16:43:51,7.7401,439.4614,0.9987
2025-11-07 16:43:52,7.7401,439.4614,0.9987
2025-11-07 16:43:52,7.7391,417.8466,0.9987
2025-11-07 16:43:52,7.7394,415.9138,0.9987
2025-11-07 16:43:52,7.7386,397.8781,0.9988
2025-11-07 16:43:52,7.7378,424.3002,0.9987
2025-11-07 16:43:52,7.7385,438.0422,0.9987
2025-11-07 16:43:52,7.7366,450.7116,0.9986
2025-11-07 16:43:52,7.7374,471.0048,0.9986
2025-11-07 16:43:52,7.7382,444.7405,0.9987
2025-11-07 16:43:52,7.7382,444.1160,0.9987
2025-11-07 16:43:52,7.7380,445.5391,0.9986
2025-11-07 16:43:53,7.7380,446.0865,0.9986
2025-11-07 16:43:53,7.7380,446.0865,0.9986
2025-11-07 16:43:53,7.7388,463.4651,0.9986
2025-11-07 16:43:53,7.7387,464.8049,0.9986
2025-11-07 16:43:53,7.7391,473.9660,0.9986
2025-11-07 16:43:53,7.7391,473.9660,0.9986
2025-11-07 16:43:53,7.7385,460.3812,0.9986
2025-11-07 16:43:53,7.7412,438.9908,0.9987
2025-11-07 16:43:53,7.7412,439.3801,0.9987
2025-11-07 16:43:53,7.7412,439.3801,0.9987
2025-11-07 16:43:53,7.7398,413.5293,0.9988
2025-11-07 16:43:54,7.7398,413.5293,0.9988
2025-11-07 16:43:54,7.7395,406.2878,0.9988
2025-11-07 16:43:54,7.7395,406.2878,0.9988
2025-11-07 16:43:54,7.7402,417.6480,0.9987
2025-11-07 16:43:54,7.7401,418.1015,0.9987
2025-11-07 16:43:54,7.7403,422.8452,0.9987
2025-11-07 16:43:54,7.7385,485.9809,0.9985
2025-11-07 16:43:54,7.7389,492.9146,0.9985
2025-11-07 16:43:54,7.7383,495.5630,0.9985
2025-11-07 16:43:55,7.7386,503.3417,0.9985
2025-11-07 16:43:55,7.7403,440.1124,0.9987
2025-11-07 16:43:55,7.7406,445.5438,0.9987
2025-11-07 16:43:55,7.7412,442.0322,0.9987
2025-11-07 16:43:55,7.7414,446.6751,0.9987
2025-11-07 16:43:55,7.7407,469.2606,0.9986
2025-11-07 16:43:55,7.7413,481.4517,0.9985
2025-11-07 16:43:55,7.7396,493.9103,0.9985
2025-11-07 16:43:55,7.7401,506.7220,0.9985
2025-11-07 16:43:56,7.7394,530.3984,0.9984
2025-11-07 16:43:56,7.7396,533.6724,0.9984
2025-11-07 16:43:56,7.7397,533.0067,0.9984
2025-11-07 16:43:56,7.7399,539.6361,0.9984
2025-11-07 16:43:56,7.7412,493.2321,0.9985
2025-11-07 16:43:56,7.7405,479.8155,0.9986
2025-11-07 16:43:56,7.7411,474.9095,0.9986
2025-11-07 16:43:56,7.7411,474.8528,0.9986
2025-11-07 16:43:56,7.7403,504.8213,0.9985
2025-11-07 16:43:56,7.7403,506.3286,0.9985
2025-11-07 16:43:57,7.7414,499.0439,0.9985
2025-11-07 16:43:57,7.7404,472.4219,0.9986
2025-11-07 16:43:57,7.7412,442.4122,0.9987
2025-11-07 16:43:57,7.7415,447.5201,0.9987
2025-11-07 16:43:57,7.7415,447.5201,0.9987
2025-11-07 16:43:57,7.7421,462.7087,0.9986
2025-11-07 16:43:57,7.7416,479.1807,0.9986
2025-11-07 16:43:57,7.7416,477.9509,0.9986
2025-11-07 16:43:57,7.7416,477.6247,0.9986
2025-11-07 16:43:57,7.7418,481.2783,0.9986
2025-11-07 16:43:58,7.7418,481.2783,0.9986
2025-11-07 16:43:58,7.7418,481.3127,0.9986
2025-11-07 16:43:58,7.7425,477.9142,0.9986
2025-11-07 16:43:58,7.7427,484.1893,0.9985
2025-11-07 16:43:58,7.7432,467.4137,0.9986
2025-11-07 16:43:58,7.7435,474.4789,0.9986
2025-11-07 16:43:58,7.7428,478.7143,0.9986
2025-11-07 16:43:58,7.7423,467.2526,0.9986
2025-11-07 16:43:58,7.7415,496.5457,0.9985
2025-11-07 16:43:58,7.7419,503.8712,0.9985
2025-11-07 16:43:58,7.7395,523.4156,0.9984
2025-11-07 16:43:59,7.7395,523.3916,0.9984
2025-11-07 16:43:59,7.7381,575.2709,0.9983
2025-11-07 16:43:59,7.7373,557.4141,0.9983
2025-11-07 16:43:59,7.7397,541.1119,0.9984
2025-11-07 16:43:59,7.7383,504.5862,0.9985
2025-11-07 16:43:59,7.7398,446.5392,0.9987
2025-11-07 16:43:59,7.7404,459.0636,0.9986
2025-11-07 16:43:59,7.7405,458.7638,0.9986
2025-11-07 16:43:59,7.7408,466.6795,0.9986
2025-11-07 16:43:59,7.7414,444.0695,0.9987
2025-11-07 16:43:59,7.7408,430.2075,0.9987
2025-11-07 16:43:59,7.7410,429.0841,0.9987
2025-11-07 16:44:00,7.7400,406.9547,0.9988
2025-11-07 16:44:00,7.7400,406.9547,0.9988
2025-11-07 16:44:00,7.7406,421.1852,0.9987
2025-11-07 16:44:00,7.7408,420.6256,0.9987
2025-11-07 16:44:00,7.7417,440.3172,0.9987
2025-11-07 16:44:00,7.7407,476.0162,0.9986
2025-11-07 16:44:00,7.7412,487.4313,0.9985
2025-11-07 16:44:00,7.7372,520.2256,0.9984
2025-11-07 16:44:00,7.7367,508.1357,0.9985
2025-11-07 16:44:00,7.7380,465.4912,0.9986
2025-11-07 16:44:00,7.7386,480.6135,0.9985
2025-11-07 16:44:01,7.7411,454.0616,0.9986
2025-11-07 16:44:01,7.7416,463.7075,0.9986
2025-11-07 16:44:01,7.7414,470.1848,0.9986
2025-11-07 16:44:01,7.7414,470.1848,0.9986
2025-11-07 16:44:01,7.7322,622.8396,0.9981
2025-11-07 16:44:01,7.7319,613.6275,0.9981
2025-11-07 16:44:01,7.7321,608.2222,0.9981
2025-11-07 16:44:01,7.7321,608.2222,0.9981
2025-11-07 16:44:01,7.7316,618.5218,0.9981
2025-11-07 16:44:01,7.7310,601.5601,0.9982
2025-11-07 16:44:02,7.7302,623.9371,0.9981
2025-11-07 16:44:02,7.7298,610.5602,0.9981
2025-11-07 16:44:02,7.7347,513.1432,0.9984
2025-11-07 16:44:02,7.7355,531.4082,0.9984
2025-11-07 16:44:02,7.7355,530.4161,0.9984
2025-11-07 16:44:02,7.7351,519.8024,0.9984
2025-11-07 16:44:02,7.7345,530.2261,0.9984
2025-11-07 16:44:02,7.7348,538.7156,0.9984
2025-11-07 16:44:02,7.7352,524.1608,0.9984
2025-11-07 16:44:02,7.7352,524.0587,0.9984
2025-11-07 16:44:03,7.7368,498.8943,0.9985
2025-11-07 16:44:03,7.7368,498.6019,0.9985
2025-11-07 16:44:03,7.7362,519.4206,0.9984
2025-11-07 16:44:03,7.7369,540.4428,0.9984
2025-11-07 16:44:03,7.7398,505.1993,0.9985
2025-11-07 16:44:03,7.7400,509.1626,0.9985
2025-11-07 16:44:03,7.7406,486.8449,0.9985
2025-11-07 16:44:03,7.7394,458.0028,0.9986
2025-11-07 16:44:03,7.7413,444.3552,0.9987
2025-11-07 16:44:03,7.7414,446.3315,0.9987
2025-11-07 16:44:04,7.7414,446.3315,0.9987
2025-11-07 16:44:04,7.7420,460.5794,0.9986
2025-11-07 16:44:04,7.7412,466.1993,0.9986
2025-11-07 16:44:04,7.7409,459.4633,0.9986
2025-11-07 16:44:04,7.7403,481.8697,0.9985
2025-11-07 16:44:04,7.7399,473.9368,0.9986
2025-11-07 16:44:04,7.7400,473.4959,0.9986
2025-11-07 16:44:04,7.7398,468.2192,0.9986
2025-11-07 16:44:04,7.7404,446.0173,0.9987
2025-11-07 16:44:04,7.7391,418.4799,0.9987
2025-11-07 16:44:05,7.7411,410.0165,0.9988
2025-11-07 16:44:05,7.7409,404.2765,0.9988
2025-11-07 16:44:05,7.7409,404.2765,0.9988
2025-11-07 16:44:05,7.7409,404.2870,0.9988
2025-11-07 16:44:05,7.7395,408.7614,0.9988
2025-11-07 16:44:05,7.7401,421.6743,0.9987
2025-11-07 16:44:05,7.7401,421.6743,0.9987
2025-11-07 16:44:05,7.7400,419.0426,0.9987
2025-11-07 16:44:05,7.7401,418.3877,0.9987
2025-11-07 16:44:05,7.7406,429.6010,0.9987
2025-11-07 16:44:05,7.7406,429.6010,0.9987
2025-11-07 16:44:06,7.7392,405.7082,0.9988
2025-11-07 16:44:06,7.7394,405.2392,0.9988
2025-11-07 16:44:06,7.7384,382.1384,0.9988
2025-11-07 16:44:06,7.7384,382.1384,0.9988
2025-11-07 16:44:06,7.7403,418.6134,0.9987
2025-11-07 16:44:06,7.7400,420.1173,0.9987
2025-11-07 16:44:06,7.7407,434.4584,0.9987
2025-11-07 16:44:06,7.7399,461.8975,0.9986
2025-11-07 16:44:06,7.7406,476.9353,0.9986
2025-11-07 16:44:06,7.7400,480.4695,0.9985
2025-11-07 16:44:06,7.7397,474.0975,0.9986
2025-11-07 16:44:07,7.7434,353.8384,0.9989
2025-11-07 16:44:07,7.7432,350.2033,0.9989
2025-11-07 16:44:07,7.7397,391.1664,0.9988
2025-11-07 16:44:07,7.7389,372.3334,0.9989
2025-11-07 16:44:07,7.7382,390.4810,0.9988
2025-11-07 16:44:07,7.7387,401.3651,0.9988
2025-11-07 16:44:07,7.7383,406.2165,0.9988
2025-11-07 16:44:07,7.7386,410.9302,0.9988
2025-11-07 16:44:07,7.7378,432.7501,0.9987
2025-11-07 16:44:07,7.7385,450.8541,0.9986
2025-11-07 16:44:08,7.7408,421.3393,0.9987
2025-11-07 16:44:08,7.7409,423.5243,0.9987
2025-11-07 16:44:08,7.7395,468.3164,0.9986
2025-11-07 16:44:08,7.7385,443.6192,0.9987
2025-11-07 16:44:08,7.7339,508.1967,0.9984
2025-11-07 16:44:08,7.7340,510.6863,0.9984
2025-11-07 16:44:08,7.7339,513.7494,0.9984
2025-11-07 16:44:08,7.7333,498.9270,0.9985
2025-11-07 16:44:08,7.7237,747.9185,0.9977
2025-11-07 16:44:08,7.7224,709.0948,0.9978
2025-11-07 16:44:09,7.7248,657.8030,0.9980
2025-11-07 16:44:09,7.7250,664.7140,0.9979
2025-11-07 16:44:09,7.7292,532.3370,0.9984
2025-11-07 16:44:09,7.7276,494.4024,0.9985
2025-11-07 16:44:09,7.7246,567.5594,0.9982
2025-11-07 16:44:09,7.7252,589.6700,0.9982
2025-11-07 16:44:09,7.7326,450.4503,0.9986
2025-11-07 16:44:09,7.7330,458.0266,0.9986
2025-11-07 16:44:09,7.7337,436.3671,0.9987
2025-11-07 16:44:10,7.7337,434.4351,0.9987
2025-11-07 16:44:10,7.7347,421.7083,0.9987
2025-11-07 16:44:10,7.7341,410.7403,0.9987
2025-11-07 16:44:10,7.7341,410.7403,0.9987
2025-11-07 16:44:10,7.7341,410.7403,0.9987
2025-11-07 16:44:10,7.7350,401.6975,0.9988
2025-11-07 16:44:10,7.7333,377.2117,0.9988
2025-11-07 16:44:10,7.7327,396.5956,0.9988
2025-11-07 16:44:10,7.7333,414.1541,0.9987
2025-11-07 16:44:10,7.7361,399.9151,0.9988
2025-11-07 16:44:10,7.7318,372.9961,0.9989
2025-11-07 16:44:11,7.7325,353.9576,0.9989
2025-11-07 16:44:11,7.7316,328.6175,0.9990
2025-11-07 16:44:11,7.7315,328.5657,0.9990
2025-11-07 16:44:11,7.7403,428.6809,0.9987
2025-11-07 16:44:11,7.7403,428.6809,0.9987
2025-11-07 16:44:11,7.7397,414.9672,0.9987
2025-11-07 16:44:12,7.7401,412.7828,0.9988
2025-11-07 16:44:12,7.7402,415.2558,0.9987
2025-11-07 16:44:12,7.7402,415.2558,0.9987
2025-11-07 16:44:12,7.7412,435.6819,0.9987
2025-11-07 16:44:12,7.7410,436.2479,0.9987
2025-11-07 16:44:12,7.7393,403.6567,0.9988
2025-11-07 16:44:12,7.7387,425.4001,0.9987
2025-11-07 16:44:12,7.7387,425.2258,0.9987
2025-11-07 16:44:12,7.7379,428.4483,0.9987
2025-11-07 16:44:12,7.7390,448.4155,0.9986
2025-11-07 16:44:13,7.7396,426.5359,0.9987
2025-11-07 16:44:13,7.7387,404.9925,0.9988
2025-11-07 16:44:13,7.7386,405.6686,0.9988
2025-11-07 16:44:13,7.7395,426.4090,0.9987
2025-11-07 16:44:13,7.7395,426.4090,0.9987
2025-11-07 16:44:13,7.7390,415.4556,0.9987
2025-11-07 16:44:13,7.7402,409.4828,0.9988
2025-11-07 16:44:13,7.7402,408.5131,0.9988
2025-11-07 16:44:13,7.7402,408.5131,0.9988
2025-11-07 16:44:13,7.7403,411.3645,0.9988
2025-11-07 16:44:14,7.7398,413.8073,0.9987
2025-11-07 16:44:14,7.7405,429.7054,0.9987
2025-11-07 16:44:14,7.7405,429.7054,0.9987
2025-11-07 16:44:14,7.7408,435.8855,0.9987
2025-11-07 16:44:14,7.7392,447.3392,0.9986
2025-11-07 16:44:14,7.7389,441.5824,0.9987
2025-11-07 16:44:14,7.7373,499.1359,0.9985
2025-11-07 16:44:14,7.7364,479.2591,0.9985
2025-11-07 16:44:14,7.7367,476.8456,0.9986
2025-11-07 16:44:14,7.7373,491.9870,0.9985
2025-11-07 16:44:14,7.7385,449.9684,0.9986
2025-11-07 16:44:15,7.7392,463.8768,0.9986
2025-11-07 16:44:15,7.7389,466.0694,0.9986
2025-11-07 16:44:15,7.7396,483.7958,0.9985
2025-11-07 16:44:15,7.7400,467.9060,0.9986
2025-11-07 16:44:15,7.7388,443.9577,0.9987
2025-11-07 16:44:15,7.7408,431.3299,0.9987
2025-11-07 16:44:15,7.7402,414.9087,0.9987
2025-11-07 16:44:15,7.7402,414.9087,0.9987
2025-11-07 16:44:15,7.7390,397.1257,0.9988
2025-11-07 16:44:15,7.7391,396.9559,0.9988
2025-11-07 16:44:15,7.7394,404.8511,0.9988
2025-11-07 16:44:16,7.7385,435.3944,0.9987
2025-11-07 16:44:16,7.7407,472.9019,0.9986
2025-11-07 16:44:16,7.7394,479.9754,0.9985
2025-11-07 16:44:16,7.7389,466.8692,0.9986
2025-11-07 16:44:16,7.7422,358.0723,0.9989
2025-11-07 16:44:16,7.7429,372.6038,0.9989
2025-11-07 16:44:16,7.7424,377.2240,0.9989
2025-11-07 16:44:16,7.7415,356.5225,0.9989
2025-11-07 16:44:16,7.7391,433.4854,0.9987
2025-11-07 16:44:16,7.7391,433.9052,0.9987
2025-11-07 16:44:17,7.7393,432.7361,0.9987
2025-11-07 16:44:17,7.7407,467.9450,0.9986
2025-11-07 16:44:17,7.7392,523.7569,0.9984
2025-11-07 16:44:17,7.7400,542.2222,0.9984
2025-11-07 16:44:17,7.7406,537.4591,0.9984
2025-11-07 16:44:17,7.7403,529.1614,0.9984
2025-11-07 16:44:17,7.7407,514.5890,0.9984
2025-11-07 16:44:17,7.7409,520.4064,0.9984
2025-11-07 16:44:17,7.7415,516.7397,0.9984
2025-11-07 16:44:17,7.7414,513.3545,0.9985
2025-11-07 16:44:18,7.7425,470.5494,0.9986
2025-11-07 16:44:18,7.7428,476.0267,0.9986
2025-11-07 16:44:18,7.7432,473.3989,0.9986
2025-11-07 16:44:18,7.7422,452.3605,0.9986
2025-11-07 16:44:18,7.7411,493.8012,0.9985
2025-11-07 16:44:18,7.7405,479.1761,0.9986
2025-11-07 16:44:18,7.7403,479.7394,0.9986
2025-11-07 16:44:18,7.7393,458.0387,0.9986
2025-11-07 16:44:18,7.7398,440.0927,0.9987
2025-11-07 16:44:18,7.7385,412.1121,0.9988
2025-11-07 16:44:18,7.7383,412.8320,0.9987
2025-11-07 16:44:18,7.7391,429.6999,0.9987
2025-11-07 16:44:19,7.7398,407.7746,0.9988
2025-11-07 16:44:19,7.7392,396.8406,0.9988
2025-11-07 16:44:19,7.7385,400.2429,0.9988
2025-11-07 16:44:19,7.7376,381.5873,0.9988
2025-11-07 16:44:19,7.7373,390.6824,0.9988
2025-11-07 16:44:19,7.7386,420.1499,0.9987
2025-11-07 16:44:19,7.7397,415.2841,0.9987
2025-11-07 16:44:20,7.7418,457.6220,0.9986
2025-11-07 16:44:20,7.7423,437.6167,0.9987
2025-11-07 16:44:20,7.7393,382.9018,0.9988
2025-11-07 16:44:20,7.7391,383.3391,0.9988
2025-11-07 16:44:20,7.7395,392.7808,0.9988
2025-11-07 16:44:20,7.7390,407.8349,0.9988
2025-11-07 16:44:20,7.7403,427.4302,0.9987
2025-11-07 16:44:20,7.7393,432.4500,0.9987
2025-11-07 16:44:20,7.7393,433.4151,0.9987
2025-11-07 16:44:21,7.7395,427.9384,0.9987
2025-11-07 16:44:21,7.7374,395.4926,0.9988
2025-11-07 16:44:21,7.7381,392.6417,0.9988
2025-11-07 16:44:21,7.7380,390.3329,0.9988
2025-11-07 16:44:21,7.7377,399.5021,0.9988
2025-11-07 16:44:21,7.7401,435.6783,0.9987
2025-11-07 16:44:21,7.7392,440.1388,0.9987
2025-11-07 16:44:21,7.7382,415.2292,0.9987
2025-11-07 16:44:21,7.7385,405.9703,0.9988
2025-11-07 16:44:22,7.7383,402.9516,0.9988
2025-11-07 16:44:22,7.7393,398.4892,0.9988
2025-11-07 16:44:22,7.7397,407.6358,0.9988
2025-11-07 16:44:22,7.7397,407.6358,0.9988
2025-11-07 16:44:22,7.7409,430.6584,0.9987
2025-11-07 16:44:22,7.7392,441.9513,0.9987
2025-11-07 16:44:22,7.7400,463.6163,0.9986
2025-11-07 16:44:22,7.7400,463.6163,0.9986
2025-11-07 16:44:22,7.7390,442.8933,0.9987
2025-11-07 16:44:22,7.7399,436.4191,0.9987
2025-11-07 16:44:23,7.7384,399.8682,0.9988
2025-11-07 16:44:23,7.7384,399.8682,0.9988
2025-11-07 16:44:23,7.7391,413.3226,0.9987
2025-11-07 16:44:23,7.7402,408.0318,0.9988
2025-11-07 16:44:23,7.7401,405.8665,0.9988
2025-11-07 16:44:23,7.7401,405.8665,0.9988
2025-11-07 16:44:23,7.7393,391.8744,0.9988
2025-11-07 16:44:23,7.7391,392.7609,0.9988
2025-11-07 16:44:23,7.7394,399.3407,0.9988
2025-11-07 16:44:23,7.7387,421.1147,0.9987
2025-11-07 16:44:24,7.7385,417.0010,0.9987
2025-11-07 16:44:24,7.7384,417.3076,0.9987
2025-11-07 16:44:24,7.7386,421.5037,0.9987
2025-11-07 16:44:24,7.7392,399.7824,0.9988
2025-11-07 16:44:24,7.7402,416.9613,0.9987
2025-11-07 16:44:24,7.7383,428.8914,0.9987
2025-11-07 16:44:24,7.7382,427.3222,0.9987
2025-11-07 16:44:24,7.7382,427.3222,0.9987
2025-11-07 16:44:24,7.7379,421.3325,0.9987
2025-11-07 16:44:24,7.7402,408.3781,0.9988
2025-11-07 16:44:24,7.7409,425.3656,0.9987
2025-11-07 16:44:24,7.7400,459.5183,0.9986
2025-11-07 16:44:25,7.7377,421.4213,0.9987
2025-11-07 16:44:25,7.7375,421.7270,0.9987
2025-11-07 16:44:25,7.7362,388.8645,0.9988
2025-11-07 16:44:25,7.7371,357.0065,0.9989
2025-11-07 16:44:25,7.7394,394.3804,0.9988
2025-11-07 16:44:25,7.7397,393.2488,0.9988
2025-11-07 16:44:25,7.7410,422.5816,0.9987
2025-11-07 16:44:25,7.7410,422.5816,0.9987
2025-11-07 16:44:25,7.7411,424.5275,0.9987
2025-11-07 16:44:25,7.7407,426.4842,0.9987
2025-11-07 16:44:25,7.7409,432.8948,0.9987
2025-11-07 16:44:26,7.7405,449.0198,0.9986
2025-11-07 16:44:26,7.7403,445.4616,0.9987
2025-11-07 16:44:26,7.7394,450.2680,0.9986
2025-11-07 16:44:26,7.7395,452.7002,0.9986
2025-11-07 16:44:26,7.7382,499.6355,0.9985
2025-11-07 16:44:26,7.7395,528.1847,0.9984
2025-11-07 16:44:26,7.7381,539.2654,0.9984
2025-11-07 16:44:26,7.7375,525.1844,0.9984
2025-11-07 16:44:26,7.7393,463.0609,0.9986
2025-11-07 16:44:27,7.7396,471.0266,0.9986
2025-11-07 16:44:27,7.7365,510.5695,0.9984
2025-11-07 16:44:27,7.7368,517.8092,0.9984
2025-11-07 16:44:27,7.7387,460.1332,0.9986
2025-11-07 16:44:27,7.7380,444.2154,0.9987
2025-11-07 16:44:27,7.7416,396.3149,0.9988
2025-11-07 16:44:27,7.7419,404.0461,0.9988
2025-11-07 16:44:27,7.7402,461.9942,0.9986
2025-11-07 16:44:27,7.7393,443.2063,0.9987
2025-11-07 16:44:28,7.7379,456.4019,0.9986
2025-11-07 16:44:28,7.7376,449.3517,0.9986
2025-11-07 16:44:28,7.7375,452.6372,0.9986
2025-11-07 16:44:28,7.7385,474.4645,0.9986
2025-11-07 16:44:28,7.7388,471.1953,0.9986
2025-11-07 16:44:28,7.7391,477.8819,0.9986
2025-11-07 16:44:28,7.7391,477.8819,0.9986
2025-11-07 16:44:28,7.7396,490.5707,0.9985
2025-11-07 16:44:28,7.7416,471.6294,0.9986
2025-11-07 16:44:29,7.7411,458.1806,0.9986
2025-11-07 16:44:29,7.7411,458.1806,0.9986
2025-11-07 16:44:29,7.7403,441.8019,0.9987
2025-11-07 16:44:29,7.7413,436.0922,0.9987
2025-11-07 16:44:29,7.7419,449.4584,0.9986
2025-11-07 16:44:29,7.7419,449.4584,0.9986
2025-11-07 16:44:29,7.7421,454.5983,0.9986
2025-11-07 16:44:29,7.7423,453.9712,0.9986
2025-11-07 16:44:29,7.7428,466.1547,0.9986
2025-11-07 16:44:29,7.7428,466.1547,0.9986
2025-11-07 16:44:30,7.7421,454.1405,0.9986
2025-11-07 16:44:30,7.7426,452.0404,0.9986
2025-11-07 16:44:30,7.7415,426.2906,0.9987
2025-11-07 16:44:30,7.7409,448.9303,0.9986
2025-11-07 16:44:30,7.7415,461.4676,0.9986
2025-11-07 16:44:30,7.7418,460.7770,0.9986
2025-11-07 16:44:30,7.7419,463.7966,0.9986
2025-11-07 16:44:30,7.7425,440.7659,0.9987
2025-11-07 16:44:30,7.7429,449.4723,0.9987
2025-11-07 16:44:31,7.7418,454.7476,0.9986
2025-11-07 16:44:31,7.7417,450.8328,0.9986
2025-11-07 16:44:31,7.7417,450.8328,0.9986
2025-11-07 16:44:31,7.7423,466.2421,0.9986
2025-11-07 16:44:31,7.7396,490.3651,0.9985
2025-11-07 16:44:31,7.7396,489.1419,0.9985
2025-11-07 16:44:31,7.7381,538.9198,0.9984
2025-11-07 16:44:31,7.7375,521.2000,0.9984
2025-11-07 16:44:31,7.7370,525.7631,0.9984
2025-11-07 16:44:31,7.7370,525.1188,0.9984
2025-11-07 16:44:32,7.7384,476.3699,0.9986
2025-11-07 16:44:32,7.7386,480.2485,0.9985
2025-11-07 16:44:32,7.7402,462.9591,0.9986
2025-11-07 16:44:32,7.7397,450.6447,0.9986
2025-11-07 16:44:32,7.7391,470.9135,0.9986
2025-11-07 16:44:32,7.7339,374.8271,0.9989
2025-11-07 16:44:32,7.7330,379.4496,0.9988
2025-11-07 16:44:32,7.7325,364.2077,0.9989
2025-11-07 16:44:32,7.7318,385.5758,0.9988
2025-11-07 16:44:32,7.7356,456.0899,0.9986
2025-11-07 16:44:32,7.7383,442.0010,0.9987
2025-11-07 16:44:32,7.7406,497.7856,0.9985
2025-11-07 16:44:33,7.7418,451.6166,0.9986
2025-11-07 16:44:33,7.7418,451.6166,0.9986
2025-11-07 16:44:33,7.7423,449.5691,0.9986
2025-11-07 16:44:33,7.7417,435.2158,0.9987
2025-11-07 16:44:33,7.7417,435.2158,0.9987
2025-11-07 16:44:33,7.7431,463.2355,0.9986
2025-11-07 16:44:33,7.7419,470.2573,0.9986
2025-11-07 16:44:33,7.7416,462.5878,0.9986
2025-11-07 16:44:33,7.7408,493.2855,0.9985
2025-11-07 16:44:33,7.7394,464.5724,0.9986
2025-11-07 16:44:33,7.7402,461.0615,0.9986
2025-11-07 16:44:34,7.7396,448.1079,0.9986
2025-11-07 16:44:34,7.7405,418.0435,0.9987
2025-11-07 16:44:34,7.7424,460.0458,0.9986
2025-11-07 16:44:34,7.7414,466.8594,0.9986
2025-11-07 16:44:34,7.7410,459.4394,0.9986
2025-11-07 16:44:34,7.7406,475.6051,0.9986
2025-11-07 16:44:34,7.7395,450.2399,0.9986
2025-11-07 16:44:34,7.7402,446.2111,0.9987
2025-11-07 16:44:34,7.7411,466.0322,0.9986
2025-11-07 16:44:35,7.7416,449.7211,0.9986
2025-11-07 16:44:35,7.7421,461.6151,0.9986
2025-11-07 16:44:35,7.7412,467.7844,0.9986
2025-11-07 16:44:35,7.7408,458.3599,0.9986
2025-11-07 16:44:35,7.7408,458.3599,0.9986
2025-11-07 16:44:35,7.7402,444.0760,0.9987
2025-11-07 16:44:35,7.7401,444.9759,0.9987
2025-11-07 16:44:35,7.7400,443.4243,0.9987
2025-11-07 16:44:35,7.7400,443.4243,0.9987
2025-11-07 16:44:35,7.7409,463.6881,0.9986
2025-11-07 16:44:36,7.7420,456.1223,0.9986
2025-11-07 16:44:36,7.7424,465.9681,0.9986
2025-11-07 16:44:36,7.7418,488.9738,0.9985
2025-11-07 16:44:36,7.7419,491.6970,0.9985
2025-11-07 16:44:36,7.7421,490.3876,0.9985
2025-11-07 16:44:36,7.7416,478.8910,0.9986
2025-11-07 16:44:36,7.7422,455.9547,0.9986
2025-11-07 16:44:36,7.7400,408.1547,0.9988
2025-11-07 16:44:36,7.7406,406.1203,0.9988
2025-11-07 16:44:36,7.7403,399.7672,0.9988
2025-11-07 16:44:37,7.7406,389.9618,0.9988
2025-11-07 16:44:37,7.7418,412.7149,0.9988
2025-11-07 16:44:37,7.7412,415.1597,0.9987
2025-11-07 16:44:37,7.7403,397.9273,0.9988
2025-11-07 16:44:37,7.7393,435.1471,0.9987
2025-11-07 16:44:37,7.7395,441.4244,0.9987
2025-11-07 16:44:37,7.7399,440.3423,0.9987
2025-11-07 16:44:37,7.7410,463.7097,0.9986
2025-11-07 16:44:38,7.7418,435.3830,0.9987
2025-11-07 16:44:38,7.7351,340.4379,0.9990
2025-11-07 16:44:38,7.7347,340.4246,0.9990
2025-11-07 16:44:38,7.7349,344.4284,0.9989
2025-11-07 16:44:38,7.7344,358.7976,0.9989
2025-11-07 16:44:38,7.7362,375.4322,0.9989
2025-11-07 16:44:38,7.7359,375.9059,0.9989
2025-11-07 16:44:38,7.7360,378.0551,0.9988
2025-11-07 16:44:38,7.7346,424.6622,0.9987
2025-11-07 16:44:38,7.7344,422.7107,0.9987
2025-11-07 16:44:39,7.7353,422.5807,0.9987
2025-11-07 16:44:39,7.7351,416.9144,0.9987
2025-11-07 16:44:39,7.7369,354.9684,0.9989
2025-11-07 16:44:39,7.7407,408.8689,0.9988
2025-11-07 16:44:39,7.7402,410.2191,0.9988
2025-11-07 16:44:39,7.7392,388.4446,0.9988
2025-11-07 16:44:39,7.7392,388.4446,0.9988
2025-11-07 16:44:39,7.7387,378.5169,0.9989
2025-11-07 16:44:39,7.7380,380.9281,0.9988
2025-11-07 16:44:40,7.7400,428.8643,0.9987
2025-11-07 16:44:40,7.7400,428.8643,0.9987
2025-11-07 16:44:40,7.7396,421.5380,0.9987
2025-11-07 16:44:40,7.7397,420.7540,0.9987
2025-11-07 16:44:40,7.7383,385.5689,0.9988
2025-11-07 16:44:40,7.7368,435.7880,0.9987
2025-11-07 16:44:40,7.7372,441.6868,0.9987
2025-11-07 16:44:40,7.7357,448.3290,0.9986
2025-11-07 16:44:40,7.7363,462.9177,0.9986
2025-11-07 16:44:40,7.7377,413.1739,0.9987
2025-11-07 16:44:40,7.7353,375.1401,0.9989
2025-11-07 16:44:41,7.7368,368.9490,0.9989
2025-11-07 16:44:41,7.7358,345.1727,0.9989
2025-11-07 16:44:41,7.7358,345.1727,0.9989
2025-11-07 16:44:41,7.7365,354.0870,0.9989
2025-11-07 16:44:41,7.7366,353.7519,0.9989
2025-11-07 16:44:41,7.7383,395.4434,0.9988
2025-11-07 16:44:41,7.7369,444.7014,0.9986
2025-11-07 16:44:41,7.7375,453.8979,0.9986
2025-11-07 16:44:41,7.7369,456.1750,0.9986
2025-11-07 16:44:41,7.7374,472.4523,0.9986
2025-11-07 16:44:42,7.7389,422.6536,0.9987
2025-11-07 16:44:42,7.7398,437.7886,0.9987
2025-11-07 16:44:42,7.7400,436.9586,0.9987
2025-11-07 16:44:42,7.7401,439.6030,0.9987
2025-11-07 16:44:42,7.7401,439.6030,0.9987
2025-11-07 16:44:42,7.7391,424.3760,0.9987
2025-11-07 16:44:42,7.7387,426.1961,0.9987
2025-11-07 16:44:42,7.7388,429.1484,0.9987
2025-11-07 16:44:42,7.7388,429.1484,0.9987
2025-11-07 16:44:43,7.7384,422.2812,0.9987
2025-11-07 16:44:43,7.7372,430.1025,0.9987
2025-11-07 16:44:43,7.7372,430.8501,0.9987
2025-11-07 16:44:43,7.7362,464.2557,0.9986
2025-11-07 16:44:43,7.7361,461.8735,0.9986
2025-11-07 16:44:43,7.7378,452.1686,0.9986
2025-11-07 16:44:43,7.7365,413.3466,0.9987
2025-11-07 16:44:43,7.7374,379.8521,0.9988
2025-11-07 16:44:43,7.7381,389.2326,0.9988
2025-11-07 16:44:43,7.7383,388.5140,0.9988
2025-11-07 16:44:44,7.7382,387.2024,0.9988
2025-11-07 16:44:44,7.7382,387.2024,0.9988
2025-11-07 16:44:44,7.7395,408.3915,0.9988
2025-11-07 16:44:44,7.7400,406.7074,0.9988
2025-11-07 16:44:44,7.7408,426.2221,0.9987
2025-11-07 16:44:44,7.7411,416.3286,0.9987
2025-11-07 16:44:44,7.7393,390.5775,0.9988
2025-11-07 16:44:44,7.7381,395.6254,0.9988
2025-11-07 16:44:44,7.7372,372.8601,0.9989
2025-11-07 16:44:45,7.7338,492.3118,0.9985
2025-11-07 16:44:45,7.7363,539.3615,0.9984
2025-11-07 16:44:45,7.7350,546.7121,0.9983
2025-11-07 16:44:45,7.7352,553.4166,0.9983
2025-11-07 16:44:45,7.7397,396.7237,0.9988
2025-11-07 16:44:45,7.7375,359.4596,0.9989
2025-11-07 16:44:45,7.7390,349.0971,0.9989
2025-11-07 16:44:45,7.7378,318.8454,0.9990
2025-11-07 16:44:45,7.7363,365.8680,0.9989
2025-11-07 16:44:45,7.7377,390.4971,0.9988
2025-11-07 16:44:46,7.7383,388.1386,0.9988
2025-11-07 16:44:46,7.7394,413.2995,0.9987
2025-11-07 16:44:46,7.7389,429.6541,0.9987
2025-11-07 16:44:46,7.7392,434.7706,0.9987
2025-11-07 16:44:46,7.7379,441.6257,0.9987
2025-11-07 16:44:46,7.7380,444.3652,0.9987
2025-11-07 16:44:47,7.7380,444.3652,0.9987
2025-11-07 16:44:47,7.7372,430.0846,0.9987
2025-11-07 16:44:47,7.7386,423.5744,0.9987
2025-11-07 16:44:47,7.7380,410.2413,0.9988
2025-11-07 16:44:47,7.7375,429.7686,0.9987
2025-11-07 16:44:47,7.7376,431.3255,0.9987
2025-11-07 16:44:47,7.7358,439.2193,0.9987
2025-11-07 16:44:47,7.7366,458.6719,0.9986
2025-11-07 16:44:47,7.7366,458.6719,0.9986
2025-11-07 16:44:47,7.7369,465.7840,0.9986
2025-11-07 16:44:47,7.7372,463.7490,0.9986
2025-11-07 16:44:48,7.7372,462.1742,0.9986
2025-11-07 16:44:48,7.7365,488.0016,0.9985
2025-11-07 16:44:48,7.7359,477.7202,0.9985
2025-11-07 16:44:48,7.7350,483.3665,0.9985
2025-11-07 16:44:48,7.7344,464.8519,0.9986
2025-11-07 16:44:48,7.7363,400.7219,0.9988
2025-11-07 16:44:48,7.7358,392.9319,0.9988
2025-11-07 16:44:48,7.7383,379.9052,0.9988
2025-11-07 16:44:48,7.7388,391.4956,0.9988
2025-11-07 16:44:48,7.7370,452.9460,0.9986
2025-11-07 16:44:48,7.7376,463.4051,0.9986
2025-11-07 16:44:49,7.7368,466.0641,0.9986
2025-11-07 16:44:49,7.7365,458.7690,0.9986
2025-11-07 16:44:49,7.7368,450.6368,0.9986
2025-11-07 16:44:49,7.7363,441.8660,0.9987
2025-11-07 16:44:49,7.7369,440.0128,0.9987
2025-11-07 16:44:49,7.7370,444.5376,0.9986
2025-11-07 16:44:49,7.7381,406.9081,0.9988
2025-11-07 16:44:49,7.7371,391.6680,0.9988
2025-11-07 16:44:49,7.7371,391.6680,0.9988
2025-11-07 16:44:49,7.7365,377.0205,0.9989
2025-11-07 16:44:49,7.7365,377.0205,0.9989
2025-11-07 16:44:49,7.7375,393.1212,0.9988
2025-11-07 16:44:50,7.7375,393.1212,0.9988
2025-11-07 16:44:50,7.7376,394.6316,0.9988
2025-11-07 16:44:50,7.7374,400.5882,0.9988
2025-11-07 16:44:50,7.7371,395.0963,0.9988
2025-11-07 16:44:50,7.7371,395.0963,0.9988
2025-11-07 16:44:50,7.7384,428.2288,0.9987
2025-11-07 16:44:50,7.7390,406.5851,0.9988
2025-11-07 16:44:50,7.7409,438.3143,0.9987
2025-11-07 16:44:50,7.7418,434.5478,0.9987
2025-11-07 16:44:50,7.7418,434.0245,0.9987
2025-11-07 16:44:51,7.7418,434.0245,0.9987
2025-11-07 16:44:51,7.7392,395.0644,0.9988
2025-11-07 16:44:51,7.7384,397.3777,0.9988
2025-11-07 16:44:51,7.7383,393.6181,0.9988
2025-11-07 16:44:51,7.7383,393.6181,0.9988
2025-11-07 16:44:51,7.7309,350.2593,0.9989
2025-11-07 16:44:51,7.7309,350.2593,0.9989
2025-11-07 16:44:51,7.7308,345.3340,0.9989
2025-11-07 16:44:51,7.7303,358.5480,0.9989
2025-11-07 16:44:51,7.7333,364.4205,0.9989
2025-11-07 16:44:52,7.7333,364.4205,0.9989
2025-11-07 16:44:52,7.7346,402.4348,0.9988
2025-11-07 16:44:52,7.7353,379.1485,0.9988
2025-11-07 16:44:52,7.7330,376.0141,0.9988
2025-11-07 16:44:52,7.7294,388.7990,0.9988
2025-11-07 16:44:52,7.7293,383.2060,0.9988
2025-11-07 16:44:52,7.7291,388.2509,0.9988
2025-11-07 16:44:52,7.7302,391.2924,0.9988
2025-11-07 16:44:52,7.7326,378.6876,0.9988
2025-11-07 16:44:53,7.7327,381.8538,0.9988
2025-11-07 16:44:53,7.7326,384.8280,0.9988
2025-11-07 16:44:53,7.7338,388.8996,0.9988
2025-11-07 16:44:53,7.7341,387.7701,0.9988
2025-11-07 16:44:53,7.7338,376.2123,0.9988
2025-11-07 16:44:53,7.7338,376.2123,0.9988
2025-11-07 16:44:53,7.7371,402.8780,0.9988
2025-11-07 16:44:53,7.7375,401.2800,0.9988
2025-11-07 16:44:53,7.7376,404.6608,0.9988
2025-11-07 16:44:54,7.7360,459.5297,0.9986
2025-11-07 16:44:54,7.7338,438.1061,0.9987
2025-11-07 16:44:54,7.7337,438.2969,0.9987
2025-11-07 16:44:54,7.7335,432.3740,0.9987
2025-11-07 16:44:54,7.7351,379.9829,0.9988
2025-11-07 16:44:54,7.7325,368.9301,0.9989
2025-11-07 16:44:54,7.7331,368.6027,0.9989
2025-11-07 16:44:54,7.7315,320.1966,0.9990
2025-11-07 16:44:54,7.7315,320.1966,0.9990
2025-11-07 16:44:55,7.7363,355.0954,0.9989
2025-11-07 16:44:55,7.7357,356.6780,0.9989
2025-11-07 16:44:55,7.7365,376.6914,0.9989
2025-11-07 16:44:55,7.7365,376.6914,0.9989
2025-11-07 16:44:55,7.7364,375.8702,0.9989
2025-11-07 16:44:55,7.7370,374.0093,0.9989
2025-11-07 16:44:55,7.7364,357.7533,0.9989
2025-11-07 16:44:55,7.7357,378.3173,0.9988
2025-11-07 16:44:55,7.7361,383.5878,0.9988
2025-11-07 16:44:56,7.7365,382.9791,0.9988
2025-11-07 16:44:56,7.7373,404.3438,0.9988
2025-11-07 16:44:56,7.7377,392.2990,0.9988
2025-11-07 16:44:56,7.7366,380.9436,0.9988
2025-11-07 16:44:56,7.7366,381.0391,0.9988
2025-11-07 16:44:56,7.7366,381.2213,0.9988
2025-11-07 16:44:56,7.7369,372.2513,0.9989
2025-11-07 16:44:56,7.7368,371.2721,0.9989
2025-11-07 16:44:56,7.7365,371.8520,0.9989
2025-11-07 16:44:56,7.7358,354.5755,0.9989
2025-11-07 16:44:56,7.7349,385.6516,0.9988
2025-11-07 16:44:56,7.7370,413.4073,0.9987
2025-11-07 16:44:57,7.7374,412.4698,0.9987
2025-11-07 16:44:57,7.7374,413.0652,0.9987
2025-11-07 16:44:57,7.7384,380.4511,0.9988
2025-11-07 16:44:57,7.7367,359.1540,0.9989
2025-11-07 16:44:57,7.7365,359.5423,0.9989
2025-11-07 16:44:57,7.7354,333.9759,0.9990
2025-11-07 16:44:57,7.7354,333.9759,0.9990
2025-11-07 16:44:57,7.7292,299.7024,0.9991
2025-11-07 16:44:57,7.7265,298.6366,0.9991
2025-11-07 16:44:58,7.7266,302.7866,0.9991
2025-11-07 16:44:58,7.7262,314.8138,0.9990
2025-11-07 16:44:58,7.7260,314.6421,0.9990
2025-11-07 16:44:58,7.7217,340.0848,0.9989
2025-11-07 16:44:58,7.7200,286.8537,0.9991
2025-11-07 16:44:58,7.7204,276.5621,0.9991
2025-11-07 16:44:58,7.7250,317.0995,0.9990
2025-11-07 16:44:58,7.7293,282.5857,0.9991
2025-11-07 16:44:58,7.7287,267.4573,0.9992
2025-11-07 16:44:58,7.7287,267.4573,0.9992
2025-11-07 16:44:59,7.7273,254.3175,0.9992
2025-11-07 16:44:59,7.7296,253.6433,0.9992
2025-11-07 16:44:59,7.7288,237.2436,0.9993
2025-11-07 16:44:59,7.7288,237.2436,0.9993
2025-11-07 16:44:59,7.7312,260.4694,0.9992
2025-11-07 16:44:59,7.7312,260.5530,0.9992
2025-11-07 16:44:59,7.7350,343.0818,0.9990
2025-11-07 16:44:59,7.7350,343.0818,0.9990
2025-11-07 16:44:59,7.7314,321.3606,0.9990
2025-11-07 16:44:59,7.7288,325.2505,0.9990
2025-11-07 16:44:59,7.7288,324.8820,0.9990
2025-11-07 16:45:00,7.7310,267.4767,0.9992
2025-11-12 12:15:22,7.7028,103.4832,0.9997
2025-11-12 12:15:22,7.7122,190.1859,0.9994
2025-11-12 12:15:22,7.7180,173.1637,0.9995
2025-11-12 12:15:22,7.7360,39.0184,0.9999
2025-11-12 12:15:22,7.7331,58.7502,0.9998
2025-11-12 12:15:22,7.7277,59.3888,0.9998
2025-11-12 12:15:22,7.7297,55.8841,0.9998
2025-11-12 12:15:23,7.7297,55.4138,0.9998
2025-11-12 12:15:23,7.7347,43.0224,0.9999
2025-11-12 12:15:23,7.7315,83.7402,0.9997
2025-11-12 12:15:23,7.7351,92.7383,0.9997
2025-11-12 12:15:23,7.7338,80.7029,0.9998
2025-11-12 12:15:23,7.7319,78.5288,0.9998
2025-11-12 12:15:23,7.7322,73.5110,0.9998
2025-11-12 12:15:23,7.7326,77.1024,0.9998
2025-11-12 12:15:23,7.7297,61.0001,0.9998
2025-11-12 12:15:24,7.7332,75.8907,0.9998
2025-11-12 12:15:24,7.7379,21.5217,0.9999
2025-11-12 12:15:24,7.7343,14.8060,1.0000
2025-11-12 12:15:24,7.7401,46.2916,0.9999
2025-11-12 12:15:24,7.7387,43.7283,0.9999
2025-11-12 12:15:24,7.7393,39.6459,0.9999
2025-11-12 12:15:24,7.7369,57.1074,0.9998
2025-11-12 12:15:24,7.7357,42.0365,0.9999
2025-11-12 12:15:24,7.7364,44.5498,0.9999
2025-11-12 12:15:24,7.7382,38.9029,0.9999
2025-11-12 12:15:25,7.7393,28.3895,0.9999
2025-11-12 12:15:25,7.7341,11.3798,1.0000
2025-11-12 12:15:25,7.7333,7.6755,1.0000
2025-11-12 12:15:25,7.7364,22.4291,0.9999
2025-11-12 12:15:25,7.7340,43.2232,0.9999
2025-11-12 12:15:25,7.7421,93.2329,0.9997
2025-11-12 12:15:25,7.7448,95.6534,0.9997
2025-11-12 12:15:25,7.7460,99.9140,0.9997
2025-11-12 12:15:25,7.7464,92.8216,0.9997
2025-11-12 12:15:26,7.7438,70.1254,0.9998
2025-11-12 12:15:26,7.7409,66.3726,0.9998
2025-11-12 12:15:26,7.7368,49.8767,0.9998
2025-11-12 12:15:26,7.7383,34.1133,0.9999
2025-11-12 12:15:26,7.7374,25.3995,0.9999
2025-11-12 12:15:26,7.7401,34.6944,0.9999
2025-11-12 12:15:26,7.7417,33.6507,0.9999
2025-11-12 12:15:26,7.7377,92.8745,0.9997
2025-11-12 12:15:26,7.7374,90.5690,0.9997
2025-11-12 12:15:27,7.7352,78.1428,0.9998
2025-11-12 12:15:27,7.7328,71.2501,0.9998
2025-11-12 12:15:27,7.7364,28.7656,0.9999
2025-11-12 12:15:27,7.7365,29.6812,0.9999
2025-11-12 12:15:27,7.7333,31.2715,0.9999
2025-11-12 12:15:27,7.7389,64.7071,0.9998
2025-11-12 12:15:27,7.7376,79.9666,0.9998
2025-11-12 12:15:27,7.7383,86.2251,0.9997
2025-11-12 12:15:27,7.7378,90.4399,0.9997
2025-11-12 12:15:27,7.7370,81.3220,0.9998
2025-11-12 12:15:27,7.7444,41.0307,0.9999
2025-11-12 12:15:27,7.7446,42.0292,0.9999
2025-11-12 12:15:28,7.7431,63.2594,0.9998
2025-11-12 12:15:28,7.7430,62.4717,0.9998
2025-11-12 12:15:28,7.7408,61.0811,0.9998
2025-11-12 12:15:28,7.7400,55.3829,0.9998
2025-11-12 12:15:28,7.7434,20.9346,0.9999
2025-11-12 12:15:28,7.7422,15.0512,1.0000
2025-11-12 12:15:28,7.7428,13.8767,1.0000
2025-11-12 12:15:28,7.7415,9.8869,1.0000
2025-11-12 12:15:29,7.7424,5.7029,1.0000
2025-11-12 12:15:29,7.7431,8.8230,1.0000
2025-11-12 12:15:29,7.7427,9.7015,1.0000
2025-11-12 12:15:29,7.7300,149.5385,0.9995
2025-11-12 12:15:29,7.7215,183.0892,0.9994
2025-11-12 12:15:29,7.7201,157.8735,0.9995
2025-11-12 12:15:29,7.7188,142.9488,0.9995
2025-11-12 12:15:29,7.7235,89.5696,0.9997
2025-11-12 12:15:29,7.7268,56.4686,0.9998
2025-11-12 12:15:29,7.7283,75.8532,0.9998
2025-11-12 12:15:30,7.7112,286.7657,0.9991
2025-11-12 12:15:30,7.7077,296.2305,0.9990
2025-11-12 12:15:30,7.7048,289.7278,0.9991
2025-11-12 12:15:30,7.7050,296.5196,0.9990
2025-11-12 12:15:30,7.7170,138.2182,0.9996
2025-11-12 12:15:30,7.7200,111.8299,0.9996
2025-11-12 12:15:30,7.7166,154.8222,0.9995
2025-11-12 12:15:30,7.7146,112.2586,0.9996
2025-11-12 12:15:30,7.7183,121.8983,0.9996
2025-11-12 12:15:30,7.7205,115.3669,0.9996
2025-11-12 12:15:31,7.7264,39.7196,0.9999
2025-11-12 12:15:31,7.7267,43.1187,0.9999
2025-11-12 12:15:31,7.7237,48.7471,0.9998
2025-11-12 12:15:31,7.7218,58.1252,0.9998
2025-11-12 12:15:31,7.7282,68.1566,0.9998
2025-11-12 12:15:31,7.7293,82.3684,0.9997
2025-11-12 12:15:31,7.7358,68.5062,0.9998
2025-11-12 12:15:31,7.7340,99.7264,0.9997
2025-11-12 12:15:32,7.7283,108.2383,0.9997
2025-11-12 12:15:32,7.7216,59.7908,0.9998
2025-11-12 12:15:32,7.7236,92.0442,0.9997
2025-11-12 12:15:32,7.7265,63.9840,0.9998
2025-11-12 12:15:32,7.7249,76.0217,0.9998
2025-11-12 12:15:32,7.7216,91.6977,0.9997
2025-11-12 12:15:32,7.7189,47.6202,0.9998
2025-11-12 12:15:32,7.7157,63.4104,0.9998
2025-11-12 12:15:32,7.7192,64.2406,0.9998
2025-11-12 12:15:33,7.7132,133.2495,0.9996
2025-11-12 12:15:33,7.7136,140.3210,0.9996
2025-11-12 12:15:33,7.7141,137.3983,0.9996
2025-11-12 12:15:33,7.7112,126.1877,0.9996
2025-11-12 12:15:33,7.7129,102.7625,0.9997
2025-11-12 12:15:33,7.7132,108.6834,0.9997
2025-11-12 12:15:33,7.7138,105.9903,0.9997
2025-11-12 12:15:33,7.7217,164.1161,0.9995
2025-11-12 12:15:33,7.7174,257.1006,0.9992
2025-11-12 12:15:33,7.7153,226.6745,0.9993
2025-11-12 12:15:33,7.7173,219.8379,0.9993
2025-11-12 12:15:33,7.7179,231.3735,0.9993
2025-11-12 12:15:34,7.7275,63.3873,0.9998
2025-11-12 12:15:34,7.7300,79.0622,0.9998
2025-11-12 12:15:34,7.7307,73.0741,0.9998
2025-11-12 12:15:34,7.7223,49.3434,0.9998
2025-11-12 12:15:34,7.7166,112.0993,0.9996
2025-11-12 12:15:34,7.7142,76.0536,0.9998
2025-11-12 12:15:34,7.7142,76.0407,0.9998
2025-11-12 12:15:34,7.7160,78.9379,0.9997
2025-11-12 12:15:35,7.7158,81.9113,0.9997
2025-11-12 12:15:35,7.7176,106.2553,0.9997
2025-11-12 12:15:35,7.7176,106.2726,0.9997
2025-11-12 12:15:35,7.7157,105.5125,0.9997
2025-11-12 12:15:35,7.7129,155.4637,0.9995
2025-11-12 12:15:35,7.7141,177.1188,0.9994
2025-11-12 12:15:35,7.7118,176.1328,0.9994
2025-11-12 12:15:35,7.7153,190.8316,0.9994
2025-11-12 12:15:35,7.7201,104.5083,0.9997
2025-11-12 12:15:35,7.7222,143.4262,0.9996
2025-11-12 12:15:35,7.7247,129.1704,0.9996
2025-11-12 12:15:35,7.7249,129.5334,0.9996
2025-11-12 12:15:35,7.7380,69.8702,0.9998
2025-11-12 12:15:36,7.7364,55.7247,0.9998
2025-11-12 12:15:36,7.7361,59.0743,0.9998
2025-11-12 12:15:36,7.7403,54.6082,0.9998
2025-11-12 12:15:36,7.7376,43.7951,0.9999
2025-11-12 12:15:36,7.7395,60.5929,0.9998
2025-11-12 12:15:36,7.7394,62.5724,0.9998
2025-11-12 12:15:36,7.7370,59.4474,0.9998
2025-11-12 12:15:36,7.7386,64.4708,0.9998
2025-11-12 12:15:36,7.7364,44.9510,0.9999
2025-11-12 12:15:36,7.7363,46.2788,0.9999
2025-11-12 12:15:37,7.7372,46.5487,0.9999
2025-11-12 12:15:37,7.7380,51.5954,0.9998
2025-11-12 12:15:37,7.7361,44.1037,0.9999
2025-11-12 12:15:37,7.7304,142.2018,0.9996
2025-11-12 12:15:37,7.7252,139.5199,0.9996
2025-11-12 12:15:37,7.7260,153.4111,0.9995
2025-11-12 12:15:37,7.7285,179.6069,0.9994
2025-11-12 12:15:37,7.7322,112.3790,0.9997
2025-11-12 12:15:38,7.7342,98.3373,0.9997
2025-11-12 12:15:38,7.7346,102.7245,0.9997
2025-11-12 12:15:38,7.7308,81.8648,0.9997
2025-11-12 12:15:38,7.7276,133.3434,0.9996
2025-11-12 12:15:38,7.7265,135.6195,0.9996
2025-11-12 12:15:38,7.7193,58.5030,0.9998
2025-11-12 12:15:38,7.7223,94.6974,0.9997
2025-11-12 12:15:38,7.7269,41.7454,0.9999
2025-11-12 12:15:38,7.7188,127.3557,0.9996
2025-11-12 12:15:38,7.7230,160.4511,0.9995
2025-11-12 12:15:38,7.7206,130.9974,0.9996
2025-11-12 12:15:38,7.7204,131.5261,0.9996
2025-11-12 12:15:39,7.7330,38.4276,0.9999
2025-11-12 12:15:39,7.7250,56.0342,0.9998
2025-11-12 12:15:39,7.7235,47.7326,0.9999
2025-11-12 12:15:39,7.7245,42.9078,0.9999
2025-11-12 12:15:39,7.7269,74.0500,0.9998
2025-11-12 12:15:39,7.7296,51.3659,0.9998
2025-11-12 12:15:39,7.7013,742.7084,0.9976
2025-11-12 12:15:39,7.6993,726.6927,0.9976
2025-11-12 12:15:39,7.6915,536.2043,0.9982
2025-11-12 12:15:40,7.6894,504.3961,0.9983
2025-11-12 12:15:40,7.7075,36.8676,0.9999
2025-11-12 12:15:40,7.7096,44.8329,0.9999
2025-11-12 12:15:40,7.7133,78.7010,0.9997
2025-11-12 12:15:40,7.7091,99.0453,0.9997
2025-11-12 12:15:40,7.7091,99.0605,0.9997
2025-11-12 12:15:40,7.7050,90.1491,0.9997
2025-11-12 12:15:40,7.7049,87.6326,0.9997
2025-11-12 12:15:40,7.7078,77.6806,0.9997
2025-11-12 12:15:41,7.7056,106.7469,0.9997
2025-11-12 12:15:41,7.7078,106.6955,0.9997
2025-11-12 12:15:41,7.7087,121.3150,0.9996
2025-11-12 12:15:41,7.7115,125.4581,0.9996
2025-11-12 12:15:41,7.7218,26.5331,0.9999
2025-11-12 12:15:41,7.7186,57.2363,0.9998
2025-11-12 12:15:41,7.7156,31.7469,0.9999
2025-11-12 12:15:41,7.7155,31.5588,0.9999
2025-11-12 12:15:41,7.7177,44.8079,0.9999
2025-11-12 12:15:41,7.7210,15.4228,1.0000
2025-11-12 12:15:42,7.7248,36.8650,0.9999
2025-11-12 12:15:42,7.7298,38.9477,0.9999
2025-11-12 12:15:42,7.7280,41.4468,0.9999
2025-11-12 12:15:42,7.7252,77.7269,0.9998
2025-11-12 12:15:42,7.7175,65.9982,0.9998
2025-11-12 12:15:42,7.7191,89.7960,0.9997
2025-11-12 12:15:42,7.7188,89.1560,0.9997
2025-11-12 12:15:42,7.7214,65.3389,0.9998
2025-11-12 12:15:42,7.7207,72.1294,0.9998
2025-11-12 12:15:43,7.7219,92.9854,0.9997
2025-11-12 12:15:43,7.7216,93.0778,0.9997
2025-11-12 12:15:43,7.7190,116.2648,0.9996
2025-11-12 12:15:43,7.7218,99.1194,0.9997
2025-11-12 12:15:43,7.7215,93.1399,0.9997
2025-11-12 12:15:43,7.7218,93.0646,0.9997
2025-11-12 12:15:43,7.7242,67.0560,0.9998
2025-11-12 12:15:43,7.7249,64.1322,0.9998
2025-11-12 12:15:43,7.7243,55.2831,0.9998
2025-11-12 12:15:43,7.7270,58.5768,0.9998
2025-11-12 12:15:44,7.7286,44.0619,0.9999
2025-11-12 12:15:44,7.7274,52.9045,0.9998
2025-11-12 12:15:44,7.7204,17.5747,0.9999
2025-11-12 12:15:44,7.7202,15.9721,0.9999
2025-11-12 12:15:44,7.7204,15.4949,1.0000
2025-11-12 12:15:44,7.7210,13.6383,1.0000
2025-11-12 12:15:44,7.7262,29.2963,0.9999
2025-11-12 12:15:44,7.7236,25.7765,0.9999
2025-11-12 12:15:44,7.7202,49.6235,0.9998
2025-11-12 12:15:45,7.7252,60.8847,0.9998
2025-11-12 12:15:45,7.7261,70.0058,0.9998
2025-11-12 12:15:45,7.7273,68.0439,0.9998
2025-11-12 12:15:45,7.7330,14.5448,1.0000
2025-11-12 12:15:45,7.7315,13.6529,1.0000
2025-11-12 12:15:45,7.7329,25.7352,0.9999
2025-11-12 12:15:45,7.7323,28.9425,0.9999
2025-11-12 12:15:45,7.7291,49.3019,0.9998
2025-11-12 12:15:46,7.7259,56.8507,0.9998
2025-11-12 12:15:46,7.7254,48.6583,0.9998
2025-11-12 12:15:46,7.7259,48.4135,0.9998
2025-11-12 12:15:46,7.7254,52.6263,0.9998
2025-11-12 12:15:46,7.7259,50.2457,0.9998
2025-11-12 12:15:46,7.7252,41.9504,0.9999
2025-11-12 12:15:46,7.7252,41.9444,0.9999
2025-11-12 12:15:46,7.7266,32.0594,0.9999
2025-11-12 12:15:46,7.7115,302.7872,0.9990
2025-11-12 12:15:47,7.7136,350.7623,0.9989
2025-11-12 12:15:47,7.7130,346.0608,0.9989
2025-11-12 12:15:47,7.7108,344.5143,0.9989
2025-11-12 12:15:47,7.7168,193.9384,0.9994
2025-11-12 12:15:47,7.7157,169.8733,0.9995
2025-11-12 12:15:47,7.7172,179.5606,0.9994
2025-11-12 12:15:47,7.7195,172.8350,0.9995
2025-11-12 12:15:47,7.7198,166.8118,0.9995
2025-11-12 12:15:47,7.7213,196.7495,0.9994
2025-11-12 12:15:47,7.7219,200.2793,0.9994
2025-11-12 12:15:47,7.7206,204.9053,0.9994
2025-11-12 12:15:48,7.7204,211.0832,0.9993
2025-11-12 12:15:48,7.7214,233.8187,0.9993
2025-11-12 12:15:48,7.7179,222.5009,0.9993
2025-11-12 12:15:48,7.7147,241.5792,0.9992
2025-11-12 12:15:48,7.7150,236.3421,0.9992
2025-11-12 12:15:48,7.7136,198.6493,0.9994
2025-11-12 12:15:48,7.7156,207.8463,0.9993
2025-11-12 12:15:48,7.7192,185.8389,0.9994
2025-11-12 12:15:49,7.7192,185.8389,0.9994
2025-11-12 12:15:49,7.7204,212.8013,0.9993
2025-11-12 12:15:49,7.7205,213.3840,0.9993
2025-11-12 12:15:49,7.7214,210.7946,0.9993
2025-11-12 12:15:49,7.7214,210.7946,0.9993
2025-11-12 12:15:49,7.7202,182.6536,0.9994
2025-11-12 12:15:49,7.7191,179.4787,0.9994
2025-11-12 12:15:49,7.7192,179.4440,0.9994
2025-11-12 12:15:49,7.7192,179.4440,0.9994
2025-11-12 12:15:49,7.7197,190.0257,0.9994
2025-11-12 12:15:50,7.7186,189.4004,0.9994
2025-11-12 12:15:50,7.7142,206.5992,0.9993
2025-11-12 12:15:50,7.7142,206.5992,0.9993
2025-11-12 12:15:50,7.7128,174.3163,0.9994
2025-11-12 12:15:50,7.7133,175.9318,0.9994
2025-11-12 12:15:50,7.7172,161.0965,0.9995
2025-11-12 12:15:50,7.7172,161.0965,0.9995
2025-11-12 12:15:50,7.7158,134.9630,0.9996
2025-11-12 12:15:50,7.7147,133.4664,0.9996
2025-11-12 12:15:51,7.7105,143.0997,0.9995
2025-11-12 12:15:51,7.7108,138.5970,0.9996
2025-11-12 12:15:51,7.7068,73.3232,0.9998
2025-11-12 12:15:51,7.7077,79.1719,0.9997
2025-11-12 12:15:51,7.7125,79.4062,0.9997
2025-11-12 12:15:51,7.7121,86.9357,0.9997
2025-11-12 12:15:51,7.7146,115.1355,0.9996
2025-11-12 12:15:51,7.7114,116.0873,0.9996
2025-11-12 12:15:52,7.7067,112.2988,0.9996
2025-11-12 12:15:52,7.7069,110.0703,0.9996
2025-11-12 12:15:52,7.7020,42.8107,0.9999
2025-11-12 12:15:52,7.6992,42.7352,0.9999
2025-11-12 12:15:52,7.7031,60.8480,0.9998
2025-11-12 12:15:52,7.7031,60.8480,0.9998
2025-11-12 12:15:52,7.7081,128.7957,0.9996
2025-11-12 12:15:52,7.7099,117.5922,0.9996
2025-11-12 12:15:52,7.7059,116.2810,0.9996
2025-11-12 12:15:52,7.7062,112.5810,0.9996
2025-11-12 12:15:53,7.6996,25.7186,0.9999
2025-11-12 12:15:53,7.6973,27.0433,0.9999
2025-11-12 12:15:53,7.7023,59.6414,0.9998
2025-11-12 12:15:53,7.7021,61.5813,0.9998
2025-11-12 12:15:53,7.7061,98.5031,0.9997
2025-11-12 12:15:53,7.7138,90.6918,0.9997
2025-11-12 12:15:53,7.7115,86.4311,0.9997
2025-11-12 12:15:53,7.7111,92.6739,0.9997
2025-11-12 12:15:53,7.7082,71.8053,0.9998
2025-11-12 12:15:53,7.7001,54.1827,0.9998
2025-11-12 12:15:53,7.7009,60.4289,0.9998
2025-11-12 12:15:54,7.7012,57.5269,0.9998
2025-11-12 12:15:54,7.7107,228.0852,0.9993
2025-11-12 12:15:54,7.7045,334.7717,0.9989
2025-11-12 12:15:54,7.7012,325.7217,0.9989
2025-11-12 12:15:54,7.7012,325.7217,0.9989
2025-11-12 12:15:54,7.7018,345.0720,0.9989
2025-11-12 12:15:54,7.7054,281.2199,0.9991
2025-11-12 12:15:54,7.7095,285.8814,0.9991
2025-11-12 12:15:55,7.7095,285.8814,0.9991
2025-11-12 12:15:55,7.7066,208.2181,0.9993
2025-11-12 12:15:55,7.7122,149.0801,0.9995
2025-11-12 12:15:55,7.7120,148.3383,0.9995
2025-11-12 12:15:55,7.7120,148.3383,0.9995
2025-11-12 12:15:55,7.7140,193.1179,0.9994
2025-11-12 12:15:55,7.7114,216.2106,0.9993
2025-11-12 12:15:55,7.7117,217.1710,0.9993
2025-11-12 12:15:55,7.7114,221.8515,0.9993
2025-11-12 12:15:55,7.7125,252.3788,0.9992
2025-11-12 12:15:56,7.7204,213.8755,0.9993
2025-11-12 12:15:56,7.7188,219.2651,0.9993
2025-11-12 12:15:56,7.7193,207.3557,0.9993
2025-11-12 12:15:56,7.7166,148.9306,0.9995
2025-11-12 12:15:56,7.7152,143.7833,0.9995
2025-11-12 12:15:56,7.7174,142.8262,0.9995
2025-11-12 12:15:56,7.7172,146.7804,0.9995
2025-11-12 12:15:56,7.7193,190.4089,0.9994
2025-11-12 12:15:57,7.7128,230.9342,0.9993
2025-11-12 12:15:57,7.7117,227.1204,0.9993
2025-11-12 12:15:57,7.7104,250.3491,0.9992
2025-11-12 12:15:57,7.7073,173.9858,0.9994
2025-11-12 12:15:57,7.7158,166.0195,0.9995
2025-11-12 12:15:57,7.7170,166.9910,0.9995
2025-11-12 12:15:57,7.7179,148.5596,0.9995
2025-11-12 12:15:57,7.7216,221.8209,0.9993
2025-11-12 12:15:57,7.7129,265.3738,0.9992
2025-11-12 12:15:57,7.7123,263.0937,0.9992
2025-11-12 12:15:57,7.7124,260.9984,0.9992
2025-11-12 12:15:58,7.7102,201.4336,0.9994
2025-11-12 12:15:58,7.7104,199.5612,0.9994
2025-11-12 12:15:58,7.7091,195.3141,0.9994
2025-11-12 12:15:58,7.7091,195.3141,0.9994
2025-11-12 12:15:58,7.7099,215.8180,0.9993
2025-11-12 12:15:58,7.7117,199.9096,0.9994
2025-11-12 12:15:59,7.7094,203.0142,0.9993
2025-11-12 12:15:59,7.7097,198.6702,0.9994
2025-11-12 12:15:59,7.7135,319.3927,0.9990
2025-11-12 12:15:59,7.7086,384.8327,0.9988
2025-11-12 12:15:59,7.7112,383.0991,0.9988
2025-11-12 12:15:59,7.7107,391.7315,0.9987
2025-11-12 12:15:59,7.7069,265.2221,0.9991
2025-11-12 12:15:59,7.7180,192.7247,0.9994
2025-11-12 12:15:59,7.7178,193.2181,0.9994
2025-11-12 12:15:59,7.7183,182.5152,0.9994
2025-11-12 12:15:59,7.7144,114.2115,0.9996
2025-11-12 12:16:00,7.7104,105.2001,0.9997
2025-11-12 12:16:00,7.7108,106.2914,0.9997
2025-11-12 12:16:00,7.7108,106.2914,0.9997
2025-11-12 12:16:00,7.7142,170.7785,0.9995
2025-11-12 12:16:00,7.7105,197.4837,0.9994
2025-11-12 12:16:00,7.7092,195.0647,0.9994
2025-11-12 12:16:00,7.7086,202.9666,0.9993
2025-11-12 12:16:00,7.7037,98.7540,0.9997
2025-11-12 12:16:00,7.7092,91.2093,0.9997
2025-11-12 12:16:00,7.7103,92.8499,0.9997
2025-11-12 12:16:01,7.7105,89.0046,0.9997
2025-11-12 12:16:01,7.7154,171.4179,0.9995
2025-11-12 12:16:01,7.6957,512.8888,0.9983
2025-11-12 12:16:01,7.6935,492.7810,0.9984
2025-11-12 12:16:01,7.6947,485.7559,0.9984
2025-11-12 12:16:01,7.6819,207.4454,0.9993
2025-11-12 12:16:01,7.6890,69.0983,0.9998
2025-11-12 12:16:01,7.6920,107.7625,0.9996
2025-11-12 12:16:01,7.6899,117.0118,0.9996
2025-11-12 12:16:01,7.6991,241.7705,0.9992
2025-11-12 12:16:01,7.7117,124.7508,0.9996
2025-11-12 12:16:01,7.7109,122.4035,0.9996
2025-11-12 12:16:02,7.7118,105.0053,0.9997
2025-11-12 12:16:02,7.7129,122.3535,0.9996
2025-11-12 12:16:02,7.7032,196.4343,0.9994
2025-11-12 12:16:02,7.7043,205.5859,0.9993
2025-11-12 12:16:02,7.7045,203.5715,0.9993
2025-11-12 12:16:02,7.7075,279.8163,0.9991
2025-11-12 12:16:02,7.7139,194.8695,0.9994
2025-11-12 12:16:02,7.7133,193.5851,0.9994
2025-11-12 12:16:02,7.7133,193.5851,0.9994
2025-11-12 12:16:02,7.7086,99.3408,0.9997
2025-11-12 12:16:03,7.7110,94.0068,0.9997
2025-11-12 12:16:03,7.7112,94.8022,0.9997
2025-11-12 12:16:03,7.7112,94.8022,0.9997
2025-11-12 12:16:03,7.7141,142.5612,0.9995
2025-11-12 12:16:03,7.7186,152.1935,0.9995
2025-11-12 12:16:03,7.7189,152.0221,0.9995
2025-11-12 12:16:03,7.7189,152.0221,0.9995
2025-11-12 12:16:03,7.7193,158.2067,0.9995
2025-11-12 12:16:03,7.7174,150.3328,0.9995
2025-11-12 12:16:03,7.7162,150.7334,0.9995
2025-11-12 12:16:04,7.7162,150.7334,0.9995
2025-11-12 12:16:04,7.7156,140.6148,0.9996
2025-11-12 12:16:04,7.7099,151.5888,0.9995
2025-11-12 12:16:04,7.7107,154.0055,0.9995
2025-11-12 12:16:04,7.7104,158.5039,0.9995
2025-11-12 12:16:04,7.7113,178.5192,0.9994
2025-11-12 12:16:04,7.7100,190.0584,0.9994
2025-11-12 12:16:04,7.7104,191.7530,0.9994
2025-11-12 12:16:04,7.7107,187.2444,0.9994
2025-11-12 12:16:05,7.7094,157.9171,0.9995
2025-11-12 12:16:05,7.7036,243.0240,0.9992
2025-11-12 12:16:05,7.7034,241.1645,0.9992
2025-11-12 12:16:05,7.7031,244.4803,0.9992
2025-11-12 12:16:05,7.7049,292.3562,0.9991
2025-11-12 12:16:05,7.7036,322.1224,0.9990
2025-11-12 12:16:05,7.7028,316.4817,0.9990
2025-11-12 12:16:05,7.7023,323.1813,0.9989
2025-11-12 12:16:05,7.7030,345.0475,0.9989
2025-11-12 12:16:05,7.7071,267.1142,0.9991
2025-11-12 12:16:05,7.7060,263.1049,0.9991
2025-11-12 12:16:06,7.7068,251.3962,0.9992
2025-11-12 12:16:06,7.7062,234.6936,0.9992
2025-11-12 12:16:06,7.7151,170.5056,0.9995
2025-11-12 12:16:06,7.7165,167.9719,0.9995
2025-11-12 12:16:06,7.7165,167.9719,0.9995
2025-11-12 12:16:06,7.7127,100.9686,0.9997
2025-11-12 12:16:06,7.7168,127.8344,0.9996
2025-11-12 12:16:07,7.7157,129.7005,0.9996
2025-11-12 12:16:07,7.7157,129.7005,0.9996
2025-11-12 12:16:07,7.7157,129.8410,0.9996
2025-11-12 12:16:07,7.7143,116.0423,0.9996
2025-11-12 12:16:07,7.7157,115.2817,0.9996
2025-11-12 12:16:07,7.7157,115.2817,0.9996
2025-11-12 12:16:07,7.7189,163.2006,0.9995
2025-11-12 12:16:07,7.7166,155.6423,0.9995
2025-11-12 12:16:07,7.7168,155.6920,0.9995
2025-11-12 12:16:07,7.7166,158.8884,0.9995
2025-11-12 12:16:07,7.7151,131.9288,0.9996
2025-11-12 12:16:08,7.7167,137.6983,0.9996
2025-11-12 12:16:08,7.7170,137.9247,0.9996
2025-11-12 12:16:08,7.7172,134.6908,0.9996
2025-11-12 12:16:08,7.7195,176.0531,0.9994
2025-11-12 12:16:08,7.7218,188.5655,0.9994
2025-11-12 12:16:08,7.7165,225.3090,0.9993
2025-11-12 12:16:08,7.7165,225.3090,0.9993
2025-11-12 12:16:08,7.7146,188.0117,0.9994
2025-11-12 12:16:08,7.7134,174.1114,0.9994
2025-11-12 12:16:08,7.7153,158.4002,0.9995
2025-11-12 12:16:08,7.7153,158.4002,0.9995
2025-11-12 12:16:08,7.7182,217.8976,0.9993
2025-11-12 12:16:09,7.7193,226.4575,0.9993
2025-11-12 12:16:09,7.7190,228.7300,0.9993
2025-11-12 12:16:09,7.7190,228.7300,0.9993
2025-11-12 12:16:09,7.7192,231.5538,0.9993
2025-11-12 12:16:09,7.7195,234.4282,0.9993
2025-11-12 12:16:09,7.7226,213.8044,0.9993
2025-11-12 12:16:09,7.7226,213.8044,0.9993
2025-11-12 12:16:09,7.7207,178.0094,0.9994
2025-11-12 12:16:09,7.7182,161.9384,0.9995
2025-11-12 12:16:09,7.7161,167.9920,0.9995
2025-11-12 12:16:09,7.7164,162.5108,0.9995
2025-11-12 12:16:09,7.7161,157.4269,0.9995
2025-11-12 12:16:10,7.7166,160.0141,0.9995
2025-11-12 12:16:10,7.7196,152.9604,0.9995
2025-11-12 12:16:10,7.7194,156.8610,0.9995
2025-11-12 12:16:10,7.7206,180.2179,0.9994
2025-11-12 12:16:10,7.7180,177.6132,0.9994
2025-11-12 12:16:10,7.7173,177.0941,0.9994
2025-11-12 12:16:10,7.7172,179.0974,0.9994
2025-11-12 12:16:10,7.7144,125.1849,0.9996
2025-11-12 12:16:10,7.7158,128.2157,0.9996
2025-11-12 12:16:11,7.7159,128.2884,0.9996
2025-11-12 12:16:11,7.7156,133.6487,0.9996
2025-11-12 12:16:11,7.7155,132.1431,0.9996
2025-11-12 12:16:11,7.7162,135.2010,0.9996
2025-11-12 12:16:11,7.7165,135.4776,0.9996
2025-11-12 12:16:11,7.7165,135.4776,0.9996
2025-11-12 12:16:11,7.7169,141.5795,0.9996
2025-11-12 12:16:11,7.7121,140.9640,0.9995
2025-11-12 12:16:11,7.7097,136.6395,0.9996
2025-11-12 12:16:11,7.7100,132.2584,0.9996
2025-11-12 12:16:11,7.7119,175.2078,0.9994
2025-11-12 12:16:11,7.7177,181.9652,0.9994
2025-11-12 12:16:11,7.7202,174.1715,0.9995
2025-11-12 12:16:12,7.7202,174.1715,0.9995
2025-11-12 12:16:12,7.7206,182.2124,0.9994
2025-11-12 12:16:12,7.7215,187.4781,0.9994
2025-11-12 12:16:12,7.7212,188.0473,0.9994
2025-11-12 12:16:12,7.7212,188.0473,0.9994
2025-11-12 12:16:12,7.7222,207.7803,0.9993
2025-11-12 12:16:12,7.7209,201.3940,0.9994
2025-11-12 12:16:12,7.7208,201.6246,0.9994
2025-11-12 12:16:12,7.7208,201.6246,0.9994
2025-11-12 12:16:12,7.7193,171.5006,0.9995
2025-11-12 12:16:13,7.7172,166.0727,0.9995
2025-11-12 12:16:13,7.7153,169.4165,0.9995
2025-11-12 12:16:13,7.7153,169.4165,0.9995
2025-11-12 12:16:13,7.7172,214.6456,0.9993
2025-11-12 12:16:13,7.7165,214.7030,0.9993
2025-11-12 12:16:13,7.7171,212.2883,0.9993
2025-11-12 12:16:13,7.7174,206.6212,0.9993
2025-11-12 12:16:13,7.7119,96.0827,0.9997
2025-11-12 12:16:13,7.7107,94.7994,0.9997
2025-11-12 12:16:13,7.7113,95.7533,0.9997
2025-11-12 12:16:14,7.7117,90.2490,0.9997
2025-11-12 12:16:14,7.7186,239.3608,0.9992
2025-11-12 12:16:14,7.7230,235.5433,0.9993
2025-11-12 12:16:14,7.7241,230.8343,0.9993
2025-11-12 12:16:14,7.7232,250.4913,0.9992
2025-11-12 12:16:14,7.7209,196.0544,0.9994
2025-11-12 12:16:14,7.7207,195.0641,0.9994
2025-11-12 12:16:14,7.7200,196.2897,0.9994
2025-11-12 12:16:14,7.7202,192.0430,0.9994
2025-11-12 12:16:15,7.7188,164.3240,0.9995
2025-11-12 12:16:15,7.7203,174.6373,0.9995
2025-11-12 12:16:15,7.7195,177.0062,0.9994
2025-11-12 12:16:15,7.7195,177.0062,0.9994
2025-11-12 12:16:15,7.7199,183.5574,0.9994
2025-11-12 12:16:15,7.7186,174.0502,0.9995
2025-11-12 12:16:15,7.7176,178.4011,0.9994
2025-11-12 12:16:15,7.7176,178.4011,0.9994
2025-11-12 12:16:15,7.7188,204.4574,0.9994
2025-11-12 12:16:16,7.7172,197.2830,0.9994
2025-11-12 12:16:16,7.7195,190.7365,0.9994
2025-11-12 12:16:16,7.7195,190.7365,0.9994
2025-11-12 12:16:16,7.7175,150.6133,0.9995
2025-11-12 12:16:16,7.7189,155.8742,0.9995
2025-11-12 12:16:16,7.7161,163.2640,0.9995
2025-11-12 12:16:16,7.7161,163.2640,0.9995
2025-11-12 12:16:16,7.7164,168.2526,0.9995
2025-11-12 12:16:16,7.7115,157.9426,0.9995
2025-11-12 12:16:16,7.7105,161.5681,0.9995
2025-11-12 12:16:16,7.7105,161.5681,0.9995
2025-11-12 12:16:17,7.7100,151.1808,0.9995
2025-11-12 12:16:17,7.7124,153.0594,0.9995
2025-11-12 12:16:17,7.7146,145.2827,0.9995
2025-11-12 12:16:17,7.7146,145.2827,0.9995
2025-11-12 12:16:17,7.7176,212.6240,0.9993
2025-11-12 12:16:17,7.7175,212.6631,0.9993
2025-11-12 12:16:17,7.7159,220.0638,0.9993
2025-11-12 12:16:17,7.7176,190.3262,0.9994
2025-11-12 12:16:18,7.7176,190.0978,0.9994
2025-11-12 12:16:18,7.7182,190.1314,0.9994
2025-11-12 12:16:18,7.7210,175.9696,0.9994
2025-11-12 12:16:18,7.7192,213.3232,0.9993
2025-11-12 12:16:18,7.7193,215.1180,0.9993
2025-11-12 12:16:18,7.7220,221.8866,0.9993
2025-11-12 12:16:18,7.7222,221.2459,0.9993
2025-11-12 12:16:18,7.7224,216.7331,0.9993
2025-11-12 12:16:18,7.7205,176.4349,0.9994
2025-11-12 12:16:18,7.7216,184.5315,0.9994
2025-11-12 12:16:19,7.7213,185.2592,0.9994
2025-11-12 12:16:19,7.7213,185.2592,0.9994
2025-11-12 12:16:19,7.7246,256.8073,0.9992
2025-11-12 12:16:19,7.7245,256.6028,0.9992
2025-11-12 12:16:19,7.7210,285.5058,0.9991
2025-11-12 12:16:19,7.7210,285.5058,0.9991
2025-11-12 12:16:19,7.7213,295.1471,0.9991
2025-11-12 12:16:19,7.7217,298.5605,0.9991
2025-11-12 12:16:19,7.7255,266.8111,0.9992
2025-11-12 12:16:20,7.7255,266.8111,0.9992
2025-11-12 12:16:20,7.7257,273.2028,0.9992
2025-11-12 12:16:20,7.7218,262.7632,0.9992
2025-11-12 12:16:20,7.7178,286.9123,0.9991
2025-11-12 12:16:20,7.7178,286.9123,0.9991
2025-11-12 12:16:20,7.7171,265.6337,0.9992
2025-11-12 12:16:20,7.7179,267.6501,0.9992
2025-11-12 12:16:20,7.7204,249.0796,0.9992
2025-11-12 12:16:20,7.7212,231.8999,0.9993
2025-11-12 12:16:21,7.7217,246.6516,0.9992
2025-11-12 12:16:21,7.7213,246.4547,0.9992
2025-11-12 12:16:21,7.7213,246.5785,0.9992
2025-11-12 12:16:21,7.7213,247.4465,0.9992
2025-11-12 12:16:21,7.7211,242.1452,0.9992
2025-11-12 12:16:21,7.7216,242.5445,0.9992
2025-11-12 12:16:21,7.7229,236.1621,0.9993
2025-11-12 12:16:21,7.7222,251.3375,0.9992
2025-11-12 12:16:21,7.7239,298.6967,0.9991
2025-11-12 12:16:22,7.7231,299.3805,0.9991
2025-11-12 12:16:22,7.7218,306.1928,0.9990
2025-11-12 12:16:22,7.7220,301.6416,0.9991
2025-11-12 12:16:22,7.7207,261.2289,0.9992
2025-11-12 12:16:22,7.7191,263.7088,0.9992
2025-11-12 12:16:22,7.7168,278.5020,0.9991
2025-11-12 12:16:22,7.7172,271.7496,0.9991
2025-11-12 12:16:22,7.7178,291.7626,0.9991
2025-11-12 12:16:22,7.7195,290.5825,0.9991
2025-11-12 12:16:22,7.7196,289.4769,0.9991
2025-11-12 12:16:23,7.7191,300.1778,0.9991
2025-11-12 12:16:23,7.7185,280.6943,0.9991
2025-11-12 12:16:23,7.7143,290.2806,0.9991
2025-11-12 12:16:23,7.7178,277.5342,0.9991
2025-11-12 12:16:23,7.7175,284.8520,0.9991
2025-11-12 12:16:23,7.7183,311.3877,0.9990
2025-11-12 12:16:23,7.7206,296.4650,0.9991
2025-11-12 12:16:23,7.7167,318.3545,0.9990
2025-11-12 12:16:24,7.7170,313.6332,0.9990
2025-11-12 12:16:24,7.7149,249.0328,0.9992
2025-11-12 12:16:24,7.7152,248.8650,0.9992
2025-11-12 12:16:24,7.7183,232.1682,0.9993
2025-11-12 12:16:24,7.7138,344.8774,0.9989
2025-11-12 12:16:24,7.7160,417.4925,0.9987
2025-11-12 12:16:24,7.7132,427.1111,0.9986
2025-11-12 12:16:24,7.7118,428.2338,0.9986
2025-11-12 12:16:25,7.7164,320.4798,0.9990
2025-11-12 12:16:25,7.7152,279.4903,0.9991
2025-11-12 12:16:25,7.7176,267.6811,0.9992
2025-11-12 12:16:25,7.7196,260.4074,0.9992
2025-11-12 12:16:25,7.7194,264.5941,0.9992
2025-11-12 12:16:25,7.7159,174.3221,0.9994
2025-11-12 12:16:25,7.7187,177.6356,0.9994
2025-11-12 12:16:25,7.7193,177.1941,0.9994
2025-11-12 12:16:25,7.7188,186.9284,0.9994
2025-11-12 12:16:25,7.7202,215.4571,0.9993
2025-11-12 12:16:25,7.7186,213.3078,0.9993
2025-11-12 12:16:25,7.7187,213.3204,0.9993
2025-11-12 12:16:26,7.7187,213.3204,0.9993
2025-11-12 12:16:26,7.7221,308.2720,0.9990
2025-11-12 12:16:26,7.7194,321.4749,0.9990
2025-11-12 12:16:26,7.7159,333.8811,0.9989
2025-11-12 12:16:26,7.7165,321.0314,0.9990
2025-11-12 12:16:26,7.7139,237.5906,0.9992
2025-11-12 12:16:26,7.7171,234.7359,0.9993
2025-11-12 12:16:26,7.7206,219.9283,0.9993
2025-11-12 12:16:26,7.7206,219.9283,0.9993
2025-11-12 12:16:26,7.7223,264.7873,0.9992
2025-11-12 12:16:26,7.7228,264.4513,0.9992
2025-11-12 12:16:26,7.7179,299.1894,0.9991
2025-11-12 12:16:27,7.7176,304.9280,0.9990
2025-11-12 12:16:27,7.7147,222.5432,0.9993
2025-11-12 12:16:27,7.7144,220.8506,0.9993
2025-11-12 12:16:27,7.7189,197.5840,0.9994
2025-11-12 12:16:27,7.7191,191.6631,0.9994
2025-11-12 12:16:27,7.7208,233.2586,0.9993
2025-11-12 12:16:27,7.7228,237.2871,0.9993
2025-11-12 12:16:27,7.7227,237.5349,0.9993
2025-11-12 12:16:28,7.7227,237.5349,0.9993
2025-11-12 12:16:28,7.7230,246.1302,0.9992
2025-11-12 12:16:28,7.7225,244.4189,0.9992
2025-11-12 12:16:28,7.7228,243.4080,0.9992
2025-11-12 12:16:28,7.7228,243.4080,0.9992
2025-11-12 12:16:28,7.7239,272.7491,0.9991
2025-11-12 12:16:28,7.7223,272.3214,0.9991
2025-11-12 12:16:28,7.7215,274.7634,0.9991
2025-11-12 12:16:28,7.7215,274.7634,0.9991
2025-11-12 12:16:28,7.7212,266.0152,0.9992
2025-11-12 12:16:29,7.7230,267.9051,0.9992
2025-11-12 12:16:29,7.7237,264.8447,0.9992
2025-11-12 12:16:29,7.7237,264.8447,0.9992
2025-11-12 12:16:29,7.7241,275.9810,0.9991
2025-11-12 12:16:29,7.7198,284.6766,0.9991
2025-11-12 12:16:29,7.7174,292.7687,0.9991
2025-11-12 12:16:29,7.7174,292.7687,0.9991
2025-11-12 12:16:29,7.7130,168.8275,0.9995
2025-11-12 12:16:29,7.7114,173.9344,0.9994
2025-11-12 12:16:29,7.7140,175.6435,0.9994
2025-11-12 12:16:30,7.7140,175.6435,0.9994
2025-11-12 12:16:30,7.7095,94.9925,0.9997
2025-11-12 12:16:30,7.7154,107.1610,0.9997
2025-11-12 12:16:30,7.7154,107.1283,0.9997
2025-11-12 12:16:30,7.7151,112.3940,0.9996
2025-11-12 12:16:30,7.7177,145.1519,0.9995
2025-11-12 12:16:30,7.7134,136.2924,0.9996
2025-11-12 12:16:30,7.7136,137.0326,0.9996
2025-11-12 12:16:30,7.7134,141.3234,0.9995
2025-11-12 12:16:30,7.7145,162.5248,0.9995
2025-11-12 12:16:31,7.7142,163.2428,0.9995
2025-11-12 12:16:31,7.7137,161.6890,0.9995
2025-11-12 12:16:31,7.7150,138.1823,0.9996
2025-11-12 12:16:31,7.7156,149.4532,0.9995
2025-11-12 12:16:31,7.7215,159.7665,0.9995
2025-11-12 12:16:31,7.7200,165.8473,0.9995
2025-11-12 12:16:31,7.7190,186.5238,0.9994
2025-11-12 12:16:31,7.7159,137.3567,0.9996
2025-11-12 12:16:31,7.7161,139.5972,0.9996
2025-11-12 12:16:31,7.7168,138.0333,0.9996
2025-11-12 12:16:32,7.7169,134.1756,0.9996
2025-11-12 12:16:32,7.7167,131.5103,0.9996
2025-11-12 12:16:32,7.7156,120.6616,0.9996
2025-11-12 12:16:32,7.7167,120.7983,0.9996
2025-11-12 12:16:32,7.7167,120.7983,0.9996
2025-11-12 12:16:32,7.7170,124.1106,0.9996
2025-11-12 12:16:32,7.7173,126.5841,0.9996
2025-11-12 12:16:33,7.7127,142.9680,0.9995
2025-11-12 12:16:33,7.7130,138.0916,0.9996
2025-11-12 12:16:33,7.7071,87.4758,0.9997
2025-11-12 12:16:33,7.7078,98.5996,0.9997
2025-11-12 12:16:33,7.7118,94.4036,0.9997
2025-11-12 12:16:33,7.7116,97.4115,0.9997
2025-11-12 12:16:33,7.7127,98.7101,0.9997
2025-11-12 12:16:33,7.7118,87.4729,0.9997
2025-11-12 12:16:33,7.7114,86.6291,0.9997
2025-11-12 12:16:34,7.7110,93.8952,0.9997
2025-11-12 12:16:34,7.7095,91.1155,0.9997
2025-11-12 12:16:34,7.7091,85.1799,0.9997
2025-11-12 12:16:34,7.7106,92.8527,0.9997
2025-11-12 12:16:34,7.7110,87.3034,0.9997
2025-11-12 12:16:34,7.7133,91.7283,0.9997
2025-11-12 12:16:34,7.7099,70.3056,0.9998
2025-11-12 12:16:34,7.7072,58.6032,0.9998
2025-11-12 12:16:34,7.7069,62.4930,0.9998
2025-11-12 12:16:34,7.7035,45.7595,0.9999
2025-11-12 12:16:35,7.7002,33.2656,0.9999
2025-11-12 12:16:35,7.7006,35.4560,0.9999
2025-11-12 12:16:35,7.7008,32.6197,0.9999
2025-11-12 12:16:35,7.7076,99.4073,0.9997
2025-11-12 12:16:35,7.7003,174.3678,0.9994
2025-11-12 12:16:35,7.7021,189.2474,0.9994
2025-11-12 12:16:35,7.7021,189.2474,0.9994
2025-11-12 12:16:35,7.7066,301.9706,0.9990
2025-11-12 12:16:35,7.7169,182.8057,0.9994
2025-11-12 12:16:35,7.7158,183.1349,0.9994
2025-11-12 12:16:35,7.7155,188.4926,0.9994
2025-11-12 12:16:35,7.7146,167.3888,0.9995
2025-11-12 12:16:35,7.7108,184.0116,0.9994
2025-11-12 12:16:36,7.7120,187.5587,0.9994
2025-11-12 12:16:36,7.7122,182.7930,0.9994
2025-11-12 12:16:36,7.7130,200.1787,0.9994
2025-11-12 12:16:36,7.7161,180.1289,0.9994
2025-11-12 12:16:36,7.7145,180.2464,0.9994
2025-11-12 12:16:36,7.7145,180.2464,0.9994
2025-11-12 12:16:36,7.7147,184.8853,0.9994
2025-11-12 12:16:36,7.7180,186.8351,0.9994
2025-11-12 12:16:36,7.7182,186.1047,0.9994
2025-11-12 12:16:37,7.7182,186.1047,0.9994
2025-11-12 12:16:37,7.7183,188.0567,0.9994
2025-11-12 12:16:37,7.7109,213.2437,0.9993
2025-11-12 12:16:37,7.7122,216.5240,0.9993
2025-11-12 12:16:37,7.7122,216.5240,0.9993
2025-11-12 12:16:37,7.7132,242.8706,0.9992
2025-11-12 12:16:37,7.7147,227.9428,0.9993
2025-11-12 12:16:37,7.7125,227.6529,0.9993
2025-11-12 12:16:37,7.7122,233.3818,0.9993
2025-11-12 12:16:38,7.7123,236.0890,0.9992
2025-11-12 12:16:38,7.7147,223.1662,0.9993
2025-11-12 12:16:38,7.7153,221.3905,0.9993
2025-11-12 12:16:38,7.7157,215.0374,0.9993
2025-11-12 12:16:38,7.7152,204.1122,0.9994
2025-11-12 12:16:38,7.7134,213.9339,0.9993
2025-11-12 12:16:38,7.7132,214.0765,0.9993
2025-11-12 12:16:38,7.7132,214.0765,0.9993
2025-11-12 12:16:38,7.7094,124.2371,0.9996
2025-11-12 12:16:38,7.7160,136.1536,0.9996
2025-11-12 12:16:38,7.7179,134.4280,0.9996
2025-11-12 12:16:39,7.7179,134.4280,0.9996
2025-11-12 12:16:39,7.7250,284.7648,0.9991
2025-11-12 12:16:39,7.7241,283.5513,0.9991
2025-11-12 12:16:39,7.7217,296.9686,0.9991
2025-11-12 12:16:39,7.7217,296.9686,0.9991
2025-11-12 12:16:39,7.7211,279.8291,0.9991
2025-11-12 12:16:39,7.7229,287.2582,0.9991
2025-11-12 12:16:39,7.7252,272.5695,0.9992
2025-11-12 12:16:39,7.7249,279.5314,0.9991
2025-11-12 12:16:39,7.7243,263.1439,0.9992
2025-11-12 12:16:39,7.7234,259.2728,0.9992
2025-11-12 12:16:39,7.7229,260.7203,0.9992
2025-11-12 12:16:40,7.7228,265.1534,0.9992
2025-11-12 12:16:40,7.7236,289.8563,0.9991
2025-11-12 12:16:40,7.7187,298.1358,0.9991
2025-11-12 12:16:40,7.7189,297.9471,0.9991
2025-11-12 12:16:40,7.7194,287.9468,0.9991
2025-11-12 12:16:40,7.7162,198.7713,0.9994
2025-11-12 12:16:40,7.7180,193.5441,0.9994
2025-11-12 12:16:40,7.7182,193.5478,0.9994
2025-11-12 12:16:40,7.7182,193.5478,0.9994
2025-11-12 12:16:40,7.7183,197.2570,0.9994
2025-11-12 12:16:40,7.7139,222.6900,0.9993
2025-11-12 12:16:40,7.7105,223.5941,0.9993
2025-11-12 12:16:41,7.7105,223.5941,0.9993
2025-11-12 12:16:41,7.7115,252.6382,0.9992
2025-11-12 12:16:41,7.7112,254.6755,0.9992
2025-11-12 12:16:41,7.7143,251.4845,0.9992
2025-11-12 12:16:41,7.7138,260.0500,0.9992
2025-11-12 12:16:41,7.7159,325.2159,0.9990
2025-11-12 12:16:41,7.7149,337.3984,0.9989
2025-11-12 12:16:41,7.7151,337.7827,0.9989
2025-11-12 12:16:41,7.7156,328.8169,0.9990
2025-11-12 12:16:42,7.7150,309.9184,0.9990
2025-11-12 12:16:42,7.7178,279.3482,0.9991
2025-11-12 12:16:42,7.7178,279.3427,0.9991
2025-11-12 12:16:42,7.7178,279.3427,0.9991
2025-11-12 12:16:42,7.7189,314.8083,0.9990
2025-11-12 12:16:42,7.7168,338.0635,0.9989
2025-11-12 12:16:42,7.7172,338.5115,0.9989
2025-11-12 12:16:42,7.7172,338.5115,0.9989
2025-11-12 12:16:42,7.7145,253.5848,0.9992
2025-11-12 12:16:42,7.7150,247.6738,0.9992
2025-11-12 12:16:42,7.7133,245.5060,0.9992
2025-11-12 12:16:43,7.7133,245.5060,0.9992
2025-11-12 12:16:43,7.7133,244.9794,0.9992
2025-11-12 12:16:43,7.7173,221.9433,0.9993
2025-11-12 12:16:43,7.7185,219.8660,0.9993
2025-11-12 12:16:43,7.7185,219.8660,0.9993
2025-11-12 12:16:43,7.7188,228.2532,0.9993
2025-11-12 12:16:43,7.7126,282.8743,0.9991
2025-11-12 12:16:43,7.7125,282.5068,0.9991
2025-11-12 12:16:43,7.7125,282.5068,0.9991
2025-11-12 12:16:43,7.7135,313.6873,0.9990
2025-11-12 12:16:43,7.7201,254.2671,0.9992
2025-11-12 12:16:44,7.7162,274.8893,0.9991
2025-11-12 12:16:44,7.7154,291.7770,0.9991
2025-11-12 12:16:44,7.7146,265.5206,0.9992
2025-11-12 12:16:44,7.7121,270.0231,0.9991
2025-11-12 12:16:44,7.7156,259.2025,0.9992
2025-11-12 12:16:44,7.7159,252.3954,0.9992
2025-11-12 12:16:44,7.7165,268.5742,0.9991
2025-11-12 12:16:44,7.7140,290.5545,0.9991
2025-11-12 12:16:44,7.7146,291.3870,0.9991
2025-11-12 12:16:44,7.7144,293.9057,0.9991
2025-11-12 12:16:45,7.7131,252.6884,0.9992
2025-11-12 12:16:45,7.7097,298.0265,0.9990
2025-11-12 12:16:45,7.7089,294.5884,0.9991
2025-11-12 12:16:45,7.7085,300.9695,0.9990
2025-11-12 12:16:45,7.7062,232.1182,0.9992
2025-11-12 12:16:45,7.7075,214.8302,0.9993
2025-11-12 12:16:45,7.7082,218.7553,0.9993
2025-11-12 12:16:45,7.7092,202.4838,0.9993
2025-11-12 12:16:46,7.7079,171.0078,0.9994
2025-11-12 12:16:46,7.7055,205.1153,0.9993
2025-11-12 12:16:46,7.7035,193.6520,0.9994
2025-11-12 12:16:46,7.7035,193.6520,0.9994
2025-11-12 12:16:46,7.7041,207.7951,0.9993
2025-11-12 12:16:46,7.7139,141.1661,0.9995
2025-11-12 12:16:46,7.7156,140.1113,0.9996
2025-11-12 12:16:46,7.7154,145.4319,0.9995
2025-11-12 12:16:46,7.7169,176.0122,0.9994
2025-11-12 12:16:47,7.7166,176.0392,0.9994
2025-11-12 12:16:47,7.7153,176.9673,0.9994
2025-11-12 12:16:47,7.7156,171.6404,0.9995
2025-11-12 12:16:47,7.7071,54.9035,0.9998
2025-11-12 12:16:47,7.7034,46.6978,0.9998
2025-11-12 12:16:47,7.7047,55.4630,0.9998
2025-11-12 12:16:47,7.7047,55.4630,0.9998
2025-11-12 12:16:47,7.7068,73.3590,0.9998
2025-11-12 12:16:47,7.7065,74.3731,0.9998
2025-11-12 12:16:48,7.7041,63.1659,0.9998
2025-11-12 12:16:48,7.7038,67.1872,0.9998
2025-11-12 12:16:48,7.7075,127.9962,0.9996
2025-11-12 12:16:48,7.6973,263.2154,0.9991
2025-11-12 12:16:48,7.6979,267.1338,0.9991
2025-11-12 12:16:48,7.6972,273.3284,0.9991
2025-11-12 12:16:48,7.6984,304.6788,0.9990
2025-11-12 12:16:48,7.7164,179.8653,0.9994
2025-11-12 12:16:48,7.7186,175.7751,0.9994
2025-11-12 12:16:49,7.7198,149.4137,0.9995
2025-11-12 12:16:49,7.7184,130.4318,0.9996
2025-11-12 12:16:49,7.7172,121.3856,0.9996
2025-11-12 12:16:49,7.7163,121.0459,0.9996
2025-11-12 12:16:49,7.7162,123.1668,0.9996
2025-11-12 12:16:49,7.7205,202.0724,0.9994
2025-11-12 12:16:49,7.7151,208.9056,0.9993
2025-11-12 12:16:49,7.7160,209.8486,0.9993
2025-11-12 12:16:49,7.7159,212.2025,0.9993
2025-11-12 12:16:49,7.7161,218.9754,0.9993
2025-11-12 12:16:50,7.7087,319.2880,0.9990
2025-11-12 12:16:50,7.7086,318.3790,0.9990
2025-11-12 12:16:50,7.7086,318.3790,0.9990
2025-11-12 12:16:50,7.7085,315.4921,0.9990
2025-11-12 12:16:50,7.7217,208.2094,0.9993
2025-11-12 12:16:50,7.7216,208.3598,0.9993
2025-11-12 12:16:50,7.7216,208.3598,0.9993
2025-11-12 12:16:50,7.7212,198.9387,0.9994
2025-11-12 12:16:50,7.7201,195.2553,0.9994
2025-11-12 12:16:51,7.7198,195.7447,0.9994
2025-11-12 12:16:51,7.7198,195.7447,0.9994
2025-11-12 12:16:51,7.7199,197.7867,0.9994
2025-11-12 12:16:51,7.7221,208.3900,0.9993
2025-11-12 12:16:51,7.7224,207.5972,0.9993
2025-11-12 12:16:51,7.7219,220.2846,0.9993
2025-11-12 12:16:51,7.7217,217.0666,0.9993
2025-11-12 12:16:51,7.7201,208.1402,0.9993
2025-11-12 12:16:51,7.7183,213.9520,0.9993
2025-11-12 12:16:51,7.7184,212.2444,0.9993
2025-11-12 12:16:51,7.7162,167.0837,0.9995
2025-11-12 12:16:52,7.7174,176.5738,0.9994
2025-11-12 12:16:52,7.7181,174.2160,0.9994
2025-11-12 12:16:52,7.7185,164.5064,0.9995
2025-11-12 12:16:52,7.7197,185.7644,0.9994
2025-11-12 12:16:52,7.7173,173.2432,0.9995
2025-11-12 12:16:52,7.7183,171.5543,0.9995
2025-11-12 12:16:52,7.7170,199.4046,0.9994
2025-11-12 12:16:52,7.7162,183.1308,0.9994
2025-11-12 12:16:52,7.7183,194.4699,0.9994
2025-11-12 12:16:53,7.7144,211.2819,0.9993
2025-11-12 12:16:53,7.7157,185.4478,0.9994
2025-11-12 12:16:53,7.7156,184.5480,0.9994
2025-11-12 12:16:53,7.7140,172.1161,0.9995
2025-11-12 12:16:53,7.7184,156.4413,0.9995
2025-11-12 12:16:53,7.7184,156.4413,0.9995
2025-11-12 12:16:53,7.7193,175.7381,0.9994
2025-11-12 12:16:53,7.7175,174.0819,0.9994
2025-11-12 12:16:53,7.7166,173.9949,0.9994
2025-11-12 12:16:54,7.7169,168.4207,0.9995
2025-11-12 12:16:54,7.7159,146.1384,0.9995
2025-11-12 12:16:54,7.7109,167.1942,0.9995
2025-11-12 12:16:54,7.7121,171.9357,0.9995
2025-11-12 12:16:54,7.7119,174.9972,0.9994
2025-11-12 12:16:54,7.7138,220.0996,0.9993
2025-11-12 12:16:54,7.7182,191.0868,0.9994
2025-11-12 12:16:54,7.7161,192.7167,0.9994
2025-11-12 12:16:55,7.7160,194.6480,0.9994
2025-11-12 12:16:55,7.7164,206.9652,0.9993
2025-11-12 12:16:55,7.7162,207.3776,0.9993
2025-11-12 12:16:55,7.7178,205.1829,0.9994
2025-11-12 12:16:55,7.7178,205.1829,0.9994
2025-11-12 12:16:55,7.7180,209.4277,0.9993
2025-11-12 12:16:55,7.7207,208.1334,0.9993
2025-11-12 12:16:55,7.7207,208.1622,0.9993
2025-11-12 12:16:55,7.7207,208.1622,0.9993
2025-11-12 12:16:55,7.7193,177.3081,0.9994
2025-11-12 12:16:56,7.7183,175.2075,0.9994
2025-11-12 12:16:56,7.7183,175.2028,0.9994
2025-11-12 12:16:56,7.7183,175.2028,0.9994
2025-11-12 12:16:56,7.7202,216.9679,0.9993
2025-11-12 12:16:56,7.7184,219.9625,0.9993
2025-11-12 12:16:56,7.7151,230.4069,0.9993
2025-11-12 12:16:56,7.7154,225.0766,0.9993
2025-11-12 12:16:56,7.7134,173.2634,0.9994
2025-11-12 12:16:56,7.7154,176.6291,0.9994
2025-11-12 12:16:56,7.7172,168.2872,0.9995
2025-11-12 12:16:57,7.7170,171.9216,0.9995
2025-11-12 12:16:57,7.7161,152.3096,0.9995
2025-11-12 12:16:57,7.7158,151.5340,0.9995
2025-11-12 12:16:57,7.7150,153.9720,0.9995
2025-11-12 12:16:57,7.7152,150.5715,0.9995
2025-11-12 12:16:57,7.7129,110.1559,0.9996
2025-11-12 12:16:57,7.7128,109.7547,0.9996
2025-11-12 12:16:57,7.7138,108.3716,0.9997
2025-11-12 12:16:57,7.7136,111.6106,0.9996
2025-11-12 12:16:57,7.7147,129.5644,0.9996
2025-11-12 12:16:57,7.7098,136.4363,0.9996
2025-11-12 12:16:57,7.7108,139.1534,0.9996
2025-11-12 12:16:58,7.7104,145.2511,0.9995
2025-11-12 12:16:58,7.7115,169.3847,0.9995
2025-11-12 12:16:58,7.7173,159.5961,0.9995
2025-11-12 12:16:58,7.7165,160.4526,0.9995
2025-11-12 12:16:58,7.7161,167.7797,0.9995
2025-11-12 12:16:58,7.7162,168.6303,0.9995
2025-11-12 12:16:58,7.7137,163.6189,0.9995
2025-11-12 12:16:58,7.7132,163.8962,0.9995
2025-11-12 12:16:59,7.7138,152.1860,0.9995
2025-11-12 12:16:59,7.7145,166.2678,0.9995
2025-11-12 12:16:59,7.7141,166.7065,0.9995
2025-11-12 12:16:59,7.7148,166.0423,0.9995
2025-11-12 12:16:59,7.7144,174.7268,0.9994
2025-11-12 12:16:59,7.7140,166.6772,0.9995
2025-11-12 12:16:59,7.7185,179.2555,0.9994
2025-11-12 12:16:59,7.7192,177.9246,0.9994
2025-11-12 12:16:59,7.7197,167.8882,0.9995
2025-11-12 12:16:59,7.7194,162.9188,0.9995
2025-11-12 12:17:00,7.7157,151.8200,0.9995
2025-11-12 12:17:00,7.7137,153.5257,0.9995
2025-11-12 12:17:00,7.7135,157.7464,0.9995
2025-11-12 12:17:00,7.7140,170.1021,0.9995
2025-11-12 12:17:00,7.7180,187.7601,0.9994
2025-11-12 12:17:00,7.7196,181.4232,0.9994
2025-11-12 12:17:00,7.7201,170.1987,0.9995
2025-11-12 12:17:00,7.7181,137.8223,0.9996
2025-11-12 12:17:00,7.7186,142.0787,0.9996
2025-11-12 12:17:00,7.7192,141.2419,0.9996
2025-11-12 12:17:00,7.7191,145.1036,0.9995
2025-11-12 12:17:01,7.7209,174.0281,0.9995
2025-11-12 12:17:01,7.7186,161.4819,0.9995
2025-11-12 12:17:01,7.7185,161.5746,0.9995
2025-11-12 12:17:01,7.7184,163.6495,0.9995
2025-11-12 12:17:01,7.7157,119.9974,0.9996
2025-11-12 12:17:01,7.7170,128.0893,0.9996
2025-11-12 12:17:01,7.7171,128.1376,0.9996
2025-11-12 12:17:01,7.7171,128.1376,0.9996
2025-11-12 12:17:01,7.7198,171.0520,0.9995
2025-11-12 12:17:01,7.7210,179.2091,0.9994
2025-11-12 12:17:02,7.7203,180.9513,0.9994
2025-11-12 12:17:02,7.7203,180.9513,0.9994
2025-11-12 12:17:02,7.7202,177.8377,0.9994
2025-11-12 12:17:02,7.7191,169.5341,0.9995
2025-11-12 12:17:02,7.7196,168.5449,0.9995
2025-11-12 12:17:02,7.7196,168.5449,0.9995
2025-11-12 12:17:02,7.7198,172.2866,0.9995
2025-11-12 12:17:02,7.7197,171.7780,0.9995
2025-11-12 12:17:02,7.7169,183.3802,0.9994
2025-11-12 12:17:02,7.7169,183.3802,0.9994
2025-11-12 12:17:03,7.7205,270.1597,0.9992
2025-11-12 12:17:03,7.7207,271.4295,0.9991
2025-11-12 12:17:03,7.7238,251.8279,0.9992
2025-11-12 12:17:03,7.7238,251.8279,0.9992
2025-11-12 12:17:03,7.7243,264.9750,0.9992
2025-11-12 12:17:03,7.7219,262.3290,0.9992
2025-11-12 12:17:03,7.7201,269.6611,0.9992
2025-11-12 12:17:03,7.7201,269.6611,0.9992
2025-11-12 12:17:03,7.7187,229.5205,0.9993
2025-11-12 12:17:03,7.7192,230.2321,0.9993
2025-11-12 12:17:03,7.7211,223.8343,0.9993
2025-11-12 12:17:04,7.7211,223.8343,0.9993
2025-11-12 12:17:04,7.7229,271.3572,0.9992
2025-11-12 12:17:04,7.7235,271.4309,0.9992
2025-11-12 12:17:04,7.7235,271.3910,0.9992
2025-11-12 12:17:04,7.7238,264.5886,0.9992
2025-11-12 12:17:04,7.7209,190.4632,0.9994
2025-11-12 12:17:04,7.7195,188.8398,0.9994
2025-11-12 12:17:04,7.7145,214.2110,0.9993
2025-11-12 12:17:05,7.7143,217.5518,0.9993
2025-11-12 12:17:05,7.7153,243.4386,0.9992
2025-11-12 12:17:05,7.7124,243.9210,0.9992
2025-11-12 12:17:05,7.7147,229.5357,0.9993
2025-11-12 12:17:05,7.7146,231.3868,0.9993
2025-11-12 12:17:05,7.7132,194.3472,0.9994
2025-11-12 12:17:05,7.7174,196.5437,0.9994
2025-11-12 12:17:05,7.7195,188.3039,0.9994
2025-11-12 12:17:05,7.7193,194.2914,0.9994
2025-11-12 12:17:06,7.7226,280.4075,0.9991
2025-11-12 12:17:06,7.7220,280.1352,0.9991
2025-11-12 12:17:06,7.7222,279.4725,0.9991
2025-11-12 12:17:06,7.7225,272.9722,0.9991
2025-11-12 12:17:06,7.7219,256.6737,0.9992
2025-11-12 12:17:06,7.7107,373.3898,0.9988
2025-11-12 12:17:06,7.7093,369.5708,0.9988
2025-11-12 12:17:06,7.7093,369.5708,0.9988
2025-11-12 12:17:06,7.7103,404.5696,0.9987
2025-11-12 12:17:06,7.7120,372.1783,0.9988
2025-11-12 12:17:06,7.7137,374.6806,0.9988
2025-11-12 12:17:07,7.7137,374.6806,0.9988
2025-11-12 12:17:07,7.7135,367.1051,0.9988
2025-11-12 12:17:07,7.7090,462.5199,0.9985
2025-11-12 12:17:07,7.7088,460.8951,0.9985
2025-11-12 12:17:07,7.7088,460.8951,0.9985
2025-11-12 12:17:07,7.7096,496.6329,0.9984
2025-11-12 12:17:07,7.7125,430.4913,0.9986
2025-11-12 12:17:07,7.7124,430.2614,0.9986
2025-11-12 12:17:08,7.7124,430.2614,0.9986
2025-11-12 12:17:08,7.7125,432.0169,0.9986
2025-11-12 12:17:08,7.7109,465.4167,0.9985
2025-11-12 12:17:08,7.7109,465.3213,0.9985
2025-11-12 12:17:08,7.7106,469.9429,0.9985
2025-11-12 12:17:08,7.7107,471.8573,0.9985
2025-11-12 12:17:08,7.7219,318.5051,0.9990
2025-11-12 12:17:08,7.7206,324.2055,0.9990
2025-11-12 12:17:08,7.7208,317.9668,0.9990
2025-11-12 12:17:09,7.7206,310.0625,0.9990
2025-11-12 12:17:09,7.7207,309.8428,0.9990
2025-11-12 12:17:09,7.7225,302.8239,0.9991
2025-11-12 12:17:09,7.7225,302.8239,0.9991
2025-11-12 12:17:09,7.7202,237.0894,0.9993
2025-11-12 12:17:09,7.7228,237.3554,0.9993
2025-11-12 12:17:09,7.7197,254.0040,0.9992
2025-11-12 12:17:09,7.7197,254.0040,0.9992
2025-11-12 12:17:09,7.7195,247.5514,0.9992
2025-11-12 12:17:09,7.7191,245.8875,0.9992
2025-11-12 12:17:09,7.7229,229.5462,0.9993
2025-11-12 12:17:10,7.7229,229.5462,0.9993
2025-11-12 12:17:10,7.7239,254.0023,0.9992
2025-11-12 12:17:10,7.7253,257.1875,0.9992
2025-11-12 12:17:10,7.7221,273.6245,0.9991
2025-11-12 12:17:10,7.7216,284.3766,0.9991
2025-11-12 12:17:10,7.7218,290.0514,0.9991
2025-11-12 12:17:10,7.7224,293.6504,0.9991
2025-11-12 12:17:10,7.7227,290.9674,0.9991
2025-11-12 12:17:10,7.7232,279.9058,0.9991
2025-11-12 12:17:10,7.7213,231.3594,0.9993
2025-11-12 12:17:10,7.7206,226.7189,0.9993
2025-11-12 12:17:10,7.7185,244.9357,0.9992
2025-11-12 12:17:11,7.7185,244.9357,0.9992
2025-11-12 12:17:11,7.7167,204.3459,0.9994
2025-11-12 12:17:11,7.7168,204.9797,0.9994
2025-11-12 12:17:11,7.7205,183.2624,0.9994
2025-11-12 12:17:11,7.7162,293.6890,0.9991
2025-11-12 12:17:11,7.7211,426.8199,0.9987
2025-11-12 12:17:11,7.7177,417.3013,0.9987
2025-11-12 12:17:11,7.7155,423.7350,0.9987
2025-11-12 12:17:11,7.7193,326.8286,0.9990
2025-11-12 12:17:12,7.7193,329.0849,0.9990
2025-11-12 12:17:12,7.7215,330.6497,0.9990
2025-11-12 12:17:12,7.7219,327.7698,0.9990
2025-11-12 12:17:12,7.7220,325.5274,0.9990
2025-11-12 12:17:12,7.7223,335.9664,0.9989
2025-11-12 12:17:12,7.7248,347.9306,0.9989
2025-11-12 12:17:12,7.7255,341.4306,0.9989
2025-11-12 12:17:12,7.7259,329.5766,0.9990
2025-11-12 12:17:13,7.7221,227.0378,0.9993
2025-11-12 12:17:13,7.7216,223.3226,0.9993
2025-11-12 12:17:13,7.7227,217.9672,0.9993
2025-11-12 12:17:13,7.7248,172.4189,0.9995
2025-11-12 12:17:13,7.7265,209.4405,0.9993
2025-11-12 12:17:13,7.7255,205.2633,0.9994
2025-11-12 12:17:13,7.7226,229.1235,0.9993
2025-11-12 12:17:13,7.7207,269.2846,0.9992
2025-11-12 12:17:13,7.7210,280.0032,0.9991
2025-11-12 12:17:13,7.7211,280.6650,0.9991
2025-11-12 12:17:13,7.7226,267.6020,0.9992
2025-11-12 12:17:14,7.7221,281.3265,0.9991
2025-11-12 12:17:14,7.7233,318.7055,0.9990
2025-11-12 12:17:14,7.7229,316.8689,0.9990
2025-11-12 12:17:14,7.7247,306.2495,0.9990
2025-11-12 12:17:14,7.7251,294.6359,0.9991
2025-11-12 12:17:14,7.7225,223.1652,0.9993
2025-11-12 12:17:14,7.7238,230.4630,0.9993
2025-11-12 12:17:14,7.7223,237.7612,0.9993
2025-11-12 12:17:15,7.7220,244.2260,0.9992
2025-11-12 12:17:15,7.7239,294.2163,0.9991
2025-11-12 12:17:15,7.7241,295.1782,0.9991
2025-11-12 12:17:15,7.7242,294.2293,0.9991
2025-11-12 12:17:15,7.7245,287.3824,0.9991
2025-11-12 12:17:15,7.7241,277.5066,0.9991
2025-11-12 12:17:15,7.7241,277.4097,0.9991
2025-11-12 12:17:15,7.7241,277.4512,0.9991
2025-11-12 12:17:15,7.7241,277.4512,0.9991
2025-11-12 12:17:15,7.7239,273.1688,0.9991
2025-11-12 12:17:15,7.7228,266.4129,0.9992
2025-11-12 12:17:16,7.7185,310.2726,0.9990
2025-11-12 12:17:16,7.7185,310.2726,0.9990
2025-11-12 12:17:16,7.7195,340.3351,0.9989
2025-11-12 12:17:16,7.7200,343.6078,0.9989
2025-11-12 12:17:16,7.7235,301.3814,0.9991
2025-11-12 12:17:16,7.7231,312.5458,0.9990
2025-11-12 12:17:16,7.7236,328.0025,0.9990
2025-11-12 12:17:17,7.7239,329.5705,0.9990
2025-11-12 12:17:17,7.7244,324.8222,0.9990
2025-11-12 12:17:17,7.7239,337.8642,0.9989
2025-11-12 12:17:17,7.7232,315.5421,0.9990
2025-11-12 12:17:17,7.7239,320.7264,0.9990
2025-11-12 12:17:17,7.7255,311.0965,0.9990
2025-11-12 12:17:17,7.7265,285.5947,0.9991
2025-11-12 12:17:17,7.7275,313.2249,0.9990
2025-11-12 12:17:17,7.7245,305.3447,0.9990
2025-11-12 12:17:17,7.7246,305.0299,0.9990
2025-11-12 12:17:18,7.7243,311.8966,0.9990
2025-11-12 12:17:18,7.7223,254.7467,0.9992
2025-11-12 12:17:18,7.7245,261.8547,0.9992
2025-11-12 12:17:18,7.7221,275.8949,0.9991
2025-11-12 12:17:18,7.7224,269.4124,0.9992
2025-11-12 12:17:18,7.7230,285.9135,0.9991
2025-11-12 12:17:18,7.7224,282.5146,0.9991
2025-11-12 12:17:18,7.7222,284.1710,0.9991
2025-11-12 12:17:19,7.7216,298.3958,0.9991
2025-11-12 12:17:19,7.7198,250.2686,0.9992
2025-11-12 12:17:19,7.7204,255.0194,0.9992
2025-11-12 12:17:19,7.7229,242.3031,0.9992
2025-11-12 12:17:19,7.7230,238.7493,0.9993
2025-11-12 12:17:19,7.7245,276.6615,0.9991
2025-11-12 12:17:19,7.7246,276.8483,0.9991
2025-11-12 12:17:19,7.7248,276.0792,0.9991
2025-11-12 12:17:19,7.7252,264.4543,0.9992
2025-11-12 12:17:19,7.7260,284.6651,0.9991
2025-11-12 12:17:20,7.7253,281.8196,0.9991
2025-11-12 12:17:20,7.7253,281.8387,0.9991
2025-11-12 12:17:20,7.7253,281.8387,0.9991
2025-11-12 12:17:20,7.7240,247.9615,0.9992
2025-11-12 12:17:20,7.7243,249.4904,0.9992
2025-11-12 12:17:20,7.7231,254.9837,0.9992
2025-11-12 12:17:20,7.7221,279.2091,0.9991
2025-11-12 12:17:20,7.7230,301.9197,0.9991
2025-11-12 12:17:20,7.7196,294.1703,0.9991
2025-11-12 12:17:21,7.7191,296.0610,0.9991
2025-11-12 12:17:21,7.7198,279.7382,0.9991
2025-11-12 12:17:21,7.7211,320.7125,0.9990
2025-11-12 12:17:21,7.7231,320.7637,0.9990
2025-11-12 12:17:21,7.7247,312.2722,0.9990
2025-11-12 12:17:21,7.7250,305.3422,0.9990
2025-11-12 12:17:21,7.7225,235.8402,0.9993
2025-11-12 12:17:21,7.7221,235.0736,0.9993
2025-11-12 12:17:21,7.7206,241.0355,0.9992
2025-11-12 12:17:22,7.7206,241.0355,0.9992
2025-11-12 12:17:22,7.7210,253.4925,0.9992
2025-11-12 12:17:22,7.7232,263.2244,0.9992
2025-11-12 12:17:22,7.7233,262.0339,0.9992
2025-11-12 12:17:22,7.7227,277.4733,0.9991
2025-11-12 12:17:22,7.7220,259.6720,0.9992
2025-11-12 12:17:22,7.7209,252.5443,0.9992
2025-11-12 12:17:22,7.7214,250.1782,0.9992
2025-11-12 12:17:22,7.7208,265.6307,0.9992
2025-11-12 12:17:23,7.7210,271.5769,0.9991
2025-11-12 12:17:23,7.7221,278.5935,0.9991
2025-11-12 12:17:23,7.7228,275.8628,0.9991
2025-11-12 12:17:23,7.7229,275.1848,0.9991
2025-11-12 12:17:23,7.7238,300.1599,0.9991
2025-11-12 12:17:23,7.7229,295.4674,0.9991
2025-11-12 12:17:23,7.7229,295.6092,0.9991
2025-11-12 12:17:23,7.7241,264.2744,0.9992
2025-11-12 12:17:23,7.7252,295.4893,0.9991
2025-11-12 12:17:24,7.7247,294.1946,0.9991
2025-11-12 12:17:24,7.7232,302.7339,0.9991
2025-11-12 12:17:24,7.7232,302.7339,0.9991
2025-11-12 12:17:24,7.7147,118.2733,0.9996
2025-11-12 12:17:24,7.7162,133.4237,0.9996
2025-11-12 12:17:24,7.7172,131.6896,0.9996
2025-11-12 12:17:24,7.7166,144.6957,0.9995
2025-11-12 12:17:24,7.7195,186.5374,0.9994
2025-11-12 12:17:24,7.7205,197.1376,0.9994
2025-11-12 12:17:24,7.7213,195.3908,0.9994
2025-11-12 12:17:25,7.7220,180.5321,0.9994
2025-11-12 12:17:25,7.7229,196.2202,0.9994
2025-11-12 12:17:25,7.7229,196.2202,0.9994
2025-11-12 12:17:25,7.7179,231.2760,0.9993
2025-11-12 12:17:25,7.7179,231.2760,0.9993
2025-11-12 12:17:25,7.7179,231.6589,0.9993
2025-11-12 12:17:25,7.7179,231.6589,0.9993
2025-11-12 12:17:26,7.7206,206.8088,0.9993
2025-11-12 12:17:26,7.7209,200.5265,0.9994
2025-11-12 12:17:26,7.7188,164.6974,0.9995
2025-11-12 12:17:26,7.7141,127.6963,0.9996
2025-11-12 12:17:26,7.7163,126.7516,0.9996
2025-11-12 12:17:26,7.7161,130.2744,0.9996
2025-11-12 12:17:26,7.7152,116.7542,0.9996
2025-11-12 12:17:26,7.7151,116.3711,0.9996
2025-11-12 12:17:26,7.7148,115.7502,0.9996
2025-11-12 12:17:26,7.7147,117.5959,0.9996
2025-11-12 12:17:26,7.7169,156.0234,0.9995
2025-11-12 12:17:27,7.7157,156.0794,0.9995
2025-11-12 12:17:27,7.7157,156.1758,0.9995
2025-11-12 12:17:27,7.7157,156.1758,0.9995
2025-11-12 12:17:27,7.7174,193.7268,0.9994
2025-11-12 12:17:27,7.7202,194.3680,0.9994
2025-11-12 12:17:27,7.7192,196.5750,0.9994
2025-11-12 12:17:27,7.7192,196.5750,0.9994
2025-11-12 12:17:27,7.7188,187.2999,0.9994
2025-11-12 12:17:27,7.7157,184.9546,0.9994
2025-11-12 12:17:27,7.7166,184.8005,0.9994
2025-11-12 12:17:28,7.7166,184.8005,0.9994
2025-11-12 12:17:28,7.7171,197.2976,0.9994
2025-11-12 12:17:28,7.7191,194.8766,0.9994
2025-11-12 12:17:28,7.7176,198.1760,0.9994
2025-11-12 12:17:28,7.7176,198.1760,0.9994
2025-11-12 12:17:28,7.7178,202.1291,0.9994
2025-11-12 12:17:28,7.7147,206.9502,0.9993
2025-11-12 12:17:28,7.7146,207.1026,0.9993
2025-11-12 12:17:28,7.7146,207.1026,0.9993
2025-11-12 12:17:28,7.7128,164.4164,0.9995
2025-11-12 12:17:28,7.6999,354.5384,0.9988
2025-11-12 12:17:29,7.7017,370.3902,0.9988
2025-11-12 12:17:29,7.7017,370.3902,0.9988
2025-11-12 12:17:29,7.7068,553.1472,0.9982
2025-11-12 12:17:29,7.7130,399.8375,0.9987
2025-11-12 12:17:29,7.7128,399.0595,0.9987
2025-11-12 12:17:29,7.7128,399.0595,0.9987
2025-11-12 12:17:29,7.7115,351.6815,0.9989
2025-11-12 12:17:29,7.7216,252.7726,0.9992
2025-11-12 12:17:29,7.7218,252.3019,0.9992
2025-11-12 12:17:30,7.7218,252.3019,0.9992
2025-11-12 12:17:30,7.7209,228.3894,0.9993
2025-11-12 12:17:30,7.7208,228.3951,0.9993
2025-11-12 12:17:30,7.7206,228.7500,0.9993
2025-11-12 12:17:30,7.7206,228.7500,0.9993
2025-11-12 12:17:30,7.7202,217.2064,0.9993
2025-11-12 12:17:30,7.7193,217.6592,0.9993
2025-11-12 12:17:30,7.7178,221.2341,0.9993
2025-11-12 12:17:30,7.7178,221.2341,0.9993
2025-11-12 12:17:30,7.7195,269.5246,0.9992
2025-11-12 12:17:30,7.7236,278.7751,0.9991
2025-11-12 12:17:30,7.7227,285.4560,0.9991
2025-11-12 12:17:31,7.7227,285.4560,0.9991
2025-11-12 12:17:31,7.7244,334.4056,0.9990
2025-11-12 12:17:31,7.7244,334.4056,0.9990
2025-11-12 12:17:31,7.7263,318.2756,0.9990
2025-11-12 12:17:31,7.7263,318.2756,0.9990
2025-11-12 12:17:31,7.7265,324.6658,0.9990
2025-11-12 12:17:31,7.7273,328.2820,0.9990
2025-11-12 12:17:31,7.7279,324.1129,0.9990
2025-11-12 12:17:31,7.7279,324.1129,0.9990
2025-11-12 12:17:31,7.7277,318.4662,0.9990
2025-11-12 12:17:31,7.7270,315.0611,0.9990
2025-11-12 12:17:32,7.7258,322.4654,0.9990
2025-11-12 12:17:32,7.7258,322.4654,0.9990
2025-11-12 12:17:32,7.7241,272.6461,0.9991
2025-11-12 12:17:32,7.7244,274.4172,0.9991
2025-11-12 12:17:32,7.7247,272.2697,0.9992
2025-11-12 12:17:32,7.7247,272.2697,0.9992
2025-11-12 12:17:32,7.7253,288.5824,0.9991
2025-11-12 12:17:32,7.7241,283.0307,0.9991
2025-11-12 12:17:32,7.7243,282.3865,0.9991
2025-11-12 12:17:32,7.7238,293.7481,0.9991
2025-11-12 12:17:33,7.7240,300.7251,0.9991
2025-11-12 12:17:33,7.7251,305.6309,0.9990
2025-11-12 12:17:33,7.7244,310.3474,0.9990
2025-11-12 12:17:33,7.7248,298.8144,0.9991
2025-11-12 12:17:33,7.7227,240.7252,0.9992
2025-11-12 12:17:33,7.7209,230.8548,0.9993
2025-11-12 12:17:33,7.7217,227.4509,0.9993
2025-11-12 12:17:33,7.7194,283.7175,0.9991
2025-11-12 12:17:33,7.7202,303.0482,0.9990
2025-11-12 12:17:33,7.7202,303.3682,0.9990
2025-11-12 12:17:33,7.7197,304.8776,0.9990
2025-11-12 12:17:34,7.7212,267.4134,0.9992
2025-11-12 12:17:34,7.7219,286.9657,0.9991
2025-11-12 12:17:34,7.7221,287.6348,0.9991
2025-11-12 12:17:34,7.7194,307.4821,0.9990
2025-11-12 12:17:34,7.7204,282.9126,0.9991
2025-11-12 12:17:34,7.7189,239.0218,0.9992
2025-11-12 12:17:34,7.7200,246.3715,0.9992
2025-11-12 12:17:34,7.7220,229.8153,0.9993
2025-11-12 12:17:34,7.7236,194.3214,0.9994
2025-11-12 12:17:35,7.7241,206.2577,0.9994
2025-11-12 12:17:35,7.7219,199.5317,0.9994
2025-11-12 12:17:35,7.7220,199.0061,0.9994
2025-11-12 12:17:35,7.7205,227.3331,0.9993
2025-11-12 12:17:35,7.7194,197.4773,0.9994
2025-11-12 12:17:35,7.7213,205.7221,0.9994
2025-11-12 12:17:35,7.7206,210.4384,0.9993
2025-11-12 12:17:35,7.7193,238.7158,0.9992
2025-11-12 12:17:35,7.7212,288.2154,0.9991
2025-11-12 12:17:35,7.7220,294.0299,0.9991
2025-11-12 12:17:35,7.7226,289.2291,0.9991
2025-11-12 12:17:36,7.7229,282.1112,0.9991
2025-11-12 12:17:36,7.7219,256.5289,0.9992
2025-11-12 12:17:36,7.7220,257.0187,0.9992
2025-11-12 12:17:36,7.7238,248.3449,0.9992
2025-11-12 12:17:36,7.7231,265.2001,0.9992
2025-11-12 12:17:36,7.7232,266.1311,0.9992
2025-11-12 12:17:36,7.7230,265.2344,0.9992
2025-11-12 12:17:36,7.7230,265.3435,0.9992
2025-11-12 12:17:36,7.7236,250.8687,0.9992
2025-11-12 12:17:36,7.7200,179.7408,0.9994
2025-11-12 12:17:36,7.7191,172.1085,0.9995
2025-11-12 12:17:37,7.7189,172.1810,0.9995
2025-11-12 12:17:37,7.7181,191.5121,0.9994
2025-11-12 12:17:37,7.7209,250.6586,0.9992
2025-11-12 12:17:37,7.7209,250.4819,0.9992
2025-11-12 12:17:37,7.7211,250.1350,0.9992
2025-11-12 12:17:37,7.7225,216.1387,0.9993
2025-11-12 12:17:37,7.7218,201.8048,0.9994
2025-11-12 12:17:37,7.7218,201.7984,0.9994
2025-11-12 12:17:37,7.7216,202.2976,0.9994
2025-11-12 12:17:38,7.7216,202.2976,0.9994
2025-11-12 12:17:38,7.7211,190.6504,0.9994
2025-11-12 12:17:38,7.7205,187.5044,0.9994
2025-11-12 12:17:38,7.7204,187.6699,0.9994
2025-11-12 12:17:38,7.7204,187.6699,0.9994
2025-11-12 12:17:38,7.7208,197.0433,0.9994
2025-11-12 12:17:38,7.7186,192.1194,0.9994
2025-11-12 12:17:38,7.7182,192.5477,0.9994
2025-11-12 12:17:38,7.7182,192.5477,0.9994
2025-11-12 12:17:38,7.7177,179.5574,0.9994
2025-11-12 12:17:38,7.7143,187.4852,0.9994
2025-11-12 12:17:38,7.7138,187.2202,0.9994
2025-11-12 12:17:39,7.7138,187.2202,0.9994
2025-11-12 12:17:39,7.7168,270.7260,0.9991
2025-11-12 12:17:39,7.7163,274.1440,0.9991
2025-11-12 12:17:39,7.7182,274.3322,0.9991
2025-11-12 12:17:39,7.7182,274.3322,0.9991
2025-11-12 12:17:39,7.7200,331.3041,0.9990
2025-11-12 12:17:39,7.7201,329.6882,0.9990
2025-11-12 12:17:39,7.7182,331.9746,0.9990
2025-11-12 12:17:39,7.7182,331.9746,0.9990
2025-11-12 12:17:39,7.7177,315.0829,0.9990
2025-11-12 12:17:39,7.7081,476.3222,0.9985
2025-11-12 12:17:39,7.7092,480.5909,0.9985
2025-11-12 12:17:40,7.7092,480.5909,0.9985
2025-11-12 12:17:40,7.7109,555.4957,0.9982
2025-11-12 12:17:40,7.7196,388.0714,0.9988
2025-11-12 12:17:40,7.7193,388.3969,0.9988
2025-11-12 12:17:40,7.7193,388.3969,0.9988
2025-11-12 12:17:40,7.7196,396.4447,0.9988
2025-11-12 12:17:40,7.7186,408.7746,0.9987
2025-11-12 12:17:40,7.7187,408.6683,0.9987
2025-11-12 12:17:40,7.7184,414.5717,0.9987
2025-11-12 12:17:40,7.7184,415.8846,0.9987
2025-11-12 12:17:40,7.7241,367.6877,0.9989
2025-11-12 12:17:40,7.7244,366.2363,0.9989
2025-11-12 12:17:40,7.7247,359.3352,0.9989
2025-11-12 12:17:41,7.7241,337.9980,0.9989
2025-11-12 12:17:41,7.7272,336.7608,0.9990
2025-11-12 12:17:41,7.7247,356.0667,0.9989
2025-11-12 12:17:41,7.7247,356.0667,0.9989
2025-11-12 12:17:41,7.7245,348.7974,0.9989
2025-11-12 12:17:41,7.7245,348.7689,0.9989
2025-11-12 12:17:41,7.7268,330.8552,0.9990
2025-11-12 12:17:41,7.7268,330.8552,0.9990
2025-11-12 12:17:41,7.7275,352.5865,0.9989
2025-11-12 12:17:41,7.7269,351.5032,0.9989
2025-11-12 12:17:42,7.7251,364.5888,0.9989
2025-11-12 12:17:42,7.7245,380.7786,0.9988
2025-11-12 12:17:42,7.7250,399.4418,0.9988
2025-11-12 12:17:42,7.7260,402.8674,0.9987
2025-11-12 12:17:42,7.7280,387.0566,0.9988
2025-11-12 12:17:42,7.7287,369.4845,0.9989
2025-11-12 12:17:42,7.7278,339.4876,0.9989
2025-11-12 12:17:42,7.7268,337.2303,0.9990
2025-11-12 12:17:42,7.7259,342.4437,0.9989
2025-11-12 12:17:43,7.7262,335.1982,0.9990
2025-11-12 12:17:43,7.7262,334.5002,0.9990
2025-11-12 12:17:43,7.7172,393.9075,0.9988
2025-11-12 12:17:43,7.7152,400.1475,0.9987
2025-11-12 12:17:43,7.7144,414.8859,0.9987
2025-11-12 12:17:43,7.7153,453.6367,0.9986
2025-11-12 12:17:43,7.7211,404.6396,0.9987
2025-11-12 12:17:43,7.7207,408.3315,0.9987
2025-11-12 12:17:43,7.7214,390.6527,0.9988
2025-11-12 12:17:43,7.7208,366.0917,0.9989
2025-11-12 12:17:43,7.7157,405.2346,0.9987
2025-11-12 12:17:43,7.7174,397.3733,0.9987
2025-11-12 12:17:44,7.7172,400.6196,0.9987
2025-11-12 12:17:44,7.7138,278.3219,0.9991
2025-11-12 12:17:44,7.7132,284.7488,0.9991
2025-11-12 12:17:44,7.7142,285.0838,0.9991
2025-11-12 12:17:44,7.7143,283.0786,0.9991
2025-11-12 12:17:44,7.7180,413.8259,0.9987
2025-11-12 12:17:44,7.7263,351.4200,0.9989
2025-11-12 12:17:44,7.7214,404.9908,0.9987
2025-11-12 12:17:44,7.7212,410.2680,0.9987
2025-11-12 12:17:44,7.7210,402.9414,0.9987
2025-11-12 12:17:44,7.7169,404.0506,0.9987
2025-11-12 12:17:45,7.7192,380.0816,0.9988
2025-11-12 12:17:45,7.7193,377.9366,0.9988
2025-11-12 12:17:45,7.7187,356.8522,0.9989
2025-11-12 12:17:45,7.7216,349.4029,0.9989
2025-11-12 12:17:45,7.7243,329.4012,0.9990
2025-11-12 12:17:45,7.7242,331.8534,0.9990
2025-11-12 12:17:45,7.7233,302.2491,0.9991
2025-11-12 12:17:45,7.7224,303.9153,0.9990
2025-11-12 12:17:46,7.7219,305.6534,0.9990
2025-11-12 12:17:46,7.7222,300.2973,0.9991
2025-11-12 12:17:46,7.7220,293.6174,0.9991
2025-11-12 12:17:46,7.7177,320.4868,0.9990
2025-11-12 12:17:46,7.7182,319.8219,0.9990
2025-11-12 12:17:46,7.7181,322.0929,0.9990
2025-11-12 12:17:46,7.7192,360.5911,0.9989
2025-11-12 12:17:46,7.7241,327.7937,0.9990
2025-11-12 12:17:46,7.7244,326.5590,0.9990
2025-11-12 12:17:47,7.7243,329.5551,0.9990
2025-11-12 12:17:47,7.7238,314.2608,0.9990
2025-11-12 12:17:47,7.7234,315.2673,0.9990
2025-11-12 12:17:47,7.7232,315.7149,0.9990
2025-11-12 12:17:47,7.7226,331.1482,0.9990
2025-11-12 12:17:47,7.7217,301.1836,0.9991
2025-11-12 12:17:47,7.7247,305.1716,0.9990
2025-11-12 12:17:47,7.7232,314.4659,0.9990
2025-11-12 12:17:47,7.7238,298.8269,0.9991
2025-11-12 12:17:48,7.7252,344.4724,0.9989
2025-11-12 12:17:48,7.7259,347.3124,0.9989
2025-11-12 12:17:48,7.7259,346.8657,0.9989
2025-11-12 12:17:48,7.7259,346.8657,0.9989
2025-11-12 12:17:48,7.7261,352.0771,0.9989
2025-11-12 12:17:48,7.7249,347.5429,0.9989
2025-11-12 12:17:48,7.7249,347.4419,0.9989
2025-11-12 12:17:48,7.7249,347.4419,0.9989
2025-11-12 12:17:48,7.7233,297.0396,0.9991
2025-11-12 12:17:48,7.7246,303.4883,0.9991
2025-11-12 12:17:48,7.7262,292.9856,0.9991
2025-11-12 12:17:49,7.7262,292.9856,0.9991
2025-11-12 12:17:49,7.7268,309.5601,0.9990
2025-11-12 12:17:49,7.7272,311.7039,0.9990
2025-11-12 12:17:49,7.7272,311.2911,0.9990
2025-11-12 12:17:49,7.7272,311.2911,0.9990
2025-11-12 12:17:49,7.7269,302.6468,0.9991
2025-11-12 12:17:49,7.7263,299.3854,0.9991
2025-11-12 12:17:49,7.7264,299.0151,0.9991
2025-11-12 12:17:49,7.7257,315.6556,0.9990
2025-11-12 12:17:50,7.7256,310.5270,0.9990
2025-11-12 12:17:50,7.7257,311.0465,0.9990
2025-11-12 12:17:50,7.7257,310.6815,0.9990
2025-11-12 12:17:50,7.7264,294.0425,0.9991
2025-11-12 12:17:50,7.7276,329.9453,0.9990
2025-11-12 12:17:50,7.7274,329.2941,0.9990
2025-11-12 12:17:50,7.7280,326.2249,0.9990
2025-11-12 12:17:50,7.7280,326.2249,0.9990
2025-11-12 12:17:51,7.7280,325.1217,0.9990
2025-11-12 12:17:51,7.7271,322.9501,0.9990
2025-11-12 12:17:51,7.7253,332.7549,0.9990
2025-11-12 12:17:51,7.7253,332.7549,0.9990
2025-11-12 12:17:51,7.7249,319.4481,0.9990
2025-11-12 12:17:51,7.7245,318.5391,0.9990
2025-11-12 12:17:51,7.7239,323.5045,0.9990
2025-11-12 12:17:51,7.7239,323.5045,0.9990
2025-11-12 12:17:51,7.7231,300.9716,0.9991
2025-11-12 12:17:51,7.7243,305.8900,0.9990
2025-11-12 12:17:51,7.7261,293.9090,0.9991
2025-11-12 12:17:52,7.7261,293.9090,0.9991
2025-11-12 12:17:52,7.7259,287.7807,0.9991
2025-11-12 12:17:52,7.7259,287.5069,0.9991
2025-11-12 12:17:52,7.7257,288.1202,0.9991
2025-11-12 12:17:52,7.7257,288.1202,0.9991
2025-11-12 12:17:52,7.7254,277.9151,0.9991
2025-11-12 12:17:52,7.7253,277.8090,0.9991
2025-11-12 12:17:52,7.7237,287.8624,0.9991
2025-11-12 12:17:52,7.7237,287.8624,0.9991
2025-11-12 12:17:52,7.7210,219.1780,0.9993
2025-11-12 12:17:53,7.7212,220.4189,0.9993
2025-11-12 12:17:53,7.7231,212.3658,0.9993
2025-11-12 12:17:53,7.7220,241.0019,0.9992
2025-11-12 12:17:53,7.7202,205.1252,0.9994
2025-11-12 12:17:53,7.7204,207.1716,0.9993
2025-11-12 12:17:53,7.7181,213.5378,0.9993
2025-11-12 12:17:53,7.7183,209.8105,0.9993
2025-11-12 12:17:53,7.7197,239.1556,0.9992
2025-11-12 12:17:54,7.7197,238.9192,0.9992
2025-11-12 12:17:54,7.7217,230.8133,0.9993
2025-11-12 12:17:54,7.7227,206.5691,0.9994
2025-11-12 12:17:54,7.7241,238.2977,0.9993
2025-11-12 12:17:54,7.7239,237.1652,0.9993
2025-11-12 12:17:54,7.7240,237.0170,0.9993
2025-11-12 12:17:54,7.7240,237.0170,0.9993
2025-11-12 12:17:54,7.7240,239.2631,0.9993
2025-11-12 12:17:54,7.7230,234.0432,0.9993
2025-11-12 12:17:54,7.7210,243.3098,0.9992
2025-11-12 12:17:55,7.7194,280.9051,0.9991
2025-11-12 12:17:55,7.7189,267.4553,0.9992
2025-11-12 12:17:55,7.7174,260.0556,0.9992
2025-11-12 12:17:55,7.7189,255.8109,0.9992
2025-11-12 12:17:55,7.7196,237.3553,0.9993
2025-11-12 12:17:55,7.7218,298.3633,0.9991
2025-11-12 12:17:55,7.7242,305.4830,0.9990
2025-11-12 12:17:55,7.7232,311.7478,0.9990
2025-11-12 12:17:55,7.7240,291.3812,0.9991
2025-11-12 12:17:55,7.7247,311.1084,0.9990
2025-11-12 12:17:55,7.7251,313.6726,0.9990
2025-11-12 12:17:56,7.7267,302.9790,0.9991
2025-11-12 12:17:56,7.7267,302.9790,0.9991
2025-11-12 12:17:56,7.7268,307.1974,0.9990
2025-11-12 12:17:56,7.7265,305.6912,0.9991
2025-11-12 12:17:56,7.7250,315.3520,0.9990
2025-11-12 12:17:56,7.7250,315.3520,0.9990
2025-11-12 12:17:56,7.7244,296.8045,0.9991
2025-11-12 12:17:56,7.7241,295.3175,0.9991
2025-11-12 12:17:56,7.7256,286.5038,0.9991
2025-11-12 12:17:56,7.7256,286.5038,0.9991
2025-11-12 12:17:57,7.7247,261.5431,0.9992
2025-11-12 12:17:57,7.7223,255.9937,0.9992
2025-11-12 12:17:57,7.7222,256.2424,0.9992
2025-11-12 12:17:57,7.7216,271.2494,0.9991
2025-11-12 12:17:57,7.7213,261.9306,0.9992
2025-11-12 12:17:57,7.7183,267.9850,0.9992
2025-11-12 12:17:57,7.7172,269.3677,0.9991
2025-11-12 12:17:57,7.7194,226.0625,0.9993
2025-11-12 12:17:57,7.7205,257.8744,0.9992
2025-11-12 12:17:57,7.7253,250.1528,0.9992
2025-11-12 12:17:57,7.7266,241.9751,0.9992
2025-11-12 12:17:58,7.7252,275.8513,0.9991
2025-11-12 12:17:58,7.7261,301.2918,0.9991
2025-11-12 12:17:58,7.7269,303.9181,0.9991
2025-11-12 12:17:58,7.7267,305.0122,0.9991
2025-11-12 12:17:58,7.7265,308.1766,0.9990
2025-11-12 12:17:58,7.7261,294.3203,0.9991
2025-11-12 12:17:58,7.7261,294.3203,0.9991
2025-11-12 12:17:58,7.7233,315.2229,0.9990
2025-11-12 12:17:58,7.7233,315.2229,0.9990
2025-11-12 12:17:59,7.7236,322.7955,0.9990
2025-11-12 12:17:59,7.7231,320.0797,0.9990
2025-11-12 12:17:59,7.7255,301.0880,0.9991
2025-11-12 12:17:59,7.7255,301.0880,0.9991
2025-11-12 12:17:59,7.7245,272.0250,0.9992
2025-11-12 12:17:59,7.7222,267.1859,0.9992
2025-11-12 12:17:59,7.7223,266.9162,0.9992
2025-11-12 12:18:00,7.7223,266.9162,0.9992
2025-11-12 12:18:00,7.7231,291.0635,0.9991
2025-11-12 12:18:00,7.7259,296.5263,0.9991
2025-11-12 12:18:00,7.7253,300.0368,0.9991
2025-11-12 12:18:00,7.7253,300.0368,0.9991
2025-11-12 12:18:00,7.7252,295.7860,0.9991
2025-11-12 12:18:00,7.7252,295.7860,0.9991
2025-11-12 12:18:00,7.7260,290.9521,0.9991
2025-11-12 12:18:00,7.7260,290.9521,0.9991
2025-11-12 12:18:01,7.7260,291.2570,0.9991
2025-11-12 12:18:01,7.7243,286.2345,0.9991
2025-11-12 12:18:01,7.7235,289.6242,0.9991
2025-11-12 12:18:01,7.7231,300.7891,0.9991
2025-11-12 12:18:01,7.7231,301.3730,0.9991
2025-11-12 12:18:01,7.7188,310.6438,0.9990
2025-11-12 12:18:01,7.7179,313.3654,0.9990
2025-11-12 12:18:01,7.7177,317.1863,0.9990
2025-11-12 12:18:01,7.7188,357.0713,0.9989
2025-11-12 12:18:02,7.7220,346.5332,0.9989
2025-11-12 12:18:02,7.7234,339.0485,0.9989
2025-11-12 12:18:02,7.7225,363.9166,0.9989
2025-11-12 12:18:02,7.7223,358.0122,0.9989
2025-11-12 12:18:02,7.7216,359.0134,0.9989
2025-11-12 12:18:02,7.7198,366.3348,0.9988
2025-11-12 12:18:02,7.7211,334.5870,0.9989
2025-11-12 12:18:02,7.7207,320.6044,0.9990
2025-11-12 12:18:02,7.7165,343.7767,0.9989
2025-11-12 12:18:02,7.7162,344.6492,0.9989
2025-11-12 12:18:03,7.7165,339.1282,0.9989
2025-11-12 12:18:03,7.7170,356.2581,0.9989
2025-11-12 12:18:03,7.7252,339.5131,0.9989
2025-11-12 12:18:03,7.7273,323.4335,0.9990
2025-11-12 12:18:03,7.7273,323.4335,0.9990
2025-11-12 12:18:03,7.7257,277.4549,0.9991
2025-11-12 12:18:03,7.7256,277.4328,0.9991
2025-11-12 12:18:03,7.7250,280.8030,0.9991
2025-11-12 12:18:03,7.7250,280.8030,0.9991
2025-11-12 12:18:04,7.7244,264.8837,0.9992
2025-11-12 12:18:04,7.7244,264.5382,0.9992
2025-11-12 12:18:04,7.7250,261.4723,0.9992
2025-11-12 12:18:04,7.7224,331.1504,0.9990
2025-11-12 12:18:04,7.7230,346.7745,0.9989
2025-11-12 12:18:04,7.7218,339.6960,0.9989
2025-11-12 12:18:04,7.7220,339.2165,0.9989
2025-11-12 12:18:04,7.7247,267.7166,0.9992
2025-11-12 12:18:04,7.7249,274.7698,0.9991
2025-11-12 12:18:05,7.7223,273.9548,0.9991
2025-11-12 12:18:05,7.7209,278.9003,0.9991
2025-11-12 12:18:05,7.7202,295.6156,0.9991
2025-11-12 12:18:05,7.7193,270.4100,0.9991
2025-11-12 12:18:05,7.7219,275.7553,0.9991
2025-11-12 12:18:05,7.7217,276.8203,0.9991
2025-11-12 12:18:05,7.7223,261.7708,0.9992
2025-11-12 12:18:05,7.7235,295.0945,0.9991
2025-11-12 12:18:05,7.7236,295.6543,0.9991
2025-11-12 12:18:05,7.7251,287.3445,0.9991
2025-11-12 12:18:06,7.7251,287.3445,0.9991
2025-11-12 12:18:06,7.7252,291.2379,0.9991
2025-11-12 12:18:06,7.7240,289.2652,0.9991
2025-11-12 12:18:06,7.7240,289.1395,0.9991
2025-11-12 12:18:06,7.7185,448.4482,0.9986
2025-11-12 12:18:06,7.7170,401.3991,0.9987
2025-11-12 12:18:06,7.7171,401.4669,0.9987
2025-11-12 12:18:06,7.7148,404.6315,0.9987
2025-11-12 12:18:07,7.7176,323.2068,0.9990
2025-11-12 12:18:07,7.7152,257.8941,0.9992
2025-11-12 12:18:07,7.7143,253.1078,0.9992
2025-11-12 12:18:07,7.7162,250.6830,0.9992
2025-11-12 12:18:07,7.7176,216.5625,0.9993
2025-11-12 12:18:07,7.7188,246.7014,0.9992
2025-11-12 12:18:07,7.7180,246.2004,0.9992
2025-11-12 12:18:07,7.7180,246.1828,0.9992
2025-11-12 12:18:08,7.7175,256.8304,0.9992
2025-11-12 12:18:08,7.7176,259.4296,0.9992
2025-11-12 12:18:08,7.7195,262.8679,0.9992
2025-11-12 12:18:08,7.7181,267.0592,0.9992
2025-11-12 12:18:08,7.7201,221.7482,0.9993
2025-11-12 12:18:08,7.7195,208.4498,0.9993
2025-11-12 12:18:08,7.7209,215.0472,0.9993
2025-11-12 12:18:08,7.7224,208.2418,0.9993
2025-11-12 12:18:08,7.7203,259.9119,0.9992
2025-11-12 12:18:09,7.7177,206.5965,0.9993
2025-11-12 12:18:09,7.7184,213.0453,0.9993
2025-11-12 12:18:09,7.7148,227.7999,0.9993
2025-11-12 12:18:09,7.7151,221.0867,0.9993
2025-11-12 12:18:09,7.7167,256.1706,0.9992
2025-11-12 12:18:09,7.7173,263.4510,0.9992
2025-11-12 12:18:09,7.7210,242.8072,0.9992
2025-11-12 12:18:09,7.7222,211.5424,0.9993
2025-11-12 12:18:10,7.7246,266.0486,0.9992
2025-11-12 12:18:10,7.7235,258.7711,0.9992
2025-11-12 12:18:10,7.7220,266.3968,0.9992
2025-11-12 12:18:10,7.7212,286.0998,0.9991
2025-11-12 12:18:10,7.7203,261.5985,0.9992
2025-11-12 12:18:10,7.7168,248.8338,0.9992
2025-11-12 12:18:10,7.7185,245.8381,0.9992
2025-11-12 12:18:10,7.7191,231.0817,0.9993
2025-11-12 12:18:10,7.7187,220.4945,0.9993
2025-11-12 12:18:11,7.7178,221.9633,0.9993
2025-11-12 12:18:11,7.7178,221.9572,0.9993
2025-11-12 12:18:11,7.7183,211.6476,0.9993
2025-11-12 12:18:11,7.7202,264.9655,0.9992
2025-11-12 12:18:11,7.7239,262.9818,0.9992
2025-11-12 12:18:11,7.7246,260.6836,0.9992
2025-11-12 12:18:11,7.7246,260.6836,0.9992
2025-11-12 12:18:11,7.7241,247.5971,0.9992
2025-11-12 12:18:11,7.7128,335.3188,0.9989
2025-11-12 12:18:12,7.7121,332.5122,0.9989
2025-11-12 12:18:12,7.7121,332.5122,0.9989
2025-11-12 12:18:12,7.7122,336.0904,0.9989
2025-11-12 12:18:12,7.7217,249.5319,0.9992
2025-11-12 12:18:12,7.7201,255.0309,0.9992
2025-11-12 12:18:12,7.7213,230.1749,0.9993
2025-11-12 12:18:12,7.7222,257.8456,0.9992
2025-11-12 12:18:12,7.7231,257.7342,0.9992
2025-11-12 12:18:12,7.7245,249.8223,0.9992
2025-11-12 12:18:13,7.7234,274.1231,0.9991
2025-11-12 12:18:13,7.7241,294.5558,0.9991
2025-11-12 12:18:13,7.7247,294.8869,0.9991
2025-11-12 12:18:13,7.7220,313.9699,0.9990
2025-11-12 12:18:13,7.7219,316.7846,0.9990
2025-11-12 12:18:13,7.7209,286.5842,0.9991
2025-11-12 12:18:13,7.7187,283.3200,0.9991
2025-11-12 12:18:13,7.7192,279.9076,0.9991
2025-11-12 12:18:13,7.7192,279.9076,0.9991
2025-11-12 12:18:13,7.7198,299.6251,0.9991
2025-11-12 12:18:14,7.7227,303.8008,0.9990
2025-11-12 12:18:14,7.7244,291.6296,0.9991
2025-11-12 12:18:14,7.7240,303.0366,0.9991
2025-11-12 12:18:14,7.7231,277.8051,0.9991
2025-11-12 12:18:14,7.7224,275.5434,0.9991
2025-11-12 12:18:14,7.7227,274.2417,0.9991
2025-11-12 12:18:14,7.7209,321.4643,0.9990
2025-11-12 12:18:14,7.7200,294.0759,0.9991
2025-11-12 12:18:14,7.7218,305.3026,0.9990
2025-11-12 12:18:14,7.7201,313.5455,0.9990
2025-11-12 12:18:15,7.7217,271.1945,0.9991
2025-11-12 12:18:15,7.7207,247.1300,0.9992
2025-11-12 12:18:15,7.7164,228.0604,0.9993
2025-11-12 12:18:15,7.7186,223.8143,0.9993
2025-11-12 12:18:15,7.7192,210.2901,0.9993
2025-11-12 12:18:15,7.7193,211.9455,0.9993
2025-11-12 12:18:15,7.7191,212.3893,0.9993
2025-11-12 12:18:15,7.7187,212.5717,0.9993
2025-11-12 12:18:15,7.7187,212.5717,0.9993
2025-11-12 12:18:16,7.7148,130.5757,0.9996
2025-11-12 12:18:16,7.7167,135.2349,0.9996
2025-11-12 12:18:16,7.7166,135.1936,0.9996
2025-11-12 12:18:16,7.7149,170.4350,0.9995
2025-11-12 12:18:16,7.7154,178.6580,0.9994
2025-11-12 12:18:16,7.7140,173.4792,0.9994
2025-11-12 12:18:16,7.7144,174.3725,0.9994
2025-11-12 12:18:16,7.7156,148.6691,0.9995
2025-11-12 12:18:17,7.7155,146.3078,0.9995
2025-11-12 12:18:17,7.7168,149.8724,0.9995
2025-11-12 12:18:17,7.7167,149.8218,0.9995
2025-11-12 12:18:17,7.7160,164.3514,0.9995
2025-11-12 12:18:17,7.7151,148.1762,0.9995
2025-11-12 12:18:17,7.7180,171.6979,0.9995
2025-11-12 12:18:17,7.7162,174.2300,0.9994
2025-11-12 12:18:17,7.7171,155.8482,0.9995
2025-11-12 12:18:18,7.7203,211.5717,0.9993
2025-11-12 12:18:18,7.7200,208.7170,0.9993
2025-11-12 12:18:18,7.7218,201.9375,0.9994
2025-11-12 12:18:18,7.7220,195.5282,0.9994
2025-11-12 12:18:18,7.7212,179.0921,0.9994
2025-11-12 12:18:18,7.7208,176.4381,0.9994
2025-11-12 12:18:18,7.7206,176.8812,0.9994
2025-11-12 12:18:18,7.7206,176.8812,0.9994
2025-11-12 12:18:19,7.7155,111.6335,0.9996
2025-11-12 12:18:19,7.7170,129.6447,0.9996
2025-11-12 12:18:19,7.7175,129.9810,0.9996
2025-11-12 12:18:19,7.7175,129.9810,0.9996
2025-11-12 12:18:19,7.7280,314.2308,0.9990
2025-11-12 12:18:19,7.7268,308.0000,0.9990
2025-11-12 12:18:19,7.7268,308.2430,0.9990
2025-11-12 12:18:19,7.7268,308.2430,0.9990
2025-11-12 12:18:20,7.7265,300.4313,0.9991
2025-11-12 12:18:20,7.7269,302.1570,0.9991
2025-11-12 12:18:20,7.7252,313.4842,0.9990
2025-11-12 12:18:20,7.7252,313.4842,0.9990
2025-11-12 12:18:20,7.7249,304.3858,0.9991
2025-11-12 12:18:20,7.7223,294.5967,0.9991
2025-11-12 12:18:20,7.7187,329.2277,0.9990
2025-11-12 12:18:20,7.7187,329.2277,0.9990
2025-11-12 12:18:20,7.7190,339.5971,0.9989
2025-11-12 12:18:21,7.7204,346.1792,0.9989
2025-11-12 12:18:21,7.7229,316.8287,0.9990
2025-11-12 12:18:21,7.7229,316.8287,0.9990
2025-11-12 12:18:21,7.7232,327.2397,0.9990
2025-11-12 12:18:21,7.7231,326.7838,0.9990
2025-11-12 12:18:21,7.7242,317.7784,0.9990
2025-11-12 12:18:21,7.7242,317.7784,0.9990
2025-11-12 12:18:21,7.7232,288.3843,0.9991
2025-11-12 12:18:21,7.7245,295.3356,0.9991
2025-11-12 12:18:21,7.7263,284.2879,0.9991
2025-11-12 12:18:22,7.7263,284.2879,0.9991
2025-11-12 12:18:22,7.7275,321.3747,0.9990
2025-11-12 12:18:22,7.7251,316.0238,0.9990
2025-11-12 12:18:22,7.7255,314.6613,0.9990
2025-11-12 12:18:22,7.7245,340.7244,0.9989
2025-11-12 12:18:22,7.7230,294.7516,0.9991
2025-11-12 12:18:22,7.7230,294.8150,0.9991
2025-11-12 12:18:22,7.7203,306.5926,0.9990
2025-11-12 12:18:22,7.7213,283.1328,0.9991
2025-11-12 12:18:22,7.7215,289.3081,0.9991
2025-11-12 12:18:22,7.7223,291.8907,0.9991
2025-11-12 12:18:22,7.7240,280.8672,0.9991
2025-11-12 12:18:23,7.7240,280.8672,0.9991
2025-11-12 12:18:23,7.7206,195.6331,0.9994
2025-11-12 12:18:23,7.7184,189.1312,0.9994
2025-11-12 12:18:23,7.7170,192.8771,0.9994
2025-11-12 12:18:23,7.7170,192.8771,0.9994
2025-11-12 12:18:23,7.7186,233.3931,0.9993
2025-11-12 12:18:23,7.7190,233.8883,0.9993
2025-11-12 12:18:23,7.7179,240.7110,0.9992
2025-11-12 12:18:23,7.7175,250.2904,0.9992
2025-11-12 12:18:24,7.7168,232.5770,0.9993
2025-11-12 12:18:24,7.7136,232.8960,0.9993
2025-11-12 12:18:24,7.7144,229.7366,0.9993
2025-11-12 12:18:24,7.7172,181.9408,0.9994
2025-11-12 12:18:24,7.7186,218.9441,0.9993
2025-11-12 12:18:24,7.7251,218.9853,0.9993
2025-11-12 12:18:24,7.7257,213.8968,0.9993
2025-11-12 12:18:24,7.7235,262.2272,0.9992
2025-11-12 12:18:25,7.7227,242.4758,0.9992
2025-11-12 12:18:25,7.7226,241.5325,0.9992
2025-11-12 12:18:25,7.7224,242.3726,0.9992
2025-11-12 12:18:25,7.7217,260.2511,0.9992
2025-11-12 12:18:25,7.7251,356.7642,0.9989
2025-11-12 12:18:25,7.7257,360.9435,0.9989
2025-11-12 12:18:25,7.7263,355.4985,0.9989
2025-11-12 12:18:25,7.7270,338.6039,0.9989
2025-11-12 12:18:25,7.7268,332.5945,0.9990
2025-11-12 12:18:26,7.7263,329.5673,0.9990
2025-11-12 12:18:26,7.7263,329.0018,0.9990
2025-11-12 12:18:26,7.7263,329.0018,0.9990
2025-11-12 12:18:26,7.7269,347.9074,0.9989
2025-11-12 12:18:26,7.7265,345.7085,0.9989
2025-11-12 12:18:26,7.7277,337.3442,0.9990
2025-11-12 12:18:26,7.7277,337.3442,0.9990
2025-11-12 12:18:26,7.7278,341.2125,0.9989
2025-11-12 12:18:26,7.7263,338.5004,0.9989
2025-11-12 12:18:26,7.7259,340.5374,0.9989
2025-11-12 12:18:27,7.7257,346.5534,0.9989
2025-11-12 12:18:27,7.7254,336.5148,0.9990
2025-11-12 12:18:27,7.7202,357.0712,0.9989
2025-11-12 12:18:27,7.7203,356.9510,0.9989
2025-11-12 12:18:27,7.7201,360.5597,0.9989
2025-11-12 12:18:27,7.7207,381.5212,0.9988
2025-11-12 12:18:27,7.7159,444.6695,0.9986
2025-11-12 12:18:27,7.7154,444.4643,0.9986
2025-11-12 12:18:28,7.7158,436.6995,0.9986
2025-11-12 12:18:28,7.7168,479.4488,0.9985
2025-11-12 12:18:28,7.7181,458.1401,0.9986
2025-11-12 12:18:28,7.7175,459.5528,0.9985
2025-11-12 12:18:28,7.7178,453.7539,0.9986
2025-11-12 12:18:28,7.7174,436.9341,0.9986
2025-11-12 12:18:28,7.7183,423.9010,0.9987
2025-11-12 12:18:29,7.7156,439.3453,0.9986
2025-11-12 12:18:29,7.7150,451.1181,0.9986
2025-11-12 12:18:29,7.7152,458.8253,0.9985
2025-11-12 12:18:29,7.7109,526.4541,0.9983
2025-11-12 12:18:29,7.7128,519.4101,0.9983
2025-11-12 12:18:29,7.7120,534.3955,0.9983
2025-11-12 12:18:29,7.7120,531.4334,0.9983
2025-11-12 12:18:29,7.7236,416.8056,0.9987
2025-11-12 12:18:29,7.7249,407.4437,0.9987
2025-11-12 12:18:30,7.7254,394.5096,0.9988
2025-11-12 12:18:30,7.7255,397.6753,0.9988
2025-11-12 12:18:30,7.7177,456.5627,0.9986
2025-11-12 12:18:30,7.7168,458.5841,0.9985
2025-11-12 12:18:30,7.7174,445.3008,0.9986
2025-11-12 12:18:30,7.7177,457.2630,0.9986
2025-11-12 12:18:30,7.7196,433.5096,0.9986
2025-11-12 12:18:30,7.7206,429.4194,0.9987
2025-11-12 12:18:31,7.7206,429.4194,0.9987
2025-11-12 12:18:31,7.7202,412.4508,0.9987
2025-11-12 12:18:31,7.7095,634.7486,0.9980
2025-11-12 12:18:31,7.7102,637.6190,0.9980
2025-11-12 12:18:31,7.7102,637.6190,0.9980
2025-11-12 12:18:31,7.7099,623.6975,0.9980
2025-11-12 12:18:31,7.7187,423.5154,0.9987
2025-11-12 12:18:31,7.7164,428.9106,0.9986
2025-11-12 12:18:31,7.7159,438.1436,0.9986
2025-11-12 12:18:31,7.7161,445.8413,0.9986
2025-11-12 12:18:32,7.7205,403.4871,0.9987
2025-11-12 12:18:32,7.7211,400.0694,0.9987
2025-11-12 12:18:32,7.7209,404.2444,0.9987
2025-11-12 12:18:32,7.7207,398.1781,0.9987
2025-11-12 12:18:32,7.7268,398.4799,0.9988
2025-11-12 12:18:32,7.7268,398.2660,0.9988
2025-11-12 12:18:32,7.7286,350.8279,0.9989
2025-11-12 12:18:32,7.7275,313.9077,0.9990
2025-11-12 12:18:33,7.7257,307.1025,0.9990
2025-11-12 12:18:33,7.7274,294.4740,0.9991
2025-11-12 12:18:33,7.7263,320.7224,0.9990
2025-11-12 12:18:33,7.7269,338.7511,0.9989
2025-11-12 12:18:33,7.7243,342.3095,0.9989
2025-11-12 12:18:33,7.7236,344.9277,0.9989
2025-11-12 12:18:33,7.7235,347.8705,0.9989
2025-11-12 12:18:34,7.7238,356.8906,0.9989
2025-11-12 12:18:34,7.7225,363.1255,0.9989
2025-11-12 12:18:34,7.7228,361.9578,0.9989
2025-11-12 12:18:34,7.7228,361.9578,0.9989
2025-11-12 12:18:34,7.7226,355.2199,0.9989
2025-11-12 12:18:34,7.7211,366.3384,0.9989
2025-11-12 12:18:34,7.7211,366.2953,0.9989
2025-11-12 12:18:34,7.7211,366.2953,0.9989
2025-11-12 12:18:34,7.7215,379.2171,0.9988
2025-11-12 12:18:34,7.7162,452.0536,0.9986
2025-11-12 12:18:34,7.7143,454.2338,0.9986
2025-11-12 12:18:35,7.7145,449.9323,0.9986
2025-11-12 12:18:35,7.7140,428.1397,0.9986
2025-11-12 12:18:35,7.7221,348.3534,0.9989
2025-11-12 12:18:35,7.7220,348.8833,0.9989
2025-11-12 12:18:35,7.7214,363.3780,0.9989
2025-11-12 12:18:35,7.7217,375.7534,0.9988
2025-11-12 12:18:35,7.7262,384.4426,0.9988
2025-11-12 12:18:35,7.7271,375.9809,0.9988
2025-11-12 12:18:36,7.7275,365.4550,0.9989
2025-11-12 12:18:36,7.7280,383.5197,0.9988
2025-11-12 12:18:36,7.7273,380.2833,0.9988
2025-11-12 12:18:36,7.7280,374.3192,0.9988
2025-11-12 12:18:36,7.7280,374.3192,0.9988
2025-11-12 12:18:36,7.7280,374.3192,0.9988
2025-11-12 12:18:36,7.7278,373.7255,0.9988
2025-11-12 12:18:36,7.7251,400.6949,0.9988
2025-11-12 12:18:36,7.7253,394.8639,0.9988
2025-11-12 12:18:37,7.7241,353.8045,0.9989
2025-11-12 12:18:37,7.7234,350.2968,0.9989
2025-11-12 12:18:37,7.7234,349.8839,0.9989
2025-11-12 12:18:37,7.7251,312.6511,0.9990
2025-11-12 12:18:37,7.7251,312.6511,0.9990
2025-11-12 12:18:37,7.7225,312.2736,0.9990
2025-11-12 12:18:37,7.7239,299.0361,0.9991
2025-11-12 12:18:37,7.7220,340.3989,0.9989
2025-11-12 12:18:37,7.7227,364.3814,0.9989
2025-11-12 12:18:38,7.7229,363.8233,0.9989
2025-11-12 12:18:38,7.7228,364.2804,0.9989
2025-11-12 12:18:38,7.7229,361.9109,0.9989
2025-11-12 12:18:38,7.7229,359.2832,0.9989
2025-11-12 12:18:38,7.7222,361.2060,0.9989
2025-11-12 12:18:38,7.7213,368.3169,0.9988
2025-11-12 12:18:38,7.7212,370.5839,0.9988
2025-11-12 12:18:38,7.7210,364.9067,0.9989
2025-11-12 12:18:38,7.7218,363.4269,0.9989
2025-11-12 12:18:38,7.7243,346.2640,0.9989
2025-11-12 12:18:39,7.7240,353.0944,0.9989
2025-11-12 12:18:39,7.7245,369.7935,0.9988
2025-11-12 12:18:39,7.7251,368.4034,0.9989
2025-11-12 12:18:39,7.7255,366.3656,0.9989
2025-11-12 12:18:39,7.7258,359.2760,0.9989
2025-11-12 12:18:39,7.7254,345.9967,0.9989
2025-11-12 12:18:39,7.7281,347.7011,0.9989
2025-11-12 12:18:39,7.7280,347.9522,0.9989
2025-11-12 12:18:39,7.7280,347.9522,0.9989
2025-11-12 12:18:40,7.7283,355.3442,0.9989
2025-11-12 12:18:40,7.7283,355.3442,0.9989
2025-11-12 12:18:40,7.7282,355.6984,0.9989
2025-11-12 12:18:40,7.7284,349.4300,0.9989
2025-11-12 12:18:40,7.7289,363.3996,0.9989
2025-11-12 12:18:40,7.7288,363.3015,0.9989
2025-11-12 12:18:40,7.7285,365.7346,0.9989
2025-11-12 12:18:40,7.7278,382.7272,0.9988
2025-11-12 12:18:40,7.7272,361.3475,0.9989
2025-11-12 12:18:40,7.7255,357.9293,0.9989
2025-11-12 12:18:41,7.7242,366.1123,0.9989
2025-11-12 12:18:41,7.7237,380.9242,0.9988
2025-11-12 12:18:41,7.7243,404.2126,0.9987
2025-11-12 12:18:41,7.7195,420.7661,0.9987
2025-11-12 12:18:41,7.7209,415.9378,0.9987
2025-11-12 12:18:41,7.7213,405.9670,0.9987
2025-11-12 12:18:41,7.7208,385.0806,0.9988
2025-11-12 12:18:41,7.7265,366.0238,0.9989
2025-11-12 12:18:41,7.7268,364.4045,0.9989
2025-11-12 12:18:41,7.7273,349.4705,0.9989
2025-11-12 12:18:42,7.7258,301.4958,0.9991
2025-11-12 12:18:42,7.7229,302.1277,0.9991
2025-11-12 12:18:42,7.7212,309.3706,0.9990
2025-11-12 12:18:42,7.7212,309.3706,0.9990
2025-11-12 12:18:42,7.7215,320.4455,0.9990
2025-11-12 12:18:42,7.7208,322.6409,0.9990
2025-11-12 12:18:42,7.7220,317.2297,0.9990
2025-11-12 12:18:42,7.7215,327.9728,0.9990
2025-11-12 12:18:42,7.7211,314.8904,0.9990
2025-11-12 12:18:43,7.7192,325.4224,0.9990
2025-11-12 12:18:43,7.7193,325.3824,0.9990
2025-11-12 12:18:43,7.7200,309.1193,0.9990
2025-11-12 12:18:43,7.7190,276.8019,0.9991
2025-11-12 12:18:43,7.7168,296.6178,0.9991
2025-11-12 12:18:43,7.7167,296.6240,0.9991
2025-11-12 12:18:43,7.7183,267.3407,0.9992
2025-11-12 12:18:43,7.7187,277.9887,0.9991
2025-11-12 12:18:43,7.7217,249.5157,0.9992
2025-11-12 12:18:44,7.7199,258.3394,0.9992
2025-11-12 12:18:44,7.7168,319.4883,0.9990
2025-11-12 12:18:44,7.7172,331.0428,0.9990
2025-11-12 12:18:44,7.7179,328.7952,0.9990
2025-11-12 12:18:44,7.7185,325.4869,0.9990
2025-11-12 12:18:44,7.7197,299.8310,0.9991
2025-11-12 12:18:44,7.7221,387.3955,0.9988
2025-11-12 12:18:44,7.7270,383.3002,0.9988
2025-11-12 12:18:44,7.7286,370.3963,0.9989
2025-11-12 12:18:45,7.7286,370.3963,0.9989
2025-11-12 12:18:45,7.7284,363.8642,0.9989
2025-11-12 12:18:45,7.7284,363.8642,0.9989
2025-11-12 12:18:45,7.7272,373.2031,0.9988
2025-11-12 12:18:45,7.7267,385.4255,0.9988
2025-11-12 12:18:45,7.7267,384.1054,0.9988
2025-11-12 12:18:45,7.7267,384.1054,0.9988
2025-11-12 12:18:45,7.7275,378.0791,0.9988
2025-11-12 12:18:46,7.7273,382.9392,0.9988
2025-11-12 12:18:46,7.7266,357.9960,0.9989
2025-11-12 12:18:46,7.7273,361.5420,0.9989
2025-11-12 12:18:46,7.7278,358.4069,0.9989
2025-11-12 12:18:46,7.7276,362.4535,0.9989
2025-11-12 12:18:46,7.7280,373.6545,0.9988
2025-11-12 12:18:46,7.7233,370.9945,0.9988
2025-11-12 12:18:46,7.7230,371.9845,0.9988
2025-11-12 12:18:46,7.7238,352.6844,0.9989
2025-11-12 12:18:46,7.7238,353.3906,0.9989
2025-11-12 12:18:46,7.7282,353.1603,0.9989
2025-11-12 12:18:47,7.7267,365.2531,0.9989
2025-11-12 12:18:47,7.7251,409.4352,0.9987
2025-11-12 12:18:47,7.7250,407.6634,0.9987
2025-11-12 12:18:47,7.7235,400.4909,0.9987
2025-11-12 12:18:47,7.7240,396.9880,0.9988
2025-11-12 12:18:47,7.7258,348.0226,0.9989
2025-11-12 12:18:47,7.7255,336.0647,0.9990
2025-11-12 12:18:47,7.7245,335.1045,0.9990
2025-11-12 12:18:47,7.7245,335.0688,0.9990
2025-11-12 12:18:47,7.7238,350.5037,0.9989
2025-11-12 12:18:47,7.7229,317.9446,0.9990
2025-11-12 12:18:48,7.7246,322.5721,0.9990
2025-11-12 12:18:48,7.7254,317.5612,0.9990
2025-11-12 12:18:48,7.7258,307.4633,0.9990
2025-11-12 12:18:48,7.7222,215.2099,0.9993
2025-11-12 12:18:48,7.7222,214.8357,0.9993
2025-11-12 12:18:48,7.7225,213.8624,0.9993
2025-11-12 12:18:48,7.7225,213.8624,0.9993
2025-11-12 12:18:48,7.7244,259.9275,0.9992
2025-11-12 12:18:48,7.7249,262.3507,0.9992
2025-11-12 12:18:48,7.7249,262.2798,0.9992
2025-11-12 12:18:49,7.7249,262.2798,0.9992
2025-11-12 12:18:49,7.7243,247.7276,0.9992
2025-11-12 12:18:49,7.7243,247.7276,0.9992
2025-11-12 12:18:49,7.7232,253.4144,0.9992
2025-11-12 12:18:49,7.7232,253.4144,0.9992
2025-11-12 12:18:49,7.7240,275.3236,0.9991
2025-11-12 12:18:49,7.7239,274.7195,0.9991
2025-11-12 12:18:49,7.7235,277.6295,0.9991
2025-11-12 12:18:49,7.7232,284.3066,0.9991
2025-11-12 12:18:49,7.7201,207.8286,0.9993
2025-11-12 12:18:49,7.7189,199.1636,0.9994
2025-11-12 12:18:50,7.7186,200.4930,0.9994
2025-11-12 12:18:50,7.7177,220.2115,0.9993
2025-11-12 12:18:50,7.7206,295.1885,0.9991
2025-11-12 12:18:50,7.7220,303.6203,0.9990
2025-11-12 12:18:50,7.7217,305.6878,0.9990
2025-11-12 12:18:50,7.7229,277.1493,0.9991
2025-11-12 12:18:50,7.7210,228.3986,0.9993
2025-11-12 12:18:50,7.7200,221.3778,0.9993
2025-11-12 12:18:50,7.7194,225.4027,0.9993
2025-11-12 12:18:51,7.7194,225.4027,0.9993
2025-11-12 12:18:51,7.7138,122.0080,0.9996
2025-11-12 12:18:51,7.7148,134.0379,0.9996
2025-11-12 12:18:51,7.7176,128.6401,0.9996
2025-11-12 12:18:51,7.7176,128.6401,0.9996
2025-11-12 12:18:51,7.7213,178.7687,0.9994
2025-11-12 12:18:51,7.7180,162.4343,0.9995
2025-11-12 12:18:51,7.7162,164.4359,0.9995
2025-11-12 12:18:52,7.7162,164.4359,0.9995
2025-11-12 12:18:52,7.7164,167.4675,0.9995
2025-11-12 12:18:52,7.7170,169.6497,0.9995
2025-11-12 12:18:52,7.7166,170.9717,0.9995
2025-11-12 12:18:52,7.7166,170.9717,0.9995
2025-11-12 12:18:52,7.7177,193.8373,0.9994
2025-11-12 12:18:52,7.7189,199.8205,0.9994
2025-11-12 12:18:52,7.7187,201.0075,0.9994
2025-11-12 12:18:52,7.7183,210.7927,0.9993
2025-11-12 12:18:53,7.7174,191.3741,0.9994
2025-11-12 12:18:53,7.7183,198.9568,0.9994
2025-11-12 12:18:53,7.7205,191.2891,0.9994
2025-11-12 12:18:53,7.7200,203.0633,0.9994
2025-11-12 12:18:53,7.7218,241.3360,0.9992
2025-11-12 12:18:53,7.7213,238.2046,0.9993
2025-11-12 12:18:53,7.7204,240.7565,0.9992
2025-11-12 12:18:53,7.7214,218.3000,0.9993
2025-11-12 12:18:53,7.7203,195.2596,0.9994
2025-11-12 12:18:53,7.7218,206.1799,0.9994
2025-11-12 12:18:53,7.7207,212.0309,0.9993
2025-11-12 12:18:54,7.7207,212.0309,0.9993
2025-11-12 12:18:54,7.7208,213.2826,0.9993
2025-11-12 12:18:54,7.7143,191.3121,0.9994
2025-11-12 12:18:54,7.7165,190.2113,0.9994
2025-11-12 12:18:54,7.7165,190.2113,0.9994
2025-11-12 12:18:54,7.7172,207.5170,0.9993
2025-11-12 12:18:54,7.7213,204.8474,0.9994
2025-11-12 12:18:54,7.7195,210.6003,0.9993
2025-11-12 12:18:54,7.7191,220.6052,0.9993
2025-11-12 12:18:54,7.7210,271.2949,0.9991
2025-11-12 12:18:55,7.7199,268.6746,0.9992
2025-11-12 12:18:55,7.7194,271.1277,0.9991
2025-11-12 12:18:55,7.7199,260.9974,0.9992
2025-11-12 12:18:55,7.7216,312.4162,0.9990
2025-11-12 12:18:55,7.7242,319.6913,0.9990
2025-11-12 12:18:55,7.7265,304.0256,0.9991
2025-11-12 12:18:55,7.7215,454.1159,0.9986
2025-11-12 12:18:56,7.7220,470.1444,0.9985
2025-11-12 12:18:56,7.7155,467.5329,0.9985
2025-11-12 12:18:56,7.7133,467.9496,0.9985
2025-11-12 12:18:56,7.7177,354.2744,0.9989
2025-11-12 12:18:56,7.7184,380.1262,0.9988
2025-11-12 12:18:56,7.7112,479.1194,0.9985
2025-11-12 12:18:56,7.7134,481.4468,0.9985
2025-11-12 12:18:56,7.7140,471.0825,0.9985
2025-11-12 12:18:56,7.7123,406.4903,0.9987
2025-11-12 12:18:56,7.7168,331.1013,0.9990
2025-11-12 12:18:56,7.7168,331.0592,0.9990
2025-11-12 12:18:57,7.7168,331.0592,0.9990
2025-11-12 12:18:57,7.7188,405.9961,0.9987
2025-11-12 12:18:57,7.7138,497.9740,0.9984
2025-11-12 12:18:57,7.7131,496.4018,0.9984
2025-11-12 12:18:57,7.7131,496.4018,0.9984
2025-11-12 12:18:57,7.7138,530.0285,0.9983
2025-11-12 12:18:57,7.7167,472.8046,0.9985
2025-11-12 12:18:57,7.7166,472.8094,0.9985
2025-11-12 12:18:57,7.7169,468.1689,0.9985
2025-11-12 12:18:57,7.7169,468.0205,0.9985
2025-11-12 12:18:58,7.7108,607.9299,0.9981
2025-11-12 12:18:58,7.7081,607.8185,0.9980
2025-11-12 12:18:58,7.7080,609.4411,0.9980
2025-11-12 12:18:58,7.7060,515.0743,0.9983
2025-11-12 12:18:58,7.7193,331.0061,0.9990
2025-11-12 12:18:58,7.7225,311.1404,0.9990
2025-11-12 12:18:58,7.7216,332.6337,0.9990
2025-11-12 12:18:58,7.7229,377.5824,0.9988
2025-11-12 12:18:58,7.7147,474.4366,0.9985
2025-11-12 12:18:58,7.7143,473.9016,0.9985
2025-11-12 12:18:59,7.7150,458.6354,0.9985
2025-11-12 12:18:59,7.7152,463.2255,0.9985
2025-11-12 12:18:59,7.7250,359.2486,0.9989
2025-11-12 12:18:59,7.7257,355.4900,0.9989
2025-11-12 12:18:59,7.7257,355.4900,0.9989
2025-11-12 12:18:59,7.7260,364.8788,0.9989
2025-11-12 12:18:59,7.7213,396.3926,0.9988
2025-11-12 12:18:59,7.7195,401.8564,0.9987
2025-11-12 12:18:59,7.7191,411.9506,0.9987
2025-11-12 12:19:00,7.7192,416.0686,0.9987
2025-11-12 12:19:00,7.7132,505.2044,0.9984
2025-11-12 12:19:00,7.7133,505.1634,0.9984
2025-11-12 12:19:00,7.7137,496.6390,0.9984
2025-11-12 12:19:00,7.7133,476.4815,0.9985
2025-11-12 12:19:00,7.7180,400.5335,0.9987
2025-11-12 12:19:00,7.7190,397.8391,0.9987
2025-11-12 12:19:00,7.7190,397.8391,0.9987
2025-11-12 12:19:00,7.7196,421.8616,0.9987
2025-11-12 12:19:01,7.7221,394.6014,0.9988
2025-11-12 12:19:01,7.7216,396.7893,0.9988
2025-11-12 12:19:01,7.7216,396.7893,0.9988
2025-11-12 12:19:01,7.7216,396.7893,0.9988
2025-11-12 12:19:01,7.7243,382.0979,0.9988
2025-11-12 12:19:01,7.7234,389.4029,0.9988
2025-11-12 12:19:01,7.7222,417.8093,0.9987
2025-11-12 12:19:01,7.7222,415.5101,0.9987
2025-11-12 12:19:02,7.7219,416.0154,0.9987
2025-11-12 12:19:02,7.7223,412.9541,0.9987
2025-11-12 12:19:02,7.7235,384.4849,0.9988
2025-11-12 12:19:02,7.7226,351.2874,0.9989
2025-11-12 12:19:02,7.7206,359.5550,0.9989
2025-11-12 12:19:02,7.7224,352.7706,0.9989
2025-11-12 12:19:02,7.7224,352.7706,0.9989
2025-11-12 12:19:02,7.7228,369.3371,0.9988
2025-11-12 12:19:02,7.7253,356.5313,0.9989
2025-11-12 12:19:02,7.7248,358.9849,0.9989
2025-11-12 12:19:03,7.7241,375.0401,0.9988
2025-11-12 12:19:03,7.7238,363.2007,0.9989
2025-11-12 12:19:03,7.7219,370.0949,0.9988
2025-11-12 12:19:03,7.7208,374.9831,0.9988
2025-11-12 12:19:03,7.7217,354.9202,0.9989
2025-11-12 12:19:03,7.7190,266.6596,0.9992
2025-11-12 12:19:03,7.7225,265.7560,0.9992
2025-11-12 12:19:03,7.7224,266.4541,0.9992
2025-11-12 12:19:03,7.7194,342.4206,0.9989
2025-11-12 12:19:04,7.7164,262.5778,0.9992
2025-11-12 12:19:04,7.7186,282.8002,0.9991
2025-11-12 12:19:04,7.7187,282.5389,0.9991
2025-11-12 12:19:04,7.7209,225.9296,0.9993
2025-11-12 12:19:04,7.7249,325.4915,0.9990
2025-11-12 12:19:04,7.7252,327.9707,0.9990
2025-11-12 12:19:04,7.7269,316.7109,0.9990
2025-11-12 12:19:04,7.7274,301.9332,0.9991
2025-11-12 12:19:04,7.7276,306.6151,0.9990
2025-11-12 12:19:05,7.7264,300.5640,0.9991
2025-11-12 12:19:05,7.7263,301.1576,0.9991
2025-11-12 12:19:05,7.7263,301.1576,0.9991
2025-11-12 12:19:05,7.7266,309.4945,0.9990
2025-11-12 12:19:05,7.7255,306.3387,0.9990
2025-11-12 12:19:05,7.7256,305.8071,0.9990
2025-11-12 12:19:05,7.7256,305.8071,0.9990
2025-11-12 12:19:05,7.7256,306.5944,0.9990
2025-11-12 12:19:06,7.7263,308.3016,0.9990
2025-11-12 12:19:06,7.7262,308.9519,0.9990
2025-11-12 12:19:06,7.7262,308.9519,0.9990
2025-11-12 12:19:06,7.7255,288.7174,0.9991
2025-11-12 12:19:06,7.7251,287.2881,0.9991
2025-11-12 12:19:06,7.7248,288.4652,0.9991
2025-11-12 12:19:06,7.7248,288.4652,0.9991
2025-11-12 12:19:06,7.7261,326.2896,0.9990
2025-11-12 12:19:06,7.7250,325.1561,0.9990
2025-11-12 12:19:06,7.7234,335.6280,0.9990
2025-11-12 12:19:06,7.7234,335.6280,0.9990
2025-11-12 12:19:07,7.7230,321.5349,0.9990
2025-11-12 12:19:07,7.7228,321.3202,0.9990
2025-11-12 12:19:07,7.7213,334.8427,0.9989
2025-11-12 12:19:07,7.7213,334.8427,0.9989
2025-11-12 12:19:07,7.7216,344.1184,0.9989
2025-11-12 12:19:07,7.7241,354.8230,0.9989
2025-11-12 12:19:07,7.7264,331.8647,0.9990
2025-11-12 12:19:07,7.7264,331.8647,0.9990
2025-11-12 12:19:07,7.7264,332.0251,0.9990
2025-11-12 12:19:07,7.7260,330.2510,0.9990
2025-11-12 12:19:07,7.7255,334.8863,0.9990
2025-11-12 12:19:07,7.7243,363.9374,0.9989
2025-11-12 12:19:08,7.7250,384.0720,0.9988
2025-11-12 12:19:08,7.7252,385.6561,0.9988
2025-11-12 12:19:08,7.7254,384.5714,0.9988
2025-11-12 12:19:08,7.7267,348.7850,0.9989
2025-11-12 12:19:08,7.7265,343.0906,0.9989
2025-11-12 12:19:08,7.7262,341.7174,0.9989
2025-11-12 12:19:08,7.7280,329.2192,0.9990
2025-11-12 12:19:08,7.7278,332.1570,0.9990
2025-11-12 12:19:08,7.7280,337.4311,0.9990
2025-11-12 12:19:09,7.7275,336.1314,0.9990
2025-11-12 12:19:09,7.7275,336.2764,0.9990
2025-11-12 12:19:09,7.7274,339.5095,0.9989
2025-11-12 12:19:09,7.7285,377.0849,0.9988
2025-11-12 12:19:09,7.7263,378.0363,0.9988
2025-11-12 12:19:09,7.7258,380.7250,0.9988
2025-11-12 12:19:09,7.7258,380.7250,0.9988
2025-11-12 12:19:09,7.7252,359.5478,0.9989
2025-11-12 12:19:10,7.7256,359.0005,0.9989
2025-11-12 12:19:10,7.7260,356.6606,0.9989
2025-11-12 12:19:10,7.7260,356.6606,0.9989
2025-11-12 12:19:10,7.7265,373.2697,0.9988
2025-11-12 12:19:10,7.7292,375.5834,0.9988
2025-11-12 12:19:10,7.7271,393.4736,0.9988
2025-11-12 12:19:10,7.7268,400.7936,0.9988
2025-11-12 12:19:10,7.7267,397.1938,0.9988
2025-11-12 12:19:10,7.7267,396.7380,0.9988
2025-11-12 12:19:11,7.7279,385.2716,0.9988
2025-11-12 12:19:11,7.7282,377.7757,0.9988
2025-11-12 12:19:11,7.7278,363.6961,0.9989
2025-11-12 12:19:11,7.7264,359.8717,0.9989
2025-11-12 12:19:11,7.7271,355.3280,0.9989
2025-11-12 12:19:11,7.7265,371.9263,0.9988
2025-11-12 12:19:11,7.7265,372.5008,0.9988
2025-11-12 12:19:11,7.7271,373.6938,0.9988
2025-11-12 12:19:11,7.7252,388.1890,0.9988
2025-11-12 12:19:12,7.7252,388.5534,0.9988
2025-11-12 12:19:12,7.7256,402.8086,0.9987
2025-11-12 12:19:12,7.7247,400.3730,0.9988
2025-11-12 12:19:12,7.7248,399.0599,0.9988
2025-11-12 12:19:12,7.7255,382.7264,0.9988
2025-11-12 12:19:12,7.7247,356.0970,0.9989
2025-11-12 12:19:12,7.7268,364.2369,0.9989
2025-11-12 12:19:12,7.7271,361.2701,0.9989
2025-11-12 12:19:13,7.7263,382.1677,0.9988
2025-11-12 12:19:13,7.7261,373.7991,0.9988
2025-11-12 12:19:13,7.7252,369.1379,0.9989
2025-11-12 12:19:13,7.7269,358.1698,0.9989
2025-11-12 12:19:13,7.7277,337.0176,0.9990
2025-11-12 12:19:13,7.7255,274.1726,0.9991
2025-11-12 12:19:13,7.7256,274.6797,0.9991
2025-11-12 12:19:13,7.7236,287.0728,0.9991
2025-11-12 12:19:14,7.7236,287.0728,0.9991
2025-11-12 12:19:14,7.7245,312.6022,0.9990
2025-11-12 12:19:14,7.7245,312.9500,0.9990
2025-11-12 12:19:14,7.7247,311.3821,0.9990
2025-11-12 12:19:14,7.7243,322.8866,0.9990
2025-11-12 12:19:14,7.7217,252.7283,0.9992
2025-11-12 12:19:14,7.7220,254.5707,0.9992
2025-11-12 12:19:15,7.7237,246.2983,0.9992
2025-11-12 12:19:15,7.7241,234.9963,0.9993
2025-11-12 12:19:15,7.7269,308.0137,0.9990
2025-11-12 12:19:15,7.7249,302.3834,0.9991
2025-11-12 12:19:15,7.7243,305.3552,0.9990
2025-11-12 12:19:15,7.7239,316.7406,0.9990
2025-11-12 12:19:15,7.7230,292.1666,0.9991
2025-11-12 12:19:15,7.7240,295.2709,0.9991
2025-11-12 12:19:15,7.7236,297.6785,0.9991
2025-11-12 12:19:16,7.7241,286.3725,0.9991
2025-11-12 12:19:16,7.7230,258.3373,0.9992
2025-11-12 12:19:16,7.7190,254.8737,0.9992
2025-11-12 12:19:16,7.7200,252.8232,0.9992
2025-11-12 12:19:16,7.7200,252.8232,0.9992
2025-11-12 12:19:16,7.7210,282.9087,0.9991
2025-11-12 12:19:16,7.7221,279.3379,0.9991
2025-11-12 12:19:16,7.7196,290.8652,0.9991
2025-11-12 12:19:16,7.7196,290.8652,0.9991
2025-11-12 12:19:17,7.7211,339.3437,0.9989
2025-11-12 12:19:17,7.7205,340.5836,0.9989
2025-11-12 12:19:17,7.7217,332.9065,0.9990
2025-11-12 12:19:17,7.7214,339.2974,0.9989
2025-11-12 12:19:17,7.7213,335.2497,0.9989
2025-11-12 12:19:17,7.7189,348.3451,0.9989
2025-11-12 12:19:17,7.7183,350.9025,0.9989
2025-11-12 12:19:17,7.7186,345.0314,0.9989
2025-11-12 12:19:17,7.7157,249.9718,0.9992
2025-11-12 12:19:17,7.7165,246.0795,0.9992
2025-11-12 12:19:17,7.7172,244.0548,0.9992
2025-11-12 12:19:18,7.7172,244.0548,0.9992
2025-11-12 12:19:18,7.7165,223.1922,0.9993
2025-11-12 12:19:18,7.7171,221.0528,0.9993
2025-11-12 12:19:18,7.7161,223.9571,0.9993
2025-11-12 12:19:18,7.7161,223.9571,0.9993
2025-11-12 12:19:18,7.7191,314.5221,0.9990
2025-11-12 12:19:18,7.7241,317.2410,0.9990
2025-11-12 12:19:18,7.7261,302.8830,0.9991
2025-11-12 12:19:18,7.7261,302.8830,0.9991
2025-11-12 12:19:18,7.7260,298.4746,0.9991
2025-11-12 12:19:19,7.7249,294.9142,0.9991
2025-11-12 12:19:19,7.7234,303.8155,0.9991
2025-11-12 12:19:19,7.7234,303.8155,0.9991
2025-11-12 12:19:19,7.7239,320.9384,0.9990
2025-11-12 12:19:19,7.7256,328.2384,0.9990
2025-11-12 12:19:19,7.7273,315.9726,0.9990
2025-11-12 12:19:19,7.7273,315.9726,0.9990
2025-11-12 12:19:19,7.7281,340.0897,0.9989
2025-11-12 12:19:19,7.7278,339.0651,0.9990
2025-11-12 12:19:19,7.7263,350.8649,0.9989
2025-11-12 12:19:20,7.7258,362.8158,0.9989
2025-11-12 12:19:20,7.7259,367.4135,0.9989
2025-11-12 12:19:20,7.7232,360.8917,0.9989
2025-11-12 12:19:20,7.7244,353.9878,0.9989
2025-11-12 12:19:20,7.7249,342.4342,0.9989
2025-11-12 12:19:20,7.7245,329.5643,0.9990
2025-11-12 12:19:20,7.7247,329.3861,0.9990
2025-11-12 12:19:20,7.7239,334.2028,0.9990
2025-11-12 12:19:21,7.7239,334.2028,0.9990
2025-11-12 12:19:21,7.7241,342.2984,0.9989
2025-11-12 12:19:21,7.7243,342.2994,0.9989
2025-11-12 12:19:21,7.7253,336.2638,0.9990
2025-11-12 12:19:21,7.7242,365.9672,0.9989
2025-11-12 12:19:21,7.7250,394.8724,0.9988
2025-11-12 12:19:21,7.7251,394.8474,0.9988
2025-11-12 12:19:21,7.7250,395.2915,0.9988
2025-11-12 12:19:21,7.7261,364.9794,0.9989
2025-11-12 12:19:21,7.7261,364.7637,0.9989
2025-11-12 12:19:22,7.7274,365.3471,0.9989
2025-11-12 12:19:22,7.7255,381.2496,0.9988
2025-11-12 12:19:22,7.7255,381.2496,0.9988
2025-11-12 12:19:22,7.7259,396.0986,0.9988
2025-11-12 12:19:22,7.7266,398.1860,0.9988
2025-11-12 12:19:22,7.7287,379.6588,0.9988
2025-11-12 12:19:22,7.7287,379.6588,0.9988
2025-11-12 12:19:22,7.7285,375.0787,0.9988
2025-11-12 12:19:22,7.7246,379.5122,0.9988
2025-11-12 12:19:22,7.7246,379.7347,0.9988
2025-11-12 12:19:23,7.7246,379.7347,0.9988
2025-11-12 12:19:23,7.7247,386.0884,0.9988
2025-11-12 12:19:23,7.7252,384.1069,0.9988
2025-11-12 12:19:23,7.7254,383.1605,0.9988
2025-11-12 12:19:23,7.7254,383.1605,0.9988
2025-11-12 12:19:23,7.7249,365.4479,0.9989
2025-11-12 12:19:23,7.7283,363.1733,0.9989
2025-11-12 12:19:23,7.7265,377.4239,0.9988
2025-11-12 12:19:24,7.7257,398.0451,0.9988
2025-11-12 12:19:24,7.7253,384.3749,0.9988
2025-11-12 12:19:24,7.7253,384.3749,0.9988
2025-11-12 12:19:24,7.7255,382.9719,0.9988
2025-11-12 12:19:24,7.7263,362.4710,0.9989
2025-11-12 12:19:24,7.7272,394.0066,0.9988
2025-11-12 12:19:24,7.7274,394.7979,0.9988
2025-11-12 12:19:24,7.7272,396.4764,0.9988
2025-11-12 12:19:24,7.7266,413.5076,0.9987
2025-11-12 12:19:25,7.7252,364.5379,0.9989
2025-11-12 12:19:25,7.7242,360.2156,0.9989
2025-11-12 12:19:25,7.7238,363.1749,0.9989
2025-11-12 12:19:25,7.7260,310.8150,0.9990
2025-11-12 12:19:25,7.7269,341.0512,0.9989
2025-11-12 12:19:25,7.7284,345.6400,0.9989
2025-11-12 12:19:25,7.7291,338.4559,0.9990
2025-11-12 12:19:25,7.7269,393.7377,0.9988
2025-11-12 12:19:25,7.7265,379.0072,0.9988
2025-11-12 12:19:26,7.7265,379.0072,0.9988
2025-11-12 12:19:26,7.7263,381.0204,0.9988
2025-11-12 12:19:26,7.7269,365.4324,0.9989
2025-11-12 12:19:26,7.7274,382.5832,0.9988
2025-11-12 12:19:26,7.7269,380.2007,0.9988
2025-11-12 12:19:26,7.7271,377.7663,0.9988
2025-11-12 12:19:26,7.7271,377.7663,0.9988
2025-11-12 12:19:26,7.7261,342.4232,0.9989
2025-11-12 12:19:26,7.7254,339.8073,0.9989
2025-11-12 12:19:27,7.7249,343.9796,0.9989
2025-11-12 12:19:27,7.7245,355.5555,0.9989
2025-11-12 12:19:27,7.7244,353.3718,0.9989
2025-11-12 12:19:27,7.7241,352.0609,0.9989
2025-11-12 12:19:27,7.7260,339.0617,0.9989
2025-11-12 12:19:27,7.7259,343.7598,0.9989
2025-11-12 12:19:27,7.7244,297.9815,0.9991
2025-11-12 12:19:27,7.7244,297.9372,0.9991
2025-11-12 12:19:27,7.7235,301.4314,0.9991
2025-11-12 12:19:28,7.7227,323.0667,0.9990
2025-11-12 12:19:28,7.7246,381.5017,0.9988
2025-11-12 12:19:28,7.7255,385.2231,0.9988
2025-11-12 12:19:28,7.7260,382.0371,0.9988
2025-11-12 12:19:28,7.7268,359.7701,0.9989
2025-11-12 12:19:28,7.7264,345.2883,0.9989
2025-11-12 12:19:28,7.7251,341.3850,0.9989
2025-11-12 12:19:28,7.7232,353.4978,0.9989
2025-11-12 12:19:29,7.7239,336.7842,0.9989
2025-11-12 12:19:29,7.7226,295.4873,0.9991
2025-11-12 12:19:29,7.7242,303.6169,0.9991
2025-11-12 12:19:29,7.7262,289.9379,0.9991
2025-11-12 12:19:29,7.7257,301.8390,0.9991
2025-11-12 12:19:29,7.7250,280.9388,0.9991
2025-11-12 12:19:29,7.7238,275.1461,0.9991
2025-11-12 12:19:29,7.7223,282.9450,0.9991
2025-11-12 12:19:30,7.7227,272.0159,0.9991
2025-11-12 12:19:30,7.7240,309.6687,0.9990
2025-11-12 12:19:30,7.7254,317.0511,0.9990
2025-11-12 12:19:30,7.7256,315.9376,0.9990
2025-11-12 12:19:30,7.7256,315.9376,0.9990
2025-11-12 12:19:30,7.7250,297.9915,0.9991
2025-11-12 12:19:30,7.7250,297.9915,0.9991
2025-11-12 12:19:30,7.7250,297.6654,0.9991
2025-11-12 12:19:30,7.7252,291.8708,0.9991
2025-11-12 12:19:31,7.7258,309.7071,0.9990
2025-11-12 12:19:31,7.7258,309.7071,0.9990
2025-11-12 12:19:31,7.7274,298.7199,0.9991
2025-11-12 12:19:31,7.7273,301.6196,0.9991
2025-11-12 12:19:31,7.7256,254.4761,0.9992
2025-11-12 12:19:31,7.7244,247.9942,0.9992
2025-11-12 12:19:31,7.7239,249.5894,0.9992
2025-11-12 12:19:31,7.7234,263.7647,0.9992
2025-11-12 12:19:31,7.7240,280.8339,0.9991
2025-11-12 12:19:32,7.7235,278.9985,0.9991
2025-11-12 12:19:32,7.7216,289.7214,0.9991
2025-11-12 12:19:32,7.7213,298.9641,0.9991
2025-11-12 12:19:32,7.7225,335.8327,0.9989
2025-11-12 12:19:32,7.7237,342.2938,0.9989
2025-11-12 12:19:32,7.7258,327.6355,0.9990
2025-11-12 12:19:32,7.7267,305.2645,0.9991
2025-11-12 12:19:32,7.7274,325.4298,0.9990
2025-11-12 12:19:32,7.7270,324.2207,0.9990
2025-11-12 12:19:32,7.7261,329.9105,0.9990
2025-11-12 12:19:33,7.7261,329.9105,0.9990
2025-11-12 12:19:33,7.7252,301.6373,0.9991
2025-11-12 12:19:33,7.7248,299.9511,0.9991
2025-11-12 12:19:33,7.7256,295.4493,0.9991
2025-11-12 12:19:33,7.7256,295.4493,0.9991
2025-11-12 12:19:33,7.7271,340.8306,0.9989
2025-11-12 12:19:34,7.7273,341.3263,0.9989
2025-11-12 12:19:34,7.7256,354.2588,0.9989
2025-11-12 12:19:34,7.7251,366.0195,0.9989
2025-11-12 12:19:34,7.7242,337.2746,0.9989
2025-11-12 12:19:34,7.7253,343.5920,0.9989
2025-11-12 12:19:34,7.7272,330.2571,0.9990
2025-11-12 12:19:34,7.7276,317.9380,0.9990
2025-11-12 12:19:34,7.7286,348.7058,0.9989
2025-11-12 12:19:34,7.7279,345.7466,0.9989
2025-11-12 12:19:34,7.7259,361.2403,0.9989
2025-11-12 12:19:35,7.7253,377.7413,0.9988
2025-11-12 12:19:35,7.7246,356.1200,0.9989
2025-11-12 12:19:35,7.7246,356.1200,0.9989
2025-11-12 12:19:35,7.7250,352.6764,0.9989
2025-11-12 12:19:35,7.7257,336.2842,0.9990
2025-11-12 12:19:35,7.7273,392.6540,0.9988
2025-11-12 12:19:35,7.7274,392.8538,0.9988
2025-11-12 12:19:35,7.7289,380.5892,0.9988
2025-11-12 12:19:35,7.7289,380.5892,0.9988
2025-11-12 12:19:35,7.7285,366.8374,0.9989
2025-11-12 12:19:35,7.7273,364.5966,0.9989
2025-11-12 12:19:36,7.7252,381.1010,0.9988
2025-11-12 12:19:36,7.7242,407.0781,0.9987
2025-11-12 12:19:36,7.7245,418.8978,0.9987
2025-11-12 12:19:36,7.7262,425.7055,0.9987
2025-11-12 12:19:36,7.7270,417.6013,0.9987
2025-11-12 12:19:36,7.7275,403.2061,0.9988
2025-11-12 12:19:36,7.7276,405.1275,0.9987
2025-11-12 12:19:36,7.7257,399.4162,0.9988
2025-11-12 12:19:36,7.7269,391.2242,0.9988
2025-11-12 12:19:37,7.7264,405.0288,0.9987
2025-11-12 12:19:37,7.7265,409.4357,0.9987
2025-11-12 12:19:37,7.7282,413.1604,0.9987
2025-11-12 12:19:37,7.7281,413.1912,0.9987
2025-11-12 12:19:37,7.7289,392.8737,0.9988
2025-11-12 12:19:37,7.7286,385.2271,0.9988
2025-11-12 12:19:37,7.7283,384.2440,0.9988
2025-11-12 12:19:37,7.7280,386.5865,0.9988
2025-11-12 12:19:37,7.7285,372.7897,0.9988
2025-11-12 12:19:37,7.7286,377.2287,0.9988
2025-11-12 12:19:38,7.7282,376.1595,0.9988
2025-11-12 12:19:38,7.7284,374.3744,0.9988
2025-11-12 12:19:38,7.7293,352.8882,0.9989
2025-11-12 12:19:38,7.7285,325.8664,0.9990
2025-11-12 12:19:38,7.7292,327.6950,0.9990
2025-11-12 12:19:38,7.7274,344.2427,0.9989
2025-11-12 12:19:38,7.7255,392.3212,0.9988
2025-11-12 12:19:38,7.7253,385.9301,0.9988
2025-11-12 12:19:38,7.7242,380.8854,0.9988
2025-11-12 12:19:39,7.7256,370.5663,0.9988
2025-11-12 12:19:39,7.7258,365.6507,0.9989
2025-11-12 12:19:39,7.7257,363.3449,0.9989
2025-11-12 12:19:39,7.7246,361.6417,0.9989
2025-11-12 12:19:39,7.7225,377.1671,0.9988
2025-11-12 12:19:39,7.7231,361.7449,0.9989
2025-11-12 12:19:39,7.7238,385.2599,0.9988
2025-11-12 12:19:39,7.7256,389.8759,0.9988
2025-11-12 12:19:39,7.7281,367.0701,0.9989
2025-11-12 12:19:40,7.7281,367.0701,0.9989
2025-11-12 12:19:40,7.7275,348.7147,0.9989
2025-11-12 12:19:40,7.7274,348.3702,0.9989
2025-11-12 12:19:40,7.7260,359.3366,0.9989
2025-11-12 12:19:40,7.7260,359.3366,0.9989
2025-11-12 12:19:40,7.7259,357.0037,0.9989
2025-11-12 12:19:40,7.7263,358.4956,0.9989
2025-11-12 12:19:40,7.7266,355.5444,0.9989
2025-11-12 12:19:40,7.7268,349.5076,0.9989
2025-11-12 12:19:40,7.7265,337.4057,0.9990
2025-11-12 12:19:41,7.7258,334.9415,0.9990
2025-11-12 12:19:41,7.7253,339.6340,0.9989
2025-11-12 12:19:41,7.7251,342.3882,0.9989
2025-11-12 12:19:41,7.7265,390.9094,0.9988
2025-11-12 12:19:41,7.7271,392.7905,0.9988
2025-11-12 12:19:41,7.7291,375.9994,0.9988
2025-11-12 12:19:41,7.7290,379.3578,0.9988
2025-11-12 12:19:41,7.7290,379.3277,0.9988
2025-11-12 12:19:41,7.7265,378.8788,0.9988
2025-11-12 12:19:41,7.7255,384.9928,0.9988
2025-11-12 12:19:42,7.7250,396.7416,0.9988
2025-11-12 12:19:42,7.7244,375.1869,0.9988
2025-11-12 12:19:42,7.7251,375.0132,0.9988
2025-11-12 12:19:42,7.7256,371.5522,0.9988
2025-11-12 12:19:42,7.7261,359.6491,0.9989
2025-11-12 12:19:42,7.7267,380.5932,0.9988
2025-11-12 12:19:42,7.7274,380.5756,0.9988
2025-11-12 12:19:43,7.7276,379.2688,0.9988
2025-11-12 12:19:43,7.7276,379.2688,0.9988
2025-11-12 12:19:43,7.7276,378.7928,0.9988
2025-11-12 12:19:43,7.7279,379.1034,0.9988
2025-11-12 12:19:43,7.7280,378.6229,0.9988
2025-11-12 12:19:43,7.7280,378.6229,0.9988
2025-11-12 12:19:43,7.7280,379.0951,0.9988
2025-11-12 12:19:43,7.7288,380.6089,0.9988
2025-11-12 12:19:43,7.7270,396.5357,0.9988
2025-11-12 12:19:43,7.7270,396.5357,0.9988
2025-11-12 12:19:44,7.7263,372.9998,0.9988
2025-11-12 12:19:44,7.7267,374.9931,0.9988
2025-11-12 12:19:44,7.7286,359.2117,0.9989
2025-11-12 12:19:44,7.7286,359.2117,0.9989
2025-11-12 12:19:44,7.7291,376.7593,0.9988
2025-11-12 12:19:44,7.7277,373.5944,0.9988
2025-11-12 12:19:44,7.7224,431.3797,0.9987
2025-11-12 12:19:44,7.7224,431.3797,0.9987
2025-11-12 12:19:44,7.7219,413.2000,0.9987
2025-11-12 12:19:45,7.7234,422.3167,0.9987
2025-11-12 12:19:45,7.7284,363.0440,0.9989
2025-11-12 12:19:45,7.7284,363.0440,0.9989
2025-11-12 12:19:45,7.7291,385.1850,0.9988
2025-11-12 12:19:45,7.7290,384.8512,0.9988
2025-11-12 12:19:45,7.7291,384.1544,0.9988
2025-11-12 12:19:45,7.7291,384.1544,0.9988
2025-11-12 12:19:45,7.7286,366.1219,0.9989
2025-11-12 12:19:46,7.7253,363.6177,0.9989
2025-11-12 12:19:46,7.7214,397.0922,0.9988
2025-11-12 12:19:46,7.7214,397.0922,0.9988
2025-11-12 12:19:46,7.7212,392.0967,0.9988
2025-11-12 12:19:46,7.7214,392.1360,0.9988
2025-11-12 12:19:46,7.7247,361.7520,0.9989
2025-11-12 12:19:46,7.7243,373.2779,0.9988
2025-11-12 12:19:46,7.7246,384.6749,0.9988
2025-11-12 12:19:46,7.7251,384.0993,0.9988
2025-11-12 12:19:46,7.7241,391.1298,0.9988
2025-11-12 12:19:47,7.7246,379.6393,0.9988
2025-11-12 12:19:47,7.7244,373.9564,0.9988
2025-11-12 12:19:47,7.7269,379.2186,0.9988
2025-11-12 12:19:47,7.7272,375.9034,0.9988
2025-11-12 12:19:47,7.7272,375.9034,0.9988
2025-11-12 12:19:47,7.7272,375.9034,0.9988
2025-11-12 12:19:47,7.7270,375.0098,0.9988
2025-11-12 12:19:47,7.7284,363.7872,0.9989
2025-11-12 12:19:48,7.7284,363.7872,0.9989
2025-11-12 12:19:48,7.7287,373.2483,0.9988
2025-11-12 12:19:48,7.7291,374.5805,0.9988
2025-11-12 12:19:48,7.7290,375.4050,0.9988
2025-11-12 12:19:48,7.7290,375.4050,0.9988
2025-11-12 12:19:48,7.7289,371.6870,0.9989
2025-11-12 12:19:48,7.7283,369.7997,0.9989
2025-11-12 12:19:48,7.7282,370.4676,0.9989
2025-11-12 12:19:48,7.7282,370.4676,0.9989
2025-11-12 12:19:48,7.7288,391.6162,0.9988
2025-11-12 12:19:48,7.7278,390.3656,0.9988
2025-11-12 12:19:48,7.7271,395.6969,0.9988
2025-11-12 12:19:49,7.7271,395.6969,0.9988
2025-11-12 12:19:49,7.7270,393.3404,0.9988
2025-11-12 12:19:49,7.7285,396.6272,0.9988
2025-11-12 12:19:49,7.7295,388.9955,0.9988
2025-11-12 12:19:49,7.7295,388.9955,0.9988
2025-11-12 12:19:49,7.7294,388.4421,0.9988
2025-11-12 12:19:49,7.7291,387.6329,0.9988
2025-11-12 12:19:49,7.7273,403.4837,0.9987
2025-11-12 12:19:50,7.7267,420.5422,0.9987
2025-11-12 12:19:50,7.7263,408.8647,0.9987
2025-11-12 12:19:50,7.7263,408.7083,0.9987
2025-11-12 12:19:50,7.7281,394.4378,0.9988
2025-11-12 12:19:50,7.7287,376.8393,0.9988
2025-11-12 12:19:50,7.7290,385.5399,0.9988
2025-11-12 12:19:50,7.7266,385.0517,0.9988
2025-11-12 12:19:50,7.7250,396.2760,0.9988
2025-11-12 12:19:51,7.7245,407.8879,0.9987
2025-11-12 12:19:51,7.7248,418.5941,0.9987
2025-11-12 12:19:51,7.7243,419.2718,0.9987
2025-11-12 12:19:51,7.7265,406.1090,0.9987
2025-11-12 12:19:51,7.7270,393.9343,0.9988
2025-11-12 12:19:51,7.7267,383.6353,0.9988
2025-11-12 12:19:51,7.7243,397.0007,0.9988
2025-11-12 12:19:51,7.7207,418.1117,0.9987
2025-11-12 12:19:52,7.7207,418.1117,0.9987
2025-11-12 12:19:52,7.7207,416.3327,0.9987
2025-11-12 12:19:52,7.7206,416.7975,0.9987
2025-11-12 12:19:52,7.7216,408.6234,0.9987
2025-11-12 12:19:52,7.7216,408.6234,0.9987
2025-11-12 12:19:52,7.7214,401.3876,0.9987
2025-11-12 12:19:52,7.7266,394.8217,0.9988
2025-11-12 12:19:52,7.7266,394.7585,0.9988
2025-11-12 12:19:53,7.7266,394.7585,0.9988
2025-11-12 12:19:53,7.7266,393.8910,0.9988
2025-11-12 12:19:53,7.7265,393.6750,0.9988
2025-11-12 12:19:53,7.7283,378.4323,0.9988
2025-11-12 12:19:53,7.7283,378.4323,0.9988
2025-11-12 12:19:53,7.7287,391.7285,0.9988
2025-11-12 12:19:53,7.7287,391.7285,0.9988
2025-11-12 12:19:53,7.7279,398.2078,0.9988
2025-11-12 12:19:53,7.7279,398.2078,0.9988
2025-11-12 12:19:54,7.7273,379.0882,0.9988
2025-11-12 12:19:54,7.7259,376.5636,0.9988
2025-11-12 12:19:54,7.7244,390.1521,0.9988
2025-11-12 12:19:54,7.7244,390.1521,0.9988
2025-11-12 12:19:54,7.7247,402.5863,0.9987
2025-11-12 12:19:54,7.7265,407.5555,0.9987
2025-11-12 12:19:54,7.7283,389.3334,0.9988
2025-11-12 12:19:55,7.7283,389.3334,0.9988
2025-11-12 12:19:55,7.7285,395.6652,0.9988
2025-11-12 12:19:55,7.7242,399.2055,0.9988
2025-11-12 12:19:55,7.7250,395.3410,0.9988
2025-11-12 12:19:55,7.7250,395.3410,0.9988
2025-11-12 12:19:55,7.7252,402.9572,0.9987
2025-11-12 12:19:55,7.7285,395.1729,0.9988
2025-11-12 12:19:55,7.7284,395.9222,0.9988
2025-11-12 12:19:55,7.7284,395.9222,0.9988
2025-11-12 12:19:55,7.7284,394.3579,0.9988
2025-11-12 12:19:56,7.7194,460.7928,0.9985
2025-11-12 12:19:56,7.7177,465.6608,0.9985
2025-11-12 12:19:56,7.7177,465.6608,0.9985
2025-11-12 12:19:56,7.7173,449.4763,0.9986
2025-11-12 12:19:56,7.7250,393.5609,0.9988
2025-11-12 12:19:56,7.7266,381.6277,0.9988
2025-11-12 12:19:56,7.7247,433.9033,0.9986
2025-11-12 12:19:56,7.7251,448.5793,0.9986
2025-11-12 12:19:56,7.7244,449.1848,0.9986
2025-11-12 12:19:57,7.7247,447.8912,0.9986
2025-11-12 12:19:57,7.7256,422.4578,0.9987
2025-11-12 12:19:57,7.7251,405.5404,0.9987
2025-11-12 12:19:57,7.7248,406.3523,0.9987
2025-11-12 12:19:57,7.7245,407.3587,0.9987
2025-11-12 12:19:57,7.7255,381.1860,0.9988
2025-11-12 12:19:57,7.7258,391.7529,0.9988
2025-11-12 12:19:57,7.7279,389.0266,0.9988
2025-11-12 12:19:58,7.7283,386.5389,0.9988
2025-11-12 12:19:58,7.7283,386.5389,0.9988
2025-11-12 12:29:55,7.7030,107.2147,0.9997
2025-11-12 12:29:55,7.7123,190.5044,0.9994
2025-11-12 12:29:55,7.7164,171.7905,0.9995
2025-11-12 12:29:55,7.7157,189.2812,0.9994
2025-11-12 12:29:56,7.7166,198.9474,0.9994
2025-11-12 12:29:56,7.7193,247.6138,0.9992
2025-11-12 12:29:56,7.7069,415.3327,0.9987
2025-11-12 12:29:56,7.7176,313.4081,0.9990
2025-11-12 12:29:56,7.7193,334.7003,0.9989
2025-11-12 12:29:56,7.7188,325.1864,0.9990
2025-11-12 12:29:56,7.7238,191.0486,0.9994
2025-11-12 12:29:56,7.7198,220.0323,0.9993
2025-11-12 12:29:57,7.7216,248.6182,0.9992
2025-11-12 12:29:57,7.7179,195.2803,0.9994
2025-11-12 12:29:57,7.7251,101.1109,0.9997
2025-11-12 12:29:57,7.7263,85.2982,0.9997
2025-11-12 12:29:57,7.7226,44.8164,0.9999
2025-11-12 12:29:57,7.7160,37.1394,0.9999
2025-11-12 12:29:57,7.6947,449.0477,0.9985
2025-11-12 12:29:57,7.6934,441.3489,0.9985
2025-11-12 12:29:57,7.6890,348.5249,0.9988
2025-11-12 12:29:58,7.6835,314.8238,0.9989
2025-11-12 12:29:58,7.6986,43.8743,0.9999
2025-11-12 12:29:58,7.7024,66.7658,0.9998
2025-11-12 12:29:58,7.7022,65.1769,0.9998
2025-11-12 12:29:58,7.7135,70.3296,0.9998
2025-11-12 12:29:58,7.7186,18.9652,0.9999
2025-11-12 12:29:58,7.7150,33.1525,0.9999
2025-11-12 12:29:58,7.7152,33.3641,0.9999
2025-11-12 12:29:58,7.7122,11.6691,1.0000
2025-11-12 12:29:58,7.7112,14.1524,1.0000
2025-11-12 12:29:58,7.7144,8.1040,1.0000
2025-11-12 12:29:58,7.7169,17.4454,0.9999
2025-11-12 12:29:58,7.7241,77.3595,0.9998
2025-11-12 12:29:59,7.7224,99.2724,0.9997
2025-11-12 12:29:59,7.7214,104.0821,0.9997
2025-11-12 12:29:59,7.7215,104.3091,0.9997
2025-11-12 12:29:59,7.7199,78.5559,0.9998
2025-11-12 12:29:59,7.7194,84.9435,0.9997
2025-11-12 12:29:59,7.7191,86.1960,0.9997
2025-11-12 12:29:59,7.7170,80.2333,0.9997
2025-11-12 12:29:59,7.7203,142.1988,0.9996
2025-11-12 12:29:59,7.7242,99.7351,0.9997
2025-11-12 12:30:00,7.7259,88.5639,0.9997
2025-11-12 12:30:00,7.7303,86.2018,0.9997
2025-11-12 12:30:00,7.7283,59.0177,0.9998
2025-11-12 12:30:00,7.7283,59.2460,0.9998
2025-11-12 12:30:00,7.7283,59.0689,0.9998
2025-11-12 12:30:00,7.7328,102.1544,0.9997
2025-11-12 12:30:00,7.7351,127.9093,0.9996
2025-11-12 12:30:00,7.7383,91.5194,0.9997
2025-11-12 12:30:00,7.7378,98.4827,0.9997
2025-11-12 12:30:01,7.7378,98.2162,0.9997
2025-11-12 12:30:01,7.7366,86.1520,0.9997
2025-11-12 12:30:01,7.7336,117.6394,0.9996
2025-11-12 12:30:01,7.7340,112.9588,0.9997
2025-11-12 12:30:01,7.7327,97.0826,0.9997
2025-11-12 12:30:01,7.7326,96.6138,0.9997
2025-11-12 12:30:01,7.7371,59.4439,0.9998
2025-11-12 12:30:01,7.7370,60.3506,0.9998
2025-11-12 12:30:01,7.7347,47.9402,0.9999
2025-11-12 12:30:01,7.7342,42.2364,0.9999
2025-11-12 12:30:01,7.7328,46.8413,0.9999
2025-11-12 12:30:02,7.7326,49.5337,0.9998
2025-11-12 12:30:02,7.7349,65.7810,0.9998
2025-11-12 12:30:02,7.7346,63.4206,0.9998
2025-11-12 12:30:02,7.7301,109.1948,0.9997
2025-11-12 12:30:02,7.7278,134.6896,0.9996
2025-11-12 12:30:02,7.7250,103.8311,0.9997
2025-11-12 12:30:02,7.7288,175.5617,0.9995
2025-11-12 12:30:02,7.7327,137.1414,0.9996
2025-11-12 12:30:02,7.7351,103.0029,0.9997
2025-11-12 12:30:02,7.7336,102.7873,0.9997
2025-11-12 12:30:03,7.7355,144.5308,0.9996
2025-11-12 12:30:03,7.7154,660.3603,0.9979
2025-11-12 12:30:03,7.7119,670.3937,0.9979
2025-11-12 12:30:03,7.6943,748.3698,0.9975
2025-11-12 12:30:03,7.6938,723.8355,0.9976
2025-11-12 12:30:03,7.7022,532.1422,0.9983
2025-11-12 12:30:03,7.7042,535.7461,0.9983
2025-11-12 12:30:03,7.7169,349.1639,0.9989
2025-11-12 12:30:03,7.7168,345.6520,0.9989
2025-11-12 12:30:03,7.7286,179.0549,0.9994
2025-11-12 12:30:03,7.7312,155.8996,0.9995
2025-11-12 12:30:03,7.7276,212.9970,0.9993
2025-11-12 12:30:04,7.7271,199.9459,0.9994
2025-11-12 12:30:04,7.7247,211.5481,0.9993
2025-11-12 12:30:04,7.7222,222.5166,0.9993
2025-11-12 12:30:04,7.7297,157.1294,0.9995
2025-11-12 12:30:04,7.7299,160.6566,0.9995
2025-11-12 12:30:04,7.7325,140.0331,0.9996
2025-11-12 12:30:04,7.7300,178.4251,0.9994
2025-11-12 12:30:05,7.7305,177.7150,0.9995
2025-11-12 12:30:05,7.7284,132.1660,0.9996
2025-11-12 12:30:05,7.7299,130.0562,0.9996
2025-11-12 12:30:05,7.7335,77.7488,0.9998
2025-11-12 12:30:05,7.7377,82.9314,0.9997
2025-11-12 12:30:05,7.7395,111.9529,0.9997
2025-11-12 12:30:05,7.7305,245.7164,0.9992
2025-11-12 12:30:05,7.7268,290.8909,0.9991
2025-11-12 12:30:05,7.7253,274.6535,0.9991
2025-11-12 12:30:05,7.7239,239.1511,0.9993
2025-11-12 12:30:06,7.7324,144.5809,0.9996
2025-11-12 12:30:06,7.7344,110.4966,0.9997
2025-11-12 12:30:06,7.7368,125.3152,0.9996
2025-11-12 12:30:06,7.7388,160.3367,0.9995
2025-11-12 12:30:06,7.7328,237.4949,0.9993
2025-11-12 12:30:06,7.7340,221.7936,0.9993
2025-11-12 12:30:06,7.7319,204.7750,0.9994
2025-11-12 12:30:06,7.7296,153.3703,0.9995
2025-11-12 12:30:06,7.7337,101.4062,0.9997
2025-11-12 12:30:07,7.7329,111.9680,0.9997
2025-11-12 12:30:07,7.7339,118.4885,0.9996
2025-11-12 12:30:07,7.7341,121.7038,0.9996
2025-11-12 12:30:07,7.7275,221.5095,0.9993
2025-11-12 12:30:07,7.7254,246.6105,0.9992
2025-11-12 12:30:07,7.7241,231.1761,0.9993
2025-11-12 12:30:07,7.7226,198.2472,0.9994
2025-11-12 12:30:07,7.7255,153.6585,0.9995
2025-11-12 12:30:07,7.7288,117.0438,0.9996
2025-11-12 12:30:08,7.7308,134.8996,0.9996
2025-11-12 12:30:08,7.7333,181.2015,0.9994
2025-11-12 12:30:08,7.7108,995.6721,0.9968
2025-11-12 12:30:08,7.7081,995.7207,0.9968
2025-11-12 12:30:08,7.7088,1011.1368,0.9968
2025-11-12 12:30:08,7.7056,909.2725,0.9971
2025-11-12 12:30:08,7.7215,301.6126,0.9991
2025-11-12 12:30:08,7.7223,293.6386,0.9991
2025-11-12 12:30:08,7.7226,298.0927,0.9991
2025-11-12 12:30:08,7.7255,361.1605,0.9989
2025-11-12 12:30:08,7.7323,206.4087,0.9994
2025-11-12 12:30:08,7.7332,193.1855,0.9994
2025-11-12 12:30:09,7.7332,192.8166,0.9994
2025-11-12 12:30:09,7.7299,138.8565,0.9996
2025-11-12 12:30:09,7.7333,97.6112,0.9997
2025-11-12 12:30:09,7.7347,81.7855,0.9997
2025-11-12 12:30:09,7.7347,82.1270,0.9997
2025-11-12 12:30:09,7.7357,92.8029,0.9997
2025-11-12 12:30:09,7.7323,138.5044,0.9996
2025-11-12 12:30:09,7.7305,157.9651,0.9995
2025-11-12 12:30:09,7.7297,147.3976,0.9995
2025-11-12 12:30:09,7.7274,115.9691,0.9996
2025-11-12 12:30:09,7.7271,120.1693,0.9996
2025-11-12 12:30:09,7.7290,103.8923,0.9997
2025-11-12 12:30:09,7.7302,120.2600,0.9996
2025-11-12 12:30:10,7.7327,149.3621,0.9995
2025-11-12 12:30:10,7.7375,85.2009,0.9997
2025-11-12 12:30:10,7.7360,105.5634,0.9997
2025-11-12 12:30:10,7.7351,96.3555,0.9997
2025-11-12 12:30:10,7.7314,63.0464,0.9998
2025-11-12 12:30:10,7.7337,57.0387,0.9998
2025-11-12 12:30:10,7.7344,48.6786,0.9999
2025-11-12 12:30:10,7.7381,99.3439,0.9997
2025-11-12 12:30:10,7.7406,107.9744,0.9997
2025-11-12 12:30:10,7.7374,134.1458,0.9996
2025-11-12 12:30:10,7.7352,167.8957,0.9995
2025-11-12 12:30:11,7.7358,179.7897,0.9995
2025-11-12 12:30:11,7.7314,159.3372,0.9995
2025-11-12 12:30:11,7.7322,154.5341,0.9995
2025-11-12 12:30:11,7.7329,143.1622,0.9996
2025-11-12 12:30:11,7.7321,125.3562,0.9996
2025-11-12 12:30:11,7.7360,140.1786,0.9996
2025-11-12 12:30:11,7.7299,226.5575,0.9993
2025-11-12 12:30:11,7.7302,222.5328,0.9993
2025-11-12 12:30:11,7.7305,230.4922,0.9993
2025-11-12 12:30:11,7.7301,226.0212,0.9993
2025-11-12 12:30:12,7.7277,278.1747,0.9991
2025-11-12 12:30:12,7.7280,275.0318,0.9991
2025-11-12 12:30:12,7.7293,307.1845,0.9991
2025-11-12 12:30:12,7.7307,323.9678,0.9990
2025-11-12 12:30:12,7.7309,318.0524,0.9990
2025-11-12 12:30:12,7.7279,362.2435,0.9989
2025-11-12 12:30:12,7.7268,333.9470,0.9990
2025-11-12 12:30:13,7.7234,290.6907,0.9991
2025-11-12 12:30:13,7.7234,291.0970,0.9991
2025-11-12 12:30:13,7.7283,242.0646,0.9993
2025-11-12 12:30:13,7.7287,253.0945,0.9992
2025-11-12 12:30:13,7.7329,294.6181,0.9991
2025-11-12 12:30:13,7.7384,174.9961,0.9995
2025-11-12 12:30:13,7.7357,212.9349,0.9994
2025-11-12 12:30:13,7.7339,177.6305,0.9995
2025-11-12 12:30:13,7.7232,145.1415,0.9995
2025-11-12 12:30:14,7.7210,165.3800,0.9995
2025-11-12 12:30:14,7.7232,153.8567,0.9995
2025-11-12 12:30:14,7.7243,183.6269,0.9994
2025-11-12 12:30:14,7.7267,169.9400,0.9995
2025-11-12 12:30:14,7.7275,158.6044,0.9995
2025-11-12 12:30:14,7.7235,197.8603,0.9994
2025-11-12 12:30:14,7.7218,153.8786,0.9995
2025-11-12 12:30:14,7.7135,220.7069,0.9993
2025-11-12 12:30:14,7.7164,214.8856,0.9993
2025-11-12 12:30:14,7.7176,205.0905,0.9994
2025-11-12 12:30:15,7.7174,198.1468,0.9994
2025-11-12 12:30:15,7.7219,135.8006,0.9996
2025-11-12 12:30:15,7.7222,135.0740,0.9996
2025-11-12 12:30:15,7.7233,125.7137,0.9996
2025-11-12 12:30:15,7.7227,113.4300,0.9996
2025-11-12 12:30:15,7.7246,97.2146,0.9997
2025-11-12 12:30:15,7.7250,95.6939,0.9997
2025-11-12 12:30:15,7.7268,83.2134,0.9997
2025-11-12 12:30:15,7.7228,27.0664,0.9999
2025-11-12 12:30:15,7.7267,18.7725,0.9999
2025-11-12 12:30:15,7.7235,40.2466,0.9999
2025-11-12 12:30:16,7.7218,47.6851,0.9999
2025-11-12 12:30:16,7.7237,70.0961,0.9998
2025-11-12 12:30:16,7.7166,93.4423,0.9997
2025-11-12 12:30:16,7.7205,86.7861,0.9997
2025-11-12 12:30:16,7.7218,81.3825,0.9997
2025-11-12 12:30:16,7.7235,110.7915,0.9997
2025-11-12 12:30:16,7.7234,112.7816,0.9996
2025-11-12 12:30:16,7.7242,113.5398,0.9996
2025-11-12 12:30:16,7.7205,142.8981,0.9996
2025-11-12 12:30:16,7.7147,56.2457,0.9998
2025-11-12 12:30:16,7.7158,47.5127,0.9998
2025-11-12 12:30:17,7.7156,46.2362,0.9999
2025-11-12 12:30:17,7.7183,30.9325,0.9999
2025-11-12 12:30:17,7.7220,70.7751,0.9998
2025-11-12 12:30:17,7.7204,91.6416,0.9997
2025-11-12 12:30:17,7.7224,103.1466,0.9997
2025-11-12 12:30:17,7.7233,98.7206,0.9997
2025-11-12 12:30:17,7.7216,78.3411,0.9998
2025-11-12 12:30:17,7.7267,26.9744,0.9999
2025-11-12 12:30:17,7.7261,24.3667,0.9999
2025-11-12 12:30:17,7.7250,31.7295,0.9999
2025-11-12 12:30:17,7.7256,36.5904,0.9999
2025-11-12 12:30:17,7.7285,31.1424,0.9999
2025-11-12 12:30:17,7.7221,55.7913,0.9998
2025-11-12 12:30:17,7.7239,48.0606,0.9998
2025-11-12 12:30:18,7.7222,33.7903,0.9999
2025-11-12 12:30:18,7.7185,28.2514,0.9999
2025-11-12 12:30:18,7.7165,46.3488,0.9999
2025-11-12 12:30:18,7.7158,45.5327,0.9999
2025-11-12 12:30:18,7.7153,39.8688,0.9999
2025-11-12 12:30:18,7.7197,59.1119,0.9998
2025-11-12 12:30:18,7.7212,42.3677,0.9999
2025-11-12 12:30:18,7.7197,48.5172,0.9998
2025-11-12 12:30:18,7.7049,150.8787,0.9995
2025-11-12 12:30:18,7.7053,158.3900,0.9995
2025-11-12 12:30:19,7.7098,173.6890,0.9994
2025-11-12 12:30:19,7.7110,175.8302,0.9994
2025-11-12 12:30:19,7.7244,14.9468,1.0000
2025-11-12 12:30:19,7.7274,43.7630,0.9999
2025-11-12 12:30:19,7.7220,88.1793,0.9997
2025-11-12 12:30:19,7.7176,123.3613,0.9996
2025-11-12 12:30:19,7.7166,120.0734,0.9996
2025-11-12 12:30:19,7.7151,91.8396,0.9997
2025-11-12 12:30:19,7.7194,70.6266,0.9998
2025-11-12 12:30:19,7.7224,39.3824,0.9999
2025-11-12 12:30:20,7.7234,39.2810,0.9999
2025-11-12 12:30:20,7.7226,30.7622,0.9999
2025-11-12 12:30:20,7.7167,80.4084,0.9997
2025-11-12 12:30:20,7.7143,94.8270,0.9997
2025-11-12 12:30:20,7.7120,84.5769,0.9997
2025-11-12 12:30:20,7.7074,31.3009,0.9999
2025-11-12 12:30:20,7.7136,16.8753,0.9999
2025-11-12 12:30:20,7.7160,3.4939,1.0000
2025-11-12 12:30:21,7.7172,4.4372,1.0000
2025-11-12 12:30:21,7.7254,78.2326,0.9998
2025-11-12 12:30:21,7.7247,81.2595,0.9997
2025-11-12 12:30:21,7.7246,82.4429,0.9997
2025-11-12 12:30:21,7.7212,103.1237,0.9997
2025-11-12 12:30:21,7.7208,95.7886,0.9997
2025-11-12 12:30:21,7.7214,94.4685,0.9997
2025-11-12 12:30:21,7.7221,90.1198,0.9997
2025-11-12 12:30:21,7.7308,77.0945,0.9998
2025-11-12 12:30:21,7.7318,89.9811,0.9997
2025-11-12 12:30:21,7.7240,210.5529,0.9993
2025-11-12 12:30:21,7.7208,242.4845,0.9992
2025-11-12 12:30:22,7.7237,290.6859,0.9991
2025-11-12 12:30:22,7.7217,255.9057,0.9992
2025-11-12 12:30:22,7.7279,159.4481,0.9995
2025-11-12 12:30:22,7.7323,100.8634,0.9997
2025-11-12 12:30:22,7.7349,143.8925,0.9996
2025-11-12 12:30:22,7.7327,133.0294,0.9996
2025-11-12 12:30:22,7.7345,113.0369,0.9997
2025-11-12 12:30:22,7.7328,133.6097,0.9996
2025-11-12 12:30:22,7.7325,127.7050,0.9996
2025-11-12 12:30:22,7.7345,137.3419,0.9996
2025-11-12 12:30:22,7.7329,154.9568,0.9995
2025-11-12 12:30:22,7.7331,152.4400,0.9995
2025-11-12 12:30:23,7.7346,185.2904,0.9994
2025-11-12 12:30:23,7.7312,173.9935,0.9995
2025-11-12 12:30:23,7.7302,185.8967,0.9994
2025-11-12 12:30:23,7.7301,187.0614,0.9994
2025-11-12 12:30:23,7.7289,157.2604,0.9995
2025-11-12 12:30:23,7.7259,162.1252,0.9995
2025-11-12 12:30:23,7.7283,142.0136,0.9996
2025-11-12 12:30:23,7.7283,142.2287,0.9996
2025-11-12 12:30:23,7.7278,130.3122,0.9996
2025-11-12 12:30:23,7.7288,125.3014,0.9996
2025-11-12 12:30:24,7.7237,182.7854,0.9994
2025-11-12 12:30:24,7.7226,192.6677,0.9994
2025-11-12 12:30:24,7.7209,152.1170,0.9995
2025-11-12 12:30:24,7.7098,250.0672,0.9992
2025-11-12 12:30:24,7.7149,236.6528,0.9992
2025-11-12 12:30:24,7.7185,230.0438,0.9993
2025-11-12 12:30:24,7.7217,316.5831,0.9990
2025-11-12 12:30:24,7.7396,139.4508,0.9996
2025-11-12 12:30:24,7.7358,202.5920,0.9994
2025-11-12 12:30:24,7.7328,240.1403,0.9993
2025-11-12 12:30:24,7.7317,216.3510,0.9993
2025-11-12 12:30:24,7.7288,188.8493,0.9994
2025-11-12 12:30:25,7.7303,166.8307,0.9995
2025-11-12 12:30:25,7.7310,158.2207,0.9995
2025-11-12 12:30:25,7.7331,210.3599,0.9994
2025-11-12 12:30:25,7.7342,215.0642,0.9993
2025-11-12 12:30:25,7.7335,224.9086,0.9993
2025-11-12 12:30:25,7.7292,301.0718,0.9991
2025-11-12 12:30:25,7.7278,262.4503,0.9992
2025-11-12 12:30:25,7.7229,238.9771,0.9993
2025-11-12 12:30:25,7.7256,218.9093,0.9993
2025-11-12 12:30:26,7.7294,158.7020,0.9995
2025-11-12 12:30:26,7.7302,179.4954,0.9994
2025-11-12 12:30:26,7.7336,174.8997,0.9995
2025-11-12 12:30:26,7.7301,222.5872,0.9993
2025-11-12 12:30:26,7.7273,265.2829,0.9992
2025-11-12 12:30:26,7.7259,226.6649,0.9993
2025-11-12 12:30:26,7.7281,246.9847,0.9992
2025-11-12 12:30:26,7.7279,249.9171,0.9992
2025-11-12 12:30:26,7.7302,212.8433,0.9993
2025-11-12 12:30:26,7.7294,195.7084,0.9994
2025-11-12 12:30:27,7.7286,188.0257,0.9994
2025-11-12 12:30:27,7.7158,533.5817,0.9983
2025-11-12 12:30:27,7.7165,530.4052,0.9983
2025-11-12 12:30:27,7.7098,382.3372,0.9988
2025-11-12 12:30:27,7.7049,303.3255,0.9990
2025-11-12 12:30:27,7.7042,322.5447,0.9990
2025-11-12 12:30:27,7.7052,326.9156,0.9989
2025-11-12 12:30:27,7.7077,378.4529,0.9988
2025-11-12 12:30:27,7.7064,367.9977,0.9988
2025-11-12 12:30:27,7.7176,100.4880,0.9997
2025-11-12 12:30:28,7.7184,99.4236,0.9997
2025-11-12 12:30:28,7.7183,96.4065,0.9997
2025-11-12 12:30:28,7.7164,100.8096,0.9997
2025-11-12 12:30:28,7.7117,184.1973,0.9994
2025-11-12 12:30:28,7.7126,188.5717,0.9994
2025-11-12 12:30:28,7.7086,124.8174,0.9996
2025-11-12 12:30:28,7.7056,131.0040,0.9996
2025-11-12 12:30:28,7.7012,225.2767,0.9993
2025-11-12 12:30:28,7.6961,185.6315,0.9994
2025-11-12 12:30:28,7.7059,478.8413,0.9985
2025-11-12 12:30:28,7.7174,541.3842,0.9983
2025-11-12 12:30:29,7.7217,404.0212,0.9987
2025-11-12 12:30:29,7.7241,378.4877,0.9988
2025-11-12 12:30:29,7.7247,396.6288,0.9988
2025-11-12 12:30:29,7.7259,412.1872,0.9987
2025-11-12 12:30:29,7.7303,292.4047,0.9991
2025-11-12 12:30:29,7.7308,287.0216,0.9991
2025-11-12 12:30:29,7.7288,240.6572,0.9993
2025-11-12 12:30:29,7.7283,234.2058,0.9993
2025-11-12 12:30:29,7.7231,368.7837,0.9988
2025-11-12 12:30:29,7.7244,361.1332,0.9989
2025-11-12 12:30:30,7.7255,387.8628,0.9988
2025-11-12 12:30:30,7.7246,376.7918,0.9988
2025-11-12 12:30:30,7.7390,104.2145,0.9997
2025-11-12 12:30:30,7.7375,125.9931,0.9996
2025-11-12 12:30:30,7.7360,99.4947,0.9997
2025-11-12 12:30:30,7.7319,97.9943,0.9997
2025-11-12 12:30:30,7.7278,119.9682,0.9996
2025-11-12 12:30:30,7.7295,105.4611,0.9997
2025-11-12 12:30:30,7.7320,162.5966,0.9995
2025-11-12 12:30:31,7.7339,159.1060,0.9995
2025-11-12 12:30:31,7.7180,583.9701,0.9982
2025-11-12 12:30:31,7.7137,601.5139,0.9981
2025-11-12 12:30:31,7.7127,563.6297,0.9982
2025-11-12 12:30:31,7.7050,519.6977,0.9983
2025-11-12 12:30:31,7.7174,249.4596,0.9992
2025-11-12 12:30:31,7.7213,224.4063,0.9993
2025-11-12 12:30:31,7.7224,258.0232,0.9992
2025-11-12 12:30:31,7.7227,254.7040,0.9992
2025-11-12 12:30:31,7.7070,690.1891,0.9978
2025-11-12 12:30:31,7.7038,681.0217,0.9978
2025-11-12 12:30:31,7.7010,569.0374,0.9981
2025-11-12 12:30:32,7.7060,599.6188,0.9981
2025-11-12 12:30:32,7.7151,303.7659,0.9990
2025-11-12 12:30:32,7.7165,295.9691,0.9991
2025-11-12 12:30:32,7.7176,327.7665,0.9990
2025-11-12 12:30:32,7.7173,326.5073,0.9990
2025-11-12 12:30:32,7.7270,149.7306,0.9995
2025-11-12 12:30:32,7.7274,145.3004,0.9995
2025-11-12 12:30:32,7.7282,165.5672,0.9995
2025-11-12 12:30:32,7.7253,184.5024,0.9994
2025-11-12 12:30:32,7.7251,186.2560,0.9994
2025-11-12 12:30:32,7.7248,188.9950,0.9994
2025-11-12 12:30:33,7.7248,188.9950,0.9994
2025-11-12 12:30:33,7.7204,244.6111,0.9992
2025-11-12 12:30:33,7.7233,234.8670,0.9993
2025-11-12 12:30:33,7.7255,221.6674,0.9993
2025-11-12 12:30:33,7.7253,215.4565,0.9993
2025-11-12 12:30:33,7.7404,129.2636,0.9996
2025-11-12 12:30:33,7.7400,133.5235,0.9996
2025-11-12 12:30:33,7.7395,140.1744,0.9996
2025-11-12 12:30:33,7.7395,139.3644,0.9996
2025-11-12 12:30:33,7.7394,138.6936,0.9996
2025-11-12 12:30:33,7.7421,114.0381,0.9997
2025-11-12 12:30:33,7.7404,143.9863,0.9996
2025-11-12 12:30:34,7.7397,133.4837,0.9996
2025-11-12 12:30:34,7.7391,127.9997,0.9996
2025-11-12 12:30:34,7.7396,125.7604,0.9996
2025-11-12 12:30:34,7.7403,113.6691,0.9997
2025-11-12 12:30:34,7.7404,114.9607,0.9997
2025-11-12 12:30:34,7.7393,108.2476,0.9997
2025-11-12 12:30:34,7.7390,109.2599,0.9997
2025-11-12 12:30:34,7.7403,89.7283,0.9997
2025-11-12 12:30:34,7.7407,96.2239,0.9997
2025-11-12 12:30:34,7.7390,92.5257,0.9997
2025-11-12 12:30:35,7.7383,95.8177,0.9997
2025-11-12 12:30:35,7.7381,98.9951,0.9997
2025-11-12 12:30:35,7.7383,103.0972,0.9997
2025-11-12 12:30:35,7.7418,119.1644,0.9996
2025-11-12 12:30:35,7.7393,143.8949,0.9996
2025-11-12 12:30:35,7.7341,242.9471,0.9993
2025-11-12 12:30:35,7.7297,170.2426,0.9995
2025-11-12 12:30:35,7.7293,165.0007,0.9995
2025-11-12 12:30:35,7.7323,155.9274,0.9995
2025-11-12 12:30:35,7.7354,95.2448,0.9997
2025-11-12 12:30:36,7.7386,131.4980,0.9996
2025-11-12 12:30:36,7.7383,129.4839,0.9996
2025-11-12 12:30:36,7.7359,144.9835,0.9996
2025-11-12 12:30:36,7.7364,136.7046,0.9996
2025-11-12 12:30:36,7.7360,130.4657,0.9996
2025-11-12 12:30:36,7.7366,136.9746,0.9996
2025-11-12 12:30:36,7.7383,124.2605,0.9996
2025-11-12 12:30:36,7.7405,90.3729,0.9997
2025-11-12 12:30:36,7.7415,104.7087,0.9997
2025-11-12 12:30:36,7.7417,106.2783,0.9997
2025-11-12 12:30:36,7.7388,137.7747,0.9996
2025-11-12 12:30:37,7.7367,168.1844,0.9995
2025-11-12 12:30:37,7.7367,168.5660,0.9995
2025-11-12 12:30:37,7.7356,156.4152,0.9995
2025-11-12 12:30:37,7.7312,225.6568,0.9993
2025-11-12 12:30:37,7.7311,227.1814,0.9993
2025-11-12 12:30:37,7.7304,212.2353,0.9993
2025-11-12 12:30:37,7.7350,297.1909,0.9991
2025-11-12 12:30:37,7.7412,194.9166,0.9994
2025-11-12 12:30:37,7.7414,192.2530,0.9994
2025-11-12 12:30:38,7.7409,186.3084,0.9994
2025-11-12 12:30:38,7.7406,180.5700,0.9995
2025-11-12 12:30:38,7.7396,192.0126,0.9994
2025-11-12 12:30:38,7.7394,194.5183,0.9994
2025-11-12 12:30:38,7.7389,188.2728,0.9994
2025-11-12 12:30:38,7.7389,188.8125,0.9994
2025-11-12 12:30:38,7.7368,218.4114,0.9993
2025-11-12 12:30:38,7.7386,191.6356,0.9994
2025-11-12 12:30:39,7.7391,197.7030,0.9994
2025-11-12 12:30:39,7.7389,194.1676,0.9994
2025-11-12 12:30:39,7.7263,546.1696,0.9983
2025-11-12 12:30:39,7.7260,547.8964,0.9983
2025-11-12 12:30:39,7.7269,567.4883,0.9982
2025-11-12 12:30:39,7.7275,583.6844,0.9982
2025-11-12 12:30:39,7.7401,221.6373,0.9993
2025-11-12 12:30:39,7.7394,232.8472,0.9993
2025-11-12 12:30:39,7.7393,231.3191,0.9993
2025-11-12 12:30:39,7.7390,226.1139,0.9993
2025-11-12 12:30:39,7.7421,182.3803,0.9995
2025-11-12 12:30:39,7.7415,193.1302,0.9994
2025-11-12 12:30:39,7.7410,187.4759,0.9994
2025-11-12 12:30:40,7.7402,172.4398,0.9995
2025-11-12 12:30:40,7.7379,201.5566,0.9994
2025-11-12 12:30:40,7.7398,173.1119,0.9995
2025-11-12 12:30:40,7.7375,147.9200,0.9996
2025-11-12 12:30:40,7.7367,134.5505,0.9996
2025-11-12 12:30:40,7.7377,122.0706,0.9996
2025-11-12 12:30:40,7.7357,149.8413,0.9995
2025-11-12 12:30:40,7.7387,188.0777,0.9994
2025-11-12 12:30:40,7.7398,206.8038,0.9994
2025-11-12 12:30:40,7.7410,191.5909,0.9994
2025-11-12 12:30:40,7.7430,155.9810,0.9995
2025-11-12 12:30:41,7.7406,129.9739,0.9996
2025-11-12 12:30:41,7.7379,89.5189,0.9997
2025-11-12 12:30:41,7.7296,225.9489,0.9993
2025-11-12 12:30:41,7.7279,240.4346,0.9993
2025-11-12 12:30:41,7.7260,212.8894,0.9993
2025-11-12 12:30:41,7.7264,220.7680,0.9993
2025-11-12 12:30:41,7.7326,119.1409,0.9996
2025-11-12 12:30:41,7.7318,129.8576,0.9996
2025-11-12 12:30:41,7.7335,146.8161,0.9995
2025-11-12 12:30:41,7.7306,109.5424,0.9997
2025-11-12 12:30:41,7.7276,146.6938,0.9995
2025-11-12 12:30:41,7.7295,128.2811,0.9996
2025-11-12 12:30:41,7.7283,112.3560,0.9997
2025-11-12 12:30:42,7.7300,136.7208,0.9996
2025-11-12 12:30:42,7.7334,91.2957,0.9997
2025-11-12 12:30:42,7.7322,105.2492,0.9997
2025-11-12 12:30:42,7.7335,118.7229,0.9996
2025-11-12 12:30:42,7.7328,109.5224,0.9997
2025-11-12 12:30:42,7.7297,149.2915,0.9995
2025-11-12 12:30:42,7.7294,152.8425,0.9995
2025-11-12 12:30:42,7.7314,187.4741,0.9994
2025-11-12 12:30:42,7.7313,186.0355,0.9994
2025-11-12 12:30:43,7.7279,252.2497,0.9992
2025-11-12 12:30:43,7.7255,284.4951,0.9991
2025-11-12 12:30:43,7.7241,254.8057,0.9992
2025-11-12 12:30:43,7.7254,278.7480,0.9991
2025-11-12 12:30:43,7.7257,273.4390,0.9991
2025-11-12 12:30:43,7.7292,229.9460,0.9993
2025-11-12 12:30:43,7.7297,239.1913,0.9993
2025-11-12 12:30:43,7.7287,222.9971,0.9993
2025-11-12 12:30:43,7.7286,224.5278,0.9993
2025-11-12 12:30:44,7.7274,236.7387,0.9993
2025-11-12 12:30:44,7.7256,205.5298,0.9994
2025-11-12 12:30:44,7.7253,200.0826,0.9994
2025-11-12 12:30:44,7.7325,98.5308,0.9997
2025-11-12 12:30:44,7.7346,72.7926,0.9998
2025-11-12 12:30:44,7.7330,59.6601,0.9998
2025-11-12 12:30:44,7.7250,34.3648,0.9999
2025-11-12 12:30:44,7.7257,33.0597,0.9999
2025-11-12 12:30:44,7.7227,54.8818,0.9998
2025-11-12 12:30:44,7.7144,14.5534,1.0000
2025-11-12 12:30:45,7.7083,34.9704,0.9999
2025-11-12 12:30:45,7.7022,11.3822,1.0000
2025-11-12 12:30:45,7.7031,14.2934,1.0000
2025-11-12 12:30:45,7.7072,46.5634,0.9998
2025-11-12 12:30:45,7.7116,27.9923,0.9999
2025-11-12 12:30:45,7.7118,26.2651,0.9999
2025-11-12 12:30:45,7.7115,26.6825,0.9999
2025-11-12 12:30:45,7.7106,19.2929,0.9999
2025-11-12 12:30:46,7.7133,26.7703,0.9999
2025-11-12 12:30:46,7.7104,56.4191,0.9998
2025-11-12 12:30:46,7.7112,56.1380,0.9998
2025-11-12 12:30:46,7.7116,58.6905,0.9998
2025-11-12 12:30:46,7.7127,67.1081,0.9998
2025-11-12 12:30:46,7.7180,15.8573,0.9999
2025-11-12 12:30:46,7.7190,12.8091,1.0000
2025-11-12 12:30:46,7.7201,17.2476,0.9999
2025-11-12 12:30:46,7.7207,19.6753,0.9999
2025-11-12 12:30:46,7.7232,8.7280,1.0000
2025-11-12 12:30:46,7.7220,15.4641,1.0000
2025-11-12 12:30:47,7.7201,11.5978,1.0000
2025-11-12 12:30:47,7.7180,4.6629,1.0000
2025-11-12 12:30:47,7.7216,22.1075,0.9999
2025-11-12 12:30:47,7.7214,22.9272,0.9999
2025-11-12 12:30:47,7.7201,25.4842,0.9999
2025-11-12 12:30:47,7.7205,25.5997,0.9999
2025-11-12 12:30:47,7.7202,22.5365,0.9999
2025-11-12 12:30:47,7.7203,21.8997,0.9999
2025-11-12 12:30:47,7.7079,198.2008,0.9994
2025-11-12 12:30:47,7.7100,219.9083,0.9993
2025-11-12 12:30:48,7.7105,226.7344,0.9993
2025-11-12 12:30:48,7.7109,227.0381,0.9993
2025-11-12 12:30:48,7.7294,32.5439,0.9999
2025-11-12 12:30:48,7.7268,38.4715,0.9999
2025-11-12 12:30:48,7.7249,32.1006,0.9999
2025-11-12 12:30:48,7.7259,25.9145,0.9999
2025-11-12 12:30:48,7.7263,29.9000,0.9999
2025-11-12 12:30:48,7.7339,52.8849,0.9998
2025-11-12 12:30:48,7.7357,48.5604,0.9999
2025-11-12 12:30:48,7.7344,66.5653,0.9998
2025-11-12 12:30:49,7.7354,72.3528,0.9998
2025-11-12 12:30:49,7.7344,63.9269,0.9998
2025-11-12 12:30:49,7.7345,63.9387,0.9998
2025-11-12 12:30:49,7.7346,61.8823,0.9998
2025-11-12 12:30:49,7.7358,71.1193,0.9998
2025-11-12 12:30:49,7.7315,60.1937,0.9998
2025-11-12 12:30:49,7.7306,58.9794,0.9998
2025-11-12 12:30:49,7.7304,60.6239,0.9998
2025-11-12 12:30:50,7.7309,66.6253,0.9998
2025-11-12 12:30:50,7.7357,84.1482,0.9997
2025-11-12 12:30:50,7.7343,90.2848,0.9997
2025-11-12 12:30:50,7.7355,74.0675,0.9998
2025-11-12 12:30:50,7.7379,105.1439,0.9997
2025-11-12 12:30:50,7.7376,103.0239,0.9997
2025-11-12 12:30:50,7.7394,91.8117,0.9997
2025-11-12 12:30:50,7.7391,96.2564,0.9997
2025-11-12 12:30:50,7.7388,92.0420,0.9997
2025-11-12 12:30:51,7.7407,105.7927,0.9997
2025-11-12 12:30:51,7.7398,110.7548,0.9997
2025-11-12 12:30:51,7.7405,101.0996,0.9997
2025-11-12 12:30:51,7.7407,104.8914,0.9997
2025-11-12 12:30:51,7.7392,93.2702,0.9997
2025-11-12 12:30:51,7.7342,148.8567,0.9995
2025-11-12 12:30:51,7.7343,148.3224,0.9995
2025-11-12 12:30:51,7.7359,180.0156,0.9995
2025-11-12 12:30:51,7.7375,196.4588,0.9994
2025-11-12 12:30:51,7.7395,164.2998,0.9995
2025-11-12 12:30:52,7.7379,188.5789,0.9994
2025-11-12 12:30:52,7.7387,203.9196,0.9994
2025-11-12 12:30:52,7.7384,200.7915,0.9994
2025-11-12 12:30:52,7.7402,179.5641,0.9995
2025-11-12 12:30:52,7.7402,179.4171,0.9995
2025-11-12 12:30:52,7.7395,165.5438,0.9995
2025-11-12 12:30:52,7.7396,166.5900,0.9995
2025-11-12 12:30:52,7.7418,149.6845,0.9995
2025-11-12 12:30:52,7.7413,159.3456,0.9995
2025-11-12 12:30:53,7.7423,177.4832,0.9995
2025-11-12 12:30:53,7.7425,179.7609,0.9995
2025-11-12 12:30:53,7.7382,224.0393,0.9993
2025-11-12 12:30:53,7.7359,270.0589,0.9992
2025-11-12 12:30:53,7.7353,254.2993,0.9992
2025-11-12 12:30:53,7.7331,230.4222,0.9993
2025-11-12 12:30:53,7.7331,230.4151,0.9993
2025-11-12 12:30:53,7.7376,156.8037,0.9995
2025-11-12 12:30:53,7.7373,150.4120,0.9995
2025-11-12 12:30:53,7.7391,165.3754,0.9995
2025-11-12 12:30:53,7.7411,139.4737,0.9996
2025-11-12 12:30:53,7.7385,184.6653,0.9994
2025-11-12 12:30:54,7.7386,187.7604,0.9994
2025-11-12 12:30:54,7.7370,173.5351,0.9995
2025-11-12 12:30:54,7.7375,169.3725,0.9995
2025-11-12 12:30:54,7.7399,128.8149,0.9996
2025-11-12 12:30:54,7.7390,111.2451,0.9997
2025-11-12 12:30:54,7.7401,119.2820,0.9996
2025-11-12 12:30:54,7.7380,142.7188,0.9996
2025-11-12 12:30:54,7.7360,172.8434,0.9995
2025-11-12 12:30:54,7.7368,188.5252,0.9994
2025-11-12 12:30:54,7.7344,169.8262,0.9995
2025-11-12 12:30:55,7.7367,150.5641,0.9995
2025-11-12 12:30:55,7.7372,140.9655,0.9996
2025-11-12 12:30:55,7.7357,111.9988,0.9997
2025-11-12 12:30:55,7.7420,181.7119,0.9995
2025-11-12 12:30:55,7.7390,220.2863,0.9993
2025-11-12 12:30:55,7.7409,190.6932,0.9994
2025-11-12 12:30:55,7.7375,156.4287,0.9995
2025-11-12 12:30:55,7.7358,123.8391,0.9996
2025-11-12 12:30:55,7.7319,189.9483,0.9994
2025-11-12 12:30:55,7.7319,189.9667,0.9994
2025-11-12 12:30:55,7.7313,183.7851,0.9994
2025-11-12 12:30:55,7.7303,164.2720,0.9995
2025-11-12 12:30:55,7.7380,68.2540,0.9998
2025-11-12 12:30:55,7.7376,72.9249,0.9998
2025-11-12 12:30:56,7.7355,66.2039,0.9998
2025-11-12 12:30:56,7.7310,22.4754,0.9999
2025-11-12 12:30:56,7.7302,23.6053,0.9999
2025-11-12 12:30:56,7.7288,36.3099,0.9999
2025-11-12 12:30:56,7.7333,79.7890,0.9998
2025-11-12 12:30:56,7.7349,88.8322,0.9997
2025-11-12 12:30:56,7.7329,103.5024,0.9997
2025-11-12 12:30:56,7.7326,107.1604,0.9997
2025-11-12 12:30:56,7.7312,87.8415,0.9997
2025-11-12 12:30:56,7.7304,80.8104,0.9998
2025-11-12 12:30:57,7.7294,88.8609,0.9997
2025-11-12 12:30:57,7.7311,72.3552,0.9998
2025-11-12 12:30:57,7.7323,87.8943,0.9997
2025-11-12 12:30:57,7.7343,106.0084,0.9997
2025-11-12 12:30:57,7.7335,116.4421,0.9996
2025-11-12 12:30:57,7.7318,136.3271,0.9996
2025-11-12 12:30:57,7.7297,110.3395,0.9997
2025-11-12 12:30:57,7.7285,94.6694,0.9997
2025-11-12 12:30:57,7.7292,87.0270,0.9997
2025-11-12 12:30:57,7.7294,84.7386,0.9997
2025-11-12 12:30:58,7.7294,84.0189,0.9997
2025-11-12 12:30:58,7.7300,90.8059,0.9997
2025-11-12 12:30:58,7.7209,251.0835,0.9992
2025-11-12 12:30:58,7.7211,250.0947,0.9992
2025-11-12 12:30:58,7.7234,290.7317,0.9991
2025-11-12 12:30:58,7.7230,284.9294,0.9991
2025-11-12 12:30:58,7.7270,191.4143,0.9994
2025-11-12 12:30:58,7.7285,179.2507,0.9994
2025-11-12 12:30:58,7.7304,215.7240,0.9993
2025-11-12 12:30:58,7.7305,216.0497,0.9993
2025-11-12 12:30:59,7.7298,231.3431,0.9993
2025-11-12 12:30:59,7.7270,259.5038,0.9992
2025-11-12 12:30:59,7.7267,254.2762,0.9992
2025-11-12 12:30:59,7.7251,235.6268,0.9993
2025-11-12 12:30:59,7.7317,139.4265,0.9996
2025-11-12 12:30:59,7.7341,107.2486,0.9997
2025-11-12 12:30:59,7.7347,117.6798,0.9996
2025-11-12 12:30:59,7.7373,134.7303,0.9996
2025-11-12 12:30:59,7.7362,150.1754,0.9995
2025-11-12 12:30:59,7.7347,170.4044,0.9995
2025-11-12 12:30:59,7.7351,178.8689,0.9995
2025-11-12 12:30:59,7.7310,152.6710,0.9995
2025-11-12 12:30:59,7.7269,212.4524,0.9993
2025-11-12 12:31:00,7.7265,216.6133,0.9993
2025-11-12 12:31:00,7.7265,216.7147,0.9993
2025-11-12 12:31:00,7.7300,246.1173,0.9992
2025-11-12 12:31:00,7.7234,417.1959,0.9987
2025-11-12 12:31:00,7.7258,400.7512,0.9988
2025-11-12 12:31:00,7.7244,366.4410,0.9989
2025-11-12 12:31:00,7.7230,345.9713,0.9989
2025-11-12 12:31:00,7.7259,262.9516,0.9992
2025-11-12 12:31:00,7.7240,274.7199,0.9991
2025-11-12 12:31:01,7.7253,307.6557,0.9990
2025-11-12 12:31:01,7.7277,339.1315,0.9989
2025-11-12 12:31:01,7.7324,228.1172,0.9993
2025-11-12 12:31:01,7.7326,225.7646,0.9993
2025-11-12 12:31:01,7.7303,181.6108,0.9994
2025-11-12 12:31:01,7.7304,184.2410,0.9994
2025-11-12 12:31:01,7.7231,362.9952,0.9989
2025-11-12 12:31:01,7.7247,354.0042,0.9989
2025-11-12 12:31:02,7.7246,351.8004,0.9989
2025-11-12 12:31:02,7.7228,322.0130,0.9990
2025-11-12 12:31:02,7.7348,80.4686,0.9998
2025-11-12 12:31:02,7.7328,105.5717,0.9997
2025-11-12 12:31:02,7.7331,110.8320,0.9997
2025-11-12 12:31:02,7.7328,108.2402,0.9997
2025-11-12 12:31:02,7.7312,123.2896,0.9996
2025-11-12 12:31:02,7.7314,121.5603,0.9996
2025-11-12 12:31:03,7.7290,88.4390,0.9997
2025-11-12 12:31:03,7.7286,84.4846,0.9997
2025-11-12 12:31:03,7.7296,76.0016,0.9998
2025-11-12 12:31:03,7.7302,69.3870,0.9998
2025-11-12 12:31:03,7.7294,61.3152,0.9998
2025-11-12 12:31:03,7.7227,48.7862,0.9998
2025-11-12 12:31:03,7.7261,49.7420,0.9998
2025-11-12 12:31:03,7.7258,51.6678,0.9998
2025-11-12 12:31:03,7.7279,80.1083,0.9998
2025-11-12 12:31:03,7.7371,88.5683,0.9997
2025-11-12 12:31:03,7.7364,91.2275,0.9997
2025-11-12 12:31:04,7.7351,113.3370,0.9997
2025-11-12 12:31:04,7.7337,99.7978,0.9997
2025-11-12 12:31:04,7.7331,92.1470,0.9997
2025-11-12 12:31:04,7.7331,91.9731,0.9997
2025-11-12 12:31:04,7.7341,77.2396,0.9998
2025-11-12 12:31:04,7.7343,79.1346,0.9998
2025-11-12 12:31:04,7.7353,90.7458,0.9997
2025-11-12 12:31:04,7.7357,89.3726,0.9997
2025-11-12 12:31:04,7.7378,60.5872,0.9998
2025-11-12 12:31:05,7.7376,59.4554,0.9998
2025-11-12 12:31:05,7.7405,98.7652,0.9997
2025-11-12 12:31:05,7.7378,121.7315,0.9996
2025-11-12 12:31:05,7.7378,122.4285,0.9996
2025-11-12 12:31:05,7.7369,118.0232,0.9996
2025-11-12 12:31:05,7.7368,116.0653,0.9996
2025-11-12 12:31:05,7.7349,139.5019,0.9996
2025-11-12 12:31:05,7.7320,175.8518,0.9995
2025-11-12 12:31:05,7.7283,163.5355,0.9995
2025-11-12 12:31:05,7.7287,175.3689,0.9995
2025-11-12 12:31:06,7.7330,149.0084,0.9995
2025-11-12 12:31:06,7.7329,149.4287,0.9995
2025-11-12 12:31:06,7.7352,146.5780,0.9996
2025-11-12 12:31:06,7.7357,156.1984,0.9995
2025-11-12 12:31:06,7.7347,160.6649,0.9995
2025-11-12 12:31:06,7.7362,137.9186,0.9996
2025-11-12 12:31:06,7.7354,138.2217,0.9996
2025-11-12 12:31:06,7.7354,137.4359,0.9996
2025-11-12 12:31:06,7.7350,139.8518,0.9996
2025-11-12 12:31:07,7.7348,143.0406,0.9996
2025-11-12 12:31:07,7.7376,149.0083,0.9995
2025-11-12 12:31:07,7.7369,134.9407,0.9996
2025-11-12 12:31:07,7.7373,132.3879,0.9996
2025-11-12 12:31:07,7.7390,108.0153,0.9997
2025-11-12 12:31:07,7.7400,113.1420,0.9997
2025-11-12 12:31:07,7.7386,91.8005,0.9997
2025-11-12 12:31:07,7.7401,81.8142,0.9998
2025-11-12 12:31:07,7.7400,82.0818,0.9998
2025-11-12 12:31:08,7.7375,73.0366,0.9998
2025-11-12 12:31:08,7.7361,54.0464,0.9998
2025-11-12 12:31:08,7.7352,57.1709,0.9998
2025-11-12 12:31:08,7.7349,60.4942,0.9998
2025-11-12 12:31:08,7.7381,79.1397,0.9998
2025-11-12 12:31:08,7.7406,111.9969,0.9997
2025-11-12 12:31:08,7.7418,103.7299,0.9997
2025-11-12 12:31:08,7.7400,133.6961,0.9996
2025-11-12 12:31:08,7.7401,134.5932,0.9996
2025-11-12 12:31:08,7.7390,117.7691,0.9996
2025-11-12 12:31:08,7.7388,118.6600,0.9996
2025-11-12 12:31:09,7.7408,87.2506,0.9997
2025-11-12 12:31:09,7.7413,91.4913,0.9997
2025-11-12 12:31:09,7.7428,112.3639,0.9997
2025-11-12 12:31:09,7.7375,175.3651,0.9995
2025-11-12 12:31:09,7.7359,196.6601,0.9994
2025-11-12 12:31:09,7.7358,194.7952,0.9994
2025-11-12 12:31:09,7.7356,192.4294,0.9994
2025-11-12 12:31:09,7.7360,186.9421,0.9994
2025-11-12 12:31:09,7.7356,192.2816,0.9994
2025-11-12 12:31:10,7.7359,195.7193,0.9994
2025-11-12 12:31:10,7.7356,188.5192,0.9994
2025-11-12 12:31:10,7.7392,147.0345,0.9996
2025-11-12 12:31:10,7.7396,140.2361,0.9996
2025-11-12 12:31:10,7.7381,127.5487,0.9996
2025-11-12 12:31:10,7.7378,122.5466,0.9996
2025-11-12 12:31:10,7.7384,118.9491,0.9996
2025-11-12 12:31:10,7.7397,98.2827,0.9997
2025-11-12 12:31:10,7.7385,92.3775,0.9997
2025-11-12 12:31:11,7.7365,64.2861,0.9998
2025-11-12 12:31:11,7.7347,76.3005,0.9998
2025-11-12 12:31:11,7.7332,93.7889,0.9997
2025-11-12 12:31:11,7.7318,85.8734,0.9997
2025-11-12 12:31:11,7.7313,78.1726,0.9998
2025-11-12 12:31:11,7.7331,70.3841,0.9998
2025-11-12 12:31:11,7.7342,57.1799,0.9998
2025-11-12 12:31:11,7.7358,63.9986,0.9998
2025-11-12 12:31:12,7.7369,77.6524,0.9998
2025-11-12 12:31:12,7.7375,74.7696,0.9998
2025-11-12 12:31:12,7.7365,89.5510,0.9997
2025-11-12 12:31:12,7.7374,95.5126,0.9997
2025-11-12 12:31:12,7.7385,110.1658,0.9997
2025-11-12 12:31:12,7.7383,110.8616,0.9997
2025-11-12 12:31:12,7.7399,86.4968,0.9997
2025-11-12 12:31:12,7.7395,84.1423,0.9997
2025-11-12 12:31:12,7.7402,94.8521,0.9997
2025-11-12 12:31:12,7.7412,89.8686,0.9997
2025-11-12 12:31:13,7.7412,89.7628,0.9997
2025-11-12 12:31:13,7.7354,101.8033,0.9997
2025-11-12 12:31:13,7.7317,43.9057,0.9999
2025-11-12 12:31:13,7.7313,43.1489,0.9999
2025-11-12 12:31:13,7.7275,86.2342,0.9997
2025-11-12 12:31:13,7.7278,85.5430,0.9997
2025-11-12 12:31:13,7.7260,63.0225,0.9998
2025-11-12 12:31:13,7.7239,57.0412,0.9998
2025-11-12 12:31:14,7.7246,48.1657,0.9998
2025-11-12 12:31:14,7.7241,48.3850,0.9998
2025-11-12 12:31:14,7.7267,85.6537,0.9997
2025-11-12 12:31:14,7.7278,85.7652,0.9997
2025-11-12 12:31:14,7.7301,59.7931,0.9998
2025-11-12 12:31:14,7.7283,71.7352,0.9998
2025-11-12 12:31:14,7.7283,70.7392,0.9998
2025-11-12 12:31:14,7.7287,71.3956,0.9998
2025-11-12 12:31:14,7.7291,68.7455,0.9998
2025-11-12 12:31:15,7.7219,178.2202,0.9994
2025-11-12 12:31:15,7.7189,128.9772,0.9996
2025-11-12 12:31:15,7.7161,113.9504,0.9996
2025-11-12 12:31:15,7.7160,113.8707,0.9996
2025-11-12 12:31:15,7.7212,45.0875,0.9999
2025-11-12 12:31:15,7.7195,27.2382,0.9999
2025-11-12 12:31:15,7.7176,29.5387,0.9999
2025-11-12 12:31:15,7.7178,29.4986,0.9999
2025-11-12 12:31:15,7.7190,22.7273,0.9999
2025-11-12 12:31:15,7.7204,37.5347,0.9999
2025-11-12 12:31:16,7.7250,35.2666,0.9999
2025-11-12 12:31:16,7.7232,46.0440,0.9999
2025-11-12 12:31:16,7.7239,41.8713,0.9999
2025-11-12 12:31:16,7.7260,67.4237,0.9998
2025-11-12 12:31:16,7.7259,66.9339,0.9998
2025-11-12 12:31:16,7.7279,51.4254,0.9998
2025-11-12 12:31:16,7.7250,83.0321,0.9997
2025-11-12 12:31:16,7.7249,81.9197,0.9997
2025-11-12 12:31:16,7.7232,78.9267,0.9998
2025-11-12 12:31:16,7.7200,97.0452,0.9997
2025-11-12 12:31:16,7.7219,80.5437,0.9997
2025-11-12 12:31:17,7.7211,67.6377,0.9998
2025-11-12 12:31:17,7.7189,69.1098,0.9998
2025-11-12 12:31:17,7.7194,65.6113,0.9998
2025-11-12 12:31:17,7.7190,67.7101,0.9998
2025-11-12 12:31:17,7.7182,55.4110,0.9998
2025-11-12 12:31:17,7.7193,54.0525,0.9998
2025-11-12 12:31:17,7.7209,45.2767,0.9999
2025-11-12 12:31:17,7.7177,77.0711,0.9998
2025-11-12 12:31:17,7.7198,113.2143,0.9996
2025-11-12 12:31:17,7.7225,118.3367,0.9996
2025-11-12 12:31:18,7.7238,113.2424,0.9996
2025-11-12 12:31:18,7.7262,77.8233,0.9998
2025-11-12 12:31:18,7.7240,49.0570,0.9998
2025-11-12 12:31:18,7.7245,51.3677,0.9998
2025-11-12 12:31:18,7.7213,71.1833,0.9998
2025-11-12 12:31:18,7.7175,120.1134,0.9996
2025-11-12 12:31:18,7.7151,91.0215,0.9997
2025-11-12 12:31:18,7.7151,90.5314,0.9997
2025-11-12 12:31:18,7.7157,87.6475,0.9997
2025-11-12 12:31:19,7.7186,51.7505,0.9998
2025-11-12 12:31:19,7.7045,129.2045,0.9996
2025-11-12 12:31:19,7.7049,136.7363,0.9996
2025-11-12 12:31:19,7.7073,148.4116,0.9995
2025-11-12 12:31:19,7.7104,148.2697,0.9995
2025-11-12 12:31:19,7.7156,60.1566,0.9998
2025-11-12 12:31:19,7.7143,47.2193,0.9998
2025-11-12 12:31:19,7.7137,45.8643,0.9999
2025-11-12 12:31:19,7.7143,46.7072,0.9999
2025-11-12 12:31:19,7.7215,7.3219,1.0000
2025-11-12 12:31:20,7.7228,14.2203,1.0000
2025-11-12 12:31:20,7.7214,21.4284,0.9999
2025-11-12 12:31:20,7.7201,26.1526,0.9999
2025-11-12 12:31:20,7.7165,30.4246,0.9999
2025-11-12 12:31:20,7.7153,19.0633,0.9999
2025-11-12 12:31:20,7.7139,24.7225,0.9999
2025-11-12 12:31:20,7.7166,29.1771,0.9999
2025-11-12 12:31:21,7.7246,52.4014,0.9998
2025-11-12 12:31:21,7.7226,51.1645,0.9998
2025-11-12 12:31:21,7.7262,24.1832,0.9999
2025-11-12 12:31:21,7.7229,40.9228,0.9999
2025-11-12 12:31:21,7.7200,15.2398,1.0000
2025-11-12 12:31:21,7.7229,24.5378,0.9999
2025-11-12 12:31:21,7.7203,36.1910,0.9999
2025-11-12 12:31:21,7.7242,25.1345,0.9999
2025-11-12 12:31:21,7.7283,55.3445,0.9998
2025-11-12 12:31:22,7.7267,53.7498,0.9998
2025-11-12 12:31:22,7.7273,46.8040,0.9999
2025-11-12 12:31:22,7.7242,59.9510,0.9998
2025-11-12 12:31:22,7.7261,92.0357,0.9997
2025-11-12 12:31:22,7.7255,92.6067,0.9997
2025-11-12 12:31:22,7.7266,84.0892,0.9997
2025-11-12 12:31:22,7.7243,109.7998,0.9997
2025-11-12 12:31:22,7.7249,123.0465,0.9996
2025-11-12 12:31:22,7.7266,123.7759,0.9996
2025-11-12 12:31:22,7.7270,121.0486,0.9996
2025-11-12 12:31:23,7.7255,145.7324,0.9995
2025-11-12 12:31:23,7.7281,205.6740,0.9994
2025-11-12 12:31:23,7.7288,206.9839,0.9994
2025-11-12 12:31:23,7.7275,217.8694,0.9993
2025-11-12 12:31:23,7.7302,173.4654,0.9995
2025-11-12 12:31:23,7.7300,168.5958,0.9995
2025-11-12 12:31:23,7.7266,173.4799,0.9995
2025-11-12 12:31:23,7.7272,168.5799,0.9995
2025-11-12 12:31:23,7.7281,159.2721,0.9995
2025-11-12 12:31:23,7.7275,146.1337,0.9995
2025-11-12 12:31:24,7.7278,144.6903,0.9996
2025-11-12 12:31:24,7.7272,150.5132,0.9995
2025-11-12 12:31:24,7.7314,124.7576,0.9996
2025-11-12 12:31:24,7.7307,108.3760,0.9997
2025-11-12 12:31:24,7.7282,129.3765,0.9996
2025-11-12 12:31:24,7.7281,131.2193,0.9996
2025-11-12 12:31:24,7.7278,131.2196,0.9996
2025-11-12 12:31:24,7.7270,114.0191,0.9996
2025-11-12 12:31:24,7.7305,90.0575,0.9997
2025-11-12 12:31:24,7.7306,88.8477,0.9997
2025-11-12 12:31:24,7.7312,88.0242,0.9997
2025-11-12 12:31:25,7.7309,82.5707,0.9997
2025-11-12 12:31:25,7.7322,79.2148,0.9998
2025-11-12 12:31:25,7.7335,63.6183,0.9998
2025-11-12 12:31:25,7.7338,63.0603,0.9998
2025-11-12 12:31:25,7.7298,19.6574,0.9999
2025-11-12 12:31:25,7.7300,19.7879,0.9999
2025-11-12 12:31:25,7.7281,37.4806,0.9999
2025-11-12 12:31:25,7.7294,41.3171,0.9999
2025-11-12 12:31:25,7.7302,47.5768,0.9999
2025-11-12 12:31:25,7.7312,49.2133,0.9998
2025-11-12 12:31:25,7.7299,67.6157,0.9998
2025-11-12 12:31:26,7.7286,64.0910,0.9998
2025-11-12 12:31:26,7.7284,62.0903,0.9998
2025-11-12 12:31:26,7.7262,57.0564,0.9998
2025-11-12 12:31:26,7.7303,19.1478,0.9999
2025-11-12 12:31:26,7.7279,23.9202,0.9999
2025-11-12 12:31:26,7.7309,61.9945,0.9998
2025-11-12 12:31:26,7.7312,61.2645,0.9998
2025-11-12 12:31:26,7.7304,67.5422,0.9998
2025-11-12 12:31:26,7.7303,68.2130,0.9998
2025-11-12 12:31:27,7.7298,60.6839,0.9998
2025-11-12 12:31:27,7.7273,69.7312,0.9998
2025-11-12 12:31:27,7.7272,70.3183,0.9998
2025-11-12 12:31:27,7.7290,65.9369,0.9998
2025-11-12 12:31:27,7.7289,64.4752,0.9998
2025-11-12 12:31:27,7.7301,57.3251,0.9998
2025-11-12 12:31:27,7.7303,56.2480,0.9998
2025-11-12 12:31:27,7.7292,58.8141,0.9998
2025-11-12 12:31:27,7.7288,52.8829,0.9998
2025-11-12 12:31:27,7.7285,54.1139,0.9998
2025-11-12 12:31:27,7.7264,72.9163,0.9998
2025-11-12 12:31:28,7.7277,72.4294,0.9998
2025-11-12 12:31:28,7.7266,57.3088,0.9998
2025-11-12 12:31:28,7.7267,57.0376,0.9998
2025-11-12 12:31:28,7.7275,48.6548,0.9998
2025-11-12 12:31:28,7.7276,48.8094,0.9998
2025-11-12 12:31:28,7.7282,56.5245,0.9998
2025-11-12 12:31:28,7.7256,73.6606,0.9998
2025-11-12 12:31:28,7.7267,65.9268,0.9998
2025-11-12 12:31:28,7.7283,71.4021,0.9998
2025-11-12 12:31:28,7.7279,66.4626,0.9998
2025-11-12 12:31:28,7.7324,38.4639,0.9999
2025-11-12 12:31:29,7.7311,53.8894,0.9998
2025-11-12 12:31:29,7.7284,52.1691,0.9998
2025-11-12 12:31:29,7.7263,30.9395,0.9999
2025-11-12 12:31:29,7.7266,31.5384,0.9999
2025-11-12 12:31:29,7.7265,32.1319,0.9999
2025-11-12 12:31:29,7.7268,32.0254,0.9999
2025-11-12 12:31:29,7.7306,75.7629,0.9998
2025-11-12 12:31:29,7.7314,76.4091,0.9998
2025-11-12 12:31:30,7.7333,56.0869,0.9998
2025-11-12 12:31:30,7.7344,52.5125,0.9998
2025-11-12 12:31:30,7.7317,25.1534,0.9999
2025-11-12 12:31:30,7.7296,26.5175,0.9999
2025-11-12 12:31:30,7.7293,28.8526,0.9999
2025-11-12 12:31:30,7.7288,28.4621,0.9999
2025-11-12 12:31:30,7.7313,58.5599,0.9998
2025-11-12 12:31:30,7.7269,92.8992,0.9997
2025-11-12 12:31:30,7.7258,101.1609,0.9997
2025-11-12 12:31:30,7.7270,105.2127,0.9997
2025-11-12 12:31:30,7.7263,92.9857,0.9997
2025-11-12 12:31:30,7.7222,154.0054,0.9995
2025-11-12 12:31:31,7.7239,146.3199,0.9995
2025-11-12 12:31:31,7.7239,146.3199,0.9995
2025-11-12 12:31:31,7.7283,242.6471,0.9992
2025-11-12 12:31:31,7.7185,540.0599,0.9983
2025-11-12 12:31:31,7.7151,550.9008,0.9983
2025-11-12 12:31:31,7.7141,539.8415,0.9983
2025-11-12 12:31:31,7.7130,501.4574,0.9984
2025-11-12 12:31:31,7.7211,271.2233,0.9991
2025-11-12 12:31:31,7.7224,260.0086,0.9992
2025-11-12 12:31:32,7.7228,261.9897,0.9992
2025-11-12 12:31:32,7.7229,265.9073,0.9992
2025-11-12 12:31:32,7.7266,192.1680,0.9994
2025-11-12 12:31:32,7.7261,197.4186,0.9994
2025-11-12 12:31:32,7.7247,194.6907,0.9994
2025-11-12 12:31:32,7.7255,216.0406,0.9993
2025-11-12 12:31:32,7.7270,194.4801,0.9994
2025-11-12 12:31:32,7.7279,184.8745,0.9994
2025-11-12 12:31:32,7.7289,184.4860,0.9994
2025-11-12 12:31:32,7.7273,145.4599,0.9995
2025-11-12 12:31:33,7.7210,265.1588,0.9992
2025-11-12 12:31:33,7.7210,265.0892,0.9992
2025-11-12 12:31:33,7.7198,259.7884,0.9992
2025-11-12 12:31:33,7.7139,135.9688,0.9996
2025-11-12 12:31:33,7.7137,139.3113,0.9996
2025-11-12 12:31:33,7.7130,140.2042,0.9996
2025-11-12 12:31:33,7.7134,143.3162,0.9995
2025-11-12 12:31:33,7.7182,239.9011,0.9992
2025-11-12 12:31:33,7.7181,242.9015,0.9992
2025-11-12 12:31:33,7.7170,249.7816,0.9992
2025-11-12 12:31:34,7.7172,250.6097,0.9992
2025-11-12 12:31:34,7.6960,147.4390,0.9995
2025-11-12 12:31:34,7.6981,130.9996,0.9996
2025-11-12 12:31:34,7.7015,157.7379,0.9995
2025-11-12 12:31:34,7.6999,135.0595,0.9996
2025-11-12 12:31:34,7.7063,63.9175,0.9998
2025-11-12 12:31:34,7.7117,28.8996,0.9999
2025-11-12 12:31:34,7.7096,22.9816,0.9999
2025-11-12 12:31:34,7.7119,44.7036,0.9999
2025-11-12 12:31:35,7.7057,135.1188,0.9996
2025-11-12 12:31:35,7.7047,133.9942,0.9996
2025-11-12 12:31:35,7.7067,145.1536,0.9995
2025-11-12 12:31:35,7.7067,146.4120,0.9995
2025-11-12 12:31:35,7.7159,30.8201,0.9999
2025-11-12 12:31:35,7.7150,38.0086,0.9999
2025-11-12 12:31:35,7.7128,37.0149,0.9999
2025-11-12 12:31:35,7.7121,28.8381,0.9999
2025-11-12 12:31:35,7.7124,28.2117,0.9999
2025-11-12 12:31:35,7.7057,114.0316,0.9996
2025-11-12 12:31:35,7.7077,123.2355,0.9996
2025-11-12 12:31:35,7.7079,126.0977,0.9996
2025-11-12 12:31:36,7.7079,126.1155,0.9996
2025-11-12 12:31:36,7.7228,25.8341,0.9999
2025-11-12 12:31:36,7.7215,30.8710,0.9999
2025-11-12 12:31:36,7.7207,27.9650,0.9999
2025-11-12 12:31:36,7.7150,93.8250,0.9997
2025-11-12 12:31:36,7.7154,98.3174,0.9997
2025-11-12 12:31:36,7.7148,99.3743,0.9997
2025-11-12 12:31:36,7.7116,88.1945,0.9997
2025-11-12 12:31:36,7.7189,30.0690,0.9999
2025-11-12 12:31:36,7.7076,32.4618,0.9999
2025-11-12 12:31:36,7.7074,32.0625,0.9999
2025-11-12 12:31:37,7.7090,39.2880,0.9999
2025-11-12 12:31:37,7.7128,71.3578,0.9998
2025-11-12 12:31:37,7.7169,29.6383,0.9999
2025-11-12 12:31:37,7.7184,25.5382,0.9999
2025-11-12 12:31:37,7.7213,34.1453,0.9999
2025-11-12 12:31:37,7.7223,42.4354,0.9999
2025-11-12 12:31:37,7.7186,91.3295,0.9997
2025-11-12 12:31:37,7.7173,95.1068,0.9997
2025-11-12 12:31:37,7.7165,89.0520,0.9997
2025-11-12 12:31:37,7.7173,100.1973,0.9997
2025-11-12 12:31:38,7.7247,34.0290,0.9999
2025-11-12 12:31:38,7.7249,32.5553,0.9999
2025-11-12 12:31:38,7.7249,32.5110,0.9999
2025-11-12 12:31:38,7.7255,39.0222,0.9999
2025-11-12 12:31:38,7.7258,38.4241,0.9999
2025-11-12 12:31:38,7.7275,25.3577,0.9999
2025-11-12 12:31:38,7.7277,25.3149,0.9999
2025-11-12 12:31:38,7.7297,48.1205,0.9999
2025-11-12 12:31:38,7.7265,72.2328,0.9998
2025-11-12 12:31:38,7.7249,82.8785,0.9997
2025-11-12 12:31:38,7.7255,84.2303,0.9997
2025-11-12 12:31:39,7.7255,84.5971,0.9997
2025-11-12 12:31:39,7.7230,116.2344,0.9996
2025-11-12 12:31:39,7.7211,131.8196,0.9996
2025-11-12 12:31:39,7.7208,129.8470,0.9996
2025-11-12 12:31:39,7.7199,114.7726,0.9996
2025-11-12 12:31:39,7.7253,72.9332,0.9998
2025-11-12 12:31:39,7.7270,53.8860,0.9998
2025-11-12 12:31:39,7.7268,53.7246,0.9998
2025-11-12 12:31:39,7.7322,156.8826,0.9995
2025-11-12 12:31:40,7.7329,151.9926,0.9995
2025-11-12 12:31:40,7.7339,139.6172,0.9996
2025-11-12 12:31:40,7.7333,142.5362,0.9996
2025-11-12 12:31:40,7.7325,124.8314,0.9996
2025-11-12 12:31:40,7.7300,145.6548,0.9996
2025-11-12 12:31:40,7.7309,138.2058,0.9996
2025-11-12 12:31:40,7.7317,135.6632,0.9996
2025-11-12 12:31:40,7.7322,148.2665,0.9995
2025-11-12 12:31:40,7.7355,119.2333,0.9996
2025-11-12 12:31:40,7.7327,155.7226,0.9995
2025-11-12 12:31:40,7.7321,157.8376,0.9995
2025-11-12 12:31:40,7.7323,163.4142,0.9995
2025-11-12 12:31:41,7.7301,176.6309,0.9995
2025-11-12 12:31:41,7.7301,176.7324,0.9995
2025-11-12 12:31:41,7.7303,176.3349,0.9995
2025-11-12 12:31:41,7.7295,156.8039,0.9995
2025-11-12 12:31:41,7.7310,147.6332,0.9995
2025-11-12 12:31:41,7.7337,114.7896,0.9996
2025-11-12 12:31:41,7.7344,112.1085,0.9997
2025-11-12 12:31:41,7.7306,47.7882,0.9999
2025-11-12 12:31:42,7.7328,42.4281,0.9999
2025-11-12 12:31:42,7.7326,44.4167,0.9999
2025-11-12 12:31:42,7.7335,43.3330,0.9999
2025-11-12 12:31:42,7.7378,110.1076,0.9997
2025-11-12 12:31:42,7.7291,211.8415,0.9993
2025-11-12 12:31:42,7.7257,246.4670,0.9992
2025-11-12 12:31:42,7.7229,241.3847,0.9992
2025-11-12 12:31:42,7.7205,175.6444,0.9994
2025-11-12 12:31:42,7.7267,122.4444,0.9996
2025-11-12 12:31:43,7.7284,101.9877,0.9997
2025-11-12 12:31:43,7.7294,98.6661,0.9997
2025-11-12 12:31:43,7.7314,141.6470,0.9996
2025-11-12 12:31:43,7.7290,160.2391,0.9995
2025-11-12 12:31:43,7.7292,158.2231,0.9995
2025-11-12 12:31:43,7.7281,162.1697,0.9995
2025-11-12 12:31:43,7.7270,135.3585,0.9996
2025-11-12 12:31:43,7.7253,152.6286,0.9995
2025-11-12 12:31:43,7.7269,141.1884,0.9996
2025-11-12 12:31:43,7.7288,137.4547,0.9996
2025-11-12 12:31:44,7.7293,148.4175,0.9995
2025-11-12 12:31:44,7.7319,116.5977,0.9996
2025-11-12 12:31:44,7.7287,154.0855,0.9995
2025-11-12 12:31:44,7.7280,154.7994,0.9995
2025-11-12 12:31:44,7.7238,72.9391,0.9998
2025-11-12 12:31:44,7.7234,74.7838,0.9998
2025-11-12 12:31:44,7.7245,63.7191,0.9998
2025-11-12 12:31:44,7.7248,63.9877,0.9998
2025-11-12 12:31:44,7.7279,120.0757,0.9996
2025-11-12 12:31:44,7.7324,103.6939,0.9997
2025-11-12 12:31:44,7.7345,77.0231,0.9998
2025-11-12 12:31:44,7.7356,72.5640,0.9998
2025-11-12 12:31:45,7.7335,42.8526,0.9999
2025-11-12 12:31:45,7.7337,42.8774,0.9999
2025-11-12 12:31:45,7.7303,86.8498,0.9997
2025-11-12 12:31:45,7.7302,86.8324,0.9997
2025-11-12 12:31:45,7.7328,129.4176,0.9996
2025-11-12 12:31:45,7.7326,129.2941,0.9996
2025-11-12 12:31:45,7.7358,82.2711,0.9997
2025-11-12 12:31:45,7.7347,87.0609,0.9997
2025-11-12 12:31:45,7.7306,31.0685,0.9999
2025-11-12 12:31:45,7.7308,31.5130,0.9999
2025-11-12 12:31:46,7.7290,49.4298,0.9998
2025-11-12 12:31:46,7.7266,58.9895,0.9998
2025-11-12 12:31:46,7.7259,51.2059,0.9998
2025-11-12 12:31:46,7.7254,48.8672,0.9998
2025-11-12 12:31:46,7.7258,45.1390,0.9999
2025-11-12 12:31:46,7.7287,36.4820,0.9999
2025-11-12 12:31:46,7.7319,75.0212,0.9998
2025-11-12 12:31:46,7.7304,76.8516,0.9998
2025-11-12 12:31:46,7.7302,79.2708,0.9998
2025-11-12 12:31:46,7.7296,80.3809,0.9998
2025-11-12 12:31:47,7.7294,76.0045,0.9998
2025-11-12 12:31:47,7.7296,75.5316,0.9998
2025-11-12 12:31:47,7.7310,61.0580,0.9998
2025-11-12 12:31:47,7.7307,62.4401,0.9998
2025-11-12 12:31:47,7.7295,45.1809,0.9999
2025-11-12 12:31:47,7.7280,49.0522,0.9998
2025-11-12 12:31:47,7.7261,66.1978,0.9998
2025-11-12 12:31:47,7.7232,77.0682,0.9998
2025-11-12 12:31:47,7.7251,112.6046,0.9996
2025-11-12 12:31:47,7.7267,111.4916,0.9997
2025-11-12 12:31:47,7.7291,90.5081,0.9997
2025-11-12 12:31:48,7.7289,92.0787,0.9997
2025-11-12 12:31:48,7.7288,90.3035,0.9997
2025-11-12 12:31:48,7.7231,123.8859,0.9996
2025-11-12 12:31:48,7.7213,132.2894,0.9996
2025-11-12 12:31:48,7.7227,126.2167,0.9996
2025-11-12 12:31:48,7.7212,95.8588,0.9997
2025-11-12 12:31:48,7.7281,71.6492,0.9998
2025-11-12 12:31:48,7.7281,70.7332,0.9998
2025-11-12 12:31:48,7.7309,59.7982,0.9998
2025-11-12 12:31:48,7.7311,61.7645,0.9998
2025-11-12 12:31:48,7.7267,75.4285,0.9998
2025-11-12 12:31:48,7.7285,61.1730,0.9998
2025-11-12 12:31:49,7.7282,61.2078,0.9998
2025-11-12 12:31:49,7.7231,11.6824,1.0000
2025-11-12 12:31:49,7.7260,5.4044,1.0000
2025-11-12 12:31:49,7.7207,54.8860,0.9998
2025-11-12 12:31:49,7.7211,56.6998,0.9998
2025-11-12 12:31:49,7.7220,62.5061,0.9998
2025-11-12 12:31:49,7.7219,62.3049,0.9998
2025-11-12 12:31:49,7.7259,17.6755,0.9999
2025-11-12 12:31:49,7.7250,16.5893,0.9999
2025-11-12 12:31:49,7.7265,27.2264,0.9999
2025-11-12 12:31:50,7.7250,29.1217,0.9999
2025-11-12 12:31:50,7.7232,44.4027,0.9999
2025-11-12 12:31:50,7.7239,46.0178,0.9999
2025-11-12 12:31:50,7.7251,59.9046,0.9998
2025-11-12 12:31:50,7.7278,59.1218,0.9998
2025-11-12 12:31:50,7.7312,24.7880,0.9999
2025-11-12 12:31:50,7.7301,27.6059,0.9999
2025-11-12 12:31:50,7.7316,44.0876,0.9999
2025-11-12 12:31:50,7.7312,44.3989,0.9999
2025-11-12 12:31:51,7.7285,69.6403,0.9998
2025-11-12 12:31:51,7.7269,76.0966,0.9998
2025-11-12 12:31:51,7.7277,89.3166,0.9997
2025-11-12 12:31:51,7.7288,91.3856,0.9997
2025-11-12 12:31:51,7.7296,82.3726,0.9997
2025-11-12 12:31:51,7.7340,68.7681,0.9998
2025-11-12 12:31:51,7.7336,63.4529,0.9998
2025-11-12 12:31:51,7.7325,64.6219,0.9998
2025-11-12 12:31:51,7.7339,48.8109,0.9999
2025-11-12 12:31:51,7.7313,51.9962,0.9998
2025-11-12 12:31:52,7.7319,60.3291,0.9998
2025-11-12 12:31:52,7.7335,60.0266,0.9998
2025-11-12 12:31:52,7.7318,79.0899,0.9998
2025-11-12 12:31:52,7.7321,77.9862,0.9998
2025-11-12 12:31:52,7.7314,68.5272,0.9998
2025-11-12 12:31:52,7.7304,66.8460,0.9998
2025-11-12 12:31:52,7.7322,48.0668,0.9999
2025-11-12 12:31:52,7.7318,50.0526,0.9998
2025-11-12 12:31:52,7.7288,19.5353,0.9999
2025-11-12 12:31:52,7.7273,18.8811,0.9999
2025-11-12 12:31:53,7.7277,17.1505,0.9999
2025-11-12 12:31:53,7.7275,17.5564,0.9999
2025-11-12 12:31:53,7.7299,42.6291,0.9999
2025-11-12 12:31:53,7.7302,41.8312,0.9999
2025-11-12 12:31:53,7.7297,45.7854,0.9999
2025-11-12 12:31:53,7.7306,43.1991,0.9999
2025-11-12 12:31:53,7.7291,26.9679,0.9999
2025-11-12 12:31:53,7.7294,26.7210,0.9999
2025-11-12 12:31:53,7.7303,20.9029,0.9999
2025-11-12 12:31:54,7.7301,21.2684,0.9999
2025-11-12 12:31:54,7.7311,30.8562,0.9999
2025-11-12 12:31:54,7.7311,30.8474,0.9999
2025-11-12 12:31:54,7.7285,53.1919,0.9998
2025-11-12 12:31:54,7.7260,61.4594,0.9998
2025-11-12 12:31:54,7.7260,61.6804,0.9998
2025-11-12 12:31:54,7.7253,61.0820,0.9998
2025-11-12 12:31:54,7.7252,61.9125,0.9998
2025-11-12 12:31:54,7.7256,59.6392,0.9998
2025-11-12 12:31:54,7.7275,89.5330,0.9997
2025-11-12 12:31:55,7.7271,90.3328,0.9997
2025-11-12 12:31:55,7.7275,85.5824,0.9997
2025-11-12 12:31:55,7.7310,78.1143,0.9998
2025-11-12 12:31:55,7.7310,78.0728,0.9998
2025-11-12 12:31:55,7.7337,72.0678,0.9998
2025-11-12 12:31:55,7.7352,53.5777,0.9998
2025-11-12 12:31:55,7.7335,58.9470,0.9998
2025-11-12 12:31:55,7.7334,57.3041,0.9998
2025-11-12 12:31:55,7.7332,57.2586,0.9998
2025-11-12 12:31:55,7.7329,59.9154,0.9998
2025-11-12 12:31:56,7.7343,55.6860,0.9998
2025-11-12 12:31:56,7.7339,50.1136,0.9998
2025-11-12 12:31:56,7.7328,51.4289,0.9998
2025-11-12 12:31:56,7.7323,57.1098,0.9998
2025-11-12 12:31:56,7.7323,57.0797,0.9998
2025-11-12 12:31:56,7.7317,48.8030,0.9998
2025-11-12 12:31:56,7.7328,48.3149,0.9999
2025-11-12 12:31:56,7.7317,62.0967,0.9998
2025-11-12 12:31:56,7.7308,62.8758,0.9998
2025-11-12 12:31:56,7.7316,73.7697,0.9998
2025-11-12 12:31:56,7.7319,74.3955,0.9998
2025-11-12 12:31:56,7.7322,70.1926,0.9998
2025-11-12 12:31:57,7.7327,69.1425,0.9998
2025-11-12 12:31:57,7.7309,48.3987,0.9999
2025-11-12 12:31:57,7.7300,46.6575,0.9999
2025-11-12 12:31:57,7.7300,46.7774,0.9999
2025-11-12 12:31:57,7.7300,46.7774,0.9999
2025-11-12 12:31:57,7.7283,31.7875,0.9999
2025-11-12 12:31:57,7.7269,30.6881,0.9999
2025-11-12 12:31:57,7.7281,21.4263,0.9999
2025-11-12 12:31:57,7.7265,21.7364,0.9999
2025-11-12 12:31:57,7.7275,30.2292,0.9999
2025-11-12 12:31:57,7.7287,30.5254,0.9999
2025-11-12 12:31:58,7.7273,42.4830,0.9999
2025-11-12 12:31:58,7.7280,41.4349,0.9999
2025-11-12 12:31:58,7.7287,48.9861,0.9998
2025-11-12 12:31:58,7.7296,50.8458,0.9998
2025-11-12 12:31:58,7.7300,46.0629,0.9999
2025-11-12 12:31:58,7.7294,47.6602,0.9999
2025-11-12 12:31:58,7.7303,57.6503,0.9998
2025-11-12 12:31:58,7.7305,58.3125,0.9998
2025-11-12 12:31:58,7.7304,59.6736,0.9998
2025-11-12 12:31:58,7.7318,56.0120,0.9998
2025-11-12 12:31:59,7.7318,55.8242,0.9998
2025-11-12 12:31:59,7.7317,55.5756,0.9998
2025-11-12 12:31:59,7.7315,58.3623,0.9998
2025-11-12 12:31:59,7.7314,58.4272,0.9998
2025-11-12 12:31:59,7.7232,28.7501,0.9999
2025-11-12 12:31:59,7.7233,29.7792,0.9999
2025-11-12 12:31:59,7.7231,31.2240,0.9999
2025-11-12 12:31:59,7.7222,28.0569,0.9999
2025-11-12 12:32:00,7.7217,30.3413,0.9999
2025-11-12 12:32:00,7.7205,21.4030,0.9999
2025-11-12 12:32:00,7.7206,21.0925,0.9999
2025-11-12 12:32:00,7.7211,23.4008,0.9999
2025-11-12 12:32:00,7.7251,20.9401,0.9999
2025-11-12 12:32:00,7.7265,27.8014,0.9999
2025-11-12 12:32:00,7.7284,12.7047,1.0000
2025-11-12 12:32:00,7.7287,12.8755,1.0000
2025-11-12 12:32:00,7.7275,13.3047,1.0000
2025-11-12 12:32:01,7.7270,10.7151,1.0000
2025-11-12 12:32:01,7.7268,11.9901,1.0000
2025-11-12 12:32:01,7.7258,10.8761,1.0000
2025-11-12 12:32:01,7.7261,10.8291,1.0000
2025-11-12 12:32:01,7.7260,10.3374,1.0000
2025-11-12 12:32:01,7.7258,11.4296,1.0000
2025-11-12 12:32:01,7.7249,12.0692,1.0000
2025-11-12 12:32:01,7.7237,12.2817,1.0000
2025-11-12 12:32:01,7.7244,17.1146,0.9999
2025-11-12 12:32:01,7.7234,22.9665,0.9999
2025-11-12 12:32:02,7.7260,28.1672,0.9999
2025-11-12 12:32:02,7.7259,28.4700,0.9999
2025-11-12 12:32:02,7.7251,23.6207,0.9999
2025-11-12 12:32:02,7.7248,26.6436,0.9999
2025-11-12 12:32:02,7.7246,25.6451,0.9999
2025-11-12 12:32:02,7.7204,50.9642,0.9998
2025-11-12 12:32:02,7.7201,48.5719,0.9998
2025-11-12 12:32:02,7.7190,55.3278,0.9998
2025-11-12 12:32:02,7.7188,53.3572,0.9998
2025-11-12 12:32:02,7.7235,31.8960,0.9999
2025-11-12 12:32:03,7.7201,24.2951,0.9999
2025-11-12 12:32:03,7.7210,17.7304,0.9999
2025-11-12 12:32:03,7.7213,19.8189,0.9999
2025-11-12 12:32:03,7.7160,39.5026,0.9999
2025-11-12 12:32:03,7.7187,50.5805,0.9998
2025-11-12 12:32:03,7.7204,44.6859,0.9999
2025-11-12 12:32:03,7.7193,37.1022,0.9999
2025-11-12 12:32:03,7.7309,40.5861,0.9999
2025-11-12 12:32:03,7.7324,41.0757,0.9999
2025-11-12 12:32:03,7.7328,37.5718,0.9999
2025-11-12 12:32:04,7.7313,44.4719,0.9999
2025-11-12 12:32:04,7.7304,35.0034,0.9999
2025-11-12 12:32:04,7.7294,32.8759,0.9999
2025-11-12 12:32:04,7.7275,49.0924,0.9998
2025-11-12 12:32:04,7.7264,53.8779,0.9998
2025-11-12 12:32:04,7.7271,63.3726,0.9998
2025-11-12 12:32:04,7.7240,64.7597,0.9998
2025-11-12 12:32:04,7.7238,66.4313,0.9998
2025-11-12 12:32:04,7.7259,62.4829,0.9998
2025-11-12 12:32:04,7.7256,57.6188,0.9998
2025-11-12 12:32:04,7.7260,55.7361,0.9998
2025-11-12 12:32:05,7.7260,56.5139,0.9998
2025-11-12 12:32:05,7.7264,56.7980,0.9998
2025-11-12 12:32:05,7.7275,72.7014,0.9998
2025-11-12 12:32:05,7.7257,84.2026,0.9997
2025-11-12 12:32:05,7.7255,86.0388,0.9997
2025-11-12 12:32:05,7.7261,87.4535,0.9997
2025-11-12 12:32:05,7.7257,80.9224,0.9997
2025-11-12 12:32:05,7.7175,206.9245,0.9993
2025-11-12 12:32:05,7.7175,206.7900,0.9993
2025-11-12 12:32:05,7.7176,207.2281,0.9993
2025-11-12 12:32:05,7.7191,241.6049,0.9992
2025-11-12 12:32:05,7.7178,274.7818,0.9991
2025-11-12 12:32:05,7.7193,268.7920,0.9992
2025-11-12 12:32:06,7.7183,262.4048,0.9992
2025-11-12 12:32:06,7.7170,233.1389,0.9993
2025-11-12 12:32:06,7.7237,103.1224,0.9997
2025-11-12 12:32:06,7.7222,112.2494,0.9996
2025-11-12 12:32:06,7.7233,116.6364,0.9996
2025-11-12 12:32:06,7.7227,105.1148,0.9997
2025-11-12 12:32:06,7.7169,210.2977,0.9993
2025-11-12 12:32:06,7.7174,208.4553,0.9993
2025-11-12 12:32:06,7.7182,216.6903,0.9993
2025-11-12 12:32:06,7.7216,294.0381,0.9991
2025-11-12 12:32:06,7.7213,303.3930,0.9990
2025-11-12 12:32:07,7.7185,327.1907,0.9990
2025-11-12 12:32:07,7.7169,313.5866,0.9990
2025-11-12 12:32:07,7.7182,354.8042,0.9989
2025-11-12 12:32:07,7.7278,195.4526,0.9994
2025-11-12 12:32:07,7.7324,136.7185,0.9996
2025-11-12 12:32:07,7.7299,150.1836,0.9995
2025-11-12 12:32:07,7.7293,136.5088,0.9996
2025-11-12 12:32:07,7.7278,151.8683,0.9995
2025-11-12 12:32:07,7.7283,149.4014,0.9995
2025-11-12 12:32:08,7.7307,138.8746,0.9996
2025-11-12 12:32:08,7.7313,151.8668,0.9995
2025-11-12 12:32:08,7.7283,201.9547,0.9994
2025-11-12 12:32:08,7.7272,207.4432,0.9994
2025-11-12 12:33:05,7.7339,156.5482,0.9995
2025-11-12 12:33:05,7.7329,133.5351,0.9996
2025-11-12 12:33:05,7.7349,111.8907,0.9997
2025-11-12 12:33:05,7.7319,150.2345,0.9995
2025-11-12 12:33:05,7.7306,150.3529,0.9995
2025-11-12 12:33:05,7.7318,177.6540,0.9995
2025-11-12 12:33:05,7.7320,175.7607,0.9995
2025-11-12 12:33:05,7.7346,142.2834,0.9996
2025-11-12 12:33:05,7.7349,141.0466,0.9996
2025-11-12 12:33:06,7.7352,148.8549,0.9995
2025-11-12 12:33:06,7.7350,150.5713,0.9995
2025-11-12 12:33:06,7.7350,150.7351,0.9995
2025-11-12 12:33:06,7.7352,150.0910,0.9995
2025-11-12 12:33:06,7.7339,120.4626,0.9996
2025-11-12 12:33:06,7.7359,108.2544,0.9997
2025-11-12 12:33:06,7.7340,133.3545,0.9996
2025-11-12 12:33:06,7.7341,133.2374,0.9996
2025-11-12 12:33:06,7.7333,116.7112,0.9996
2025-11-12 12:33:07,7.7330,117.6775,0.9996
2025-11-12 12:33:07,7.7334,112.2315,0.9997
2025-11-12 12:33:07,7.7345,111.9377,0.9997
2025-11-12 12:33:07,7.7363,149.2317,0.9995
2025-11-12 12:33:07,7.7356,153.5376,0.9995
2025-11-12 12:33:07,7.7375,128.1985,0.9996
2025-11-12 12:33:07,7.7360,132.0075,0.9996
2025-11-12 12:33:07,7.7352,114.0688,0.9997
2025-11-12 12:33:07,7.7362,108.3442,0.9997
2025-11-12 12:33:08,7.7362,108.0271,0.9997
2025-11-12 12:33:08,7.7341,121.2549,0.9996
2025-11-12 12:33:08,7.7344,129.6742,0.9996
2025-11-12 12:33:08,7.7319,144.4585,0.9996
2025-11-12 12:34:04,7.7321,143.5265,0.9996
2025-11-12 12:34:05,7.7230,195.4330,0.9994
2025-11-12 12:34:05,7.7231,200.5057,0.9994
2025-11-12 12:34:05,7.7260,185.0571,0.9994
2025-11-12 12:34:05,7.7279,166.7281,0.9995
2025-11-12 12:34:05,7.7309,136.6723,0.9996
2025-11-12 12:34:05,7.7301,116.7072,0.9996
2025-11-12 12:34:05,7.7285,127.0353,0.9996
2025-11-12 12:34:05,7.7281,130.4047,0.9996
2025-11-12 12:34:06,7.7292,125.7885,0.9996
2025-11-12 12:34:06,7.7289,119.4907,0.9996
2025-11-12 12:34:06,7.7310,106.2065,0.9997
2025-11-12 12:34:06,7.7322,94.8812,0.9997
2025-11-12 12:34:06,7.7340,88.7193,0.9997
2025-11-12 12:34:06,7.7336,81.8855,0.9997
2025-11-12 12:34:06,7.7352,74.3587,0.9998
2025-11-12 12:34:06,7.7338,90.8391,0.9997
2025-11-12 12:34:06,7.7333,91.7532,0.9997
2025-11-12 12:34:06,7.7344,112.7775,0.9997
2025-11-12 12:34:07,7.7291,154.0301,0.9995
2025-11-12 12:34:07,7.7265,185.5128,0.9994
2025-11-12 12:34:07,7.7239,187.3240,0.9994
2025-11-12 12:34:07,7.7233,171.1641,0.9995
2025-11-12 12:34:07,7.7245,161.3975,0.9995
2025-11-12 12:34:07,7.7259,144.5424,0.9996
2025-11-12 12:34:07,7.7273,140.2196,0.9996
2025-11-12 12:34:07,7.7256,104.3109,0.9997
2025-11-12 12:34:08,7.7287,90.5427,0.9997
2025-11-12 12:34:08,7.7308,67.5123,0.9998
2025-11-12 12:34:08,7.7303,69.7637,0.9998
2025-11-12 12:35:05,7.7225,17.9723,0.9999
2025-11-12 12:35:05,7.7226,18.4315,0.9999
2025-11-12 12:35:05,7.7221,22.4564,0.9999
2025-11-12 12:35:05,7.7226,23.5175,0.9999
2025-11-12 12:35:05,7.7235,26.5294,0.9999
2025-11-12 12:35:05,7.7222,23.1830,0.9999
2025-11-12 12:35:05,7.7242,8.9230,1.0000
2025-11-12 12:35:05,7.7253,11.7538,1.0000
2025-11-12 12:35:05,7.7279,26.9627,0.9999
2025-11-12 12:35:05,7.7274,28.5874,0.9999
2025-11-12 12:35:06,7.7253,47.2746,0.9999
2025-11-12 12:35:06,7.7246,45.1289,0.9999
2025-11-12 12:35:06,7.7244,43.2096,0.9999
2025-11-12 12:35:06,7.7252,42.5677,0.9999
2025-11-12 12:35:06,7.7279,19.5926,0.9999
2025-11-12 12:35:06,7.7287,20.2958,0.9999
2025-11-12 12:35:06,7.7321,57.8762,0.9998
2025-11-12 12:35:06,7.7296,75.2212,0.9998
2025-11-12 12:35:06,7.7240,144.9878,0.9995
2025-11-12 12:35:07,7.7243,146.3851,0.9995
2025-11-12 12:35:07,7.7190,72.3717,0.9998
2025-11-12 12:35:07,7.7183,74.9763,0.9998
2025-11-12 12:35:07,7.7246,23.9007,0.9999
2025-11-12 12:35:07,7.7255,29.2880,0.9999
2025-11-12 12:35:07,7.7305,77.5352,0.9998
2025-11-12 12:35:07,7.7351,42.9421,0.9999
2025-11-12 12:35:07,7.7335,59.6433,0.9998
2025-11-12 12:35:07,7.7335,59.6433,0.9998
2025-11-12 12:35:08,7.7321,44.0781,0.9999
2025-11-12 12:35:08,7.7320,44.3554,0.9999
2025-11-12 12:35:08,7.7315,49.9617,0.9998
2025-11-12 12:36:04,7.7293,48.1748,0.9999
2025-11-12 12:36:05,7.7291,25.0136,0.9999
2025-11-12 12:36:05,7.7279,24.8172,0.9999
2025-11-12 12:36:05,7.7267,35.6043,0.9999
2025-11-12 12:36:05,7.7268,35.6996,0.9999
2025-11-12 12:36:05,7.7295,68.0004,0.9998
2025-11-12 12:36:05,7.7297,67.5901,0.9998
2025-11-12 12:36:05,7.7295,70.0191,0.9998
2025-11-12 12:36:05,7.7299,69.7994,0.9998
2025-11-12 12:36:05,7.7306,79.4026,0.9998
2025-11-12 12:36:06,7.7320,78.2703,0.9998
2025-11-12 12:36:06,7.7339,55.7946,0.9998
2025-11-12 12:36:06,7.7330,58.9311,0.9998
2025-11-12 12:36:06,7.7268,9.6848,1.0000
2025-11-12 12:36:06,7.7264,8.0024,1.0000
2025-11-12 12:36:06,7.7244,21.6675,0.9999
2025-11-12 12:36:06,7.7259,25.4978,0.9999
2025-11-12 12:36:06,7.7360,155.7216,0.9995
2025-11-12 12:36:06,7.7366,153.9739,0.9995
2025-11-12 12:36:07,7.7373,142.6153,0.9996
2025-11-12 12:36:07,7.7359,149.8776,0.9995
2025-11-12 12:36:07,7.7342,113.2004,0.9997
2025-11-12 12:36:07,7.7340,113.2992,0.9997
2025-11-12 12:36:07,7.7337,118.1371,0.9996
2025-11-12 12:36:07,7.7349,113.6260,0.9997
2025-11-12 12:36:07,7.7359,135.4527,0.9996
2025-11-12 12:36:07,7.7361,135.1654,0.9996
2025-11-12 12:36:08,7.7364,131.1778,0.9996
2025-11-12 12:36:08,7.7357,133.7474,0.9996
2025-11-12 12:36:08,7.7356,131.1938,0.9996
2025-11-12 12:36:08,7.7356,131.1824,0.9996
2025-11-12 12:37:05,7.7342,151.6088,0.9995
2025-11-12 12:37:05,7.7340,152.0261,0.9995
2025-11-12 12:37:05,7.7323,113.6656,0.9997
2025-11-12 12:37:05,7.7339,106.6104,0.9997
2025-11-12 12:37:05,7.7339,107.4443,0.9997
2025-11-12 12:37:05,7.7340,107.2303,0.9997
2025-11-12 12:37:05,7.7354,136.5858,0.9996
2025-11-12 12:37:05,7.7370,133.1956,0.9996
2025-11-12 12:37:05,7.7374,127.6175,0.9996
2025-11-12 12:37:05,7.7382,125.0671,0.9996
2025-11-12 12:37:05,7.7388,136.6592,0.9996
2025-11-12 12:37:06,7.7371,142.1582,0.9996
2025-11-12 12:37:06,7.7369,145.1073,0.9996
2025-11-12 12:37:06,7.7355,149.0395,0.9995
2025-11-12 12:37:06,7.7357,152.5679,0.9995
2025-11-12 12:37:06,7.7366,149.6528,0.9995
2025-11-12 12:37:06,7.7363,154.9014,0.9995
2025-11-12 12:37:06,7.7357,158.1636,0.9995
2025-11-12 12:37:06,7.7355,153.4346,0.9995
2025-11-12 12:37:06,7.7336,159.1489,0.9995
2025-11-12 12:37:06,7.7337,158.0773,0.9995
2025-11-12 12:37:06,7.7339,157.1692,0.9995
2025-11-12 12:37:07,7.7347,177.2906,0.9995
2025-11-12 12:37:07,7.7356,173.1094,0.9995
2025-11-12 12:37:07,7.7357,170.7563,0.9995
2025-11-12 12:37:07,7.7372,164.7732,0.9995
2025-11-12 12:37:07,7.7359,132.6093,0.9996
2025-11-12 12:37:07,7.7372,128.8817,0.9996
2025-11-12 12:37:07,7.7389,104.4382,0.9997
2025-11-12 12:37:07,7.7389,104.4382,0.9997
2025-11-12 12:37:09,7.7400,127.0259,0.9996
2025-11-12 12:37:10,7.7395,129.1294,0.9996
2025-11-12 12:37:10,7.7385,143.0013,0.9996
2025-11-12 12:37:10,7.7386,142.4961,0.9996
2025-11-12 12:37:10,7.7390,151.8201,0.9995
2025-11-12 12:37:10,7.7395,150.2091,0.9995
2025-11-12 12:37:10,7.7390,157.4957,0.9995
2025-11-12 12:37:10,7.7373,165.6756,0.9995
2025-11-12 12:37:10,7.7374,166.6874,0.9995
2025-11-12 12:37:10,7.7358,172.1041,0.9995
2025-11-12 12:37:10,7.7365,162.6671,0.9995
2025-11-12 12:37:11,7.7322,205.7273,0.9994
2025-11-12 12:37:11,7.7322,207.8792,0.9994
2025-11-12 12:37:11,7.7316,209.9991,0.9994
2025-11-12 12:37:11,7.7327,199.8513,0.9994
2025-11-12 12:37:11,7.7315,219.1514,0.9993
2025-11-12 12:37:11,7.7321,237.5122,0.9993
2025-11-12 12:37:11,7.7340,232.8838,0.9993
2025-11-12 12:37:11,7.7334,238.7518,0.9993
2025-11-12 12:37:12,7.7390,167.9083,0.9995
2025-11-12 12:37:12,7.7391,172.1836,0.9995
2025-11-12 12:37:12,7.7385,175.0587,0.9995
2025-11-12 12:37:12,7.7367,201.3202,0.9994
2025-11-12 12:37:12,7.7373,197.9450,0.9994
2025-11-12 12:37:12,7.7374,199.9624,0.9994
2025-11-12 12:37:12,7.7373,200.3526,0.9994
2025-11-12 12:37:12,7.7377,193.5199,0.9994
2025-11-12 12:37:13,7.7388,189.0612,0.9994
2025-11-12 12:37:13,7.7392,200.9641,0.9994
2025-11-12 12:37:13,7.7400,197.2167,0.9994
2025-11-12 12:37:13,7.7416,170.4381,0.9995
2025-11-12 12:37:13,7.7416,170.4381,0.9995
2025-11-12 12:37:13,7.7412,158.3422,0.9995
2025-11-12 12:37:13,7.7403,163.6064,0.9995
2025-11-12 12:37:13,7.7383,193.7692,0.9994
2025-11-12 12:37:13,7.7374,197.1320,0.9994
2025-11-12 12:37:14,7.7368,180.0893,0.9995
2025-11-12 12:37:14,7.7358,185.0758,0.9994
2025-11-12 12:37:14,7.7353,193.7119,0.9994
2025-11-12 12:37:14,7.7366,191.1742,0.9994
2025-11-12 12:37:14,7.7376,217.0928,0.9993
2025-11-12 12:37:14,7.7384,211.6283,0.9994
2025-11-12 12:37:14,7.7412,167.2892,0.9995
2025-11-12 12:37:14,7.7381,187.5106,0.9994
2025-11-12 12:37:15,7.7376,175.0344,0.9995
2025-11-12 12:37:15,7.7379,173.5424,0.9995
2025-11-12 12:37:15,7.7356,204.4938,0.9994
2025-11-12 12:37:15,7.7370,195.5547,0.9994
2025-11-12 12:37:15,7.7375,209.6420,0.9994
2025-11-12 12:37:15,7.7344,232.5789,0.9993
2025-11-12 12:37:15,7.7363,208.0165,0.9994
2025-11-12 12:37:15,7.7380,202.4245,0.9994
2025-11-12 12:37:15,7.7371,176.4970,0.9995
2025-11-12 12:37:15,7.7359,191.6648,0.9994
2025-11-12 12:37:16,7.7339,217.1922,0.9993
2025-11-12 12:37:16,7.7324,217.6602,0.9993
2025-11-12 12:37:16,7.7324,217.5813,0.9993
2025-11-12 12:37:16,7.7355,189.7648,0.9994
2025-11-12 12:37:16,7.7375,161.9005,0.9995
2025-11-12 12:37:16,7.7369,165.0230,0.9995
2025-11-12 12:37:16,7.7368,160.3579,0.9995
2025-11-12 12:37:16,7.7361,165.6813,0.9995
2025-11-12 12:37:16,7.7357,169.5255,0.9995
2025-11-12 12:37:17,7.7363,166.8424,0.9995
2025-11-12 12:37:17,7.7346,125.4857,0.9996
2025-11-12 12:37:17,7.7364,115.1356,0.9996
2025-11-12 12:37:17,7.7360,121.1545,0.9996
2025-11-12 12:37:17,7.7333,138.5209,0.9996
2025-11-12 12:37:17,7.7348,175.9908,0.9995
2025-11-12 12:37:17,7.7339,179.1846,0.9995
2025-11-12 12:37:17,7.7345,173.0698,0.9995
2025-11-12 12:37:18,7.7361,159.2713,0.9995
2025-11-12 12:37:18,7.7356,146.0021,0.9996
2025-11-12 12:37:18,7.7374,139.0542,0.9996
2025-11-12 12:37:18,7.7402,111.3937,0.9997
2025-11-12 12:37:18,7.7407,106.7792,0.9997
2025-11-12 12:37:18,7.7408,107.3674,0.9997
2025-11-12 12:37:18,7.7379,127.4962,0.9996
2025-11-12 12:37:18,7.7386,123.7816,0.9996
2025-11-12 12:37:19,7.7390,120.7758,0.9996
2025-11-12 12:37:19,7.7394,129.2828,0.9996
2025-11-12 12:37:19,7.7394,129.2157,0.9996
2025-11-12 12:37:19,7.7317,225.2742,0.9993
2025-11-12 12:37:19,7.7327,225.0314,0.9993
2025-11-12 12:37:19,7.7314,190.6369,0.9994
2025-11-12 12:37:19,7.7343,182.4991,0.9994
2025-11-12 12:37:19,7.7389,105.3889,0.9997
2025-11-12 12:37:19,7.7378,109.8224,0.9997
2025-11-12 12:37:20,7.7383,121.1699,0.9996
2025-11-12 12:37:20,7.7336,154.7250,0.9995
2025-11-12 12:37:20,7.7303,195.6619,0.9994
2025-11-12 12:37:20,7.7294,196.8705,0.9994
2025-11-12 12:37:20,7.7287,178.7321,0.9994
2025-11-12 12:37:20,7.7288,178.0634,0.9994
2025-11-12 12:37:20,7.7299,162.9093,0.9995
2025-11-12 12:37:20,7.7282,169.5752,0.9995
2025-11-12 12:37:21,7.7278,157.6583,0.9995
2025-11-12 12:37:21,7.7250,186.2704,0.9994
2025-11-12 12:37:21,7.7247,189.4274,0.9994
2025-11-12 12:37:21,7.7264,186.4942,0.9994
2025-11-12 12:37:21,7.7265,189.0993,0.9994
2025-11-12 12:37:21,7.7300,152.4824,0.9995
2025-11-12 12:37:21,7.7308,142.7560,0.9996
2025-11-12 12:37:21,7.7326,141.0867,0.9996
2025-11-12 12:37:21,7.7323,134.5863,0.9996
2025-11-12 12:37:22,7.7312,145.6532,0.9996
2025-11-12 12:37:22,7.7308,150.6886,0.9995
2025-11-12 12:37:22,7.7289,150.3072,0.9995
2025-11-12 12:37:22,7.7288,148.2119,0.9995
2025-11-12 12:37:22,7.7299,138.5375,0.9996
2025-11-12 12:37:22,7.7319,118.1168,0.9996
2025-11-12 12:37:22,7.7337,114.7303,0.9996
2025-11-12 12:37:22,7.7325,90.1750,0.9997
2025-11-12 12:37:22,7.7367,69.9711,0.9998
2025-11-12 12:37:22,7.7367,69.8699,0.9998
2025-11-12 12:37:23,7.7372,69.1717,0.9998
2025-11-12 12:37:23,7.7386,91.6623,0.9997
2025-11-12 12:37:23,7.7379,93.3859,0.9997
2025-11-12 12:37:23,7.7366,112.3539,0.9997
2025-11-12 12:37:23,7.7351,115.2593,0.9996
2025-11-12 12:37:23,7.7353,119.8798,0.9996
2025-11-12 12:37:23,7.7351,120.3093,0.9996
2025-11-12 12:37:23,7.7363,104.3223,0.9997
2025-11-12 12:37:23,7.7363,104.3223,0.9997
2025-11-12 12:37:23,7.7347,75.4354,0.9998
2025-11-12 12:37:24,7.7334,79.2866,0.9998
2025-11-12 12:37:24,7.7335,78.4417,0.9998
2025-11-12 12:37:24,7.7331,79.5482,0.9998
2025-11-12 12:37:24,7.7328,74.2310,0.9998
2025-11-12 12:37:24,7.7285,107.6957,0.9997
2025-11-12 12:37:24,7.7271,118.9327,0.9996
2025-11-12 12:37:25,7.7245,123.6379,0.9996
2025-11-12 12:37:25,7.7158,7.8318,1.0000
2025-11-12 12:37:25,7.7129,25.9766,0.9999
2025-11-12 12:37:25,7.7124,26.3693,0.9999
2025-11-12 12:37:25,7.7140,34.5174,0.9999
2025-11-12 12:37:25,7.7170,60.1710,0.9998
2025-11-12 12:37:25,7.7181,48.6953,0.9998
2025-11-12 12:37:25,7.7175,51.8410,0.9998
2025-11-12 12:37:25,7.7175,51.5729,0.9998
2025-11-12 12:37:26,7.7208,100.8742,0.9997
2025-11-12 12:37:26,7.7140,219.1545,0.9993
2025-11-12 12:37:26,7.7149,216.3550,0.9993
2025-11-12 12:37:26,7.7171,233.9050,0.9993
2025-11-12 12:37:26,7.7190,276.4138,0.9991
2025-11-12 12:37:26,7.7316,83.3908,0.9997
2025-11-12 12:37:26,7.7315,85.4308,0.9997
2025-11-12 12:37:27,7.7306,85.3120,0.9997
2025-11-12 12:37:27,7.7280,48.1721,0.9999
2025-11-12 12:37:27,7.7279,48.3663,0.9998
2025-11-12 12:37:27,7.7280,47.0246,0.9999
2025-11-12 12:37:27,7.7273,46.7865,0.9999
2025-11-12 12:37:27,7.7340,175.7843,0.9995
2025-11-12 12:37:27,7.7362,167.7297,0.9995
2025-11-12 12:37:27,7.7362,167.4866,0.9995
2025-11-12 12:37:27,7.7376,160.4206,0.9995
2025-11-12 12:37:27,7.7370,146.5440,0.9996
2025-11-12 12:37:27,7.7373,145.9417,0.9996
2025-11-12 12:37:28,7.7386,126.6684,0.9996
2025-11-12 12:37:28,7.7376,131.6162,0.9996
2025-11-12 12:37:28,7.7384,149.2414,0.9995
2025-11-12 12:37:28,7.7387,148.5679,0.9995
2025-11-12 12:37:28,7.7378,162.4092,0.9995
2025-11-12 12:37:28,7.7376,163.9373,0.9995
2025-11-12 12:37:28,7.7364,137.9041,0.9996
2025-11-12 12:37:28,7.7346,141.7514,0.9996
2025-11-12 12:37:29,7.7343,145.0777,0.9996
2025-11-12 12:37:29,7.7353,141.6673,0.9996
2025-11-12 12:37:29,7.7356,148.9927,0.9995
2025-11-12 12:37:29,7.7362,146.7376,0.9996
2025-11-12 12:37:29,7.7361,147.8380,0.9995
2025-11-12 12:37:29,7.7357,149.1503,0.9995
2025-11-12 12:37:29,7.7355,144.8419,0.9996
2025-11-12 12:37:29,7.7345,149.1047,0.9995
2025-11-12 12:37:30,7.7358,131.7370,0.9996
2025-11-12 12:37:30,7.7369,128.6882,0.9996
2025-11-12 12:37:30,7.7373,139.0774,0.9996
2025-11-12 12:37:30,7.7353,156.6004,0.9995
2025-11-12 12:37:30,7.7357,152.0227,0.9995
2025-11-12 12:37:30,7.7346,154.5414,0.9995
2025-11-12 12:37:30,7.7344,149.6219,0.9995
2025-11-12 12:37:30,7.7352,142.1810,0.9996
2025-11-12 12:37:30,7.7335,162.8584,0.9995
2025-11-12 12:37:30,7.7336,162.6686,0.9995
2025-11-12 12:37:30,7.7337,166.9757,0.9995
2025-11-12 12:37:31,7.7290,223.8078,0.9993
2025-11-12 12:37:31,7.7290,223.4988,0.9993
2025-11-12 12:37:31,7.7301,225.0891,0.9993
2025-11-12 12:37:31,7.7293,202.9959,0.9994
2025-11-12 12:37:31,7.7369,130.8501,0.9996
2025-11-12 12:37:31,7.7386,106.0227,0.9997
2025-11-12 12:37:31,7.7376,110.2930,0.9997
2025-11-12 12:37:31,7.7381,121.0780,0.9996
2025-11-12 12:37:31,7.7380,121.3015,0.9996
2025-11-12 12:37:31,7.7377,125.2719,0.9996
2025-11-12 12:37:32,7.7379,124.0306,0.9996
2025-11-12 12:37:32,7.7377,118.0941,0.9996
2025-11-12 12:37:32,7.7359,126.4760,0.9996
2025-11-12 12:37:32,7.7354,132.0637,0.9996
2025-11-12 12:37:32,7.7347,134.8639,0.9996
2025-11-12 12:37:32,7.7340,119.4953,0.9996
2025-11-12 12:37:32,7.7332,124.1554,0.9996
2025-11-12 12:37:32,7.7338,117.8532,0.9996
2025-11-12 12:37:32,7.7352,114.3263,0.9997
2025-11-12 12:37:32,7.7364,139.4636,0.9996
2025-11-12 12:37:32,7.7391,122.6862,0.9996
2025-11-12 12:37:32,7.7392,121.2518,0.9996
2025-11-12 12:37:33,7.7389,122.4161,0.9996
2025-11-12 12:37:33,7.7388,120.8553,0.9996
2025-11-12 12:37:33,7.7378,125.1399,0.9996
2025-11-12 12:37:33,7.7371,134.7773,0.9996
2025-11-12 12:37:33,7.7367,136.0898,0.9996
2025-11-12 12:37:33,7.7370,141.6051,0.9996
2025-11-12 12:37:33,7.7369,142.0999,0.9996
2025-11-12 12:37:33,7.7376,131.9363,0.9996
2025-11-12 12:37:33,7.7367,136.7901,0.9996
2025-11-12 12:37:34,7.7366,132.7935,0.9996
2025-11-12 12:37:34,7.7360,135.5406,0.9996
2025-11-12 12:37:34,7.7348,150.9647,0.9995
2025-11-12 12:37:34,7.7350,150.0692,0.9995
2025-11-12 12:37:34,7.7351,154.0661,0.9995
2025-11-12 12:37:34,7.7338,162.6673,0.9995
2025-11-12 12:37:34,7.7350,148.3262,0.9995
2025-11-12 12:37:34,7.7365,143.5683,0.9996
2025-11-12 12:37:34,7.7363,137.5936,0.9996
2025-11-12 12:37:35,7.7374,128.7697,0.9996
2025-11-12 12:37:35,7.7373,129.4395,0.9996
2025-11-12 12:37:35,7.7356,135.8581,0.9996
2025-11-12 12:37:35,7.7357,137.2681,0.9996
2025-11-12 12:37:35,7.7334,155.5287,0.9995
2025-11-12 12:37:35,7.7339,151.0296,0.9995
2025-11-12 12:37:35,7.7349,147.6240,0.9995
2025-11-12 12:37:35,7.7351,150.7932,0.9995
2025-11-12 12:37:35,7.7355,145.6059,0.9996
2025-11-12 12:37:35,7.7329,177.5472,0.9995
2025-11-12 12:37:36,7.7333,177.2669,0.9995
2025-11-12 12:37:36,7.7323,151.5992,0.9995
2025-11-12 12:37:36,7.7361,133.4054,0.9996
2025-11-12 12:37:36,7.7366,126.0310,0.9996
2025-11-12 12:37:36,7.7371,125.0338,0.9996
2025-11-12 12:37:36,7.7351,89.7725,0.9997
2025-11-12 12:37:36,7.7344,90.5734,0.9997
2025-11-12 12:37:36,7.7345,89.2875,0.9997
2025-11-12 12:37:37,7.7329,91.0880,0.9997
2025-11-12 12:37:37,7.7307,57.9790,0.9998
2025-11-12 12:37:37,7.7299,58.1374,0.9998
2025-11-12 12:37:37,7.7294,63.1305,0.9998
2025-11-12 12:37:37,7.7300,63.2274,0.9998
2025-11-12 12:37:37,7.7339,130.0133,0.9996
2025-11-12 12:37:37,7.7347,127.6647,0.9996
2025-11-12 12:37:37,7.7349,124.2528,0.9996
2025-11-12 12:37:37,7.7343,126.0952,0.9996
2025-11-12 12:37:37,7.7339,117.5041,0.9996
2025-11-12 12:37:38,7.7335,118.4117,0.9996
2025-11-12 12:37:38,7.7351,98.3593,0.9997
2025-11-12 12:37:38,7.7364,94.6706,0.9997
2025-11-12 12:37:38,7.7374,115.7462,0.9996
2025-11-12 12:37:38,7.7383,111.9397,0.9997
2025-11-12 12:37:38,7.7370,131.8443,0.9996
2025-11-12 12:37:38,7.7360,134.8586,0.9996
2025-11-12 12:37:38,7.7356,126.7092,0.9996
2025-11-12 12:37:39,7.7343,130.2468,0.9996
2025-11-12 12:37:39,7.7319,169.7299,0.9995
2025-11-12 12:37:39,7.7319,169.7299,0.9995
2025-11-12 12:37:39,7.7317,165.5284,0.9995
2025-11-12 12:37:39,7.7335,164.4888,0.9995
2025-11-12 12:37:39,7.7361,119.8008,0.9996
2025-11-12 12:37:39,7.7361,119.8008,0.9996
2025-11-12 12:37:39,7.7379,160.5540,0.9995
2025-11-12 12:37:39,7.7360,167.6393,0.9995
2025-11-12 12:37:40,7.7359,168.8834,0.9995
2025-11-12 12:37:40,7.7366,166.4166,0.9995
2025-11-12 12:37:40,7.7363,157.1379,0.9995
2025-11-12 12:37:40,7.7381,149.9900,0.9995
2025-11-12 12:37:40,7.7378,153.8083,0.9995
2025-11-12 12:37:40,7.7362,161.3762,0.9995
2025-11-12 12:37:40,7.7362,161.3762,0.9995
2025-11-12 12:37:40,7.7341,167.8595,0.9995
2025-11-12 12:37:40,7.7329,187.3579,0.9994
2025-11-12 12:37:41,7.7332,186.0915,0.9994
2025-11-12 12:37:41,7.7332,186.0915,0.9994
2025-11-12 12:37:41,7.7347,181.4476,0.9994
2025-11-12 12:37:41,7.7376,137.6838,0.9996
2025-11-12 12:37:41,7.7351,159.7757,0.9995
2025-11-12 12:37:41,7.7349,154.6471,0.9995
2025-11-12 12:37:41,7.7335,158.6295,0.9995
2025-11-12 12:37:41,7.7311,188.9252,0.9994
2025-11-12 12:37:41,7.7321,180.9763,0.9994
2025-11-12 12:37:42,7.7319,176.6358,0.9995
2025-11-12 12:37:42,7.7294,191.3238,0.9994
2025-11-12 12:37:42,7.7305,177.6152,0.9995
2025-11-12 12:37:42,7.7339,170.0960,0.9995
2025-11-12 12:37:42,7.7345,185.2068,0.9994
2025-11-12 12:37:42,7.7387,153.8667,0.9995
2025-11-12 12:37:42,7.7403,130.0964,0.9996
2025-11-12 12:37:42,7.7403,130.0964,0.9996
2025-11-12 12:37:42,7.7401,125.1950,0.9996
2025-11-12 12:37:42,7.7393,128.8180,0.9996
2025-11-12 12:37:43,7.7370,164.5550,0.9995
2025-11-12 12:37:43,7.7356,167.4178,0.9995
2025-11-12 12:37:43,7.7359,173.2785,0.9995
2025-11-12 12:37:43,7.7356,174.2614,0.9995
2025-11-12 12:37:43,7.7374,147.4197,0.9996
2025-11-12 12:37:44,7.7373,148.2061,0.9995
2025-11-12 12:37:44,7.7371,143.3617,0.9996
2025-11-12 12:37:44,7.7345,161.8547,0.9995
2025-11-12 12:37:44,7.7316,203.7427,0.9994
2025-11-12 12:37:44,7.7311,204.4986,0.9994
2025-11-12 12:37:44,7.7317,221.4722,0.9993
2025-11-12 12:37:44,7.7329,213.2734,0.9993
2025-11-12 12:37:44,7.7342,191.5267,0.9994
2025-11-12 12:37:45,7.7343,191.1070,0.9994
2025-11-12 12:37:45,7.7338,177.3244,0.9995
2025-11-12 12:37:45,7.7338,177.1930,0.9995
2025-11-12 12:37:45,7.7345,167.3128,0.9995
2025-11-12 12:37:45,7.7340,169.7186,0.9995
2025-11-12 12:37:45,7.7342,174.3281,0.9995
2025-11-12 12:37:45,7.7361,165.6238,0.9995
2025-11-12 12:37:45,7.7354,176.4522,0.9995
2025-11-12 12:37:46,7.7347,180.8943,0.9994
2025-11-12 12:37:46,7.7340,164.0420,0.9995
2025-11-12 12:37:46,7.7336,164.8633,0.9995
2025-11-12 12:37:46,7.7317,196.5195,0.9994
2025-11-12 12:37:46,7.7279,230.3008,0.9993
2025-11-12 12:37:46,7.7279,231.6943,0.9993
2025-11-12 12:37:46,7.7291,234.6116,0.9993
2025-11-12 12:37:46,7.7302,216.4738,0.9993
2025-11-12 12:37:46,7.7318,197.0341,0.9994
2025-11-12 12:37:47,7.7312,180.7850,0.9994
2025-11-12 12:37:47,7.7278,184.1844,0.9994
2025-11-12 12:37:47,7.7284,176.4614,0.9995
2025-11-12 12:37:47,7.7305,161.7685,0.9995
2025-11-12 12:37:47,7.7284,112.2245,0.9997
2025-11-12 12:37:47,7.7274,117.4282,0.9996
2025-11-12 12:37:47,7.7277,114.3546,0.9996
2025-11-12 12:37:47,7.7279,113.8545,0.9996
2025-11-12 12:37:47,7.7272,99.5048,0.9997
2025-11-12 12:37:48,7.7297,89.8370,0.9997
2025-11-12 12:37:48,7.7300,86.8982,0.9997
2025-11-12 12:37:48,7.7321,83.0720,0.9997
2025-11-12 12:37:48,7.7315,72.9142,0.9998
2025-11-12 12:37:48,7.7328,71.2916,0.9998
2025-11-12 12:37:48,7.7346,49.9305,0.9998
2025-11-12 12:37:48,7.7346,49.9305,0.9998
2025-11-12 12:37:48,7.7382,109.3007,0.9997
2025-11-12 12:37:48,7.7386,107.9810,0.9997
2025-11-12 12:37:48,7.7368,134.5558,0.9996
2025-11-12 12:37:48,7.7368,134.5558,0.9996
2025-11-12 12:37:49,7.7370,139.2159,0.9996
2025-11-12 12:37:49,7.7367,139.7734,0.9996
2025-11-12 12:37:49,7.7371,133.3284,0.9996
2025-11-12 12:37:49,7.7365,135.7517,0.9996
2025-11-12 12:37:49,7.7369,145.2970,0.9996
2025-11-12 12:37:49,7.7369,145.2970,0.9996
2025-11-12 12:37:49,7.7380,129.4641,0.9996
2025-11-12 12:37:49,7.7374,133.0079,0.9996
2025-11-12 12:37:49,7.7377,139.5494,0.9996
2025-11-12 12:37:49,7.7372,141.3828,0.9996
2025-11-12 12:37:50,7.7356,162.7481,0.9995
2025-11-12 12:37:50,7.7349,166.9950,0.9995
2025-11-12 12:37:50,7.7351,173.1441,0.9995
2025-11-12 12:37:50,7.7349,173.8891,0.9995
2025-11-12 12:37:50,7.7365,152.2785,0.9995
2025-11-12 12:37:50,7.7378,143.8317,0.9996
2025-11-12 12:37:50,7.7369,121.9707,0.9996
2025-11-12 12:37:50,7.7359,127.1245,0.9996
2025-11-12 12:37:51,7.7360,126.2967,0.9996
2025-11-12 12:37:51,7.7358,126.8982,0.9996
2025-11-12 12:37:51,7.7369,153.4796,0.9995
2025-11-12 12:37:51,7.7343,178.4784,0.9995
2025-11-12 12:37:51,7.7325,199.3774,0.9994
2025-11-12 12:37:51,7.7330,198.5873,0.9994
2025-11-12 12:37:51,7.7322,178.9164,0.9995
2025-11-12 12:37:51,7.7363,151.4945,0.9995
2025-11-12 12:37:51,7.7381,125.9610,0.9996
2025-11-12 12:37:52,7.7378,127.4495,0.9996
2025-11-12 12:37:52,7.7385,144.5051,0.9996
2025-11-12 12:37:52,7.7357,164.6731,0.9995
2025-11-12 12:37:52,7.7338,187.8367,0.9994
2025-11-12 12:37:52,7.7330,190.6567,0.9994
2025-11-12 12:37:52,7.7317,155.7608,0.9995
2025-11-12 12:37:52,7.7349,142.3524,0.9996
2025-11-12 12:37:52,7.7354,135.0172,0.9996
2025-11-12 12:37:52,7.7349,138.3265,0.9996
2025-11-12 12:37:53,7.7337,112.4183,0.9997
2025-11-12 12:37:53,7.7337,112.4183,0.9997
2025-11-12 12:37:53,7.7333,117.8465,0.9996
2025-11-12 12:37:53,7.7346,111.9287,0.9997
2025-11-12 12:37:53,7.7362,144.1047,0.9996
2025-11-12 12:37:53,7.7356,145.5145,0.9996
2025-11-12 12:37:53,7.7373,121.3999,0.9996
2025-11-12 12:37:54,7.7384,117.2689,0.9996
2025-11-12 12:37:54,7.7384,117.2689,0.9996
2025-11-12 12:37:54,7.7390,114.7817,0.9997
2025-11-12 12:37:54,7.7390,114.9062,0.9997
2025-11-12 12:37:54,7.7372,123.5596,0.9996
2025-11-12 12:37:54,7.7366,109.7995,0.9997
2025-11-12 12:37:54,7.7365,110.0261,0.9997
2025-11-12 12:37:54,7.7341,142.0159,0.9996
2025-11-12 12:37:54,7.7348,139.2936,0.9996
2025-11-12 12:37:55,7.7341,123.5394,0.9996
2025-11-12 12:37:55,7.7342,123.4735,0.9996
2025-11-12 12:37:55,7.7350,111.6045,0.9997
2025-11-12 12:37:55,7.7340,115.6782,0.9996
2025-11-12 12:37:55,7.7353,143.0877,0.9996
2025-11-12 12:37:55,7.7329,151.5405,0.9995
2025-11-12 12:37:55,7.7329,151.7381,0.9995
2025-11-12 12:37:55,7.7344,147.1710,0.9995
2025-11-12 12:37:55,7.7332,120.9556,0.9996
2025-11-12 12:37:56,7.7336,119.0060,0.9996
2025-11-12 12:37:56,7.7350,101.8576,0.9997
2025-11-12 12:37:56,7.7339,104.9214,0.9997
2025-11-12 12:37:56,7.7346,119.3525,0.9996
2025-11-12 12:37:56,7.7352,116.1033,0.9996
2025-11-12 12:37:56,7.7337,134.1681,0.9996
2025-11-12 12:37:56,7.7334,135.4760,0.9996
2025-11-12 12:37:56,7.7333,133.7596,0.9996
2025-11-12 12:37:57,7.7323,138.7861,0.9996
2025-11-12 12:37:57,7.7339,120.1089,0.9996
2025-11-12 12:37:57,7.7356,114.8748,0.9996
2025-11-12 12:37:57,7.7351,103.9031,0.9997
2025-11-12 12:37:57,7.7365,95.0886,0.9997
2025-11-12 12:37:57,7.7319,166.3906,0.9995
2025-11-12 12:37:57,7.7310,166.4651,0.9995
2025-11-12 12:37:57,7.7303,152.3155,0.9995
2025-11-12 12:37:58,7.7301,152.5539,0.9995
2025-11-12 12:37:58,7.7322,116.6966,0.9996
2025-11-12 12:37:58,7.7320,117.2386,0.9996
2025-11-12 12:37:58,7.7343,170.3534,0.9995
2025-11-12 12:37:58,7.7353,167.4377,0.9995
2025-11-12 12:37:58,7.7360,155.6043,0.9995
2025-11-12 12:37:58,7.7364,153.9644,0.9995
2025-11-12 12:37:58,7.7353,129.7966,0.9996
2025-11-12 12:37:59,7.7345,132.0117,0.9996
2025-11-12 12:37:59,7.7356,118.4990,0.9996
2025-11-12 12:37:59,7.7356,118.5179,0.9996
2025-11-12 12:37:59,7.7362,133.8680,0.9996
2025-11-12 12:37:59,7.7362,134.0930,0.9996
2025-11-12 12:37:59,7.7355,144.1374,0.9996
2025-11-12 12:37:59,7.7345,148.5531,0.9995
2025-11-12 12:37:59,7.7338,132.7384,0.9996
2025-11-12 12:37:59,7.7341,131.9735,0.9996
2025-11-12 12:37:59,7.7352,117.8662,0.9996
2025-11-12 12:38:00,7.7370,110.3509,0.9997
2025-11-12 12:38:00,7.7366,103.3041,0.9997
2025-11-12 12:38:00,7.7387,98.1675,0.9997
2025-11-12 12:38:00,7.7390,95.1606,0.9997
2025-11-12 12:38:00,7.7382,98.5323,0.9997
2025-11-12 12:38:00,7.7387,107.6381,0.9997
2025-11-12 12:38:00,7.7346,125.2371,0.9996
2025-11-12 12:38:00,7.7328,146.7821,0.9995
2025-11-12 12:38:01,7.7323,148.0023,0.9995
2025-11-12 12:38:01,7.7333,172.8129,0.9995
2025-11-12 12:38:01,7.7334,171.7492,0.9995
2025-11-12 12:38:01,7.7351,151.0954,0.9995
2025-11-12 12:38:01,7.7349,152.1220,0.9995
2025-11-12 12:38:01,7.7350,155.5514,0.9995
2025-11-12 12:38:01,7.7334,170.5889,0.9995
2025-11-12 12:38:01,7.7334,171.3926,0.9995
2025-11-12 12:38:02,7.7340,169.0673,0.9995
2025-11-12 12:38:02,7.7330,143.9725,0.9996
2025-11-12 12:38:02,7.7356,122.3799,0.9996
2025-11-12 12:38:02,7.7341,141.3558,0.9996
2025-11-12 12:38:02,7.7334,143.7735,0.9996
2025-11-12 12:38:02,7.7331,135.5608,0.9996
2025-11-12 12:38:02,7.7301,156.9773,0.9995
2025-11-12 12:38:02,7.7315,141.8972,0.9996
2025-11-12 12:38:02,7.7322,140.3351,0.9996
2025-11-12 12:38:03,7.7324,144.8968,0.9996
2025-11-12 12:38:03,7.7366,113.6160,0.9997
2025-11-12 12:38:03,7.7351,133.9881,0.9996
2025-11-12 12:38:03,7.7343,137.4199,0.9996
2025-11-12 12:38:03,7.7348,149.1172,0.9995
2025-11-12 12:38:03,7.7353,148.0196,0.9995
2025-11-12 12:38:03,7.7370,125.8404,0.9996
2025-11-12 12:38:03,7.7375,122.6168,0.9996
2025-11-12 12:38:04,7.7367,106.7734,0.9997
2025-11-12 12:38:04,7.7376,105.6254,0.9997
2025-11-12 12:38:04,7.7374,107.4929,0.9997
2025-11-12 12:38:04,7.7387,101.7290,0.9997
2025-11-12 12:38:04,7.7391,108.0336,0.9997
2025-11-12 12:38:04,7.7383,109.8145,0.9997
2025-11-12 12:38:04,7.7369,130.3358,0.9996
2025-11-12 12:38:04,7.7351,137.1360,0.9996
2025-11-12 12:38:04,7.7341,116.9069,0.9996
2025-11-12 12:38:04,7.7343,116.8892,0.9996
2025-11-12 12:38:05,7.7343,117.8534,0.9996
2025-11-12 12:38:05,7.7359,112.3092,0.9997
2025-11-12 12:38:05,7.7366,125.2845,0.9996
2025-11-12 12:38:05,7.7356,127.5602,0.9996
2025-11-12 12:38:05,7.7358,123.7491,0.9996
2025-11-12 12:38:05,7.7346,127.4312,0.9996
2025-11-12 12:38:05,7.7342,120.4085,0.9996
2025-11-12 12:38:05,7.7347,119.5330,0.9996
2025-11-12 12:38:06,7.7361,101.6537,0.9997
2025-11-12 12:38:06,7.7359,102.6596,0.9997
2025-11-12 12:38:06,7.7366,117.2073,0.9996
2025-11-12 12:38:06,7.7340,130.7682,0.9996
2025-11-12 12:38:06,7.7323,150.4836,0.9995
2025-11-12 12:38:06,7.7301,162.7982,0.9995
2025-11-12 12:38:06,7.7286,127.1045,0.9996
2025-11-12 12:38:06,7.7214,204.3778,0.9994
2025-11-12 12:38:07,7.7232,196.0929,0.9994
2025-11-12 12:38:07,7.7260,194.4932,0.9994
2025-11-12 12:38:07,7.7279,245.6670,0.9992
2025-11-12 12:38:07,7.7340,149.0184,0.9995
2025-11-12 12:38:07,7.7338,151.0756,0.9995
2025-11-12 12:38:07,7.7337,151.3380,0.9995
2025-11-12 12:38:07,7.7327,128.6359,0.9996
2025-11-12 12:38:07,7.7213,355.6722,0.9989
2025-11-12 12:38:07,7.7197,361.9339,0.9989
2025-11-12 12:38:07,7.7182,355.5625,0.9989
2025-11-12 12:38:08,7.7145,251.4299,0.9992
2025-11-12 12:38:08,7.7247,81.3334,0.9997
2025-11-12 12:38:08,7.7266,69.1305,0.9998
2025-11-12 12:38:08,7.7278,67.8535,0.9998
2025-11-12 12:38:08,7.7304,113.9361,0.9996
2025-11-12 12:38:08,7.7275,153.1659,0.9995
2025-11-12 12:38:08,7.7274,153.7944,0.9995
2025-11-12 12:38:08,7.7270,153.7801,0.9995
2025-11-12 12:38:08,7.7277,169.1893,0.9995
2025-11-12 12:38:09,7.7319,116.1192,0.9996
2025-11-12 12:38:09,7.7308,126.7782,0.9996
2025-11-12 12:38:09,7.7319,125.0248,0.9996
2025-11-12 12:38:09,7.7313,113.5108,0.9997
2025-11-12 12:38:09,7.7278,154.5382,0.9995
2025-11-12 12:38:09,7.7272,160.4417,0.9995
2025-11-12 12:38:09,7.7256,159.0632,0.9995
2025-11-12 12:38:09,7.7169,27.5179,0.9999
2025-11-12 12:38:10,7.7214,10.9664,1.0000
2025-11-12 12:38:10,7.7208,15.2446,1.0000
2025-11-12 12:38:10,7.7192,13.4689,1.0000
2025-11-12 12:38:10,7.7136,16.3111,0.9999
2025-11-12 12:38:10,7.7139,18.3846,0.9999
2025-11-12 12:38:10,7.7149,16.2570,0.9999
2025-11-12 12:38:10,7.7193,44.7765,0.9999
2025-11-12 12:38:10,7.7181,57.1098,0.9998
2025-11-12 12:38:11,7.7203,69.5409,0.9998
2025-11-12 12:38:11,7.7184,81.4170,0.9997
2025-11-12 12:38:11,7.7169,66.5300,0.9998
2025-11-12 12:38:11,7.7144,99.6396,0.9997
2025-11-12 12:38:11,7.7103,69.0297,0.9998
2025-11-12 12:38:11,7.7126,66.8694,0.9998
2025-11-12 12:38:11,7.7136,80.0414,0.9997
2025-11-12 12:38:11,7.7217,19.2668,0.9999
2025-11-12 12:38:11,7.7257,20.7050,0.9999
2025-11-12 12:38:11,7.7268,14.0157,1.0000
2025-11-12 12:38:12,7.7257,9.8590,1.0000
2025-11-12 12:38:12,7.7237,18.7647,0.9999
2025-11-12 12:38:12,7.7229,15.3186,1.0000
2025-11-12 12:38:12,7.7210,24.0634,0.9999
2025-11-12 12:38:12,7.7190,16.3351,0.9999
2025-11-12 12:38:12,7.7159,35.5816,0.9999
2025-11-12 12:38:12,7.7164,40.2154,0.9999
2025-11-12 12:38:12,7.7161,41.3892,0.9999
2025-11-12 12:38:13,7.7173,47.3524,0.9998
2025-11-12 12:38:13,7.7196,29.2204,0.9999
2025-11-12 12:38:13,7.7205,37.1954,0.9999
2025-11-12 12:38:13,7.7225,27.4400,0.9999
2025-11-12 12:38:13,7.7220,26.3732,0.9999
2025-11-12 12:38:13,7.7253,12.7097,1.0000
2025-11-12 12:38:13,7.7248,9.4769,1.0000
2025-11-12 12:38:13,7.7230,20.3035,0.9999
2025-11-12 12:38:13,7.7235,21.0174,0.9999
2025-11-12 12:38:13,7.7220,22.8338,0.9999
2025-11-12 12:38:13,7.7229,30.1095,0.9999
2025-11-12 12:38:14,7.7235,26.1605,0.9999
2025-11-12 12:38:14,7.7251,32.3381,0.9999
2025-11-12 12:38:14,7.7278,26.7369,0.9999
2025-11-12 12:38:14,7.7281,28.6932,0.9999
2025-11-12 12:38:14,7.7281,28.8662,0.9999
2025-11-12 12:38:14,7.7272,26.6694,0.9999
2025-11-12 12:38:14,7.7219,49.4106,0.9998
2025-11-12 12:38:14,7.7208,38.8044,0.9999
2025-11-12 12:38:14,7.7225,32.8079,0.9999
2025-11-12 12:38:14,7.7235,39.1849,0.9999
2025-11-12 12:38:15,7.7344,39.7100,0.9999
2025-11-12 12:38:15,7.7348,39.5347,0.9999
2025-11-12 12:38:15,7.7346,40.7450,0.9999
2025-11-12 12:38:15,7.7336,42.1145,0.9999
2025-11-12 12:38:15,7.7329,35.4991,0.9999
2025-11-12 12:38:15,7.7326,35.2516,0.9999
2025-11-12 12:38:15,7.7322,38.9459,0.9999
2025-11-12 12:38:15,7.7312,41.5877,0.9999
2025-11-12 12:38:15,7.7326,59.4930,0.9998
2025-11-12 12:38:16,7.7326,59.4930,0.9998
2025-11-12 12:38:16,7.7311,76.8240,0.9998
2025-11-12 12:38:16,7.7311,76.5030,0.9998
2025-11-12 12:38:16,7.7252,23.1111,0.9999
2025-11-12 12:38:16,7.7252,23.1111,0.9999
2025-11-12 12:38:16,7.7252,22.5494,0.9999
2025-11-12 12:38:16,7.7270,26.4449,0.9999
2025-11-12 12:38:16,7.7366,137.8163,0.9996
2025-11-12 12:38:16,7.7366,137.8163,0.9996
2025-11-12 12:38:17,7.7370,131.9321,0.9996
2025-11-12 12:38:17,7.7362,134.5361,0.9996
2025-11-12 12:38:17,7.7369,151.3897,0.9995
2025-11-12 12:38:17,7.7370,151.3000,0.9995
2025-11-12 12:38:17,7.7384,131.5184,0.9996
2025-11-12 12:38:17,7.7379,134.3280,0.9996
2025-11-12 12:38:17,7.7372,118.0031,0.9996
2025-11-12 12:38:17,7.7371,118.0965,0.9996
2025-11-12 12:38:17,7.7362,129.9295,0.9996
2025-11-12 12:38:18,7.7373,125.1806,0.9996
2025-11-12 12:38:18,7.7378,136.1619,0.9996
2025-11-12 12:38:18,7.7368,140.1742,0.9996
2025-11-12 12:38:18,7.7376,129.5408,0.9996
2025-11-12 12:38:18,7.7352,143.6094,0.9996
2025-11-12 12:38:18,7.7344,126.6306,0.9996
2025-11-12 12:38:18,7.7337,129.5710,0.9996
2025-11-12 12:38:18,7.7321,147.7004,0.9995
2025-11-12 12:38:19,7.7309,156.3771,0.9995
2025-11-12 12:38:19,7.7304,143.4847,0.9996
2025-11-12 12:38:19,7.7306,143.1241,0.9996
2025-11-12 12:38:19,7.7324,123.9871,0.9996
2025-11-12 12:38:19,7.7362,102.3983,0.9997
2025-11-12 12:38:19,7.7360,99.5211,0.9997
2025-11-12 12:38:19,7.7339,116.3639,0.9996
2025-11-12 12:38:19,7.7322,135.7311,0.9996
2025-11-12 12:38:20,7.7315,135.8082,0.9996
2025-11-12 12:38:20,7.7317,138.5950,0.9996
2025-11-12 12:38:20,7.7320,136.1589,0.9996
2025-11-12 12:38:20,7.7320,135.8296,0.9996
2025-11-12 12:38:20,7.7321,135.6944,0.9996
2025-11-12 12:38:20,7.7322,137.7955,0.9996
2025-11-12 12:38:20,7.7346,124.1143,0.9996
2025-11-12 12:38:20,7.7362,102.7784,0.9997
2025-11-12 12:38:21,7.7356,105.1157,0.9997
2025-11-12 12:38:21,7.7293,18.1300,0.9999
2025-11-12 12:38:21,7.7300,18.4422,0.9999
2025-11-12 12:38:21,7.7287,28.7605,0.9999
2025-11-12 12:38:21,7.7296,29.6801,0.9999
2025-11-12 12:38:21,7.7320,51.4888,0.9998
2025-11-12 12:38:21,7.7306,53.5778,0.9998
2025-11-12 12:38:21,7.7273,99.3193,0.9997
2025-11-12 12:38:21,7.7263,96.9763,0.9997
2025-11-12 12:38:22,7.7266,102.6397,0.9997
2025-11-12 12:38:22,7.7254,104.4999,0.9997
2025-11-12 12:38:22,7.7284,66.5868,0.9998
2025-11-12 12:38:22,7.7297,68.4718,0.9998
2025-11-12 12:38:22,7.7343,156.3066,0.9995
2025-11-12 12:38:22,7.7365,142.2249,0.9996
2025-11-12 12:38:22,7.7362,147.1033,0.9996
2025-11-12 12:38:23,7.7348,151.4840,0.9995
2025-11-12 12:38:23,7.7353,164.4173,0.9995
2025-11-12 12:38:23,7.7345,167.8830,0.9995
2025-11-12 12:38:23,7.7365,141.6893,0.9996
2025-11-12 12:38:23,7.7369,139.3166,0.9996
2025-11-12 12:38:23,7.7366,130.7656,0.9996
2025-11-12 12:38:23,7.7375,125.5667,0.9996
2025-11-12 12:38:23,7.7374,127.0669,0.9996
2025-11-12 12:38:23,7.7382,123.8672,0.9996
2025-11-12 12:38:24,7.7384,129.9023,0.9996
2025-11-12 12:38:24,7.7389,127.5979,0.9996
2025-11-12 12:38:24,7.7388,130.0363,0.9996
2025-11-12 12:38:24,7.7388,129.8458,0.9996
2025-11-12 12:38:24,7.7393,141.9571,0.9996
2025-11-12 12:38:24,7.7390,143.8052,0.9996
2025-11-12 12:38:24,7.7367,179.4326,0.9995
2025-11-12 12:38:24,7.7374,178.2480,0.9995
2025-11-12 12:38:24,7.7366,159.8320,0.9995
2025-11-12 12:38:24,7.7384,156.4697,0.9995
2025-11-12 12:38:24,7.7403,123.9926,0.9996
2025-11-12 12:38:25,7.7403,123.9926,0.9996
2025-11-12 12:38:25,7.7408,136.3324,0.9996
2025-11-12 12:38:25,7.7396,140.0092,0.9996
2025-11-12 12:38:25,7.7382,163.2591,0.9995
2025-11-12 12:38:25,7.7362,170.1272,0.9995
2025-11-12 12:38:25,7.7358,160.8387,0.9995
2025-11-12 12:38:25,7.7360,160.5211,0.9995
2025-11-12 12:38:25,7.7364,154.4368,0.9995
2025-11-12 12:38:25,7.7378,148.5788,0.9995
2025-11-12 12:38:25,7.7380,151.6466,0.9995
2025-11-12 12:38:25,7.7382,151.0342,0.9995
2025-11-12 12:38:26,7.7384,147.8520,0.9996
2025-11-12 12:38:26,7.7382,148.4523,0.9995
2025-11-12 12:38:26,7.7375,131.0905,0.9996
2025-11-12 12:38:26,7.7360,135.4901,0.9996
2025-11-12 12:38:26,7.7375,115.1224,0.9996
2025-11-12 12:38:26,7.7381,113.8008,0.9997
2025-11-12 12:38:26,7.7378,109.3342,0.9997
2025-11-12 12:38:26,7.7375,111.3786,0.9997
2025-11-12 12:38:26,7.7335,173.9442,0.9995
2025-11-12 12:38:26,7.7322,174.3181,0.9995
2025-11-12 12:38:26,7.7320,169.8360,0.9995
2025-11-12 12:38:26,7.7336,167.9823,0.9995
2025-11-12 12:38:27,7.7371,111.9730,0.9997
2025-11-12 12:38:27,7.7371,111.9868,0.9997
2025-11-12 12:38:27,7.7377,123.7094,0.9996
2025-11-12 12:38:27,7.7211,410.7546,0.9987
2025-11-12 12:38:27,7.7175,433.5879,0.9986
2025-11-12 12:38:27,7.7175,433.6036,0.9986
2025-11-12 12:38:27,7.7165,402.9562,0.9987
2025-11-12 12:38:27,7.7172,384.0046,0.9988
2025-11-12 12:38:27,7.7204,363.3707,0.9989
2025-11-12 12:38:27,7.7204,363.3586,0.9989
2025-11-12 12:38:27,7.7216,402.7222,0.9987
2025-11-12 12:38:27,7.7315,184.8351,0.9994
2025-11-12 12:38:28,7.7309,191.3064,0.9994
2025-11-12 12:38:28,7.7301,192.5681,0.9994
2025-11-12 12:38:28,7.7292,168.9510,0.9995
2025-11-12 12:38:28,7.7298,162.1484,0.9995
2025-11-12 12:38:28,7.7306,154.0813,0.9995
2025-11-12 12:38:28,7.7322,152.4065,0.9995
2025-11-12 12:38:28,7.7302,108.5250,0.9997
2025-11-12 12:38:28,7.7344,78.2732,0.9998
2025-11-12 12:38:28,7.7351,70.9310,0.9998
2025-11-12 12:38:28,7.7342,72.6032,0.9998
2025-11-12 12:38:28,7.7338,65.9975,0.9998
2025-11-12 12:38:29,7.7326,70.5046,0.9998
2025-11-12 12:38:29,7.7308,89.9592,0.9997
2025-11-12 12:38:29,7.7319,90.4352,0.9997
2025-11-12 12:38:29,7.7348,146.8688,0.9996
2025-11-12 12:38:29,7.7348,146.5178,0.9996
2025-11-12 12:38:29,7.7362,127.5346,0.9996
2025-11-12 12:38:29,7.7359,128.0470,0.9996
2025-11-12 12:38:29,7.7355,120.4412,0.9996
2025-11-12 12:38:29,7.7356,120.1124,0.9996
2025-11-12 12:38:29,7.7361,114.0620,0.9997
2025-11-12 12:38:30,7.7366,113.2352,0.9997
2025-11-12 12:38:30,7.7361,102.6382,0.9997
2025-11-12 12:38:30,7.7384,91.7588,0.9997
2025-11-12 12:38:30,7.7369,112.1215,0.9997
2025-11-12 12:38:30,7.7359,114.3761,0.9997
2025-11-12 12:38:30,7.7344,87.9589,0.9997
2025-11-12 12:38:30,7.7325,91.7879,0.9997
2025-11-12 12:38:30,7.7336,78.8623,0.9998
2025-11-12 12:38:31,7.7336,78.8146,0.9998
2025-11-12 12:38:31,7.7354,111.7693,0.9997
2025-11-12 12:38:31,7.7371,104.6948,0.9997
2025-11-12 12:38:31,7.7357,123.7552,0.9996
2025-11-12 12:38:31,7.7366,121.8758,0.9996
2025-11-12 12:38:31,7.7350,93.3557,0.9997
2025-11-12 12:38:31,7.7350,93.3557,0.9997
2025-11-12 12:38:31,7.7368,70.1180,0.9998
2025-11-12 12:38:31,7.7347,77.3027,0.9998
2025-11-12 12:38:31,7.7378,138.8545,0.9996
2025-11-12 12:38:32,7.7357,149.4054,0.9995
2025-11-12 12:38:32,7.7319,203.0425,0.9994
2025-11-12 12:38:32,7.7318,203.2477,0.9994
2025-11-12 12:38:32,7.7304,165.6748,0.9995
2025-11-12 12:38:32,7.7316,162.7041,0.9995
2025-11-12 12:38:32,7.7352,112.2949,0.9997
2025-11-12 12:38:32,7.7351,112.5899,0.9997
2025-11-12 12:38:32,7.7342,93.0231,0.9997
2025-11-12 12:38:32,7.7351,91.2889,0.9997
2025-11-12 12:38:33,7.7333,113.8145,0.9997
2025-11-12 12:38:33,7.7345,109.2487,0.9997
2025-11-12 12:38:33,7.7320,68.2309,0.9998
2025-11-12 12:38:33,7.7322,68.5445,0.9998
2025-11-12 12:38:33,7.7342,45.7033,0.9999
2025-11-12 12:38:33,7.7347,44.8984,0.9999
2025-11-12 12:38:33,7.7347,44.8147,0.9999
2025-11-12 12:38:33,7.7348,44.8308,0.9999
2025-11-12 12:38:33,7.7332,64.2414,0.9998
2025-11-12 12:38:34,7.7310,69.1468,0.9998
2025-11-12 12:38:34,7.7324,90.9166,0.9997
2025-11-12 12:38:34,7.7280,101.4950,0.9997
2025-11-12 12:38:34,7.7291,92.2082,0.9997
2025-11-12 12:38:34,7.7297,90.6175,0.9997
2025-11-12 12:38:34,7.7289,76.3723,0.9998
2025-11-12 12:38:34,7.7233,145.4835,0.9995
2025-11-12 12:38:34,7.7214,156.6114,0.9995
2025-11-12 12:38:35,7.7222,159.8725,0.9995
2025-11-12 12:38:35,7.7221,156.6643,0.9995
2025-11-12 12:38:35,7.7140,346.5850,0.9989
2025-11-12 12:38:35,7.7162,343.8169,0.9989
2025-11-12 12:38:35,7.7170,350.9181,0.9989
2025-11-12 12:38:35,7.7163,335.7130,0.9989
2025-11-12 12:38:35,7.7302,60.1489,0.9998
2025-11-12 12:38:35,7.7288,72.6676,0.9998
2025-11-12 12:38:35,7.7280,71.1151,0.9998
2025-11-12 12:38:35,7.7245,30.0688,0.9999
2025-11-12 12:38:36,7.7235,35.2027,0.9999
2025-11-12 12:38:36,7.7233,36.4724,0.9999
2025-11-12 12:38:36,7.7249,45.3376,0.9999
2025-11-12 12:38:36,7.7279,79.0965,0.9998
2025-11-12 12:38:36,7.7296,66.8896,0.9998
2025-11-12 12:38:36,7.7288,77.0244,0.9998
2025-11-12 12:38:36,7.7238,77.6859,0.9998
2025-11-12 12:38:36,7.7290,193.5457,0.9994
2025-11-12 12:38:36,7.7242,238.9985,0.9993
2025-11-12 12:38:37,7.7271,217.7183,0.9993
2025-11-12 12:38:37,7.7245,241.6230,0.9992
2025-11-12 12:38:37,7.7228,191.8212,0.9994
2025-11-12 12:38:37,7.7276,150.4512,0.9995
2025-11-12 12:38:37,7.7257,163.6762,0.9995
2025-11-12 12:38:37,7.7235,195.0638,0.9994
2025-11-12 12:38:37,7.7246,224.0011,0.9993
2025-11-12 12:38:37,7.7148,333.4201,0.9989
2025-11-12 12:38:37,7.7154,332.5993,0.9989
2025-11-12 12:38:37,7.7175,312.3314,0.9990
2025-11-12 12:38:38,7.7185,345.1446,0.9989
2025-11-12 12:38:38,7.7301,208.1435,0.9994
2025-11-12 12:38:38,7.7298,211.2469,0.9993
2025-11-12 12:38:38,7.7349,157.9407,0.9995
2025-11-12 12:38:38,7.7343,142.5892,0.9996
2025-11-12 12:38:38,7.7329,149.2258,0.9995
2025-11-12 12:38:38,7.7339,137.5770,0.9996
2025-11-12 12:38:38,7.7344,135.6103,0.9996
2025-11-12 12:38:38,7.7346,141.6072,0.9996
2025-11-12 12:38:39,7.7242,317.1690,0.9990
2025-11-12 12:38:39,7.7229,324.7122,0.9990
2025-11-12 12:38:39,7.7222,323.1397,0.9990
2025-11-12 12:38:39,7.7205,269.8004,0.9992
2025-11-12 12:38:39,7.7246,187.1480,0.9994
2025-11-12 12:38:39,7.7259,178.3376,0.9994
2025-11-12 12:38:39,7.7271,179.3135,0.9994
2025-11-12 12:38:39,7.7286,218.5338,0.9993
2025-11-12 12:38:39,7.7371,122.1934,0.9996
2025-11-12 12:38:40,7.7356,142.2237,0.9996
2025-11-12 12:38:40,7.7355,142.6565,0.9996
2025-11-12 12:38:40,7.7348,127.0563,0.9996
2025-11-12 12:38:40,7.7328,135.3929,0.9996
2025-11-12 12:38:40,7.7345,114.3722,0.9997
2025-11-12 12:38:40,7.7337,117.4612,0.9996
2025-11-12 12:38:40,7.7342,127.8172,0.9996
2025-11-12 12:38:40,7.7357,119.4521,0.9996
2025-11-12 12:38:41,7.7344,135.4630,0.9996
2025-11-12 12:38:41,7.7352,131.9472,0.9996
2025-11-12 12:38:41,7.7359,147.1723,0.9996
2025-11-12 12:38:41,7.7359,146.9537,0.9996
2025-11-12 12:38:41,7.7357,150.0006,0.9995
2025-11-12 12:38:41,7.7357,150.0118,0.9995
2025-11-12 12:38:41,7.7357,149.4609,0.9995
2025-11-12 12:38:41,7.7378,145.5020,0.9996
2025-11-12 12:38:41,7.7394,121.8232,0.9996
2025-11-12 12:38:41,7.7405,116.2265,0.9996
2025-11-12 12:38:41,7.7395,97.6295,0.9997
2025-11-12 12:38:41,7.7395,97.6295,0.9997
2025-11-12 12:38:42,7.7379,121.4427,0.9996
2025-11-12 12:38:42,7.7379,121.4427,0.9996
2025-11-12 12:38:42,7.7384,131.2315,0.9996
2025-11-12 12:38:42,7.7372,132.8507,0.9996
2025-11-12 12:38:42,7.7372,133.6974,0.9996
2025-11-12 12:38:42,7.7361,136.9520,0.9996
2025-11-12 12:38:42,7.7360,135.7871,0.9996
2025-11-12 12:38:42,7.7360,135.8850,0.9996
2025-11-12 12:38:42,7.7369,122.7327,0.9996
2025-11-12 12:38:42,7.7380,118.9176,0.9996
2025-11-12 12:38:43,7.7385,129.1201,0.9996
2025-11-12 12:38:43,7.7386,128.7305,0.9996
2025-11-12 12:38:43,7.7376,143.8581,0.9996
2025-11-12 12:38:43,7.7361,149.6905,0.9995
2025-11-12 12:38:43,7.7362,152.8511,0.9995
2025-11-12 12:38:43,7.7364,152.5031,0.9995
2025-11-12 12:38:43,7.7362,155.6961,0.9995
2025-11-12 12:38:43,7.7359,157.7024,0.9995
2025-11-12 12:38:43,7.7363,168.7124,0.9995
2025-11-12 12:38:43,7.7347,173.4016,0.9995
2025-11-12 12:38:43,7.7344,176.6870,0.9995
2025-11-12 12:38:44,7.7344,177.1025,0.9995
2025-11-12 12:38:44,7.7339,165.6401,0.9995
2025-11-12 12:38:44,7.7348,162.9479,0.9995
2025-11-12 12:38:44,7.7352,156.1321,0.9995
2025-11-12 12:38:44,7.7358,153.1539,0.9995
2025-11-12 12:38:44,7.7352,139.4246,0.9996
2025-11-12 12:38:44,7.7356,138.6413,0.9996
2025-11-12 12:38:44,7.7353,142.5568,0.9996
2025-11-12 12:38:45,7.7352,143.1546,0.9996
2025-11-12 12:38:45,7.7355,150.7882,0.9995
2025-11-12 12:38:45,7.7365,149.9841,0.9995
2025-11-12 12:38:45,7.7381,125.6838,0.9996
2025-11-12 12:38:45,7.7395,118.2985,0.9996
2025-11-12 12:38:45,7.7401,130.3358,0.9996
2025-11-12 12:38:45,7.7393,132.9833,0.9996
2025-11-12 12:38:45,7.7395,129.4270,0.9996
2025-11-12 12:38:46,7.7395,129.4270,0.9996
2025-11-12 12:38:46,7.7388,113.1207,0.9997
2025-11-12 12:38:46,7.7391,112.0401,0.9997
2025-11-12 12:38:46,7.7372,139.6107,0.9996
2025-11-12 12:38:46,7.7372,139.6107,0.9996
2025-11-12 12:38:46,7.7377,151.3165,0.9995
2025-11-12 12:38:46,7.7384,150.3597,0.9995
2025-11-12 12:38:46,7.7388,142.9623,0.9996
2025-11-12 12:38:46,7.7377,148.2973,0.9995
2025-11-12 12:38:47,7.7376,147.5662,0.9996
2025-11-12 12:38:47,7.7350,155.1008,0.9995
2025-11-12 12:38:47,7.7348,158.4316,0.9995
2025-11-12 12:38:47,7.7358,155.5881,0.9995
2025-11-12 12:38:47,7.7354,147.6269,0.9995
2025-11-12 12:38:47,7.7375,139.9575,0.9996
2025-11-12 12:38:47,7.7375,140.0948,0.9996
2025-11-12 12:38:47,7.7368,142.9866,0.9996
2025-11-12 12:38:47,7.7373,155.6379,0.9995
2025-11-12 12:38:48,7.7372,155.8555,0.9995
2025-11-12 12:38:48,7.7387,134.4103,0.9996
2025-11-12 12:38:48,7.7394,130.5979,0.9996
2025-11-12 12:38:48,7.7383,108.1370,0.9997
2025-11-12 12:38:48,7.7374,111.4406,0.9997
2025-11-12 12:38:48,7.7372,114.1345,0.9997
2025-11-12 12:38:48,7.7263,253.6777,0.9992
2025-11-12 12:38:48,7.7267,263.9763,0.9992
2025-11-12 12:38:49,7.7265,263.4786,0.9992
2025-11-12 12:38:49,7.7276,257.6659,0.9992
2025-11-12 12:38:49,7.7344,139.9329,0.9996
2025-11-12 12:38:49,7.7344,141.2836,0.9996
2025-11-12 12:38:49,7.7322,152.4415,0.9995
2025-11-12 12:38:49,7.7311,161.0537,0.9995
2025-11-12 12:38:49,7.7270,215.5107,0.9993
2025-11-12 12:38:50,7.7261,190.3297,0.9994
2025-11-12 12:38:50,7.7263,189.7673,0.9994
2025-11-12 12:38:50,7.7240,207.4694,0.9994
2025-11-12 12:38:50,7.7234,217.4919,0.9993
2025-11-12 12:38:50,7.7250,267.2179,0.9992
2025-11-12 12:38:50,7.7244,268.9794,0.9992
2025-11-12 12:38:50,7.7260,254.8537,0.9992
2025-11-12 12:38:50,7.7301,197.2591,0.9994
2025-11-12 12:38:50,7.7298,190.2085,0.9994
2025-11-12 12:38:50,7.7202,338.0601,0.9989
2025-11-12 12:38:51,7.7184,347.6168,0.9989
2025-11-12 12:38:51,7.7203,344.8230,0.9989
2025-11-12 12:38:51,7.7211,371.2020,0.9988
2025-11-12 12:38:51,7.7223,343.8706,0.9989
2025-11-12 12:38:51,7.7230,337.3554,0.9989
2025-11-12 12:38:51,7.7189,358.6666,0.9989
2025-11-12 12:38:51,7.7190,361.3776,0.9989
2025-11-12 12:38:51,7.7162,423.8000,0.9987
2025-11-12 12:38:51,7.7163,423.5777,0.9987
2025-11-12 12:38:52,7.7225,413.7464,0.9987
2025-11-12 12:38:52,7.7229,425.4325,0.9987
2025-11-12 12:38:52,7.7181,583.2393,0.9982
2025-11-12 12:38:52,7.7176,585.6534,0.9982
2025-11-12 12:38:52,7.7168,580.4178,0.9982
2025-11-12 12:38:52,7.7151,513.6188,0.9984
2025-11-12 12:38:52,7.7160,479.9336,0.9985
2025-11-12 12:38:52,7.7169,476.6417,0.9985
2025-11-12 12:38:52,7.7185,489.0378,0.9985
2025-11-12 12:38:53,7.7194,520.6245,0.9984
2025-11-12 12:38:53,7.7366,161.2774,0.9995
2025-11-12 12:38:53,7.7365,162.2450,0.9995
2025-11-12 12:38:53,7.7346,169.8327,0.9995
2025-11-12 12:38:53,7.7341,156.5929,0.9995
2025-11-12 12:38:53,7.7285,209.1792,0.9994
2025-11-12 12:38:53,7.7285,209.0304,0.9994
2025-11-12 12:38:53,7.7310,210.5175,0.9994
2025-11-12 12:38:53,7.7318,231.1773,0.9993
2025-11-12 12:38:54,7.7257,363.6013,0.9989
2025-11-12 12:38:54,7.7273,352.2815,0.9989
2025-11-12 12:38:54,7.7255,345.9083,0.9989
2025-11-12 12:38:54,7.7241,303.1382,0.9991
2025-11-12 12:38:54,7.7334,136.5374,0.9996
2025-11-12 12:38:54,7.7311,163.9627,0.9995
2025-11-12 12:38:54,7.7310,164.0555,0.9995
2025-11-12 12:38:54,7.7322,197.1742,0.9994
2025-11-12 12:38:54,7.7330,190.7318,0.9994
2025-11-12 12:38:54,7.7333,185.8352,0.9994
2025-11-12 12:38:55,7.7320,191.9367,0.9994
2025-11-12 12:38:55,7.7326,211.6453,0.9994
2025-11-12 12:38:55,7.7317,219.3443,0.9993
2025-11-12 12:38:55,7.7323,211.7964,0.9993
2025-11-12 12:38:55,7.7310,220.9869,0.9993
2025-11-12 12:38:55,7.7311,222.2614,0.9993
2025-11-12 12:38:55,7.7325,211.3022,0.9994
2025-11-12 12:38:55,7.7302,245.8872,0.9992
2025-11-12 12:38:56,7.7324,233.0665,0.9993
2025-11-12 12:38:56,7.7318,216.2952,0.9993
2025-11-12 12:38:56,7.7338,209.2885,0.9994
2025-11-12 12:38:56,7.7377,147.9860,0.9996
2025-11-12 12:38:56,7.7399,137.0181,0.9996
2025-11-12 12:38:56,7.7408,157.0747,0.9995
2025-11-12 12:38:56,7.7406,158.5429,0.9995
2025-11-12 12:38:56,7.7388,186.2942,0.9994
2025-11-12 12:38:56,7.7388,186.2942,0.9994
2025-11-12 12:38:56,7.7371,145.0332,0.9996
2025-11-12 12:38:57,7.7385,140.5527,0.9996
2025-11-12 12:38:57,7.7406,108.8779,0.9997
2025-11-12 12:38:57,7.7402,110.3675,0.9997
2025-11-12 12:38:57,7.7415,138.5118,0.9996
2025-11-12 12:38:57,7.7341,218.2872,0.9993
2025-11-12 12:38:57,7.7302,266.1013,0.9992
2025-11-12 12:38:57,7.7302,266.0518,0.9992
2025-11-12 12:38:57,7.7292,237.7501,0.9993
2025-11-12 12:38:57,7.7344,186.9376,0.9994
2025-11-12 12:38:57,7.7357,164.5470,0.9995
2025-11-12 12:38:57,7.7362,164.2473,0.9995
2025-11-12 12:38:58,7.7364,170.6706,0.9995
2025-11-12 12:38:58,7.7322,214.0406,0.9993
2025-11-12 12:38:58,7.7343,188.7028,0.9994
2025-11-12 12:38:58,7.7317,192.8111,0.9994
2025-11-12 12:38:58,7.7327,224.3100,0.9993
2025-11-12 12:38:58,7.7360,187.1354,0.9994
2025-11-12 12:38:58,7.7341,211.6846,0.9994
2025-11-12 12:38:58,7.7344,209.7538,0.9994
2025-11-12 12:38:59,7.7339,193.8167,0.9994
2025-11-12 12:38:59,7.7309,223.5590,0.9993
2025-11-12 12:38:59,7.7311,220.6077,0.9993
2025-11-12 12:38:59,7.7334,219.0964,0.9993
2025-11-12 12:38:59,7.7329,206.9767,0.9994
2025-11-12 12:38:59,7.7380,159.9105,0.9995
2025-11-12 12:38:59,7.7399,132.1204,0.9996
2025-11-12 12:38:59,7.7378,141.5033,0.9996
2025-11-12 12:39:00,7.7375,133.2210,0.9996
2025-11-12 12:39:00,7.7375,132.9448,0.9996
2025-11-12 12:39:00,7.7353,164.2904,0.9995
2025-11-12 12:39:00,7.7335,175.8621,0.9995
2025-11-12 12:39:00,7.7343,197.0290,0.9994
2025-11-12 12:39:00,7.7347,196.4521,0.9994
2025-11-12 12:39:00,7.7346,197.1851,0.9994
2025-11-12 12:39:00,7.7358,187.8613,0.9994
2025-11-12 12:39:00,7.7367,212.9281,0.9994
2025-11-12 12:39:01,7.7371,212.1291,0.9994
2025-11-12 12:39:01,7.7392,179.4664,0.9995
2025-11-12 12:39:01,7.7368,205.9947,0.9994
2025-11-12 12:39:01,7.7361,184.6116,0.9994
2025-11-12 12:39:01,7.7350,187.0685,0.9994
2025-11-12 12:39:01,7.7345,192.3224,0.9994
2025-11-12 12:39:01,7.7369,169.0933,0.9995
2025-11-12 12:39:01,7.7373,178.3217,0.9995
2025-11-12 12:39:02,7.7364,183.0894,0.9994
2025-11-12 12:39:02,7.7350,202.8804,0.9994
2025-11-12 12:39:02,7.7353,201.4415,0.9994
2025-11-12 12:39:02,7.7355,207.1831,0.9994
2025-11-12 12:39:02,7.7332,225.5149,0.9993
2025-11-12 12:39:02,7.7336,219.5910,0.9993
2025-11-12 12:39:02,7.7348,215.4395,0.9993
2025-11-12 12:39:02,7.7334,177.5736,0.9995
2025-11-12 12:39:03,7.7323,190.5152,0.9994
2025-11-12 12:39:03,7.7311,206.4600,0.9994
2025-11-12 12:39:03,7.7315,206.6391,0.9994
2025-11-12 12:39:03,7.7319,218.7440,0.9993
2025-11-12 12:39:03,7.7371,180.8693,0.9994
2025-11-12 12:39:03,7.7380,164.6212,0.9995
2025-11-12 12:39:03,7.7372,167.7604,0.9995
2025-11-12 12:39:03,7.7372,167.3249,0.9995
2025-11-12 12:39:03,7.7373,167.1716,0.9995
2025-11-12 12:39:03,7.7329,254.9483,0.9992
2025-11-12 12:39:03,7.7295,272.7441,0.9992
2025-11-12 12:39:04,7.7290,257.2710,0.9992
2025-11-12 12:39:04,7.7222,282.6594,0.9991
2025-11-12 12:39:04,7.7281,211.7741,0.9993
2025-11-12 12:39:04,7.7215,299.8780,0.9991
2025-11-12 12:39:04,7.7222,321.5217,0.9990
2025-11-12 12:39:04,7.7256,297.4142,0.9991
2025-11-12 12:39:04,7.7245,304.0283,0.9991
2025-11-12 12:39:04,7.7301,214.4935,0.9993
2025-11-12 12:39:04,7.7308,236.4101,0.9993
2025-11-12 12:39:04,7.7317,230.9572,0.9993
2025-11-12 12:39:04,7.7324,222.5321,0.9993
2025-11-12 12:39:05,7.7343,202.0051,0.9994
2025-11-12 12:39:05,7.7332,172.5403,0.9995
2025-11-12 12:39:05,7.7263,260.2119,0.9992
2025-11-12 12:39:05,7.7261,261.1434,0.9992
2025-11-12 12:39:05,7.7242,272.8891,0.9991
2025-11-12 12:39:05,7.7236,253.3913,0.9992
2025-11-12 12:39:05,7.7265,211.3261,0.9993
2025-11-12 12:39:05,7.7237,236.3686,0.9993
2025-11-12 12:39:05,7.7213,259.8795,0.9992
2025-11-12 12:39:06,7.7221,285.9698,0.9991
2025-11-12 12:39:06,7.7115,483.2300,0.9985
2025-11-12 12:39:06,7.7133,478.5757,0.9985
2025-11-12 12:39:06,7.7193,469.0568,0.9985
2025-11-12 12:39:06,7.7166,378.2499,0.9988
2025-11-12 12:39:06,7.7298,122.9469,0.9996
2025-11-12 12:39:06,7.7296,125.1912,0.9996
2025-11-12 12:39:06,7.7296,125.1912,0.9996
2025-11-12 12:39:06,7.7302,139.5561,0.9996
2025-11-12 12:39:06,7.7322,127.0292,0.9996
2025-11-12 12:39:06,7.7308,147.0821,0.9995
2025-11-12 12:39:07,7.7323,144.9042,0.9996
2025-11-12 12:39:07,7.7341,186.5556,0.9994
2025-11-12 12:39:07,7.7331,192.7455,0.9994
2025-11-12 12:39:07,7.7356,156.2169,0.9995
2025-11-12 12:39:07,7.7352,157.2140,0.9995
2025-11-12 12:39:07,7.7356,167.3830,0.9995
2025-11-12 12:39:07,7.7356,167.1621,0.9995
2025-11-12 12:39:07,7.7341,188.9404,0.9994
2025-11-12 12:39:08,7.7341,188.8053,0.9994
2025-11-12 12:39:08,7.7344,195.8175,0.9994
2025-11-12 12:39:08,7.7369,181.4653,0.9994
2025-11-12 12:39:08,7.7374,173.1462,0.9995
2025-11-12 12:39:08,7.7367,176.6270,0.9995
2025-11-12 12:39:08,7.7365,170.8661,0.9995
2025-11-12 12:39:08,7.7365,170.8768,0.9995
2025-11-12 12:39:08,7.7361,177.0965,0.9995
2025-11-12 12:39:08,7.7365,175.1525,0.9995
2025-11-12 12:39:08,7.7363,169.1939,0.9995
2025-11-12 12:39:09,7.7366,168.3963,0.9995
2025-11-12 12:39:09,7.7372,157.9976,0.9995
2025-11-12 12:39:09,7.7365,161.8309,0.9995
2025-11-12 12:39:09,7.7370,173.6593,0.9995
2025-11-12 12:39:09,7.7366,174.8957,0.9995
2025-11-12 12:39:09,7.7363,178.8542,0.9995
2025-11-12 12:39:09,7.7353,185.8895,0.9994
2025-11-12 12:39:09,7.7358,199.4626,0.9994
2025-11-12 12:39:09,7.7374,197.5040,0.9994
2025-11-12 12:39:09,7.7374,197.2743,0.9994
2025-11-12 12:39:10,7.7397,180.8267,0.9995
2025-11-12 12:39:10,7.7396,177.9062,0.9995
2025-11-12 12:39:10,7.7389,179.2520,0.9995
2025-11-12 12:39:10,7.7406,151.8831,0.9995
2025-11-12 12:39:10,7.7406,151.8831,0.9995
2025-11-12 12:39:10,7.7404,147.6679,0.9996
2025-11-12 12:39:10,7.7375,166.1839,0.9995
2025-11-12 12:39:10,7.7373,169.3718,0.9995
2025-11-12 12:39:10,7.7364,172.9556,0.9995
2025-11-12 12:39:10,7.7342,118.6764,0.9996
2025-11-12 12:39:11,7.7339,120.3657,0.9996
2025-11-12 12:39:11,7.7318,146.8814,0.9995
2025-11-12 12:39:11,7.7317,147.0062,0.9995
2025-11-12 12:53:18,7.7031,108.9570,0.9996
2025-11-12 12:53:18,7.7137,216.8418,0.9993
2025-11-12 12:53:18,7.7253,236.8556,0.9993
2025-11-12 12:53:18,7.7425,13.9207,1.0000
2025-11-12 12:53:18,7.7464,0.2341,1.0000
2025-11-12 12:53:18,7.7454,1.8709,1.0000
2025-11-12 12:53:18,7.7471,4.9978,1.0000
2025-11-12 12:53:19,7.7470,4.9767,1.0000
2025-11-12 12:53:19,7.7483,6.6592,1.0000
2025-11-12 12:53:19,7.7511,1.6905,1.0000
2025-11-12 12:53:19,7.7504,1.6561,1.0000
2025-11-12 12:53:19,7.7441,52.3310,0.9998
2025-11-12 12:53:19,7.7420,45.5096,0.9999
2025-11-12 12:53:19,7.7415,42.1076,0.9999
2025-11-12 12:53:19,7.7405,38.0343,0.9999
2025-11-12 12:53:19,7.7405,38.8524,0.9999
2025-11-12 12:53:20,7.7397,37.8107,0.9999
2025-11-12 12:53:20,7.7402,42.1299,0.9999
2025-11-12 12:53:20,7.7425,55.0065,0.9998
2025-11-12 12:53:20,7.7501,10.1153,1.0000
2025-11-12 12:53:20,7.7445,74.7075,0.9998
2025-11-12 12:53:20,7.7448,76.6632,0.9998
2025-11-12 12:53:20,7.7416,66.5499,0.9998
2025-11-12 12:53:20,7.7423,72.7237,0.9998
2025-11-12 12:53:20,7.7405,103.6451,0.9997
2025-11-12 12:53:20,7.7383,88.3056,0.9997
2025-11-12 12:53:21,7.7382,88.1273,0.9997
2025-11-12 12:53:21,7.7358,66.5686,0.9998
2025-11-12 12:53:21,7.7376,41.2975,0.9999
2025-11-12 12:53:21,7.7378,42.0574,0.9999
2025-11-12 12:53:21,7.7365,40.9425,0.9999
2025-11-12 12:53:21,7.7306,38.5390,0.9999
2025-11-12 12:53:21,7.7301,42.1416,0.9999
2025-11-12 12:53:21,7.7313,56.1151,0.9998
2025-11-12 12:53:21,7.7145,268.5399,0.9991
2025-11-12 12:53:21,7.7258,450.6556,0.9986
2025-11-12 12:53:21,7.7238,467.0940,0.9985
2025-11-12 12:53:22,7.7228,451.1506,0.9986
2025-11-12 12:53:22,7.7281,302.3308,0.9991
2025-11-12 12:53:22,7.7269,271.3821,0.9992
2025-11-12 12:53:22,7.7312,237.8652,0.9993
2025-11-12 12:53:22,7.7325,252.1594,0.9992
2025-11-12 12:53:22,7.7329,241.0424,0.9993
2025-11-12 12:53:22,7.7323,229.9685,0.9993
2025-11-12 12:53:22,7.7290,255.3062,0.9992
2025-11-12 12:53:22,7.7279,239.7955,0.9993
2025-11-12 12:53:22,7.7287,221.8553,0.9993
2025-11-12 12:53:23,7.7307,268.4498,0.9992
2025-11-12 12:53:23,7.7230,412.7499,0.9987
2025-11-12 12:53:23,7.7233,418.6416,0.9987
2025-11-12 12:53:23,7.7145,640.7532,0.9980
2025-11-12 12:53:23,7.7148,651.8131,0.9979
2025-11-12 12:53:23,7.7148,653.0624,0.9979
2025-11-12 12:53:23,7.7152,662.7357,0.9979
2025-11-12 12:53:23,7.7247,424.9062,0.9987
2025-11-12 12:53:23,7.7249,431.3816,0.9987
2025-11-12 12:53:23,7.7256,413.5278,0.9987
2025-11-12 12:53:24,7.7234,383.6749,0.9988
2025-11-12 12:53:24,7.7309,312.5997,0.9990
2025-11-12 12:53:24,7.7301,289.7705,0.9991
2025-11-12 12:53:24,7.7315,250.3444,0.9992
2025-11-12 12:53:24,7.7303,243.7245,0.9992
2025-11-12 12:53:24,7.7287,249.2690,0.9992
2025-11-12 12:53:24,7.7286,248.9697,0.9992
2025-11-12 12:53:24,7.7262,312.9428,0.9990
2025-11-12 12:53:24,7.7308,364.8720,0.9989
2025-11-12 12:53:25,7.7294,376.1898,0.9988
2025-11-12 12:53:25,7.7194,229.5740,0.9993
2025-11-12 12:53:25,7.7198,220.3086,0.9993
2025-11-12 12:53:25,7.7174,170.5596,0.9995
2025-11-12 12:53:25,7.7183,170.0404,0.9995
2025-11-12 12:53:25,7.7234,222.6159,0.9993
2025-11-12 12:53:25,7.7238,212.5437,0.9993
2025-11-12 12:53:25,7.7259,247.8852,0.9992
2025-11-12 12:53:25,7.7255,249.9579,0.9992
2025-11-12 12:53:25,7.7270,273.2495,0.9992
2025-11-12 12:53:25,7.7272,267.9110,0.9992
2025-11-12 12:53:26,7.7256,242.8069,0.9992
2025-11-12 12:53:26,7.7182,333.0621,0.9989
2025-11-12 12:53:26,7.7162,290.9956,0.9991
2025-11-12 12:53:26,7.7159,296.4537,0.9991
2025-11-12 12:53:26,7.7153,283.1287,0.9991
2025-11-12 12:53:26,7.7166,262.6151,0.9992
2025-11-12 12:53:26,7.7181,292.4858,0.9991
2025-11-12 12:53:26,7.7184,286.6710,0.9991
2025-11-12 12:53:27,7.7218,359.1991,0.9989
2025-11-12 12:53:27,7.7212,369.3042,0.9988
2025-11-12 12:53:27,7.7189,329.6321,0.9990
2025-11-12 12:53:27,7.7189,329.6321,0.9990
2025-11-12 12:53:27,7.7214,404.2741,0.9987
2025-11-12 12:53:27,7.7126,636.4153,0.9980
2025-11-12 12:53:27,7.7139,660.7519,0.9979
2025-11-12 12:53:27,7.7139,660.7519,0.9979
2025-11-12 12:53:27,7.7131,633.3587,0.9980
2025-11-12 12:53:27,7.7185,475.0090,0.9985
2025-11-12 12:53:27,7.7151,425.9091,0.9986
2025-11-12 12:53:28,7.7151,425.9091,0.9986
2025-11-12 12:53:28,7.7143,397.8713,0.9987
2025-11-12 12:53:28,7.7179,328.0621,0.9990
2025-11-12 12:53:28,7.7185,334.6309,0.9989
2025-11-12 12:53:28,7.7182,340.4863,0.9989
2025-11-12 12:53:28,7.7149,253.6527,0.9992
2025-11-12 12:53:28,7.7171,226.5327,0.9993
2025-11-12 12:53:28,7.7110,190.1966,0.9994
2025-11-12 12:53:29,7.7113,185.5928,0.9994
2025-11-12 12:53:29,7.7155,310.5590,0.9990
2025-11-12 12:53:29,7.7189,287.6716,0.9991
2025-11-12 12:53:29,7.7198,283.9259,0.9991
2025-11-12 12:53:29,7.7201,277.7701,0.9991
2025-11-12 12:53:29,7.7187,235.4619,0.9993
2025-11-12 12:53:29,7.7151,258.9334,0.9992
2025-11-12 12:53:29,7.7164,260.2547,0.9992
2025-11-12 12:53:29,7.7161,267.0052,0.9992
2025-11-12 12:53:29,7.7157,254.7670,0.9992
2025-11-12 12:53:30,7.7117,309.2672,0.9990
2025-11-12 12:53:30,7.7113,307.2379,0.9990
2025-11-12 12:53:30,7.7113,306.1847,0.9990
2025-11-12 12:53:30,7.7125,344.9912,0.9989
2025-11-12 12:53:30,7.7165,288.0952,0.9991
2025-11-12 12:53:30,7.7137,292.6206,0.9991
2025-11-12 12:53:30,7.7134,297.6512,0.9991
2025-11-12 12:53:30,7.7141,321.7304,0.9990
2025-11-12 12:53:31,7.7153,311.7473,0.9990
2025-11-12 12:53:31,7.7200,307.6084,0.9990
2025-11-12 12:53:31,7.7203,301.4608,0.9991
2025-11-12 12:53:31,7.7202,298.0260,0.9991
2025-11-12 12:53:31,7.7178,327.0432,0.9990
2025-11-12 12:53:31,7.7180,328.1723,0.9990
2025-11-12 12:53:31,7.7178,333.9435,0.9989
2025-11-12 12:53:31,7.7184,355.2587,0.9989
2025-11-12 12:53:31,7.7200,333.9690,0.9989
2025-11-12 12:53:31,7.7218,344.4946,0.9989
2025-11-12 12:53:31,7.7221,338.0440,0.9989
2025-11-12 12:53:31,7.7209,303.8770,0.9990
2025-11-12 12:53:31,7.7176,354.5738,0.9989
2025-11-12 12:53:32,7.7165,344.0575,0.9989
2025-11-12 12:53:32,7.7162,348.7147,0.9989
2025-11-12 12:53:32,7.7167,365.2208,0.9988
2025-11-12 12:53:32,7.7084,570.2304,0.9982
2025-11-12 12:53:32,7.7081,566.6212,0.9982
2025-11-12 12:53:32,7.7083,563.0605,0.9982
2025-11-12 12:53:32,7.7042,422.0640,0.9986
2025-11-12 12:53:32,7.7105,273.7903,0.9991
2025-11-12 12:53:32,7.7104,273.4264,0.9991
2025-11-12 12:53:32,7.7104,273.4264,0.9991
2025-11-12 12:53:33,7.7156,433.6995,0.9986
2025-11-12 12:53:33,7.7206,346.2417,0.9989
2025-11-12 12:53:33,7.7204,345.4754,0.9989
2025-11-12 12:53:33,7.7204,345.4754,0.9989
2025-11-12 12:53:33,7.7180,270.3187,0.9991
2025-11-12 12:53:33,7.7194,256.5226,0.9992
2025-11-12 12:53:33,7.7195,257.3450,0.9992
2025-11-12 12:53:33,7.7195,257.3450,0.9992
2025-11-12 12:53:33,7.7213,308.4548,0.9990
2025-11-12 12:53:33,7.7242,286.2813,0.9991
2025-11-12 12:53:33,7.7229,284.9005,0.9991
2025-11-12 12:53:34,7.7229,284.9005,0.9991
2025-11-12 12:53:34,7.7222,265.8704,0.9992
2025-11-12 12:53:34,7.7221,266.4741,0.9992
2025-11-12 12:53:34,7.7201,269.5162,0.9992
2025-11-12 12:53:34,7.7199,274.6741,0.9991
2025-11-12 12:53:34,7.7210,310.1880,0.9990
2025-11-12 12:53:34,7.7170,337.7890,0.9989
2025-11-12 12:53:34,7.7199,341.2625,0.9989
2025-11-12 12:53:34,7.7201,336.0937,0.9989
2025-11-12 12:53:35,7.7182,278.3338,0.9991
2025-11-12 12:53:35,7.7154,317.1672,0.9990
2025-11-12 12:53:35,7.7161,322.2744,0.9990
2025-11-12 12:53:35,7.7161,322.2744,0.9990
2025-11-12 12:53:35,7.7165,334.2026,0.9989
2025-11-12 12:53:35,7.7215,271.9543,0.9991
2025-11-12 12:53:35,7.7197,266.5529,0.9992
2025-11-12 12:53:35,7.7197,266.5529,0.9992
2025-11-12 12:53:35,7.7191,249.0414,0.9992
2025-11-12 12:53:36,7.7214,239.0290,0.9992
2025-11-12 12:53:36,7.7219,239.4898,0.9992
2025-11-12 12:53:36,7.7217,244.8961,0.9992
2025-11-12 12:53:36,7.7229,278.2578,0.9991
2025-11-12 12:53:36,7.7243,275.5085,0.9991
2025-11-12 12:53:36,7.7257,277.1568,0.9991
2025-11-12 12:53:36,7.7259,271.1722,0.9992
2025-11-12 12:53:36,7.7238,218.6879,0.9993
2025-11-12 12:53:36,7.7256,221.3038,0.9993
2025-11-12 12:53:36,7.7234,220.0879,0.9993
2025-11-12 12:53:37,7.7231,226.7376,0.9993
2025-11-12 12:53:37,7.7237,239.7686,0.9993
2025-11-12 12:53:37,7.7063,441.5021,0.9986
2025-11-12 12:53:37,7.7041,426.2803,0.9986
2025-11-12 12:53:37,7.7041,426.2803,0.9986
2025-11-12 12:53:37,7.7006,311.8508,0.9990
2025-11-12 12:53:37,7.7033,256.7682,0.9992
2025-11-12 12:53:37,7.7052,271.6407,0.9991
2025-11-12 12:53:37,7.7052,271.6407,0.9991
2025-11-12 12:53:37,7.7074,332.2901,0.9989
2025-11-12 12:53:37,7.7200,202.2880,0.9994
2025-11-12 12:53:37,7.7195,202.3799,0.9994
2025-11-12 12:53:38,7.7208,176.2546,0.9994
2025-11-12 12:53:38,7.7187,134.1840,0.9996
2025-11-12 12:53:38,7.7147,140.7535,0.9996
2025-11-12 12:53:38,7.7121,140.6531,0.9995
2025-11-12 12:53:38,7.7113,153.9974,0.9995
2025-11-12 12:53:38,7.7137,215.2917,0.9993
2025-11-12 12:53:38,7.7159,209.2090,0.9993
2025-11-12 12:53:38,7.7177,203.5161,0.9994
2025-11-12 12:53:38,7.7176,205.5512,0.9993
2025-11-12 12:53:39,7.7172,193.7759,0.9994
2025-11-12 12:53:39,7.7065,310.6132,0.9990
2025-11-12 12:53:39,7.7047,304.0489,0.9990
2025-11-12 12:53:39,7.7047,304.0489,0.9990
2025-11-12 12:53:39,7.7035,264.8009,0.9991
2025-11-12 12:53:39,7.7115,172.8084,0.9994
2025-11-12 12:53:39,7.7142,174.3694,0.9994
2025-11-12 12:53:39,7.7142,174.3694,0.9994
2025-11-12 12:53:39,7.7153,198.7420,0.9994
2025-11-12 12:53:40,7.7141,208.0789,0.9993
2025-11-12 12:53:40,7.7140,207.8242,0.9993
2025-11-12 12:53:40,7.7137,212.0982,0.9993
2025-11-12 12:53:40,7.7137,211.0910,0.9993
2025-11-12 12:53:40,7.7091,269.0505,0.9991
2025-11-12 12:53:40,7.7060,259.4265,0.9992
2025-11-12 12:53:40,7.7061,258.4202,0.9992
2025-11-12 12:53:40,7.7046,215.4762,0.9993
2025-11-12 12:53:40,7.7096,168.3129,0.9995
2025-11-12 12:53:40,7.7135,175.5044,0.9994
2025-11-12 12:53:41,7.7134,177.6113,0.9994
2025-11-12 12:53:41,7.7150,213.1530,0.9993
2025-11-12 12:53:41,7.7138,223.9665,0.9993
2025-11-12 12:53:41,7.7120,217.2846,0.9993
2025-11-12 12:53:41,7.7122,212.5133,0.9993
2025-11-12 12:53:41,7.7108,176.3188,0.9994
2025-11-12 12:53:41,7.7067,226.2276,0.9993
2025-11-12 12:53:41,7.7074,230.1226,0.9993
2025-11-12 12:53:41,7.7074,230.1226,0.9993
2025-11-12 12:53:41,7.7087,265.7341,0.9991
2025-11-12 12:53:41,7.7157,189.6244,0.9994
2025-11-12 12:53:42,7.7115,201.2175,0.9994
2025-11-12 12:53:42,7.7115,201.2175,0.9994
2025-11-12 12:53:42,7.7086,131.3895,0.9996
2025-11-12 12:53:42,7.7081,131.5915,0.9996
2025-11-12 12:53:42,7.7114,126.9296,0.9996
2025-11-12 12:53:42,7.7114,126.9296,0.9996
2025-11-12 12:53:42,7.7097,98.2072,0.9997
2025-11-12 12:53:42,7.7041,136.0716,0.9996
2025-11-12 12:53:42,7.7005,126.1892,0.9996
2025-11-12 12:53:43,7.7007,123.4220,0.9996
2025-11-12 12:53:43,7.6928,18.8214,0.9999
2025-11-12 12:53:43,7.6941,14.0150,1.0000
2025-11-12 12:53:43,7.6989,50.6417,0.9998
2025-11-12 12:53:43,7.6987,52.1993,0.9998
2025-11-12 12:53:43,7.7006,59.4329,0.9998
2025-11-12 12:53:43,7.6970,94.0053,0.9997
2025-11-12 12:53:43,7.6972,96.4789,0.9997
2025-11-12 12:53:43,7.6971,97.2617,0.9997
2025-11-12 12:53:43,7.6900,89.3705,0.9997
2025-11-12 12:53:43,7.6929,71.8767,0.9998
2025-11-12 12:53:44,7.6933,78.8116,0.9997
2025-11-12 12:53:44,7.6948,72.3058,0.9998
2025-11-12 12:53:44,7.7044,77.2547,0.9997
2025-11-12 12:53:44,7.7108,47.4347,0.9998
2025-11-12 12:53:44,7.7075,37.0347,0.9999
2025-11-12 12:53:44,7.7055,61.6607,0.9998
2025-11-12 12:53:44,7.7055,60.9702,0.9998
2025-11-12 12:53:44,7.7059,63.2812,0.9998
2025-11-12 12:53:44,7.7075,67.2239,0.9998
2025-11-12 12:53:45,7.7073,70.7064,0.9998
2025-11-12 12:53:45,7.7020,57.5327,0.9998
2025-11-12 12:53:45,7.7017,55.2206,0.9998
2025-11-12 12:53:45,7.7015,54.3763,0.9998
2025-11-12 12:53:45,7.7016,53.3960,0.9998
2025-11-12 12:53:45,7.7113,120.5481,0.9996
2025-11-12 12:53:45,7.7092,122.1728,0.9996
2025-11-12 12:53:45,7.7092,122.1358,0.9996
2025-11-12 12:53:45,7.7098,111.9773,0.9996
2025-11-12 12:53:45,7.7082,86.0467,0.9997
2025-11-12 12:53:45,7.7130,97.8021,0.9997
2025-11-12 12:53:46,7.7110,101.2027,0.9997
2025-11-12 12:53:46,7.7110,101.2027,0.9997
2025-11-12 12:53:46,7.7139,146.7870,0.9995
2025-11-12 12:53:46,7.7140,147.4593,0.9995
2025-11-12 12:53:46,7.7159,140.4829,0.9996
2025-11-12 12:53:46,7.7156,145.8399,0.9995
2025-11-12 12:53:46,7.7155,145.2651,0.9995
2025-11-12 12:53:46,7.7144,140.0751,0.9996
2025-11-12 12:53:46,7.7150,139.6703,0.9996
2025-11-12 12:53:46,7.7153,134.4151,0.9996
2025-11-12 12:53:46,7.7050,59.8480,0.9998
2025-11-12 12:53:47,7.7059,68.7849,0.9998
2025-11-12 12:53:47,7.7058,68.0116,0.9998
2025-11-12 12:53:47,7.7058,68.0116,0.9998
2025-11-12 12:53:47,7.7174,162.9310,0.9995
2025-11-12 12:53:47,7.7117,171.7725,0.9995
2025-11-12 12:53:47,7.7115,171.5442,0.9995
2025-11-12 12:53:47,7.7125,156.3266,0.9995
2025-11-12 12:53:47,7.7089,88.0023,0.9997
2025-11-12 12:53:47,7.7142,87.3967,0.9997
2025-11-12 12:53:47,7.7155,88.3772,0.9997
2025-11-12 12:53:47,7.7139,117.2276,0.9996
2025-11-12 12:53:47,7.7176,176.8562,0.9994
2025-11-12 12:53:48,7.7090,221.9950,0.9993
2025-11-12 12:53:48,7.7084,218.5515,0.9993
2025-11-12 12:53:48,7.7090,208.6446,0.9993
2025-11-12 12:53:48,7.7096,224.7936,0.9993
2025-11-12 12:53:48,7.7076,255.7006,0.9992
2025-11-12 12:53:48,7.7078,257.1268,0.9992
2025-11-12 12:53:48,7.7078,257.1268,0.9992
2025-11-12 12:53:48,7.7084,273.3612,0.9991
2025-11-12 12:53:48,7.7125,216.9712,0.9993
2025-11-12 12:53:48,7.7071,228.8427,0.9993
2025-11-12 12:53:49,7.7069,232.7708,0.9992
2025-11-12 12:53:49,7.7063,215.7576,0.9993
2025-11-12 12:53:49,7.7106,204.6291,0.9993
2025-11-12 12:53:49,7.7161,181.5405,0.9994
2025-11-12 12:53:49,7.7163,176.0910,0.9994
2025-11-12 12:53:49,7.7166,182.0491,0.9994
2025-11-12 12:53:49,7.7150,187.9962,0.9994
2025-11-12 12:53:49,7.7139,187.5326,0.9994
2025-11-12 12:53:49,7.7148,170.9491,0.9995
2025-11-12 12:53:49,7.7147,169.3854,0.9995
2025-11-12 12:53:49,7.7161,164.3324,0.9995
2025-11-12 12:53:50,7.7181,164.0155,0.9995
2025-11-12 12:53:50,7.7173,180.5351,0.9994
2025-11-12 12:53:50,7.7183,205.7344,0.9994
2025-11-12 12:53:50,7.7153,226.2069,0.9993
2025-11-12 12:53:50,7.7084,246.6581,0.9992
2025-11-12 12:53:50,7.7082,250.5197,0.9992
2025-11-12 12:53:50,7.7071,219.9522,0.9993
2025-11-12 12:53:50,7.7036,247.2734,0.9992
2025-11-12 12:53:50,7.7091,240.0673,0.9992
2025-11-12 12:53:51,7.7092,237.5921,0.9992
2025-11-12 12:53:51,7.7091,234.6784,0.9992
2025-11-12 12:53:51,7.7127,195.5276,0.9994
2025-11-12 12:53:51,7.7072,214.3300,0.9993
2025-11-12 12:53:51,7.7072,214.3300,0.9993
2025-11-12 12:53:51,7.7048,151.5180,0.9995
2025-11-12 12:53:51,7.7080,151.1795,0.9995
2025-11-12 12:53:51,7.7149,133.4811,0.9996
2025-11-12 12:53:51,7.7149,133.4811,0.9996
2025-11-12 12:53:51,7.7167,169.0712,0.9995
2025-11-12 12:53:51,7.7143,180.5278,0.9994
2025-11-12 12:53:52,7.7127,176.3589,0.9994
2025-11-12 12:53:52,7.7127,176.3589,0.9994
2025-11-12 12:53:52,7.7118,157.4678,0.9995
2025-11-12 12:53:52,7.7066,210.2331,0.9993
2025-11-12 12:53:52,7.7071,212.9155,0.9993
2025-11-12 12:53:52,7.7071,212.9155,0.9993
2025-11-12 12:53:52,7.7078,231.4938,0.9993
2025-11-12 12:53:52,7.7131,174.6132,0.9994
2025-11-12 12:53:52,7.7122,173.6250,0.9994
2025-11-12 12:53:53,7.7122,173.6250,0.9994
2025-11-12 12:53:53,7.7093,112.9887,0.9996
2025-11-12 12:53:53,7.7109,109.2480,0.9996
2025-11-12 12:53:53,7.7118,111.1228,0.9996
2025-11-12 12:53:53,7.7118,111.1228,0.9996
2025-11-12 12:53:53,7.7128,128.3444,0.9996
2025-11-12 12:53:53,7.7125,129.1777,0.9996
2025-11-12 12:53:53,7.7130,130.7839,0.9996
2025-11-12 12:53:53,7.7130,130.7839,0.9996
2025-11-12 12:53:53,7.7112,102.2896,0.9997
2025-11-12 12:53:54,7.7126,101.4200,0.9997
2025-11-12 12:53:54,7.7127,102.0225,0.9997
2025-11-12 12:53:54,7.7127,102.0225,0.9997
2025-11-12 12:53:54,7.7148,133.8232,0.9996
2025-11-12 12:53:54,7.7128,139.1785,0.9996
2025-11-12 12:53:54,7.7109,134.8800,0.9996
2025-11-12 12:53:54,7.7109,134.8800,0.9996
2025-11-12 12:53:54,7.7086,94.8923,0.9997
2025-11-12 12:53:54,7.7127,102.8407,0.9997
2025-11-12 12:53:54,7.7148,105.5024,0.9997
2025-11-12 12:53:54,7.7146,109.8720,0.9997
2025-11-12 12:53:54,7.7187,176.6090,0.9994
2025-11-12 12:53:54,7.7109,218.6569,0.9993
2025-11-12 12:53:54,7.7060,213.8029,0.9993
2025-11-12 12:53:55,7.7064,207.5234,0.9993
2025-11-12 12:53:55,7.7027,117.5169,0.9996
2025-11-12 12:53:55,7.7065,102.3876,0.9997
2025-11-12 12:53:55,7.7119,108.9176,0.9997
2025-11-12 12:53:55,7.7117,111.1036,0.9996
2025-11-12 12:53:55,7.7172,222.6667,0.9993
2025-11-12 12:53:55,7.7191,211.8138,0.9993
2025-11-12 12:53:55,7.7164,214.4680,0.9993
2025-11-12 12:53:55,7.7163,216.4210,0.9993
2025-11-12 12:53:55,7.7119,119.6848,0.9996
2025-11-12 12:53:56,7.7137,124.0554,0.9996
2025-11-12 12:53:56,7.7152,123.5216,0.9996
2025-11-12 12:53:56,7.7152,123.5216,0.9996
2025-11-12 12:53:56,7.7160,136.8613,0.9996
2025-11-12 12:53:56,7.7193,156.5828,0.9995
2025-11-12 12:53:56,7.7142,189.2723,0.9994
2025-11-12 12:53:56,7.7142,189.2723,0.9994
2025-11-12 12:53:56,7.7166,239.5363,0.9992
2025-11-12 12:53:56,7.7145,221.0540,0.9993
2025-11-12 12:53:56,7.7201,186.5983,0.9994
2025-11-12 12:53:57,7.7198,192.6821,0.9994
2025-11-12 12:53:57,7.7184,163.6240,0.9995
2025-11-12 12:53:57,7.7196,170.6859,0.9995
2025-11-12 12:53:57,7.7134,210.5547,0.9993
2025-11-12 12:53:57,7.7137,205.5437,0.9993
2025-11-12 12:53:57,7.7137,206.2929,0.9993
2025-11-12 12:53:57,7.7141,210.7552,0.9993
2025-11-12 12:53:57,7.7199,168.7268,0.9995
2025-11-12 12:53:57,7.7199,168.7268,0.9995
2025-11-12 12:53:58,7.7214,196.4919,0.9994
2025-11-12 12:53:58,7.7219,200.2434,0.9994
2025-11-12 12:53:58,7.7176,231.4124,0.9993
2025-11-12 12:53:58,7.7176,231.4124,0.9993
2025-11-12 12:53:58,7.7128,145.3138,0.9995
2025-11-12 12:53:58,7.7116,130.4136,0.9996
2025-11-12 12:53:58,7.7145,116.7912,0.9996
2025-11-12 12:53:58,7.7145,116.7912,0.9996
2025-11-12 12:53:58,7.7208,231.4765,0.9993
2025-11-12 12:53:58,7.7184,224.3740,0.9993
2025-11-12 12:53:58,7.7169,233.6324,0.9993
2025-11-12 12:53:58,7.7178,215.2367,0.9993
2025-11-12 12:53:59,7.7146,139.5027,0.9996
2025-11-12 12:53:59,7.7105,141.7252,0.9995
2025-11-12 12:53:59,7.7116,139.2358,0.9996
2025-11-12 12:53:59,7.7113,143.9548,0.9995
2025-11-12 12:53:59,7.7130,184.3823,0.9994
2025-11-12 12:53:59,7.7109,200.2011,0.9994
2025-11-12 12:53:59,7.7123,200.5738,0.9994
2025-11-12 12:53:59,7.7117,209.2851,0.9993
2025-11-12 12:53:59,7.7124,227.9340,0.9993
2025-11-12 12:53:59,7.7156,203.7451,0.9994
2025-11-12 12:53:59,7.7143,205.8502,0.9993
2025-11-12 12:53:59,7.7142,207.6783,0.9993
2025-11-12 12:54:00,7.7135,188.0127,0.9994
2025-11-12 12:54:00,7.7064,256.9622,0.9992
2025-11-12 12:54:00,7.7085,265.1865,0.9991
2025-11-12 12:54:00,7.7085,265.1865,0.9991
2025-11-12 12:54:00,7.7079,247.6722,0.9992
2025-11-12 12:54:00,7.7132,183.0851,0.9994
2025-11-12 12:54:00,7.7108,181.0475,0.9994
2025-11-12 12:54:00,7.7108,181.0475,0.9994
2025-11-12 12:54:00,7.7116,203.3064,0.9993
2025-11-12 12:54:00,7.6984,441.8761,0.9985
2025-11-12 12:54:01,7.6987,444.1687,0.9985
2025-11-12 12:54:01,7.6981,450.3294,0.9985
2025-11-12 12:54:01,7.6945,337.4685,0.9989
2025-11-12 12:54:01,7.7004,210.0488,0.9993
2025-11-12 12:54:01,7.7023,224.6302,0.9993
2025-11-12 12:54:01,7.7029,217.0395,0.9993
2025-11-12 12:54:01,7.7102,438.5753,0.9986
2025-11-12 12:54:01,7.7181,308.4019,0.9990
2025-11-12 12:54:01,7.7185,308.3779,0.9990
2025-11-12 12:54:01,7.7185,308.3779,0.9990
2025-11-12 12:54:01,7.7172,266.7742,0.9992
2025-11-12 12:54:02,7.7207,246.7875,0.9992
2025-11-12 12:54:02,7.7185,253.3678,0.9992
2025-11-12 12:54:02,7.7185,253.3678,0.9992
2025-11-12 12:54:02,7.7188,262.2356,0.9992
2025-11-12 12:54:02,7.7200,261.9359,0.9992
2025-11-12 12:54:02,7.7206,258.5976,0.9992
2025-11-12 12:54:02,7.7183,312.8483,0.9990
2025-11-12 12:54:02,7.7178,295.6091,0.9991
2025-11-12 12:54:02,7.7174,295.0005,0.9991
2025-11-12 12:54:03,7.7152,306.0255,0.9990
2025-11-12 12:54:03,7.7166,273.5246,0.9991
2025-11-12 12:54:03,7.7170,285.2629,0.9991
2025-11-12 12:54:03,7.7185,290.0563,0.9991
2025-11-12 12:54:03,7.7203,276.4051,0.9991
2025-11-12 12:54:03,7.7212,257.0361,0.9992
2025-11-12 12:54:03,7.7161,144.5695,0.9995
2025-11-12 12:54:03,7.7151,138.8792,0.9996
2025-11-12 12:54:03,7.7145,140.3257,0.9996
2025-11-12 12:54:04,7.7145,140.3257,0.9996
2025-11-12 12:54:04,7.7138,128.1847,0.9996
2025-11-12 12:54:04,7.7148,133.7248,0.9996
2025-11-12 12:54:04,7.7137,138.5157,0.9996
2025-11-12 12:54:04,7.7137,138.5157,0.9996
2025-11-12 12:54:04,7.7122,116.9027,0.9996
2025-11-12 12:54:04,7.7125,118.7087,0.9996
2025-11-12 12:54:04,7.7136,114.6444,0.9996
2025-11-12 12:54:05,7.7136,114.6444,0.9996
2025-11-12 12:54:05,7.6971,156.1295,0.9995
2025-11-12 12:54:05,7.6923,89.8331,0.9997
2025-11-12 12:54:05,7.6946,120.6118,0.9996
2025-11-12 12:54:05,7.6946,120.6118,0.9996
2025-11-12 12:54:05,7.7009,55.7664,0.9998
2025-11-12 12:54:05,7.7038,75.0829,0.9998
2025-11-12 12:54:05,7.7044,81.1377,0.9997
2025-11-12 12:54:05,7.7040,86.6061,0.9997
2025-11-12 12:54:05,7.7097,78.0809,0.9997
2025-11-12 12:54:05,7.7087,73.2587,0.9998
2025-11-12 12:54:06,7.7035,56.5822,0.9998
2025-11-12 12:54:06,7.7039,51.2529,0.9998
2025-11-12 12:54:06,7.6982,39.7497,0.9999
2025-11-12 12:54:06,7.6949,15.8870,0.9999
2025-11-12 12:54:06,7.6989,45.2930,0.9999
2025-11-12 12:54:06,7.6989,45.2930,0.9999
2025-11-12 12:54:06,7.7046,53.6908,0.9998
2025-11-12 12:54:06,7.7045,53.7538,0.9998
2025-11-12 12:54:06,7.7033,45.7531,0.9999
2025-11-12 12:54:06,7.7027,53.3998,0.9998
2025-11-12 12:54:06,7.7013,44.2097,0.9999
2025-11-12 12:54:07,7.6989,48.7342,0.9998
2025-11-12 12:54:07,7.6992,50.9505,0.9998
2025-11-12 12:54:07,7.6998,44.6257,0.9999
2025-11-12 12:54:07,7.6979,36.0045,0.9999
2025-11-12 12:54:07,7.6962,44.5340,0.9999
2025-11-12 12:54:07,7.6957,39.5729,0.9999
2025-11-12 12:54:07,7.6957,39.5729,0.9999
2025-11-12 12:54:07,7.6895,49.2174,0.9998
2025-11-12 12:54:07,7.6967,78.1247,0.9997
2025-11-12 12:54:07,7.6961,73.6895,0.9998
2025-11-12 12:54:07,7.6961,73.6895,0.9998
2025-11-12 12:54:08,7.7089,80.7049,0.9997
2025-11-12 12:54:08,7.7094,82.5412,0.9997
2025-11-12 12:54:08,7.7098,82.5104,0.9997
2025-11-12 12:54:08,7.7098,82.5104,0.9997
2025-11-12 12:54:08,7.7105,90.4374,0.9997
2025-11-12 12:54:08,7.7148,123.9501,0.9996
2025-11-12 12:54:08,7.7165,121.7817,0.9996
2025-11-12 12:54:08,7.7163,127.2507,0.9996
2025-11-12 12:54:09,7.7182,149.7866,0.9995
2025-11-12 12:54:09,7.7175,143.0970,0.9995
2025-11-12 12:54:09,7.7133,160.8050,0.9995
2025-11-12 12:54:09,7.7135,155.8315,0.9995
2025-11-12 12:54:09,7.7165,213.2000,0.9993
2025-11-12 12:54:09,7.7160,209.6476,0.9993
2025-11-12 12:54:09,7.7203,184.2847,0.9994
2025-11-12 12:54:09,7.7203,184.2847,0.9994
2025-11-12 12:54:09,7.7205,188.3162,0.9994
2025-11-12 12:54:09,7.7221,199.0039,0.9994
2025-11-12 12:54:09,7.7225,197.9944,0.9994
2025-11-12 12:54:10,7.7225,197.9944,0.9994
2025-11-12 12:54:10,7.7196,151.2249,0.9995
2025-11-12 12:54:10,7.7192,147.7462,0.9995
2025-11-12 12:54:10,7.7198,147.8432,0.9995
2025-11-12 12:54:10,7.7193,158.9702,0.9995
2025-11-12 12:54:10,7.7194,160.6526,0.9995
2025-11-12 12:54:10,7.7079,180.4285,0.9994
2025-11-12 12:54:10,7.7027,164.0223,0.9995
2025-11-12 12:54:10,7.7032,157.9537,0.9995
2025-11-12 12:54:10,7.7017,123.5599,0.9996
2025-11-12 12:54:11,7.7021,120.1016,0.9996
2025-11-12 12:54:11,7.7065,131.9173,0.9996
2025-11-12 12:54:11,7.7065,131.9173,0.9996
2025-11-12 12:54:11,7.7085,171.8992,0.9994
2025-11-12 12:54:11,7.7093,162.6391,0.9995
2025-11-12 12:54:11,7.7096,163.8191,0.9995
2025-11-12 12:54:11,7.7099,159.4739,0.9995
2025-11-12 12:54:11,7.7083,129.6764,0.9996
2025-11-12 12:54:11,7.7141,106.2430,0.9997
2025-11-12 12:54:12,7.7124,104.4062,0.9997
2025-11-12 12:54:12,7.7121,109.1816,0.9997
2025-11-12 12:54:12,7.7161,186.8613,0.9994
2025-11-12 12:54:12,7.7121,202.2422,0.9994
2025-11-12 12:54:12,7.7139,204.8870,0.9993
2025-11-12 12:54:12,7.7146,193.6219,0.9994
2025-11-12 12:54:12,7.7126,149.9866,0.9995
2025-11-12 12:54:12,7.7194,139.2569,0.9996
2025-11-12 12:54:12,7.7167,146.5097,0.9995
2025-11-12 12:54:13,7.7160,158.5791,0.9995
2025-11-12 12:54:13,7.7174,184.9248,0.9994
2025-11-12 12:54:13,7.7177,187.2037,0.9994
2025-11-12 12:54:13,7.7157,203.0605,0.9994
2025-11-12 12:54:13,7.7158,201.1451,0.9994
2025-11-12 12:54:13,7.7157,199.5845,0.9994
2025-11-12 12:54:13,7.7058,213.2306,0.9993
2025-11-12 12:54:13,7.7093,212.2351,0.9993
2025-11-12 12:54:13,7.7092,213.7596,0.9993
2025-11-12 12:54:13,7.7100,235.6601,0.9992
2025-11-12 12:54:13,7.7154,191.6635,0.9994
2025-11-12 12:54:14,7.7164,191.8975,0.9994
2025-11-12 12:54:14,7.7162,197.3665,0.9994
2025-11-12 12:54:14,7.7185,261.1085,0.9992
2025-11-12 12:54:14,7.7194,257.1311,0.9992
2025-11-12 12:54:14,7.7150,277.9672,0.9991
2025-11-12 12:54:14,7.7163,255.1384,0.9992
2025-11-12 12:54:14,7.7159,244.7814,0.9992
2025-11-12 12:54:14,7.7122,263.4884,0.9992
2025-11-12 12:54:14,7.7161,250.0952,0.9992
2025-11-12 12:54:14,7.7153,265.6329,0.9992
2025-11-12 12:54:14,7.7158,283.4213,0.9991
2025-11-12 12:54:15,7.7203,253.9388,0.9992
2025-11-12 12:54:15,7.7210,252.6620,0.9992
2025-11-12 12:54:15,7.7209,254.9029,0.9992
2025-11-12 12:54:15,7.7210,258.2767,0.9992
2025-11-12 12:54:15,7.7190,268.0160,0.9992
2025-11-12 12:54:15,7.7182,268.4836,0.9992
2025-11-12 12:54:15,7.7177,279.1988,0.9991
2025-11-12 12:54:15,7.7189,318.6527,0.9990
2025-11-12 12:54:15,7.7203,311.3473,0.9990
2025-11-12 12:54:15,7.7187,318.1136,0.9990
2025-11-12 12:54:15,7.7177,341.2151,0.9989
2025-11-12 12:54:15,7.7182,358.5516,0.9989
2025-11-12 12:54:16,7.7166,365.2296,0.9988
2025-11-12 12:54:16,7.7165,366.0059,0.9988
2025-11-12 12:54:16,7.7180,332.9436,0.9989
2025-11-12 12:54:16,7.7169,296.4778,0.9991
2025-11-12 12:54:16,7.7175,293.3680,0.9991
2025-11-12 12:54:16,7.7180,291.0706,0.9991
2025-11-12 12:54:16,7.7173,304.4583,0.9990
2025-11-12 12:54:16,7.7181,330.2385,0.9990
2025-11-12 12:54:16,7.7202,323.2942,0.9990
2025-11-12 12:54:16,7.7187,334.6386,0.9989
2025-11-12 12:54:17,7.7193,320.7043,0.9990
2025-11-12 12:54:17,7.7187,299.1756,0.9991
2025-11-12 12:54:17,7.7215,306.1789,0.9990
2025-11-12 12:54:17,7.7233,290.0452,0.9991
2025-11-12 12:54:17,7.7233,290.0452,0.9991
2025-11-12 12:54:17,7.7244,321.6269,0.9990
2025-11-12 12:54:17,7.7026,672.3434,0.9978
2025-11-12 12:54:17,7.7005,665.1196,0.9978
2025-11-12 12:54:18,7.7005,665.1196,0.9978
2025-11-12 12:54:18,7.7004,660.3130,0.9978
2025-11-12 12:54:18,7.7015,627.2465,0.9980
2025-11-12 12:54:18,7.7049,641.8948,0.9979
2025-11-12 12:54:18,7.7049,641.8948,0.9979
2025-11-12 12:54:18,7.7054,662.5105,0.9979
2025-11-12 12:54:18,7.7151,412.8863,0.9987
2025-11-12 12:54:18,7.7137,412.7051,0.9987
2025-11-12 12:54:19,7.7137,412.7051,0.9987
2025-11-12 12:54:19,7.7134,400.8627,0.9987
2025-11-12 12:54:19,7.7130,406.9718,0.9987
2025-11-12 12:54:19,7.7148,408.6855,0.9987
2025-11-12 12:54:19,7.7148,408.6855,0.9987
2025-11-12 12:54:19,7.7153,426.0043,0.9986
2025-11-12 12:54:19,7.7196,360.3952,0.9989
2025-11-12 12:54:19,7.7178,364.2138,0.9988
2025-11-12 12:54:19,7.7178,364.2138,0.9988
2025-11-12 12:54:19,7.7165,319.6603,0.9990
2025-11-12 12:54:19,7.7167,318.5774,0.9990
2025-11-12 12:54:20,7.7177,316.3688,0.9990
2025-11-12 12:54:20,7.7171,329.6844,0.9990
2025-11-12 12:54:20,7.7173,335.4411,0.9989
2025-11-12 12:54:20,7.7115,419.1663,0.9987
2025-11-12 12:54:20,7.7123,421.6650,0.9987
2025-11-12 12:54:20,7.7129,410.1497,0.9987
2025-11-12 12:54:20,7.7133,425.5748,0.9986
2025-11-12 12:54:20,7.7245,304.7857,0.9990
2025-11-12 12:54:20,7.7228,313.0796,0.9990
2025-11-12 12:54:20,7.7228,313.0796,0.9990
2025-11-12 12:54:20,7.7223,296.7594,0.9991
2025-11-12 12:54:20,7.7246,303.7088,0.9991
2025-11-12 12:54:21,7.7248,302.1206,0.9991
2025-11-12 12:54:21,7.7248,302.1206,0.9991
2025-11-12 12:54:21,7.7251,311.8119,0.9990
2025-11-12 12:54:21,7.7219,306.0425,0.9990
2025-11-12 12:54:21,7.7232,300.5828,0.9991
2025-11-12 12:54:21,7.7232,300.5828,0.9991
2025-11-12 12:54:21,7.7221,265.8111,0.9992
2025-11-12 12:54:21,7.7235,265.7902,0.9992
2025-11-12 12:54:21,7.7203,285.4490,0.9991
2025-11-12 12:54:21,7.7200,291.5825,0.9991
2025-11-12 12:54:22,7.7169,209.3648,0.9993
2025-11-12 12:54:22,7.7145,201.5600,0.9994
2025-11-12 12:54:22,7.7176,193.6976,0.9994
2025-11-12 12:54:22,7.7179,187.9841,0.9994
2025-11-12 12:54:22,7.7200,241.2854,0.9992
2025-11-12 12:54:22,7.7058,456.2797,0.9985
2025-11-12 12:54:22,7.7013,441.4831,0.9986
2025-11-12 12:54:22,7.7013,441.4831,0.9986
2025-11-12 12:54:22,7.7013,441.9366,0.9986
2025-11-12 12:54:23,7.7089,305.0091,0.9990
2025-11-12 12:54:23,7.7121,297.1413,0.9991
2025-11-12 12:54:23,7.7121,297.1413,0.9991
2025-11-12 12:54:23,7.7132,335.0553,0.9989
2025-11-12 12:54:23,7.7228,278.0617,0.9991
2025-11-12 12:54:23,7.7193,309.9018,0.9990
2025-11-12 12:54:23,7.7193,309.9018,0.9990
2025-11-12 12:54:23,7.7179,268.1766,0.9992
2025-11-12 12:54:23,7.7152,258.9756,0.9992
2025-11-12 12:54:23,7.7182,237.8766,0.9992
2025-11-12 12:54:24,7.7175,254.6918,0.9992
2025-11-12 12:54:24,7.7170,242.2264,0.9992
2025-11-12 12:54:24,7.7066,341.0359,0.9989
2025-11-12 12:54:24,7.7056,339.1279,0.9989
2025-11-12 12:54:24,7.7066,324.7174,0.9990
2025-11-12 12:54:24,7.7074,352.9967,0.9989
2025-11-12 12:54:24,7.7140,264.5319,0.9992
2025-11-12 12:54:24,7.7164,259.4907,0.9992
2025-11-12 12:54:24,7.7151,286.7925,0.9991
2025-11-12 12:54:24,7.7159,312.0808,0.9990
2025-11-12 12:54:25,7.7172,302.0163,0.9990
2025-11-12 12:54:25,7.7178,302.0537,0.9990
2025-11-12 12:54:25,7.7189,277.4470,0.9991
2025-11-12 12:54:25,7.7196,299.1598,0.9991
2025-11-12 12:54:25,7.7050,593.0534,0.9981
2025-11-12 12:54:25,7.7051,593.3688,0.9981
2025-11-12 12:54:25,7.7046,599.5514,0.9981
2025-11-12 12:54:25,7.7042,582.9207,0.9981
2025-11-12 12:54:25,7.7160,322.8309,0.9990
2025-11-12 12:54:26,7.7160,322.7775,0.9990
2025-11-12 12:54:26,7.7161,319.0854,0.9990
2025-11-12 12:54:26,7.7159,309.6181,0.9990
2025-11-12 12:54:26,7.7102,406.0691,0.9987
2025-11-12 12:54:26,7.7084,399.6603,0.9987
2025-11-12 12:54:26,7.7086,395.4356,0.9987
2025-11-12 12:54:26,7.7099,444.3354,0.9986
2025-11-12 12:54:26,7.7197,314.9573,0.9990
2025-11-12 12:54:26,7.7179,326.8796,0.9990
2025-11-12 12:54:26,7.7179,326.8796,0.9990
2025-11-12 12:54:26,7.7159,259.8163,0.9992
2025-11-12 12:54:27,7.7112,289.4843,0.9991
2025-11-12 12:54:27,7.7139,285.0410,0.9991
2025-11-12 12:54:27,7.7136,290.1098,0.9991
2025-11-12 12:54:27,7.7120,241.5557,0.9992
2025-11-12 12:54:27,7.7138,224.8378,0.9993
2025-11-12 12:54:27,7.7132,224.5733,0.9993
2025-11-12 12:54:27,7.7134,219.5978,0.9993
2025-11-12 12:54:27,7.7153,274.1667,0.9991
2025-11-12 12:54:27,7.7108,331.7635,0.9989
2025-11-12 12:54:27,7.7122,335.5766,0.9989
2025-11-12 12:54:27,7.7122,335.5766,0.9989
2025-11-12 12:54:27,7.7118,320.6884,0.9990
2025-11-12 12:54:28,7.7217,236.1071,0.9993
2025-11-12 12:54:28,7.7199,242.9358,0.9992
2025-11-12 12:54:28,7.7199,242.9358,0.9992
2025-11-12 12:54:28,7.7198,242.1949,0.9992
2025-11-12 12:54:28,7.7215,247.9182,0.9992
2025-11-12 12:54:28,7.7216,247.5346,0.9992
2025-11-12 12:54:28,7.7216,247.5346,0.9992
2025-11-12 12:54:28,7.7220,260.1707,0.9992
2025-11-12 12:54:28,7.7208,255.7982,0.9992
2025-11-12 12:54:28,7.7203,258.4344,0.9992
2025-11-12 12:54:29,7.7203,258.4344,0.9992
2025-11-12 12:54:29,7.7209,275.6534,0.9991
2025-11-12 12:54:29,7.7211,276.0547,0.9991
2025-11-12 12:54:29,7.7202,283.2680,0.9991
2025-11-12 12:54:29,7.7194,302.6058,0.9990
2025-11-12 12:54:29,7.7171,238.1075,0.9992
2025-11-12 12:54:29,7.7160,233.7028,0.9993
2025-11-12 12:54:29,7.7190,223.7965,0.9993
2025-11-12 12:54:29,7.7198,204.7257,0.9994
2025-11-12 12:54:30,7.7199,207.9950,0.9993
2025-11-12 12:54:30,7.7201,208.1223,0.9993
2025-11-12 12:54:30,7.7203,207.9382,0.9993
2025-11-12 12:54:30,7.7213,187.5453,0.9994
2025-11-12 12:54:30,7.7164,99.5659,0.9997
2025-11-12 12:54:30,7.7168,100.8731,0.9997
2025-11-12 12:54:30,7.7139,104.4901,0.9997
2025-11-12 12:54:30,7.7130,120.5068,0.9996
2025-11-12 12:54:30,7.7153,162.0930,0.9995
2025-11-12 12:54:31,7.7157,163.9824,0.9995
2025-11-12 12:54:31,7.7153,166.2836,0.9995
2025-11-12 12:54:31,7.7151,169.9498,0.9995
2025-11-12 12:54:31,7.7148,163.6180,0.9995
2025-11-12 12:54:31,7.7141,160.2055,0.9995
2025-11-12 12:54:31,7.7153,155.3843,0.9995
2025-11-12 12:54:31,7.7153,156.1706,0.9995
2025-11-12 12:54:31,7.7175,205.2292,0.9994
2025-11-12 12:54:31,7.7201,218.4078,0.9993
2025-11-12 12:54:31,7.7220,210.2500,0.9993
2025-11-12 12:54:32,7.7211,232.8333,0.9993
2025-11-12 12:54:32,7.7204,217.2507,0.9993
2025-11-12 12:54:32,7.7182,205.5207,0.9994
2025-11-12 12:54:32,7.7175,205.8271,0.9993
2025-11-12 12:54:32,7.7184,186.2053,0.9994
2025-11-12 12:54:32,7.7177,171.1298,0.9995
2025-11-12 12:54:32,7.7164,168.1317,0.9995
2025-11-12 12:54:32,7.7153,169.6608,0.9995
2025-11-12 12:54:32,7.7156,164.3462,0.9995
2025-11-12 12:54:33,7.7146,145.5563,0.9995
2025-11-12 12:54:33,7.7177,161.7004,0.9995
2025-11-12 12:54:33,7.7192,157.9310,0.9995
2025-11-12 12:54:33,7.7192,157.9310,0.9995
2025-11-12 12:54:33,7.7142,100.5657,0.9997
2025-11-12 12:54:33,7.7140,99.2597,0.9997
2025-11-12 12:54:33,7.7107,102.4728,0.9997
2025-11-12 12:54:33,7.7117,87.7795,0.9997
2025-11-12 12:54:33,7.7066,72.1369,0.9998
2025-11-12 12:54:33,7.7056,58.5187,0.9998
2025-11-12 12:54:33,7.7069,59.0985,0.9998
2025-11-12 12:54:34,7.7060,70.9884,0.9998
2025-11-12 12:54:34,7.7085,73.1866,0.9998
2025-11-12 12:54:34,7.7035,40.5654,0.9999
2025-11-12 12:54:34,7.7027,38.0233,0.9999
2025-11-12 12:54:34,7.7028,36.6685,0.9999
2025-11-12 12:54:34,7.6960,33.2607,0.9999
2025-11-12 12:54:34,7.6976,45.4589,0.9999
2025-11-12 12:54:34,7.7015,81.9430,0.9997
2025-11-12 12:54:34,7.7014,83.2124,0.9997
2025-11-12 12:54:34,7.7076,62.4358,0.9998
2025-11-12 12:54:35,7.7089,67.9748,0.9998
2025-11-12 12:54:35,7.7082,62.7046,0.9998
2025-11-12 12:54:35,7.7082,62.7046,0.9998
2025-11-12 12:54:35,7.7098,68.4426,0.9998
2025-11-12 12:54:35,7.7129,92.3241,0.9997
2025-11-12 12:54:35,7.7126,91.2470,0.9997
2025-11-12 12:54:35,7.7126,91.2470,0.9997
2025-11-12 12:54:35,7.7153,107.3128,0.9997
2025-11-12 12:54:35,7.7099,85.4353,0.9997
2025-11-12 12:54:35,7.7042,85.3380,0.9997
2025-11-12 12:54:36,7.7042,85.3380,0.9997
2025-11-12 12:54:36,7.7073,144.7741,0.9995
2025-11-12 12:54:36,7.7102,153.8955,0.9995
2025-11-12 12:54:36,7.7164,133.2047,0.9996
2025-11-12 12:54:36,7.7164,133.2047,0.9996
2025-11-12 12:54:36,7.7161,128.2086,0.9996
2025-11-12 12:54:36,7.7061,198.7238,0.9994
2025-11-12 12:54:36,7.7041,184.7751,0.9994
2025-11-12 12:54:36,7.7041,184.7751,0.9994
2025-11-12 12:54:36,7.7046,196.1452,0.9994
2025-11-12 12:54:37,7.6995,292.8041,0.9990
2025-11-12 12:54:37,7.6993,291.0908,0.9990
2025-11-12 12:54:37,7.6993,291.0908,0.9990
2025-11-12 12:54:37,7.6993,290.7865,0.9990
2025-11-12 12:54:37,7.7124,132.3394,0.9996
2025-11-12 12:54:37,7.7106,136.3894,0.9996
2025-11-12 12:54:37,7.7106,136.3894,0.9996
2025-11-12 12:54:37,7.7048,52.1832,0.9998
2025-11-12 12:54:37,7.7026,47.2525,0.9998
2025-11-12 12:54:38,7.7061,62.6360,0.9998
2025-11-12 12:54:38,7.7064,58.9177,0.9998
2025-11-12 12:54:38,7.7043,46.7626,0.9998
2025-11-12 12:54:38,7.7018,54.4913,0.9998
2025-11-12 12:54:38,7.7017,53.3080,0.9998
2025-11-12 12:54:38,7.7015,55.1838,0.9998
2025-11-12 12:54:38,7.7030,65.2426,0.9998
2025-11-12 12:54:38,7.7072,55.9164,0.9998
2025-11-12 12:54:38,7.7043,44.3895,0.9999
2025-11-12 12:54:38,7.7042,45.5943,0.9999
2025-11-12 12:54:38,7.7013,31.4101,0.9999
2025-11-12 12:54:39,7.7026,40.4515,0.9999
2025-11-12 12:54:39,7.7052,52.3547,0.9998
2025-11-12 12:54:39,7.7052,52.3547,0.9998
2025-11-12 12:54:39,7.7060,52.6398,0.9998
2025-11-12 12:54:39,7.7080,68.6374,0.9998
2025-11-12 12:54:39,7.7071,64.6146,0.9998
2025-11-12 12:54:39,7.7071,64.6146,0.9998
2025-11-12 12:54:39,7.7175,173.5252,0.9995
2025-11-12 12:54:39,7.7036,297.8477,0.9990
2025-11-12 12:54:39,7.7052,309.0988,0.9990
2025-11-12 12:54:39,7.7047,315.8542,0.9990
2025-11-12 12:54:39,7.7062,360.9125,0.9988
2025-11-12 12:54:39,7.7050,387.4087,0.9987
2025-11-12 12:54:40,7.7042,381.1016,0.9988
2025-11-12 12:54:40,7.7047,374.4565,0.9988
2025-11-12 12:54:40,7.7040,350.4457,0.9989
2025-11-12 12:54:40,7.7084,261.8768,0.9992
2025-11-12 12:54:40,7.7089,264.3454,0.9991
2025-11-12 12:54:40,7.7089,264.3454,0.9991
2025-11-12 12:54:40,7.7104,308.9447,0.9990
2025-11-12 12:54:40,7.7063,395.5794,0.9987
2025-11-12 12:54:40,7.7040,384.6251,0.9988
2025-11-12 12:54:41,7.7040,384.6251,0.9988
2025-11-12 12:54:41,7.7030,349.9713,0.9989
2025-11-12 12:54:41,7.7110,223.6127,0.9993
2025-11-12 12:54:41,7.7120,223.1226,0.9993
2025-11-12 12:54:41,7.7120,223.1226,0.9993
2025-11-12 12:54:41,7.7121,225.7661,0.9993
2025-11-12 12:54:41,7.7165,201.0450,0.9994
2025-11-12 12:54:41,7.7165,201.0543,0.9994
2025-11-12 12:54:41,7.7168,195.4995,0.9994
2025-11-12 12:54:41,7.7150,153.6943,0.9995
2025-11-12 12:54:41,7.7136,156.1962,0.9995
2025-11-12 12:54:41,7.7122,158.8295,0.9995
2025-11-12 12:54:42,7.7120,161.5238,0.9995
2025-11-12 12:54:42,7.7141,214.2015,0.9993
2025-11-12 12:54:42,7.7164,211.2035,0.9993
2025-11-12 12:54:42,7.7164,211.3491,0.9993
2025-11-12 12:54:42,7.7171,198.5997,0.9994
2025-11-12 12:54:42,7.7132,115.1154,0.9996
2025-11-12 12:54:42,7.7059,142.6353,0.9995
2025-11-12 12:54:42,7.7075,146.2509,0.9995
2025-11-12 12:54:43,7.7056,172.8848,0.9994
2025-11-12 12:54:43,7.7090,260.0241,0.9992
2025-11-12 12:54:43,7.7166,218.0704,0.9993
2025-11-12 12:54:43,7.7159,219.7938,0.9993
2025-11-12 12:54:43,7.7171,196.6282,0.9994
2025-11-12 12:54:43,7.7161,174.1003,0.9994
2025-11-12 12:54:43,7.7161,174.0887,0.9994
2025-11-12 12:54:43,7.7158,174.9190,0.9994
2025-11-12 12:54:43,7.7158,174.9190,0.9994
2025-11-12 12:54:44,7.7148,152.0500,0.9995
2025-11-12 12:54:44,7.6954,429.8635,0.9986
2025-11-12 12:54:44,7.6962,437.6640,0.9986
2025-11-12 12:54:44,7.6965,435.9088,0.9986
2025-11-12 12:54:44,7.6978,480.1685,0.9984
2025-11-12 12:54:44,7.7083,234.9555,0.9992
2025-11-12 12:54:44,7.7091,237.9017,0.9992
2025-11-12 12:54:44,7.7084,247.4212,0.9992
2025-11-12 12:54:44,7.7092,267.5978,0.9991
2025-11-12 12:54:44,7.7139,214.4598,0.9993
2025-11-12 12:54:44,7.7099,223.6283,0.9993
2025-11-12 12:54:45,7.7103,217.2636,0.9993
2025-11-12 12:54:45,7.7091,185.8692,0.9994
2025-11-12 12:54:45,7.7119,181.8464,0.9994
2025-11-12 12:54:45,7.7165,168.3382,0.9995
2025-11-12 12:54:45,7.7165,168.3382,0.9995
2025-11-12 12:54:45,7.7171,181.5575,0.9994
2025-11-12 12:54:45,7.7173,181.1635,0.9994
2025-11-12 12:54:45,7.7112,210.1628,0.9993
2025-11-12 12:54:45,7.7112,210.1628,0.9993
2025-11-12 12:54:45,7.7118,227.2092,0.9993
2025-11-12 12:54:46,7.7125,228.6541,0.9993
2025-11-12 12:54:46,7.7191,195.0044,0.9994
2025-11-12 12:54:46,7.7194,188.9925,0.9994
2025-11-12 12:54:46,7.7219,253.9717,0.9992
2025-11-12 12:54:46,7.7222,253.1865,0.9992
2025-11-12 12:54:46,7.7200,259.9210,0.9992
2025-11-12 12:54:46,7.7195,269.5503,0.9992
2025-11-12 12:54:46,7.7202,289.5299,0.9991
2025-11-12 12:54:46,7.7211,289.0284,0.9991
2025-11-12 12:54:46,7.7223,283.1102,0.9991
2025-11-12 12:54:46,7.7225,279.3338,0.9991
2025-11-12 12:54:47,7.7230,294.0488,0.9991
2025-11-12 12:54:47,7.7260,300.0704,0.9991
2025-11-12 12:54:47,7.7238,317.8058,0.9990
2025-11-12 12:54:47,7.7238,317.8058,0.9990
2025-11-12 12:54:47,7.7227,287.4898,0.9991
2025-11-12 12:54:47,7.7224,285.2774,0.9991
2025-11-12 12:54:47,7.7240,273.0319,0.9991
2025-11-12 12:54:47,7.7233,292.3997,0.9991
2025-11-12 12:54:47,7.7244,326.7069,0.9990
2025-11-12 12:54:47,7.7227,320.9019,0.9990
2025-11-12 12:54:47,7.7239,316.0767,0.9990
2025-11-12 12:54:48,7.7267,249.1967,0.9992
2025-11-12 12:54:48,7.7248,197.5595,0.9994
2025-11-12 12:54:48,7.7254,198.2629,0.9994
2025-11-12 12:54:48,7.7250,199.9846,0.9994
2025-11-12 12:54:48,7.7224,256.4864,0.9992
2025-11-12 12:54:48,7.7238,295.4177,0.9991
2025-11-12 12:54:48,7.7231,294.0058,0.9991
2025-11-12 12:54:48,7.7207,308.3565,0.9990
2025-11-12 12:54:48,7.7212,297.2771,0.9991
2025-11-12 12:54:49,7.7193,242.5665,0.9992
2025-11-12 12:54:49,7.7184,240.0517,0.9992
2025-11-12 12:54:49,7.7203,230.8385,0.9993
2025-11-12 12:54:49,7.7203,230.8385,0.9993
2025-11-12 12:54:49,7.7211,252.7839,0.9992
2025-11-12 12:54:49,7.7236,259.5520,0.9992
2025-11-12 12:54:49,7.7194,297.7967,0.9991
2025-11-12 12:54:49,7.7194,297.7967,0.9991
2025-11-12 12:54:49,7.7204,329.1198,0.9990
2025-11-12 12:54:49,7.7190,320.7643,0.9990
2025-11-12 12:54:49,7.7237,281.2094,0.9991
2025-11-12 12:54:50,7.7237,281.2094,0.9991
2025-11-12 12:54:50,7.7229,258.5545,0.9992
2025-11-12 12:54:50,7.7239,261.3191,0.9992
2025-11-12 12:54:50,7.7198,293.3979,0.9991
2025-11-12 12:54:50,7.7198,293.3979,0.9991
2025-11-12 12:54:50,7.7214,342.0366,0.9989
2025-11-12 12:54:50,7.7208,339.2489,0.9989
2025-11-12 12:54:50,7.7234,313.0935,0.9990
2025-11-12 12:54:50,7.7234,313.0935,0.9990
2025-11-12 12:54:50,7.7215,256.8637,0.9992
2025-11-12 12:54:50,7.7228,263.2186,0.9992
2025-11-12 12:54:51,7.7228,263.1944,0.9992
2025-11-12 12:54:51,7.7228,263.1944,0.9992
2025-11-12 12:54:51,7.7233,276.2562,0.9991
2025-11-12 12:54:51,7.7210,267.9882,0.9992
2025-11-12 12:54:51,7.7208,269.6860,0.9992
2025-11-12 12:54:51,7.7208,269.6860,0.9992
2025-11-12 12:54:51,7.7185,208.1217,0.9993
2025-11-12 12:54:51,7.7214,225.3510,0.9993
2025-11-12 12:54:52,7.7216,223.8418,0.9993
2025-11-12 12:54:52,7.7216,223.8418,0.9993
2025-11-12 12:54:52,7.7193,178.5265,0.9994
2025-11-12 12:54:52,7.7179,165.8460,0.9995
2025-11-12 12:54:52,7.7192,162.2542,0.9995
2025-11-12 12:54:52,7.7192,162.2542,0.9995
2025-11-12 12:54:52,7.7191,158.9049,0.9995
2025-11-12 12:54:52,7.7170,149.5199,0.9995
2025-11-12 12:54:52,7.7160,150.2358,0.9995
2025-11-12 12:54:52,7.7160,150.2358,0.9995
2025-11-12 12:54:52,7.7106,77.0823,0.9998
2025-11-12 12:54:53,7.7097,71.4753,0.9998
2025-11-12 12:54:53,7.7091,70.4880,0.9998
2025-11-12 12:54:53,7.7091,70.4880,0.9998
2025-11-12 12:54:53,7.7136,131.3035,0.9996
2025-11-12 12:54:53,7.7148,135.1661,0.9996
2025-11-12 12:54:53,7.7140,137.4397,0.9996
2025-11-12 12:54:53,7.7135,145.8764,0.9995
2025-11-12 12:54:53,7.7025,65.3785,0.9998
2025-11-12 12:54:53,7.6991,35.3886,0.9999
2025-11-12 12:54:53,7.7017,55.9937,0.9998
2025-11-12 12:54:53,7.7019,53.9090,0.9998
2025-11-12 12:54:53,7.7075,67.8952,0.9998
2025-11-12 12:54:54,7.7048,73.1393,0.9998
2025-11-12 12:54:54,7.7040,66.9643,0.9998
2025-11-12 12:54:54,7.7043,63.5530,0.9998
2025-11-12 12:54:54,7.7026,49.7974,0.9998
2025-11-12 12:54:54,7.6983,79.6772,0.9997
2025-11-12 12:54:54,7.6988,85.2402,0.9997
2025-11-12 12:54:54,7.6983,90.0518,0.9997
2025-11-12 12:54:54,7.7014,129.0299,0.9996
2025-11-12 12:54:54,7.7125,98.7676,0.9997
2025-11-12 12:54:54,7.7119,97.3667,0.9997
2025-11-12 12:54:54,7.7122,92.7531,0.9997
2025-11-12 12:54:55,7.7112,85.3546,0.9997
2025-11-12 12:54:55,7.7093,72.6997,0.9998
2025-11-12 12:54:55,7.7096,74.1125,0.9998
2025-11-12 12:54:55,7.7099,70.0828,0.9998
2025-11-12 12:54:55,7.7110,80.0538,0.9997
2025-11-12 12:54:55,7.7136,95.8141,0.9997
2025-11-12 12:54:55,7.7127,94.9676,0.9997
2025-11-12 12:54:55,7.7127,94.9676,0.9997
2025-11-12 12:54:55,7.7179,167.4750,0.9995
2025-11-12 12:54:56,7.7175,165.4751,0.9995
2025-11-12 12:54:56,7.7173,166.2502,0.9995
2025-11-12 12:54:56,7.7164,185.5583,0.9994
2025-11-12 12:54:56,7.7168,195.4052,0.9994
2025-11-12 12:54:56,7.7170,196.5256,0.9994
2025-11-12 12:54:56,7.7172,195.8402,0.9994
2025-11-12 12:54:56,7.7175,189.4197,0.9994
2025-11-12 12:54:56,7.7184,207.2764,0.9993
2025-11-12 12:54:56,7.7171,202.5537,0.9994
2025-11-12 12:54:56,7.7151,212.0033,0.9993
2025-11-12 12:54:57,7.7157,199.5295,0.9994
2025-11-12 12:54:57,7.7144,169.3076,0.9995
2025-11-12 12:54:57,7.7122,164.4032,0.9995
2025-11-12 12:54:57,7.7143,158.6153,0.9995
2025-11-12 12:54:57,7.7140,163.7093,0.9995
2025-11-12 12:54:57,7.7138,158.5991,0.9995
2025-11-12 12:54:57,7.7026,279.4942,0.9991
2025-11-12 12:54:57,7.7032,283.4253,0.9991
2025-11-12 12:54:57,7.7035,280.0967,0.9991
2025-11-12 12:54:58,7.7027,258.6748,0.9992
2025-11-12 12:54:58,7.7174,146.7067,0.9995
2025-11-12 12:54:58,7.7172,146.9347,0.9995
2025-11-12 12:54:58,7.7172,146.9347,0.9995
2025-11-12 12:54:58,7.7163,131.2821,0.9996
2025-11-12 12:54:58,7.7151,124.8937,0.9996
2025-11-12 12:54:58,7.7161,125.4771,0.9996
2025-11-12 12:54:58,7.7161,125.4771,0.9996
2025-11-12 12:54:58,7.7173,146.5187,0.9995
2025-11-12 12:54:58,7.7104,170.5751,0.9995
2025-11-12 12:54:58,7.7089,165.1052,0.9995
2025-11-12 12:54:59,7.7089,165.1052,0.9995
2025-11-12 12:54:59,7.7074,133.1894,0.9996
2025-11-12 12:54:59,7.7084,126.1873,0.9996
2025-11-12 12:54:59,7.7096,130.5482,0.9996
2025-11-12 12:54:59,7.7091,137.7659,0.9996
2025-11-12 12:54:59,7.7127,218.0142,0.9993
2025-11-12 12:54:59,7.7172,196.5290,0.9994
2025-11-12 12:54:59,7.7153,200.0938,0.9994
2025-11-12 12:54:59,7.7153,200.0938,0.9994
2025-11-12 12:54:59,7.7139,168.7368,0.9995
2025-11-12 12:55:00,7.7095,180.5084,0.9994
2025-11-12 12:55:00,7.7117,184.8861,0.9994
2025-11-12 12:55:00,7.7121,176.9504,0.9994
2025-11-12 12:55:00,7.7122,178.1188,0.9994
2025-11-12 12:55:00,7.7172,159.1929,0.9995
2025-11-12 12:55:00,7.7130,172.7861,0.9994
2025-11-12 12:55:00,7.7130,172.7861,0.9994
2025-11-12 12:55:00,7.7132,176.0373,0.9994
2025-11-12 12:55:00,7.7130,175.4232,0.9994
2025-11-12 12:55:00,7.7174,162.1848,0.9995
2025-11-12 12:55:01,7.7168,174.5989,0.9994
2025-11-12 12:55:01,7.7167,171.6325,0.9995
2025-11-12 12:55:01,7.7146,174.1590,0.9994
2025-11-12 12:55:01,7.7133,171.9615,0.9995
2025-11-12 12:55:01,7.7133,172.5757,0.9994
2025-11-12 12:55:01,7.7115,136.5939,0.9996
2025-11-12 12:55:01,7.7078,153.8811,0.9995
2025-11-12 12:55:01,7.7076,153.0180,0.9995
2025-11-12 12:55:01,7.7082,143.4578,0.9995
2025-11-12 12:55:01,7.7111,212.8797,0.9993
2025-11-12 12:55:01,7.7198,194.5858,0.9994
2025-11-12 12:55:01,7.7195,195.8788,0.9994
2025-11-12 12:55:02,7.7189,209.8070,0.9993
2025-11-12 12:55:02,7.7168,169.2379,0.9995
2025-11-12 12:55:02,7.7152,158.7695,0.9995
2025-11-12 12:55:02,7.7159,157.8703,0.9995
2025-11-12 12:55:02,7.7163,150.5941,0.9995
2025-11-12 12:55:02,7.7169,163.3441,0.9995
2025-11-12 12:55:02,7.7185,171.7111,0.9995
2025-11-12 12:55:02,7.7180,173.0438,0.9995
2025-11-12 12:55:02,7.7180,173.0438,0.9995
2025-11-12 12:55:02,7.7176,166.1426,0.9995
2025-11-12 12:55:03,7.7167,160.2997,0.9995
2025-11-12 12:55:03,7.7163,161.7364,0.9995
2025-11-12 12:55:03,7.7163,161.7364,0.9995
2025-11-12 12:55:03,7.7175,187.7878,0.9994
2025-11-12 12:55:03,7.7155,181.2629,0.9994
2025-11-12 12:55:03,7.7126,197.3422,0.9994
2025-11-12 12:55:03,7.7132,187.5326,0.9994
2025-11-12 12:55:03,7.7114,147.2115,0.9995
2025-11-12 12:55:03,7.7142,165.6099,0.9995
2025-11-12 12:55:03,7.7172,146.1911,0.9995
2025-11-12 12:55:04,7.7161,169.4226,0.9995
2025-11-12 12:55:04,7.7198,249.2238,0.9992
2025-11-12 12:55:04,7.7176,241.4400,0.9992
2025-11-12 12:55:04,7.7141,265.9795,0.9992
2025-11-12 12:55:04,7.7149,249.3526,0.9992
2025-11-12 12:55:04,7.7126,189.6833,0.9994
2025-11-12 12:55:04,7.7126,189.3986,0.9994
2025-11-12 12:55:04,7.7178,166.2956,0.9995
2025-11-12 12:55:04,7.7178,166.2956,0.9995
2025-11-12 12:55:04,7.7188,187.3982,0.9994
2025-11-12 12:55:04,7.7213,194.6916,0.9994
2025-11-12 12:55:04,7.7169,221.6010,0.9993
2025-11-12 12:55:05,7.7169,221.6010,0.9993
2025-11-12 12:55:05,7.7118,128.9438,0.9996
2025-11-12 12:55:05,7.7111,121.0246,0.9996
2025-11-12 12:55:05,7.7146,109.7153,0.9997
2025-11-12 12:55:05,7.7136,128.1091,0.9996
2025-11-12 12:55:05,7.7141,133.8494,0.9996
2025-11-12 12:55:05,7.7118,120.5410,0.9996
2025-11-12 12:55:05,7.7113,119.9503,0.9996
2025-11-12 12:55:05,7.7123,102.8851,0.9997
2025-11-12 12:55:05,7.6986,86.9484,0.9997
2025-11-12 12:55:05,7.7008,118.4886,0.9996
2025-11-12 12:55:05,7.7020,128.4831,0.9996
2025-11-12 12:55:06,7.7017,131.5371,0.9996
2025-11-12 12:55:06,7.7032,113.9219,0.9996
2025-11-12 12:55:06,7.7049,141.1410,0.9995
2025-11-12 12:55:06,7.6996,126.3200,0.9996
2025-11-12 12:55:06,7.6999,123.6180,0.9996
2025-11-12 12:55:06,7.6968,157.6729,0.9995
2025-11-12 12:55:06,7.6960,138.7946,0.9995
2025-11-12 12:55:06,7.7014,166.8027,0.9995
2025-11-12 12:55:06,7.7014,166.8027,0.9995
2025-11-12 12:55:06,7.7128,92.1739,0.9997
2025-11-12 12:55:06,7.7003,102.3791,0.9997
2025-11-12 12:55:06,7.6998,96.5552,0.9997
2025-11-12 12:55:07,7.6998,96.5552,0.9997
2025-11-12 12:55:07,7.7019,126.6137,0.9996
2025-11-12 12:55:07,7.7057,89.9244,0.9997
2025-11-12 12:55:07,7.7034,80.4602,0.9997
2025-11-12 12:55:07,7.7034,80.4602,0.9997
2025-11-12 12:55:07,7.7029,73.6975,0.9998
2025-11-12 12:55:07,7.7055,67.4610,0.9998
2025-11-12 12:55:07,7.7077,73.9503,0.9998
2025-11-12 12:55:08,7.7077,73.9503,0.9998
2025-11-12 12:55:08,7.7062,58.8844,0.9998
2025-11-12 12:55:08,7.6976,130.3495,0.9996
2025-11-12 12:55:08,7.6976,130.0067,0.9996
2025-11-12 12:55:08,7.6976,130.0067,0.9996
2025-11-12 12:55:08,7.6980,136.2135,0.9996
2025-11-12 12:55:08,7.7057,64.2247,0.9998
2025-11-12 12:55:08,7.7052,61.7166,0.9998
2025-11-12 12:55:08,7.7055,58.1466,0.9998
2025-11-12 12:55:08,7.7055,58.2852,0.9998
2025-11-12 12:55:09,7.7041,63.6108,0.9998
2025-11-12 12:55:09,7.7039,62.0402,0.9998
2025-11-12 12:55:09,7.7037,64.1568,0.9998
2025-11-12 12:55:09,7.7113,207.7075,0.9993
2025-11-12 12:55:09,7.7169,182.6103,0.9994
2025-11-12 12:55:09,7.7177,181.0922,0.9994
2025-11-12 12:55:09,7.7176,183.1229,0.9994
2025-11-12 12:55:09,7.7123,92.0696,0.9997
2025-11-12 12:55:09,7.7142,102.9994,0.9997
2025-11-12 12:55:09,7.7119,105.6183,0.9997
2025-11-12 12:55:09,7.7119,105.6183,0.9997
2025-11-12 12:55:09,7.7215,316.5478,0.9990
2025-11-12 12:55:09,7.7206,314.8661,0.9990
2025-11-12 12:55:10,7.7220,304.0837,0.9990
2025-11-12 12:55:10,7.7220,304.0837,0.9990
2025-11-12 12:55:10,7.7227,326.5343,0.9990
2025-11-12 12:55:10,7.7175,354.0818,0.9989
2025-11-12 12:55:10,7.7185,351.4907,0.9989
2025-11-12 12:55:10,7.7185,351.4907,0.9989
2025-11-12 12:55:10,7.7176,319.7413,0.9990
2025-11-12 12:55:10,7.7248,294.8066,0.9991
2025-11-12 12:55:10,7.7253,292.4843,0.9991
2025-11-12 12:55:10,7.7188,490.6762,0.9985
2025-11-12 12:55:10,7.7186,484.4738,0.9985
2025-11-12 12:55:11,7.7158,472.0435,0.9985
2025-11-12 12:55:11,7.7148,471.8490,0.9985
2025-11-12 12:55:11,7.7201,315.6174,0.9990
2025-11-12 12:55:11,7.7208,338.5941,0.9989
2025-11-12 12:55:11,7.7213,338.1746,0.9989
2025-11-12 12:55:11,7.7203,343.6352,0.9989
2025-11-12 12:55:11,7.7214,317.4081,0.9990
2025-11-12 12:55:11,7.7195,257.3077,0.9992
2025-11-12 12:55:11,7.7139,282.5012,0.9991
2025-11-12 12:55:11,7.7153,280.8754,0.9991
2025-11-12 12:55:12,7.7153,280.8754,0.9991
2025-11-12 12:55:12,7.7150,269.3058,0.9991
2025-11-12 12:55:12,7.7199,241.0013,0.9992
2025-11-12 12:55:12,7.7195,241.9769,0.9992
2025-11-12 12:55:12,7.7191,251.9976,0.9992
2025-11-12 12:55:12,7.7198,274.3009,0.9991
2025-11-12 12:55:12,7.7176,281.7144,0.9991
2025-11-12 12:55:12,7.7184,280.6690,0.9991
2025-11-12 12:55:13,7.7188,270.8310,0.9991
2025-11-12 12:55:13,7.7198,301.0957,0.9991
2025-11-12 12:55:13,7.7204,297.2068,0.9991
2025-11-12 12:55:13,7.7206,296.8609,0.9991
2025-11-12 12:55:13,7.7206,296.8609,0.9991
2025-11-12 12:55:13,7.7191,252.4800,0.9992
2025-11-12 12:55:13,7.7194,251.4275,0.9992
2025-11-12 12:55:13,7.7202,251.3898,0.9992
2025-11-12 12:55:13,7.7202,251.3898,0.9992
2025-11-12 12:55:13,7.7229,336.9551,0.9989
2025-11-12 12:55:13,7.7196,369.6195,0.9988
2025-11-12 12:55:13,7.7141,392.5770,0.9988
2025-11-12 12:55:14,7.7141,392.5770,0.9988
2025-11-12 12:55:14,7.7130,349.8385,0.9989
2025-11-12 12:55:14,7.7094,392.2014,0.9987
2025-11-12 12:55:14,7.7127,381.2594,0.9988
2025-11-12 12:55:14,7.7125,385.3950,0.9988
2025-11-12 12:55:14,7.7117,356.1224,0.9989
2025-11-12 12:55:14,7.7162,300.6031,0.9990
2025-11-12 12:55:14,7.7169,299.4261,0.9991
2025-11-12 12:55:14,7.7181,276.0537,0.9991
2025-11-12 12:55:15,7.7200,339.0988,0.9989
2025-11-12 12:55:15,7.7234,312.6980,0.9990
2025-11-12 12:55:15,7.7222,319.8562,0.9990
2025-11-12 12:55:15,7.7237,290.8316,0.9991
2025-11-12 12:55:15,7.7235,284.4448,0.9991
2025-11-12 12:55:15,7.7208,302.9804,0.9990
2025-11-12 12:55:15,7.7204,305.8314,0.9990
2025-11-12 12:55:15,7.7178,355.1307,0.9989
2025-11-12 12:55:16,7.7171,328.6965,0.9990
2025-11-12 12:55:16,7.7095,432.7773,0.9986
2025-11-12 12:55:16,7.7115,435.8948,0.9986
2025-11-12 12:55:16,7.7142,395.2408,0.9987
2025-11-12 12:55:16,7.7151,427.6545,0.9986
2025-11-12 12:55:16,7.7194,342.0961,0.9989
2025-11-12 12:55:16,7.7203,341.6224,0.9989
2025-11-12 12:55:16,7.7179,385.5541,0.9988
2025-11-12 12:55:16,7.7188,421.0090,0.9987
2025-11-12 12:55:16,7.7111,596.1183,0.9981
2025-11-12 12:55:17,7.7094,589.1239,0.9981
2025-11-12 12:55:17,7.7022,744.8888,0.9976
2025-11-12 12:55:17,7.7017,719.9721,0.9977
2025-11-12 12:55:17,7.7099,583.0409,0.9981
2025-11-12 12:55:17,7.7077,581.9755,0.9981
2025-11-12 12:55:17,7.7128,448.5962,0.9986
2025-11-12 12:55:17,7.7135,478.1686,0.9985
2025-11-12 12:55:17,7.7189,440.2336,0.9986
2025-11-12 12:55:17,7.7191,438.3882,0.9986
2025-11-12 12:55:17,7.7212,387.6966,0.9988
2025-11-12 12:55:17,7.7203,354.3166,0.9989
2025-11-12 12:55:17,7.7212,352.4772,0.9989
2025-11-12 12:55:18,7.7223,343.4015,0.9989
2025-11-12 12:55:18,7.7223,343.4015,0.9989
2025-11-12 12:55:18,7.7234,382.4451,0.9988
2025-11-12 12:55:18,7.7158,455.3965,0.9986
2025-11-12 12:55:18,7.7174,453.0109,0.9986
2025-11-12 12:55:18,7.7166,470.2062,0.9985
2025-11-12 12:55:18,7.7164,462.6004,0.9985
2025-11-12 12:55:18,7.7243,385.8926,0.9988
2025-11-12 12:55:18,7.7198,423.2878,0.9987
2025-11-12 12:55:18,7.7207,402.2877,0.9987
2025-11-12 12:55:18,7.7206,397.1730,0.9988
2025-11-12 12:55:18,7.7216,398.0069,0.9988
2025-11-12 12:55:18,7.7257,357.8116,0.9989
2025-11-12 12:55:19,7.7252,372.1250,0.9988
2025-11-12 12:55:19,7.7247,356.3760,0.9989
2025-11-12 12:55:19,7.7203,375.4370,0.9988
2025-11-12 12:55:19,7.7181,385.6292,0.9988
2025-11-12 12:55:19,7.7182,382.7977,0.9988
2025-11-12 12:55:19,7.7184,388.4061,0.9988
2025-11-12 12:55:19,7.7219,374.4545,0.9988
2025-11-12 12:55:19,7.7236,361.8353,0.9989
2025-11-12 12:55:19,7.7239,353.7957,0.9989
2025-11-12 12:55:19,7.7241,359.3236,0.9989
2025-11-12 12:55:19,7.7225,364.6938,0.9989
2025-11-12 12:55:19,7.7226,364.1031,0.9989
2025-11-12 12:55:20,7.7226,364.1031,0.9989
2025-11-12 12:55:20,7.7219,336.9443,0.9989
2025-11-12 12:55:20,7.7226,334.0606,0.9990
2025-11-12 12:55:20,7.7238,329.4141,0.9990
2025-11-12 12:55:20,7.7238,329.4141,0.9990
2025-11-12 12:55:20,7.7242,343.8595,0.9989
2025-11-12 12:55:20,7.7272,340.0836,0.9989
2025-11-12 12:55:20,7.7248,356.8141,0.9989
2025-11-12 12:55:20,7.7248,356.8141,0.9989
2025-11-12 12:55:20,7.7250,364.3880,0.9989
2025-11-12 12:55:20,7.7260,367.9354,0.9989
2025-11-12 12:55:20,7.7238,394.6563,0.9988
2025-11-12 12:55:21,7.7238,394.6563,0.9988
2025-11-12 12:55:21,7.7236,389.9310,0.9988
2025-11-12 12:55:21,7.7236,389.4599,0.9988
2025-11-12 12:55:21,7.7280,345.6709,0.9989
2025-11-12 12:55:21,7.7280,345.6709,0.9989
2025-11-12 12:55:21,7.7258,279.9392,0.9991
2025-11-12 12:55:21,7.7254,278.4051,0.9991
2025-11-12 12:55:21,7.7239,286.8561,0.9991
2025-11-12 12:55:21,7.7239,286.8561,0.9991
2025-11-12 12:55:21,7.7236,276.9551,0.9991
2025-11-12 12:55:21,7.7239,279.0273,0.9991
2025-11-12 12:55:21,7.7228,287.6667,0.9991
2025-11-12 12:55:22,7.7224,299.3732,0.9991
2025-11-12 12:55:22,7.7222,294.9677,0.9991
2025-11-12 12:55:22,7.7211,288.4400,0.9991
2025-11-12 12:55:22,7.7236,274.5708,0.9991
2025-11-12 12:55:22,7.7241,262.5075,0.9992
2025-11-12 12:55:22,7.7262,326.4649,0.9990
2025-11-12 12:55:22,7.7261,326.2976,0.9990
2025-11-12 12:55:22,7.7219,364.2124,0.9989
2025-11-12 12:55:22,7.7219,364.2124,0.9989
2025-11-12 12:55:22,7.7206,320.7602,0.9990
2025-11-12 12:55:22,7.7222,331.6047,0.9990
2025-11-12 12:55:22,7.7238,313.4398,0.9990
2025-11-12 12:55:23,7.7238,313.4398,0.9990
2025-11-12 12:55:23,7.7245,334.6243,0.9990
2025-11-12 12:55:23,7.7242,332.8296,0.9990
2025-11-12 12:55:23,7.7250,325.0209,0.9990
2025-11-12 12:55:23,7.7250,325.0209,0.9990
2025-11-12 12:55:23,7.7252,331.5399,0.9990
2025-11-12 12:55:23,7.7238,325.5729,0.9990
2025-11-12 12:55:23,7.7256,313.5750,0.9990
2025-11-12 12:55:23,7.7256,313.5750,0.9990
2025-11-12 12:55:23,7.7175,131.8120,0.9996
2025-11-12 12:55:24,7.7169,127.9597,0.9996
2025-11-12 12:55:24,7.7168,127.8523,0.9996
2025-11-12 12:55:24,7.7160,144.2912,0.9995
2025-11-12 12:55:24,7.7199,218.2233,0.9993
2025-11-12 12:55:24,7.7130,238.1296,0.9992
2025-11-12 12:55:24,7.7122,236.2424,0.9992
2025-11-12 12:55:24,7.7122,236.7747,0.9992
2025-11-12 12:55:24,7.7111,208.4350,0.9993
2025-11-12 12:55:24,7.7165,191.5972,0.9994
2025-11-12 12:55:24,7.7179,192.0952,0.9994
2025-11-12 12:55:24,7.7187,174.0245,0.9995
2025-11-12 12:55:25,7.7104,71.8414,0.9998
2025-11-12 12:55:25,7.7057,64.5475,0.9998
2025-11-12 12:55:25,7.7048,56.7910,0.9998
2025-11-12 12:55:25,7.7048,56.7910,0.9998
2025-11-12 12:55:25,7.7078,87.6396,0.9997
2025-11-12 12:55:25,7.6966,241.9221,0.9992
2025-11-12 12:55:25,7.6956,229.9011,0.9992
2025-11-12 12:55:25,7.6956,229.9011,0.9992
2025-11-12 12:55:25,7.6946,210.5016,0.9993
2025-11-12 12:55:25,7.6962,177.2093,0.9994
2025-11-12 12:55:26,7.6957,172.2803,0.9994
2025-11-12 12:55:26,7.6954,174.3125,0.9994
2025-11-12 12:55:26,7.6948,162.6496,0.9995
2025-11-12 12:55:26,7.7053,62.7939,0.9998
2025-11-12 12:55:26,7.7052,62.2408,0.9998
2025-11-12 12:55:26,7.7055,58.6354,0.9998
2025-11-12 12:55:26,7.7056,59.9218,0.9998
2025-11-12 12:55:26,7.7109,85.7646,0.9997
2025-11-12 12:55:26,7.7122,86.8329,0.9997
2025-11-12 12:55:26,7.7122,86.8329,0.9997
2025-11-12 12:55:26,7.7116,83.2912,0.9997
2025-11-12 12:55:27,7.7117,83.9823,0.9997
2025-11-12 12:55:27,7.7081,87.8117,0.9997
2025-11-12 12:55:27,7.7079,90.1508,0.9997
2025-11-12 12:55:27,7.7142,178.6734,0.9994
2025-11-12 12:55:27,7.7140,177.2561,0.9994
2025-11-12 12:55:27,7.7163,163.2827,0.9995
2025-11-12 12:55:27,7.7165,160.1142,0.9995
2025-11-12 12:55:27,7.7171,171.4898,0.9995
2025-11-12 12:55:27,7.7182,179.0612,0.9994
2025-11-12 12:55:27,7.7198,172.9856,0.9995
2025-11-12 12:55:28,7.7198,172.9856,0.9995
2025-11-12 12:55:28,7.7193,163.9773,0.9995
2025-11-12 12:55:28,7.7173,153.5275,0.9995
2025-11-12 12:55:28,7.7178,153.4644,0.9995
2025-11-12 12:55:28,7.7178,153.4644,0.9995
2025-11-12 12:55:28,7.7183,164.3803,0.9995
2025-11-12 12:55:28,7.7177,163.1226,0.9995
2025-11-12 12:55:28,7.7134,179.4695,0.9994
2025-11-12 12:55:28,7.7134,179.4695,0.9994
2025-11-12 12:55:28,7.7112,135.3300,0.9996
2025-11-12 12:55:28,7.7118,138.7640,0.9996
2025-11-12 12:55:28,7.7135,130.0686,0.9996
2025-11-12 12:55:29,7.7135,130.0686,0.9996
2025-11-12 12:55:29,7.7137,134.1961,0.9996
2025-11-12 12:55:29,7.7138,134.5068,0.9996
2025-11-12 12:55:29,7.7131,137.2616,0.9996
2025-11-12 12:55:29,7.7131,137.2616,0.9996
2025-11-12 12:55:29,7.7148,170.1277,0.9995
2025-11-12 12:55:29,7.7160,176.9026,0.9994
2025-11-12 12:55:29,7.7145,189.0930,0.9994
2025-11-12 12:55:30,7.7140,197.6866,0.9994
2025-11-12 12:55:30,7.7121,159.1263,0.9995
2025-11-12 12:55:30,7.7092,139.7411,0.9996
2025-11-12 12:55:30,7.7127,129.1902,0.9996
2025-11-12 12:55:30,7.7131,120.9990,0.9996
2025-11-12 12:55:30,7.7167,194.4009,0.9994
2025-11-12 12:55:30,7.7159,195.4440,0.9994
2025-11-12 12:55:30,7.7157,195.7542,0.9994
2025-11-12 12:55:30,7.7157,195.7542,0.9994
2025-11-12 12:55:30,7.7164,211.8974,0.9993
2025-11-12 12:55:31,7.7191,212.2665,0.9993
2025-11-12 12:55:31,7.7191,212.1325,0.9993
2025-11-12 12:55:31,7.7191,212.1325,0.9993
2025-11-12 12:55:31,7.7177,180.7765,0.9994
2025-11-12 12:55:31,7.7203,196.3496,0.9994
2025-11-12 12:55:31,7.7203,196.2441,0.9994
2025-11-12 12:55:31,7.7197,210.4811,0.9993
2025-11-12 12:55:32,7.7234,299.6536,0.9991
2025-11-12 12:55:32,7.7237,301.9953,0.9991
2025-11-12 12:55:32,7.7249,294.6724,0.9991
2025-11-12 12:55:32,7.7249,294.6724,0.9991
2025-11-12 12:55:32,7.7250,298.1743,0.9991
2025-11-12 12:55:32,7.7237,291.4198,0.9991
2025-11-12 12:55:32,7.7226,296.8000,0.9991
2025-11-12 12:55:32,7.7258,226.8357,0.9993
2025-11-12 12:55:32,7.7250,206.8109,0.9994
2025-11-12 12:55:32,7.7246,205.8906,0.9994
2025-11-12 12:55:32,7.7242,209.1944,0.9993
2025-11-12 12:55:33,7.7218,259.0122,0.9992
2025-11-12 12:55:33,7.7234,305.1840,0.9990
2025-11-12 12:55:33,7.7149,348.7019,0.9989
2025-11-12 12:55:33,7.7132,355.3825,0.9989
2025-11-12 12:55:33,7.7133,353.3775,0.9989
2025-11-12 12:55:33,7.7126,328.6107,0.9990
2025-11-12 12:55:33,7.7185,292.4275,0.9991
2025-11-12 12:55:33,7.7192,286.8162,0.9991
2025-11-12 12:55:33,7.7191,289.2290,0.9991
2025-11-12 12:55:33,7.7192,292.1207,0.9991
2025-11-12 12:55:33,7.7212,293.9631,0.9991
2025-11-12 12:55:33,7.7206,300.3995,0.9991
2025-11-12 12:55:34,7.7205,302.6165,0.9990
2025-11-12 12:55:34,7.7219,351.1367,0.9989
2025-11-12 12:55:34,7.7169,363.3530,0.9989
2025-11-12 12:55:34,7.7183,353.8648,0.9989
2025-11-12 12:55:34,7.7177,367.1363,0.9988
2025-11-12 12:55:34,7.7182,384.5217,0.9988
2025-11-12 12:55:34,7.7208,370.1424,0.9988
2025-11-12 12:55:34,7.7195,379.6065,0.9988
2025-11-12 12:55:34,7.7202,365.6457,0.9989
2025-11-12 12:55:34,7.7194,337.5577,0.9989
2025-11-12 12:55:34,7.7194,337.6126,0.9989
2025-11-12 12:55:35,7.7228,318.5774,0.9990
2025-11-12 12:55:35,7.7228,318.5774,0.9990
2025-11-12 12:55:35,7.7228,317.8731,0.9990
2025-11-12 12:55:35,7.7249,312.6246,0.9990
2025-11-12 12:55:35,7.7234,320.1509,0.9990
2025-11-12 12:55:35,7.7234,320.1509,0.9990
2025-11-12 12:55:35,7.7222,281.0524,0.9991
2025-11-12 12:55:35,7.7214,280.5720,0.9991
2025-11-12 12:55:35,7.7212,281.4686,0.9991
2025-11-12 12:55:35,7.7212,281.4686,0.9991
2025-11-12 12:55:36,7.7212,281.6219,0.9991
2025-11-12 12:55:36,7.7226,283.4841,0.9991
2025-11-12 12:55:36,7.7241,275.9933,0.9991
2025-11-12 12:55:36,7.7233,297.0398,0.9991
2025-11-12 12:55:36,7.7239,313.7003,0.9990
2025-11-12 12:55:36,7.7219,313.6886,0.9990
2025-11-12 12:55:36,7.7221,313.4548,0.9990
2025-11-12 12:55:36,7.7229,293.0388,0.9991
2025-11-12 12:55:36,7.7212,244.0102,0.9992
2025-11-12 12:55:36,7.7251,253.5395,0.9992
2025-11-12 12:55:36,7.7246,255.9004,0.9992
2025-11-12 12:55:37,7.7241,267.3344,0.9992
2025-11-12 12:55:37,7.7244,274.9495,0.9991
2025-11-12 12:55:37,7.7238,271.3919,0.9992
2025-11-12 12:55:37,7.7236,272.2927,0.9991
2025-11-12 12:55:37,7.7235,276.7205,0.9991
2025-11-12 12:55:37,7.7249,316.2559,0.9990
2025-11-12 12:55:37,7.7220,310.4397,0.9990
2025-11-12 12:55:37,7.7207,316.8217,0.9990
2025-11-12 12:55:37,7.7213,302.1237,0.9991
2025-11-12 12:55:37,7.7194,244.9007,0.9992
2025-11-12 12:55:38,7.7185,244.7955,0.9992
2025-11-12 12:55:38,7.7180,247.6614,0.9992
2025-11-12 12:55:38,7.7180,247.6614,0.9992
2025-11-12 12:55:38,7.7186,265.6702,0.9992
2025-11-12 12:55:38,7.7228,278.9970,0.9991
2025-11-12 12:55:38,7.7243,267.8971,0.9992
2025-11-12 12:55:38,7.7243,267.8971,0.9992
2025-11-12 12:55:38,7.7250,287.7688,0.9991
2025-11-12 12:55:38,7.7223,279.2046,0.9991
2025-11-12 12:55:38,7.7220,280.7646,0.9991
2025-11-12 12:55:38,7.7220,280.7646,0.9991
2025-11-12 12:55:38,7.7208,247.9662,0.9992
2025-11-12 12:55:38,7.7175,253.4010,0.9992
2025-11-12 12:55:39,7.7155,262.0113,0.9992
2025-11-12 12:55:39,7.7150,271.9465,0.9991
2025-11-12 12:55:39,7.7145,256.6276,0.9992
2025-11-12 12:55:39,7.7143,257.4682,0.9992
2025-11-12 12:55:39,7.7160,251.0236,0.9992
2025-11-12 12:55:39,7.7165,240.8136,0.9992
2025-11-12 12:55:39,7.7165,241.6391,0.9992
2025-11-12 12:55:39,7.7174,238.0287,0.9992
2025-11-12 12:55:39,7.7189,235.4131,0.9993
2025-11-12 12:55:40,7.7189,235.4131,0.9993
2025-11-12 12:55:40,7.7188,232.9255,0.9993
2025-11-12 12:55:40,7.7139,274.1428,0.9991
2025-11-12 12:55:40,7.7098,278.6966,0.9991
2025-11-12 12:55:40,7.7098,278.6966,0.9991
2025-11-12 12:55:40,7.7104,301.2804,0.9990
2025-11-12 12:55:40,7.7116,290.2980,0.9991
2025-11-12 12:55:40,7.7154,280.6141,0.9991
2025-11-12 12:55:40,7.7154,280.6141,0.9991
2025-11-12 12:55:41,7.7156,287.2522,0.9991
2025-11-12 12:55:41,7.7113,350.6368,0.9989
2025-11-12 12:55:41,7.7107,348.9320,0.9989
2025-11-12 12:55:41,7.7107,348.9320,0.9989
2025-11-12 12:55:41,7.7109,352.7247,0.9989
2025-11-12 12:55:41,7.7089,392.1855,0.9987
2025-11-12 12:55:41,7.7073,389.0112,0.9987
2025-11-12 12:55:41,7.7067,398.1889,0.9987
2025-11-12 12:55:41,7.7077,437.7740,0.9986
2025-11-12 12:55:41,7.7159,323.8639,0.9990
2025-11-12 12:55:41,7.7157,324.9828,0.9990
2025-11-12 12:55:41,7.7163,312.5052,0.9990
2025-11-12 12:55:42,7.7144,252.1791,0.9992
2025-11-12 12:55:42,7.7107,286.8065,0.9991
2025-11-12 12:55:42,7.7120,285.9237,0.9991
2025-11-12 12:55:42,7.7120,285.9237,0.9991
2025-11-12 12:55:42,7.7127,309.9334,0.9990
2025-11-12 12:55:42,7.7105,343.2945,0.9989
2025-11-12 12:55:42,7.7125,349.4194,0.9989
2025-11-12 12:55:42,7.7070,470.6420,0.9985
2025-11-12 12:55:42,7.7074,485.7124,0.9984
2025-11-12 12:55:42,7.7007,627.4007,0.9980
2025-11-12 12:55:43,7.6985,605.6987,0.9980
2025-11-12 12:55:43,7.7036,516.5556,0.9983
2025-11-12 12:55:43,7.7046,558.0437,0.9982
2025-11-12 12:55:43,7.7122,386.2664,0.9988
2025-11-12 12:55:43,7.7129,386.5902,0.9988
2025-11-12 12:55:43,7.7133,379.3047,0.9988
2025-11-12 12:55:43,7.7115,313.6372,0.9990
2025-11-12 12:55:43,7.7226,246.6523,0.9992
2025-11-12 12:55:43,7.7231,244.5863,0.9992
2025-11-12 12:55:44,7.7205,311.2013,0.9990
2025-11-12 12:55:44,7.7219,350.7414,0.9989
2025-11-12 12:55:44,7.7193,345.0163,0.9989
2025-11-12 12:55:44,7.7196,344.6236,0.9989
2025-11-12 12:55:44,7.7216,292.3619,0.9991
2025-11-12 12:55:44,7.7206,263.2471,0.9992
2025-11-12 12:55:44,7.7240,270.9117,0.9992
2025-11-12 12:55:44,7.7227,277.7679,0.9991
2025-11-12 12:55:44,7.7232,264.4239,0.9992
2025-11-12 12:55:45,7.7233,265.6330,0.9992
2025-11-12 12:55:45,7.7229,263.3368,0.9992
2025-11-12 12:55:45,7.7218,270.8445,0.9992
2025-11-12 12:55:45,7.7210,290.7025,0.9991
2025-11-12 12:55:45,7.7230,352.9344,0.9989
2025-11-12 12:55:45,7.7206,346.3893,0.9989
2025-11-12 12:55:45,7.7217,339.3277,0.9989
2025-11-12 12:55:45,7.7225,319.0816,0.9990
2025-11-12 12:55:45,7.7230,336.9410,0.9989
2025-11-12 12:55:45,7.7253,339.0017,0.9989
2025-11-12 12:55:45,7.7262,332.3670,0.9990
2025-11-12 12:55:46,7.7254,354.4765,0.9989
2025-11-12 12:55:46,7.7248,337.1011,0.9989
2025-11-12 12:55:46,7.7251,337.9041,0.9989
2025-11-12 12:55:46,7.7247,339.9969,0.9989
2025-11-12 12:55:46,7.7250,330.7683,0.9990
2025-11-12 12:55:46,7.7249,325.0335,0.9990
2025-11-12 12:55:46,7.7246,324.0266,0.9990
2025-11-12 12:55:46,7.7237,330.1656,0.9990
2025-11-12 12:55:46,7.7242,318.0496,0.9990
2025-11-12 12:55:47,7.7236,300.7055,0.9991
2025-11-12 12:55:47,7.7246,305.7317,0.9990
2025-11-12 12:55:47,7.7264,294.1144,0.9991
2025-11-12 12:55:47,7.7264,294.1144,0.9991
2025-11-12 12:55:47,7.7250,256.7848,0.9992
2025-11-12 12:55:47,7.7207,249.6772,0.9992
2025-11-12 12:55:47,7.7169,268.1056,0.9992
2025-11-12 12:55:47,7.7169,268.1056,0.9992
2025-11-12 12:55:47,7.7150,214.5889,0.9993
2025-11-12 12:55:47,7.7150,214.5180,0.9993
2025-11-12 12:55:48,7.7170,203.7296,0.9994
2025-11-12 12:55:48,7.7157,230.9611,0.9993
2025-11-12 12:55:48,7.7183,304.6500,0.9990
2025-11-12 12:55:48,7.7220,313.2855,0.9990
2025-11-12 12:55:48,7.7219,313.7019,0.9990
2025-11-12 12:55:48,7.7232,281.5351,0.9991
2025-11-12 12:55:48,7.7237,297.2057,0.9991
2025-11-12 12:55:49,7.7235,296.3324,0.9991
2025-11-12 12:55:49,7.7243,291.3874,0.9991
2025-11-12 12:55:49,7.7245,284.4502,0.9991
2025-11-12 12:55:49,7.7227,234.2153,0.9993
2025-11-12 12:55:49,7.7204,227.8102,0.9993
2025-11-12 12:55:49,7.7201,229.3292,0.9993
2025-11-12 12:55:49,7.7199,233.2997,0.9993
2025-11-12 12:55:49,7.7202,240.6818,0.9992
2025-11-12 12:55:49,7.7214,243.1561,0.9992
2025-11-12 12:55:49,7.7227,237.8322,0.9993
2025-11-12 12:55:49,7.7226,240.1727,0.9992
2025-11-12 12:55:50,7.7223,232.9611,0.9993
2025-11-12 12:55:50,7.7226,233.9758,0.9993
2025-11-12 12:55:50,7.7221,235.6853,0.9993
2025-11-12 12:55:50,7.7221,235.6853,0.9993
2025-11-12 12:55:50,7.7164,126.0303,0.9996
2025-11-12 12:55:50,7.7169,129.9113,0.9996
2025-11-12 12:55:50,7.7171,129.8625,0.9996
2025-11-12 12:55:50,7.7171,129.8625,0.9996
2025-11-12 12:55:50,7.7202,180.2816,0.9994
2025-11-12 12:55:51,7.7194,175.7796,0.9994
2025-11-12 12:55:51,7.7182,178.9691,0.9994
2025-11-12 12:55:51,7.7182,178.9691,0.9994
2025-11-12 12:55:51,7.7182,178.3710,0.9994
2025-11-12 12:55:51,7.7173,174.4769,0.9994
2025-11-12 12:55:51,7.7179,172.8872,0.9995
2025-11-12 12:55:51,7.7179,172.8872,0.9995
2025-11-12 12:55:51,7.7184,184.3787,0.9994
2025-11-12 12:55:51,7.7140,190.4043,0.9994
2025-11-12 12:55:51,7.7148,191.3426,0.9994
2025-11-12 12:55:52,7.7148,191.3426,0.9994
2025-11-12 12:55:52,7.7148,190.3389,0.9994
2025-11-12 12:55:52,7.7185,180.8010,0.9994
2025-11-12 12:55:52,7.7181,181.0290,0.9994
2025-11-12 12:55:52,7.7178,187.8616,0.9994
2025-11-12 12:55:52,7.7195,228.9227,0.9993
2025-11-12 12:55:52,7.7126,271.5931,0.9991
2025-11-12 12:55:52,7.7132,273.4525,0.9991
2025-11-12 12:55:52,7.7136,267.4974,0.9991
2025-11-12 12:55:52,7.7146,299.8978,0.9990
2025-11-12 12:55:53,7.7091,401.1548,0.9987
2025-11-12 12:55:53,7.7066,392.0018,0.9987
2025-11-12 12:55:53,7.7066,392.0018,0.9987
2025-11-12 12:55:53,7.7068,401.7195,0.9987
2025-11-12 12:55:53,7.7178,267.6384,0.9992
2025-11-12 12:55:53,7.7200,259.8505,0.9992
2025-11-12 12:55:53,7.7200,259.8505,0.9992
2025-11-12 12:55:53,7.7206,276.2961,0.9991
2025-11-12 12:55:53,7.7216,272.9000,0.9991
2025-11-12 12:55:54,7.7209,275.3346,0.9991
2025-11-12 12:55:54,7.7209,275.3346,0.9991
2025-11-12 12:55:54,7.7215,295.4177,0.9991
2025-11-12 12:55:54,7.7213,296.0673,0.9991
2025-11-12 12:55:54,7.7216,294.5988,0.9991
2025-11-12 12:55:54,7.7212,305.2329,0.9990
2025-11-12 12:55:54,7.7209,297.6981,0.9991
2025-11-12 12:55:54,7.7222,296.1118,0.9991
2025-11-12 12:55:54,7.7226,294.6962,0.9991
2025-11-12 12:55:54,7.7230,283.6787,0.9991
2025-11-12 12:55:54,7.7238,307.0120,0.9990
2025-11-12 12:55:54,7.7226,309.6149,0.9990
2025-11-12 12:55:55,7.7226,309.7045,0.9990
2025-11-12 12:55:55,7.7226,309.7045,0.9990
2025-11-12 12:55:55,7.7206,249.6517,0.9992
2025-11-12 12:55:55,7.7210,249.0143,0.9992
2025-11-12 12:55:55,7.7211,248.7725,0.9992
2025-11-12 12:55:55,7.7204,266.7595,0.9992
2025-11-12 12:55:55,7.7202,261.9218,0.9992
2025-11-12 12:55:55,7.7209,261.8370,0.9992
2025-11-12 12:55:55,7.7196,265.6995,0.9992
2025-11-12 12:55:55,7.7204,248.0812,0.9992
2025-11-12 12:55:56,7.7195,223.4616,0.9993
2025-11-12 12:55:56,7.7212,228.9494,0.9993
2025-11-12 12:55:56,7.7217,226.3102,0.9993
2025-11-12 12:55:56,7.7215,232.6786,0.9993
2025-11-12 12:55:56,7.7224,256.6033,0.9992
2025-11-12 12:55:56,7.7229,258.7603,0.9992
2025-11-12 12:55:56,7.7206,274.2896,0.9991
2025-11-12 12:55:56,7.7203,282.5566,0.9991
2025-11-12 12:55:57,7.7171,205.8442,0.9993
2025-11-12 12:55:57,7.7152,192.6750,0.9994
2025-11-12 12:55:57,7.7184,184.6348,0.9994
2025-11-12 12:55:57,7.7190,170.9115,0.9995
2025-11-12 12:55:57,7.7213,223.0811,0.9993
2025-11-12 12:55:57,7.7194,224.7106,0.9993
2025-11-12 12:55:57,7.7148,245.0224,0.9992
2025-11-12 12:55:57,7.7148,245.0224,0.9992
2025-11-12 12:55:58,7.7163,291.1433,0.9991
2025-11-12 12:55:58,7.7154,292.7718,0.9991
2025-11-12 12:55:58,7.7196,271.0799,0.9991
2025-11-12 12:55:58,7.7196,271.0799,0.9991
2025-11-12 12:55:58,7.7204,296.6395,0.9991
2025-11-12 12:55:58,7.7226,288.5577,0.9991
2025-11-12 12:55:58,7.7214,293.5633,0.9991
2025-11-12 12:55:58,7.7214,293.5633,0.9991
2025-11-12 12:55:58,7.7206,268.9407,0.9992
2025-11-12 12:55:59,7.7210,268.9592,0.9992
2025-11-12 12:55:59,7.7204,272.5380,0.9991
2025-11-12 12:55:59,7.7204,272.5380,0.9991
2025-11-12 12:55:59,7.7214,302.3923,0.9991
2025-11-12 12:55:59,7.7220,302.8415,0.9991
2025-11-12 12:55:59,7.7209,312.0538,0.9990
2025-11-12 12:55:59,7.7209,312.0538,0.9990
2025-11-12 12:55:59,7.7202,290.9150,0.9991
2025-11-12 12:55:59,7.7206,292.0451,0.9991
2025-11-12 12:55:59,7.7238,272.2481,0.9991
2025-11-12 12:56:00,7.7233,283.4673,0.9991
2025-11-12 12:56:00,7.7233,283.0151,0.9991
2025-11-12 12:56:00,7.7201,288.0505,0.9991
2025-11-12 12:56:00,7.7185,291.6925,0.9991
2025-11-12 12:56:00,7.7190,281.8021,0.9991
2025-11-12 12:56:00,7.7181,254.7734,0.9992
2025-11-12 12:56:00,7.7205,252.1681,0.9992
2025-11-12 12:56:00,7.7210,249.6319,0.9992
2025-11-12 12:56:00,7.7235,198.5885,0.9994
2025-11-12 12:56:00,7.7240,212.0830,0.9993
2025-11-12 12:56:00,7.7252,212.0667,0.9993
2025-11-12 12:56:00,7.7239,221.5642,0.9993
2025-11-12 12:56:01,7.7213,276.9333,0.9991
2025-11-12 12:56:01,7.7222,303.4186,0.9990
2025-11-12 12:56:01,7.7229,306.3404,0.9990
2025-11-12 12:56:01,7.7252,292.2576,0.9991
2025-11-12 12:56:01,7.7246,309.8960,0.9990
2025-11-12 12:56:01,7.7246,312.0246,0.9990
2025-11-12 12:56:01,7.7254,315.0393,0.9990
2025-11-12 12:56:01,7.7211,349.8332,0.9989
2025-11-12 12:56:01,7.7219,329.8892,0.9990
2025-11-12 12:56:01,7.7222,338.5229,0.9989
2025-11-12 12:56:01,7.7223,339.0329,0.9989
2025-11-12 12:56:02,7.7222,339.8462,0.9989
2025-11-12 12:56:02,7.7187,432.3695,0.9986
2025-11-12 12:56:02,7.7189,440.1079,0.9986
2025-11-12 12:56:02,7.7189,439.8066,0.9986
2025-11-12 12:56:02,7.7197,431.8199,0.9986
2025-11-12 12:56:02,7.7222,360.5311,0.9989
2025-11-12 12:56:02,7.7215,338.1549,0.9989
2025-11-12 12:56:02,7.7192,326.3138,0.9990
2025-11-12 12:56:02,7.7212,311.6350,0.9990
2025-11-12 12:56:03,7.7222,288.9269,0.9991
2025-11-12 12:56:03,7.7232,321.6434,0.9990
2025-11-12 12:56:03,7.7249,324.6945,0.9990
2025-11-12 12:56:03,7.7244,327.9266,0.9990
2025-11-12 12:56:03,7.7244,327.9266,0.9990
2025-11-12 12:56:03,7.7220,255.4790,0.9992
2025-11-12 12:56:03,7.7206,250.0712,0.9992
2025-11-12 12:56:03,7.7225,242.3972,0.9992
2025-11-12 12:56:03,7.7225,242.3972,0.9992
2025-11-12 12:56:03,7.7235,270.8805,0.9992
2025-11-12 12:56:03,7.7211,274.0118,0.9991
2025-11-12 12:56:04,7.7211,274.1077,0.9991
2025-11-12 12:56:04,7.7205,288.6896,0.9991
2025-11-12 12:56:04,7.7205,290.0774,0.9991
2025-11-12 12:56:04,7.7214,287.9540,0.9991
2025-11-12 12:56:04,7.7212,288.5334,0.9991
2025-11-12 12:56:04,7.7218,273.6785,0.9991
2025-11-12 12:56:04,7.7215,264.3650,0.9992
2025-11-12 12:56:04,7.7175,284.9792,0.9991
2025-11-12 12:56:04,7.7164,286.2617,0.9991
2025-11-12 12:56:04,7.7158,299.0498,0.9991
2025-11-12 12:56:05,7.7157,297.8172,0.9991
2025-11-12 12:56:05,7.7188,282.7858,0.9991
2025-11-12 12:56:05,7.7194,280.7414,0.9991
2025-11-12 12:56:05,7.7201,266.5635,0.9992
2025-11-12 12:56:05,7.7210,296.1887,0.9991
2025-11-12 12:56:05,7.7229,292.6741,0.9991
2025-11-12 12:56:05,7.7190,324.4747,0.9990
2025-11-12 12:56:05,7.7190,324.4747,0.9990
2025-11-12 12:56:05,7.7198,352.0071,0.9989
2025-11-12 12:56:06,7.7192,351.3627,0.9989
2025-11-12 12:56:06,7.7219,325.7903,0.9990
2025-11-12 12:56:06,7.7219,325.7903,0.9990
2025-11-12 12:56:06,7.7218,320.0819,0.9990
2025-11-12 12:56:06,7.7256,331.3761,0.9990
2025-11-12 12:56:06,7.7260,328.2630,0.9990
2025-11-12 12:56:06,7.7260,328.2630,0.9990
2025-11-12 12:56:06,7.7252,304.9075,0.9991
2025-11-12 12:56:06,7.7230,294.2192,0.9991
2025-11-12 12:56:06,7.7242,287.3107,0.9991
2025-11-12 12:56:07,7.7239,294.1125,0.9991
2025-11-12 12:56:07,7.7236,284.5014,0.9991
2025-11-12 12:56:07,7.7253,291.3810,0.9991
2025-11-12 12:56:07,7.7257,289.6243,0.9991
2025-11-12 12:56:07,7.7260,282.5274,0.9991
2025-11-12 12:56:07,7.7270,310.9822,0.9990
2025-11-12 12:56:07,7.7275,313.4502,0.9990
2025-11-12 12:56:07,7.7276,312.9364,0.9990
2025-11-12 12:56:07,7.7276,312.9364,0.9990
2025-11-12 12:56:08,7.7274,309.6669,0.9990
2025-11-12 12:56:08,7.7270,307.3934,0.9990
2025-11-12 12:56:08,7.7252,319.9817,0.9990
2025-11-12 12:56:08,7.7245,336.1677,0.9990
2025-11-12 12:56:08,7.7241,321.7581,0.9990
2025-11-12 12:56:08,7.7225,313.8733,0.9990
2025-11-12 12:56:08,7.7241,305.3682,0.9990
2025-11-12 12:56:08,7.7242,300.8692,0.9991
2025-11-12 12:56:08,7.7248,318.3533,0.9990
2025-11-12 12:56:09,7.7268,325.9149,0.9990
2025-11-12 12:56:09,7.7237,352.0729,0.9989
2025-11-12 12:56:09,7.7235,356.5201,0.9989
2025-11-12 12:56:09,7.7233,350.9549,0.9989
2025-11-12 12:56:09,7.7228,347.2945,0.9989
2025-11-12 12:56:09,7.7260,322.2895,0.9990
2025-11-12 12:56:09,7.7245,366.1342,0.9989
2025-11-12 12:56:09,7.7237,343.5379,0.9989
2025-11-12 12:56:09,7.7227,338.1326,0.9989
2025-11-12 12:56:10,7.7214,343.8082,0.9989
2025-11-12 12:56:10,7.7235,287.3786,0.9991
2025-11-12 12:56:10,7.7211,222.2877,0.9993
2025-11-12 12:56:10,7.7218,227.1722,0.9993
2025-11-12 12:56:10,7.7228,222.5547,0.9993
2025-11-12 12:56:10,7.7228,222.5547,0.9993
2025-11-12 12:56:10,7.7255,291.3068,0.9991
2025-11-12 12:56:10,7.7238,285.9514,0.9991
2025-11-12 12:56:10,7.7203,312.7857,0.9990
2025-11-12 12:56:10,7.7206,306.5359,0.9990
2025-11-12 12:56:11,7.7190,258.3021,0.9992
2025-11-12 12:56:11,7.7188,257.7399,0.9992
2025-11-12 12:56:11,7.7226,233.2751,0.9993
2025-11-12 12:56:11,7.7225,237.5381,0.9993
2025-11-12 12:56:11,7.7244,292.1453,0.9991
2025-11-12 12:56:11,7.7196,310.3650,0.9990
2025-11-12 12:56:11,7.7204,310.0905,0.9990
2025-11-12 12:56:11,7.7203,312.2986,0.9990
2025-11-12 12:56:11,7.7196,290.7552,0.9991
2025-11-12 12:56:11,7.7211,280.3611,0.9991
2025-11-12 12:56:11,7.7202,281.3010,0.9991
2025-11-12 12:56:12,7.7192,303.1226,0.9990
2025-11-12 12:56:12,7.7198,320.7081,0.9990
2025-11-12 12:56:12,7.7198,320.5655,0.9990
2025-11-12 12:56:12,7.7184,324.7691,0.9990
2025-11-12 12:56:12,7.7194,303.4082,0.9990
2025-11-12 12:56:12,7.7194,303.4082,0.9990
2025-11-12 12:56:12,7.7216,298.5873,0.9991
2025-11-12 12:56:12,7.7205,306.2630,0.9990
2025-11-12 12:56:12,7.7205,306.2630,0.9990
2025-11-12 12:56:13,7.7192,265.1954,0.9992
2025-11-12 12:56:13,7.7200,267.0982,0.9992
2025-11-12 12:56:13,7.7235,250.8850,0.9992
2025-11-12 12:56:13,7.7220,289.4590,0.9991
2025-11-12 12:56:13,7.7234,330.1444,0.9990
2025-11-12 12:56:13,7.7258,338.0260,0.9989
2025-11-12 12:56:13,7.7245,343.7463,0.9989
2025-11-12 12:56:13,7.7260,302.7893,0.9991
2025-11-12 12:56:13,7.7264,315.5424,0.9990
2025-11-12 12:56:13,7.7235,308.5227,0.9990
2025-11-12 12:56:14,7.7240,306.4772,0.9990
2025-11-12 12:56:14,7.7240,306.4772,0.9990
2025-11-12 12:56:14,7.7222,254.2188,0.9992
2025-11-12 12:56:14,7.7227,254.6857,0.9992
2025-11-12 12:56:14,7.7205,265.8690,0.9992
2025-11-12 12:56:14,7.7205,265.8690,0.9992
2025-11-12 12:56:14,7.7206,268.0289,0.9992
2025-11-12 12:56:15,7.7209,268.9466,0.9992
2025-11-12 12:56:15,7.7226,258.8992,0.9992
2025-11-12 12:56:15,7.7226,258.8992,0.9992
2025-11-12 12:56:15,7.7236,286.9571,0.9991
2025-11-12 12:56:15,7.7246,289.2582,0.9991
2025-11-12 12:56:15,7.7230,299.6585,0.9991
2025-11-12 12:56:15,7.7230,299.6585,0.9991
2025-11-12 12:56:15,7.7230,297.3874,0.9991
2025-11-12 12:56:15,7.7234,299.5255,0.9991
2025-11-12 12:56:15,7.7251,287.6566,0.9991
2025-11-12 12:56:16,7.7251,287.6566,0.9991
2025-11-12 12:56:16,7.7258,308.3877,0.9990
2025-11-12 12:56:16,7.7235,305.1042,0.9990
2025-11-12 12:56:16,7.7225,309.7723,0.9990
2025-11-12 12:56:16,7.7225,309.7723,0.9990
2025-11-12 12:56:16,7.7226,311.8878,0.9990
2025-11-12 12:56:16,7.7247,315.3754,0.9990
2025-11-12 12:56:16,7.7230,330.1345,0.9990
2025-11-12 12:56:16,7.7230,330.1345,0.9990
2025-11-12 12:56:17,7.7238,354.4719,0.9989
2025-11-12 12:56:17,7.7211,350.0125,0.9989
2025-11-12 12:56:17,7.7209,352.4132,0.9989
2025-11-12 12:56:17,7.7209,352.4132,0.9989
2025-11-12 12:56:17,7.7198,314.7995,0.9990
2025-11-12 12:56:17,7.7154,332.3261,0.9989
2025-11-12 12:56:17,7.7161,328.8167,0.9990
2025-11-12 12:56:17,7.7161,328.8167,0.9990
2025-11-12 12:56:17,7.7164,339.8900,0.9989
2025-11-12 12:56:17,7.7177,329.7534,0.9990
2025-11-12 12:56:17,7.7188,324.1707,0.9990
2025-11-12 12:56:18,7.7188,324.1707,0.9990
2025-11-12 12:56:18,7.7184,310.4224,0.9990
2025-11-12 12:56:18,7.7227,299.6804,0.9991
2025-11-12 12:56:18,7.7225,301.2069,0.9991
2025-11-12 12:56:18,7.7225,301.2069,0.9991
2025-11-12 12:56:18,7.7222,291.2064,0.9991
2025-11-12 12:56:18,7.7183,297.7832,0.9991
2025-11-12 12:56:18,7.7158,314.7156,0.9990
2025-11-12 12:56:18,7.7158,314.7156,0.9990
2025-11-12 12:56:18,7.7156,308.8638,0.9990
2025-11-12 12:56:18,7.7185,306.1383,0.9990
2025-11-12 12:56:18,7.7225,277.9740,0.9991
2025-11-12 12:56:19,7.7225,277.9740,0.9991
2025-11-12 12:56:19,7.7215,249.7373,0.9992
2025-11-12 12:56:19,7.7178,263.6423,0.9992
2025-11-12 12:56:19,7.7165,265.5476,0.9992
2025-11-12 12:56:19,7.7165,265.5476,0.9992
2025-11-12 12:56:19,7.7171,285.4165,0.9991
2025-11-12 12:56:19,7.7163,290.9708,0.9991
2025-11-12 12:56:19,7.7176,289.1261,0.9991
2025-11-12 12:56:20,7.7176,289.1261,0.9991
2025-11-12 12:56:20,7.7180,300.4568,0.9991
2025-11-12 12:56:20,7.7227,277.6344,0.9991
2025-11-12 12:56:20,7.7219,281.2731,0.9991
2025-11-12 12:56:20,7.7219,281.2731,0.9991
2025-11-12 12:56:20,7.7228,310.8527,0.9990
2025-11-12 12:56:20,7.7234,310.9220,0.9990
2025-11-12 12:56:20,7.7231,312.9683,0.9990
2025-11-12 12:56:20,7.7231,312.9683,0.9990
2025-11-12 12:56:20,7.7218,273.9321,0.9991
2025-11-12 12:56:21,7.7178,282.2329,0.9991
2025-11-12 12:56:21,7.7193,279.4695,0.9991
2025-11-12 12:56:21,7.7193,279.4695,0.9991
2025-11-12 12:56:21,7.7201,305.5864,0.9990
2025-11-12 12:56:21,7.7218,295.7099,0.9991
2025-11-12 12:56:21,7.7216,296.2303,0.9991
2025-11-12 12:56:21,7.7205,323.8963,0.9990
2025-11-12 12:56:21,7.7201,312.7455,0.9990
2025-11-12 12:56:21,7.7152,349.3842,0.9989
2025-11-12 12:56:21,7.7159,350.8683,0.9989
2025-11-12 12:56:22,7.7171,326.3747,0.9990
2025-11-12 12:56:22,7.7169,319.8030,0.9990
2025-11-12 12:56:22,7.7225,275.8133,0.9991
2025-11-12 12:56:22,7.7186,294.8949,0.9991
2025-11-12 12:56:22,7.7205,258.4449,0.9992
2025-11-12 12:56:22,7.7211,276.2970,0.9991
2025-11-12 12:56:22,7.7192,282.5177,0.9991
2025-11-12 12:56:22,7.7217,266.0760,0.9992
2025-11-12 12:56:22,7.7199,303.9687,0.9990
2025-11-12 12:56:22,7.7198,300.5377,0.9991
2025-11-12 12:56:22,7.7043,593.2313,0.9981
2025-11-12 12:56:22,7.7017,583.1342,0.9981
2025-11-12 12:56:23,7.7017,583.1342,0.9981
2025-11-12 12:56:23,7.7020,597.1919,0.9981
2025-11-12 12:56:23,7.7179,324.0603,0.9990
2025-11-12 12:56:23,7.7192,314.8644,0.9990
2025-11-12 12:56:23,7.7193,312.7217,0.9990
2025-11-12 12:56:23,7.7190,300.2197,0.9991
2025-11-12 12:56:23,7.7124,364.4390,0.9988
2025-11-12 12:56:23,7.7126,364.0346,0.9988
2025-11-12 12:56:23,7.7123,370.6397,0.9988
2025-11-12 12:56:24,7.7128,391.3877,0.9988
2025-11-12 12:56:24,7.7116,411.0913,0.9987
2025-11-12 12:56:24,7.7132,412.2854,0.9987
2025-11-12 12:56:24,7.7135,407.2532,0.9987
2025-11-12 12:56:24,7.7124,366.3330,0.9988
2025-11-12 12:56:24,7.7154,318.6629,0.9990
2025-11-12 12:56:24,7.7153,318.5372,0.9990
2025-11-12 12:56:24,7.7146,330.9066,0.9989
2025-11-12 12:56:24,7.7155,363.0934,0.9988
2025-11-12 12:56:25,7.7219,316.0874,0.9990
2025-11-12 12:56:25,7.7216,317.2473,0.9990
2025-11-12 12:56:25,7.7215,318.2079,0.9990
2025-11-12 12:56:25,7.7215,317.0113,0.9990
2025-11-12 12:56:25,7.7201,320.8826,0.9990
2025-11-12 12:56:25,7.7185,328.2656,0.9990
2025-11-12 12:56:25,7.7191,313.5262,0.9990
2025-11-12 12:56:25,7.7192,316.7017,0.9990
2025-11-12 12:56:25,7.7203,314.0850,0.9990
2025-11-12 12:56:25,7.7221,303.7669,0.9990
2025-11-12 12:56:26,7.7221,303.7669,0.9990
2025-11-12 12:56:26,7.7219,296.8018,0.9991
2025-11-12 12:56:26,7.7225,295.5711,0.9991
2025-11-12 12:56:26,7.7217,299.7081,0.9991
2025-11-12 12:56:26,7.7217,299.7081,0.9991
2025-11-12 12:56:26,7.7220,310.0505,0.9990
2025-11-12 12:56:26,7.7227,309.7239,0.9990
2025-11-12 12:56:26,7.7211,322.5975,0.9990
2025-11-12 12:56:26,7.7200,348.8267,0.9989
2025-11-12 12:56:27,7.7182,291.5578,0.9991
2025-11-12 12:56:27,7.7190,294.8126,0.9991
2025-11-12 12:56:27,7.7219,279.5303,0.9991
2025-11-12 12:56:27,7.7230,252.0785,0.9992
2025-11-12 12:56:27,7.7239,277.0569,0.9991
2025-11-12 12:56:27,7.7165,315.2222,0.9990
2025-11-12 12:56:27,7.7138,320.3695,0.9990
2025-11-12 12:56:27,7.7138,320.3695,0.9990
2025-11-12 12:56:27,7.7137,317.4111,0.9990
2025-11-12 12:56:28,7.7155,302.1560,0.9990
2025-11-12 12:56:28,7.7151,304.3156,0.9990
2025-11-12 12:56:28,7.7149,309.5952,0.9990
2025-11-12 12:56:28,7.7145,297.2533,0.9991
2025-11-12 12:56:28,7.7081,374.4717,0.9988
2025-11-12 12:56:28,7.7094,373.6983,0.9988
2025-11-12 12:56:28,7.7097,369.3042,0.9988
2025-11-12 12:56:28,7.7107,407.2909,0.9987
2025-11-12 12:56:28,7.7189,308.2990,0.9990
2025-11-12 12:56:28,7.7179,314.4421,0.9990
2025-11-12 12:56:29,7.7179,314.4421,0.9990
2025-11-12 12:56:29,7.7173,293.6452,0.9991
2025-11-12 12:56:29,7.7174,293.2826,0.9991
2025-11-12 12:56:29,7.7202,281.9128,0.9991
2025-11-12 12:56:29,7.7202,281.9128,0.9991
2025-11-12 12:56:29,7.7192,251.9869,0.9992
2025-11-12 12:56:29,7.7211,246.5385,0.9992
2025-11-12 12:56:29,7.7183,259.2358,0.9992
2025-11-12 12:56:29,7.7183,259.2358,0.9992
2025-11-12 12:56:30,7.7188,273.5547,0.9991
2025-11-12 12:56:30,7.7126,307.0366,0.9990
2025-11-12 12:56:30,7.7139,303.8950,0.9990
2025-11-12 12:56:30,7.7139,303.8950,0.9990
2025-11-12 12:56:30,7.7146,330.1870,0.9990
2025-11-12 12:56:30,7.7215,288.3707,0.9991
2025-11-12 12:56:30,7.7230,281.4995,0.9991
2025-11-12 12:56:30,7.7230,281.4995,0.9991
2025-11-12 12:56:30,7.7220,252.4519,0.9992
2025-11-12 12:56:31,7.7232,253.7814,0.9992
2025-11-12 12:56:31,7.7219,259.3213,0.9992
2025-11-12 12:56:31,7.7219,259.3213,0.9992
2025-11-12 12:56:31,7.7232,297.7250,0.9991
2025-11-12 12:56:31,7.7195,302.6995,0.9990
2025-11-12 12:56:31,7.7207,299.1084,0.9991
2025-11-12 12:56:31,7.7197,322.2609,0.9990
2025-11-12 12:56:31,7.7187,290.1732,0.9991
2025-11-12 12:56:31,7.7222,286.6885,0.9991
2025-11-12 12:56:31,7.7212,290.6934,0.9991
2025-11-12 12:56:31,7.7222,266.6815,0.9992
2025-11-12 12:56:32,7.7234,302.4591,0.9991
2025-11-12 12:56:32,7.7259,312.7348,0.9990
2025-11-12 12:56:32,7.7271,304.4872,0.9991
2025-11-12 12:56:32,7.7271,304.4872,0.9991
2025-11-12 12:56:32,7.7271,304.4872,0.9991
2025-11-12 12:56:32,7.7253,297.2060,0.9991
2025-11-12 12:56:32,7.7246,300.5647,0.9991
2025-11-12 12:56:32,7.7246,300.5647,0.9991
2025-11-12 12:56:33,7.7253,321.8032,0.9990
2025-11-12 12:56:33,7.7242,320.6595,0.9990
2025-11-12 12:56:33,7.7253,316.0285,0.9990
2025-11-12 12:56:33,7.7253,316.0285,0.9990
2025-11-12 12:56:33,7.7244,290.1823,0.9991
2025-11-12 12:56:33,7.7244,290.1822,0.9991
2025-11-12 12:56:33,7.7238,292.3886,0.9991
2025-11-12 12:56:33,7.7261,241.0818,0.9993
2025-11-12 12:56:33,7.7248,206.5957,0.9994
2025-11-12 12:56:33,7.7216,217.7254,0.9993
2025-11-12 12:56:33,7.7214,218.0689,0.9993
2025-11-12 12:56:34,7.7188,271.0149,0.9991
2025-11-12 12:56:34,7.7154,182.1812,0.9994
2025-11-12 12:56:34,7.7100,222.8592,0.9993
2025-11-12 12:56:34,7.7107,226.8181,0.9993
2025-11-12 12:56:34,7.7108,225.0223,0.9993
2025-11-12 12:56:34,7.7074,149.9942,0.9995
2025-11-12 12:56:34,7.7128,118.1643,0.9996
2025-11-12 12:56:34,7.7099,112.4833,0.9996
2025-11-12 12:56:34,7.7092,123.9185,0.9996
2025-11-12 12:56:35,7.7113,166.3741,0.9995
2025-11-12 12:56:35,7.7110,166.5697,0.9995
2025-11-12 12:56:35,7.7109,166.6337,0.9995
2025-11-12 12:56:35,7.7121,145.8732,0.9995
2025-11-12 12:56:35,7.7108,118.6045,0.9996
2025-11-12 12:56:35,7.7075,130.7518,0.9996
2025-11-12 12:56:35,7.7100,137.8494,0.9996
2025-11-12 12:56:35,7.7090,153.4097,0.9995
2025-11-12 12:56:35,7.7110,196.6736,0.9994
2025-11-12 12:56:35,7.7145,176.5317,0.9994
2025-11-12 12:56:36,7.7142,175.8321,0.9994
2025-11-12 12:56:36,7.7165,134.4635,0.9996
2025-11-12 12:56:36,7.7130,75.6011,0.9998
2025-11-12 12:56:36,7.7073,112.9152,0.9996
2025-11-12 12:56:36,7.7061,107.2236,0.9997
2025-11-12 12:56:36,7.7042,129.4072,0.9996
2025-11-12 12:56:36,7.7035,116.7930,0.9996
2025-11-12 12:56:36,7.6980,192.6375,0.9994
2025-11-12 12:56:36,7.6978,190.3335,0.9994
2025-11-12 12:56:37,7.6971,196.2812,0.9994
2025-11-12 12:56:37,7.7034,370.9799,0.9988
2025-11-12 12:56:37,7.7030,379.7681,0.9988
2025-11-12 12:56:37,7.7050,393.1435,0.9987
2025-11-12 12:56:37,7.7060,378.8001,0.9988
2025-11-12 12:56:37,7.7055,361.0917,0.9988
2025-11-12 12:56:37,7.7101,267.3382,0.9991
2025-11-12 12:56:37,7.7084,260.6568,0.9992
2025-11-12 12:56:38,7.7084,260.6568,0.9992
2025-11-12 12:56:38,7.7086,265.2264,0.9991
2025-11-12 12:56:38,7.7138,209.2481,0.9993
2025-11-12 12:56:38,7.7150,209.3207,0.9993
2025-11-12 12:56:38,7.7150,209.3207,0.9993
2025-11-12 12:56:38,7.7099,104.0643,0.9997
2025-11-12 12:56:38,7.7163,119.9384,0.9996
2025-11-12 12:56:38,7.7160,119.8883,0.9996
2025-11-12 12:56:38,7.7160,119.8883,0.9996
2025-11-12 12:56:39,7.7238,271.5875,0.9992
2025-11-12 12:56:39,7.7239,272.1640,0.9992
2025-11-12 12:56:39,7.7232,276.8632,0.9991
2025-11-12 12:56:39,7.7232,276.8632,0.9991
2025-11-12 12:56:39,7.7242,306.8910,0.9990
2025-11-12 12:56:39,7.7235,304.8845,0.9990
2025-11-12 12:56:39,7.7233,306.3532,0.9990
2025-11-12 12:56:39,7.7230,314.2617,0.9990
2025-11-12 12:56:39,7.7232,321.3639,0.9990
2025-11-12 12:56:39,7.7172,339.1101,0.9989
2025-11-12 12:56:39,7.7170,340.1282,0.9989
2025-11-12 12:56:40,7.7173,333.4143,0.9989
2025-11-12 12:56:40,7.7173,335.1442,0.9989
2025-11-12 12:56:40,7.7157,351.9446,0.9989
2025-11-12 12:56:40,7.7173,349.2298,0.9989
2025-11-12 12:56:40,7.7173,349.2298,0.9989
2025-11-12 12:56:40,7.7175,357.7171,0.9989
2025-11-12 12:56:40,7.7224,317.2793,0.9990
2025-11-12 12:56:40,7.7223,317.6738,0.9990
2025-11-12 12:56:40,7.7220,324.1540,0.9990
2025-11-12 12:56:40,7.7211,294.4605,0.9991
2025-11-12 12:56:40,7.7206,296.2044,0.9991
2025-11-12 12:56:40,7.7198,298.6331,0.9991
2025-11-12 12:56:41,7.7201,292.5262,0.9991
2025-11-12 12:56:41,7.7203,298.7978,0.9991
2025-11-12 12:56:41,7.7221,295.0124,0.9991
2025-11-12 12:56:41,7.7215,298.1920,0.9991
2025-11-12 12:56:41,7.7215,298.1920,0.9991
2025-11-12 12:56:41,7.7217,305.2955,0.9990
2025-11-12 12:56:41,7.7218,305.2847,0.9990
2025-11-12 12:56:42,7.7234,297.3527,0.9991
2025-11-12 12:56:42,7.7234,297.3527,0.9991
2025-11-12 12:56:42,7.7228,281.3800,0.9991
2025-11-12 12:56:42,7.7229,281.3154,0.9991
2025-11-12 12:56:42,7.7224,283.4511,0.9991
2025-11-12 12:56:42,7.7219,295.0178,0.9991
2025-11-12 12:56:42,7.7196,230.6677,0.9993
2025-11-12 12:56:42,7.7193,230.2443,0.9993
2025-11-12 12:56:42,7.7147,260.0460,0.9992
2025-11-12 12:56:43,7.7140,273.1134,0.9991
2025-11-12 12:56:43,7.7169,367.4858,0.9988
2025-11-12 12:56:43,7.7164,366.5602,0.9988
2025-11-12 12:56:43,7.7213,330.3218,0.9990
2025-11-12 12:56:43,7.7224,302.7791,0.9991
2025-11-12 12:56:43,7.7228,315.5334,0.9990
2025-11-12 12:56:43,7.7259,316.0002,0.9990
2025-11-12 12:56:43,7.7249,323.0320,0.9990
2025-11-12 12:56:44,7.7249,323.0320,0.9990
2025-11-12 12:56:44,7.7242,301.1141,0.9991
2025-11-12 12:56:44,7.7230,297.3955,0.9991
2025-11-12 12:56:44,7.7225,300.2815,0.9991
2025-11-12 12:56:44,7.7225,300.2815,0.9991
2025-11-12 12:56:44,7.7222,290.7245,0.9991
2025-11-12 12:56:44,7.7176,300.1872,0.9991
2025-11-12 12:56:44,7.7175,300.3250,0.9991
2025-11-12 12:56:44,7.7175,300.3250,0.9991
2025-11-12 12:56:45,7.7176,302.6821,0.9990
2025-11-12 12:56:45,7.7214,291.7193,0.9991
2025-11-12 12:56:45,7.7228,283.9400,0.9991
2025-11-12 12:56:45,7.7228,283.9400,0.9991
2025-11-12 12:56:45,7.7228,283.2401,0.9991
2025-11-12 12:56:45,7.7225,283.4702,0.9991
2025-11-12 12:56:45,7.7228,282.4479,0.9991
2025-11-12 12:56:45,7.7228,282.4479,0.9991
2025-11-12 12:56:45,7.7237,312.8470,0.9990
2025-11-12 12:56:45,7.7225,316.7899,0.9990
2025-11-12 12:56:46,7.7148,391.5901,0.9988
2025-11-12 12:56:46,7.7148,391.5901,0.9988
2025-11-12 12:56:46,7.7150,398.7914,0.9987
2025-11-12 12:56:46,7.7178,407.0673,0.9987
2025-11-12 12:56:46,7.7227,337.2288,0.9989
2025-11-12 12:56:46,7.7227,337.2288,0.9989
2025-11-12 12:56:46,7.7214,294.5726,0.9991
2025-11-12 12:56:46,7.7220,296.7224,0.9991
2025-11-12 12:56:46,7.7204,312.5828,0.9990
2025-11-12 12:56:47,7.7204,312.5828,0.9990
2025-11-12 12:56:47,7.7201,303.0836,0.9990
2025-11-12 12:56:47,7.7205,305.4858,0.9990
2025-11-12 12:56:47,7.7251,270.2750,0.9992
2025-11-12 12:56:47,7.7251,270.2750,0.9992
2025-11-12 12:56:47,7.7259,293.8359,0.9991
2025-11-12 12:56:47,7.7263,295.0006,0.9991
2025-11-12 12:56:47,7.7249,302.9726,0.9991
2025-11-12 12:56:47,7.7249,302.9726,0.9991
2025-11-12 12:56:47,7.7244,289.6650,0.9991
2025-11-12 12:56:47,7.7239,287.3956,0.9991
2025-11-12 12:56:47,7.7248,282.2443,0.9991
2025-11-12 12:56:48,7.7248,282.2443,0.9991
2025-11-12 12:56:48,7.7255,301.0837,0.9991
2025-11-12 12:56:48,7.7239,299.0468,0.9991
2025-11-12 12:56:48,7.7225,305.8156,0.9990
2025-11-12 12:56:48,7.7225,305.8156,0.9990
2025-11-12 12:56:48,7.7223,297.5472,0.9991
2025-11-12 12:56:48,7.7220,297.4320,0.9991
2025-11-12 12:56:48,7.7220,297.9943,0.9991
2025-11-12 12:56:48,7.7220,297.9943,0.9991
2025-11-12 12:56:48,7.7225,316.6302,0.9990
2025-11-12 12:56:48,7.7245,320.3516,0.9990
2025-11-12 12:56:48,7.7259,311.5243,0.9990
2025-11-12 12:56:49,7.7237,371.1075,0.9988
2025-11-12 12:56:49,7.7236,367.0454,0.9989
2025-11-12 12:56:49,7.7221,362.7442,0.9989
2025-11-12 12:56:49,7.7222,362.3884,0.9989
2025-11-12 12:56:49,7.7239,316.9446,0.9990
2025-11-12 12:56:49,7.7245,334.8231,0.9990
2025-11-12 12:56:49,7.7230,336.6964,0.9989
2025-11-12 12:56:49,7.7214,344.8191,0.9989
2025-11-12 12:56:49,7.7215,341.0055,0.9989
2025-11-12 12:56:50,7.7221,359.3363,0.9989
2025-11-12 12:56:50,7.7214,361.0139,0.9989
2025-11-12 12:56:50,7.7229,353.4465,0.9989
2025-11-12 12:56:50,7.7232,345.5436,0.9989
2025-11-12 12:56:50,7.7227,327.6178,0.9990
2025-11-12 12:56:50,7.7245,323.3947,0.9990
2025-11-12 12:56:50,7.7202,360.9098,0.9989
2025-11-12 12:56:50,7.7202,360.9098,0.9989
2025-11-12 12:56:50,7.7190,317.8022,0.9990
2025-11-12 12:56:50,7.7199,321.4533,0.9990
2025-11-12 12:56:50,7.7225,295.6583,0.9991
2025-11-12 12:56:51,7.7240,261.1947,0.9992
2025-11-12 12:56:51,7.7235,244.9280,0.9992
2025-11-12 12:56:51,7.7225,243.3134,0.9992
2025-11-12 12:56:51,7.7238,234.7538,0.9993
2025-11-12 12:56:51,7.7224,266.1321,0.9992
2025-11-12 12:56:51,7.7235,299.7217,0.9991
2025-11-12 12:56:51,7.7240,299.9526,0.9991
2025-11-12 12:56:51,7.7247,296.6933,0.9991
2025-11-12 12:56:51,7.7245,299.7066,0.9991
2025-11-12 12:56:51,7.7234,265.6352,0.9992
2025-11-12 12:56:52,7.7222,265.3324,0.9992
2025-11-12 12:56:52,7.7207,271.3093,0.9991
2025-11-12 12:56:52,7.7203,281.6786,0.9991
2025-11-12 12:56:52,7.7182,225.3120,0.9993
2025-11-12 12:56:52,7.7176,224.5883,0.9993
2025-11-12 12:56:52,7.7191,221.6509,0.9993
2025-11-12 12:56:52,7.7191,221.6509,0.9993
2025-11-12 12:56:52,7.7197,237.2480,0.9993
2025-11-12 12:56:52,7.7155,257.1665,0.9992
2025-11-12 12:56:52,7.7137,257.1092,0.9992
2025-11-12 12:56:53,7.7142,248.5672,0.9992
2025-11-12 12:56:53,7.7138,236.8650,0.9992
2025-11-12 12:56:53,7.7144,232.5548,0.9993
2025-11-12 12:56:53,7.7165,232.3966,0.9993
2025-11-12 12:56:53,7.7165,232.3966,0.9993
2025-11-12 12:56:53,7.7169,244.0528,0.9992
2025-11-12 12:56:53,7.7227,229.1811,0.9993
2025-11-12 12:56:53,7.7225,229.5949,0.9993
2025-11-12 12:56:53,7.7225,229.5949,0.9993
2025-11-12 12:56:53,7.7239,264.4869,0.9992
2025-11-12 12:56:54,7.7159,306.5602,0.9990
2025-11-12 12:56:54,7.7159,306.5256,0.9990
2025-11-12 12:56:54,7.7159,306.5256,0.9990
2025-11-12 12:56:54,7.7169,339.4907,0.9989
2025-11-12 12:56:54,7.7234,292.2013,0.9991
2025-11-12 12:56:54,7.7230,293.3880,0.9991
2025-11-12 12:56:54,7.7230,293.3880,0.9991
2025-11-12 12:56:54,7.7234,304.7101,0.9990
2025-11-12 12:56:54,7.7242,304.3259,0.9991
2025-11-12 12:56:54,7.7244,303.5978,0.9991
2025-11-12 12:56:55,7.7244,303.5978,0.9991
2025-11-12 12:56:55,7.7252,329.4455,0.9990
2025-11-12 12:56:55,7.7277,334.8352,0.9990
2025-11-12 12:56:55,7.7265,344.3890,0.9989
2025-11-12 12:56:55,7.7265,344.3890,0.9989
2025-11-12 12:56:55,7.7255,313.2538,0.9990
2025-11-12 12:56:55,7.7262,318.3576,0.9990
2025-11-12 12:56:55,7.7272,310.9094,0.9990
2025-11-12 12:56:55,7.7272,310.9094,0.9990
2025-11-12 12:56:56,7.7268,299.8613,0.9991
2025-11-12 12:56:56,7.7246,288.6327,0.9991
2025-11-12 12:56:56,7.7219,308.1683,0.9990
2025-11-12 12:56:56,7.7211,328.0940,0.9990
2025-11-12 12:56:56,7.7201,297.8361,0.9991
2025-11-12 12:56:56,7.7188,292.1524,0.9991
2025-11-12 12:56:56,7.7214,277.9097,0.9991
2025-11-12 12:56:56,7.7222,257.8545,0.9992
2025-11-12 12:56:56,7.7237,300.1727,0.9991
2025-11-12 12:56:57,7.7254,302.9699,0.9991
2025-11-12 12:56:57,7.7207,349.2395,0.9989
2025-11-12 12:56:57,7.7207,349.2395,0.9989
2025-11-12 12:56:57,7.7174,253.6823,0.9992
2025-11-12 12:56:57,7.7171,250.8856,0.9992
2025-11-12 12:56:57,7.7219,215.1511,0.9993
2025-11-12 12:56:57,7.7219,215.1511,0.9993
2025-11-12 12:56:57,7.7243,276.2923,0.9991
2025-11-12 12:56:57,7.7242,275.9709,0.9991
2025-11-12 12:56:57,7.7240,277.0475,0.9991
2025-11-12 12:56:58,7.7240,277.0475,0.9991
2025-11-12 12:56:58,7.7214,211.6417,0.9993
2025-11-12 12:56:58,7.7219,214.3922,0.9993
2025-11-12 12:56:58,7.7222,213.5201,0.9993
2025-11-12 12:56:58,7.7216,228.1683,0.9993
2025-11-12 12:56:58,7.7193,180.7765,0.9994
2025-11-12 12:56:58,7.7202,188.7564,0.9994
2025-11-12 12:56:58,7.7202,188.7481,0.9994
2025-11-12 12:56:59,7.7201,190.2603,0.9994
2025-11-12 12:56:59,7.7203,192.8333,0.9994
2025-11-12 12:56:59,7.7190,182.2985,0.9994
2025-11-12 12:56:59,7.7187,182.6356,0.9994
2025-11-12 12:56:59,7.7194,167.6328,0.9995
2025-11-12 12:56:59,7.7213,205.8764,0.9994
2025-11-12 12:56:59,7.7213,206.2211,0.9994
2025-11-12 12:56:59,7.7173,234.1341,0.9993
2025-11-12 12:56:59,7.7138,315.7820,0.9990
2025-11-12 12:56:59,7.7139,319.7115,0.9990
2025-11-12 12:57:00,7.7131,312.4309,0.9990
2025-11-12 12:57:00,7.7178,294.7612,0.9991
2025-11-12 12:57:00,7.7207,218.8258,0.9993
2025-11-12 12:57:00,7.7224,260.6344,0.9992
2025-11-12 12:57:00,7.7140,305.4136,0.9990
2025-11-12 12:57:00,7.7088,314.6989,0.9990
2025-11-12 12:57:00,7.7094,304.7945,0.9990
2025-11-12 12:57:00,7.7104,341.6330,0.9989
2025-11-12 12:57:00,7.7067,394.2685,0.9987
2025-11-12 12:57:01,7.7085,387.6305,0.9988
2025-11-12 12:57:01,7.7085,387.6305,0.9988
2025-11-12 12:57:01,7.7097,437.0182,0.9986
2025-11-12 12:57:01,7.7045,560.8512,0.9982
2025-11-12 12:57:01,7.7062,564.2982,0.9982
2025-11-12 12:57:01,7.7056,573.3754,0.9981
2025-11-12 12:57:01,7.7054,562.9792,0.9982
2025-11-12 12:57:01,7.7051,571.8491,0.9981
2025-11-12 12:57:01,7.7060,576.4329,0.9981
2025-11-12 12:57:02,7.7059,577.7746,0.9981
2025-11-12 12:57:02,7.7067,613.3473,0.9980
2025-11-12 12:57:02,7.7098,527.0407,0.9983
2025-11-12 12:57:02,7.7100,527.5187,0.9983
2025-11-12 12:57:02,7.7091,543.3474,0.9983
2025-11-12 12:57:02,7.7075,475.8545,0.9985
2025-11-12 12:57:02,7.7109,406.4210,0.9987
2025-11-12 12:57:02,7.7110,406.9514,0.9987
2025-11-12 12:57:02,7.7122,383.9874,0.9988
2025-11-12 12:57:02,7.7128,404.7954,0.9987
2025-11-12 12:57:02,7.7168,343.3989,0.9989
2025-11-12 12:57:03,7.7143,349.1770,0.9989
2025-11-12 12:57:03,7.7136,361.6392,0.9988
2025-11-12 12:57:03,7.7136,361.9451,0.9988
2025-11-12 12:57:03,7.7116,385.1947,0.9988
2025-11-12 12:57:03,7.7143,383.6592,0.9988
2025-11-12 12:57:03,7.7145,378.8512,0.9988
2025-11-12 12:57:03,7.7152,406.5535,0.9987
2025-11-12 12:57:03,7.7249,340.4132,0.9989
2025-11-12 12:57:03,7.7206,378.2334,0.9988
2025-11-12 12:57:03,7.7216,354.7733,0.9989
2025-11-12 12:57:04,7.7210,334.7890,0.9989
2025-11-12 12:57:04,7.7202,331.4801,0.9990
2025-11-12 12:57:04,7.7249,293.3522,0.9991
2025-11-12 12:57:04,7.7232,336.7716,0.9989
2025-11-12 12:57:04,7.7241,366.6124,0.9989
2025-11-12 12:57:04,7.7226,368.0603,0.9988
2025-11-12 12:57:04,7.7182,396.4882,0.9987
2025-11-12 12:57:04,7.7196,363.1693,0.9989
2025-11-12 12:57:04,7.7191,343.8821,0.9989
2025-11-12 12:57:05,7.7215,348.8934,0.9989
2025-11-12 12:57:05,7.7249,316.6846,0.9990
2025-11-12 12:57:05,7.7245,328.2425,0.9990
2025-11-12 12:57:05,7.7248,338.6052,0.9989
2025-11-12 12:57:05,7.7251,339.3949,0.9989
2025-11-12 12:57:05,7.7248,341.3370,0.9989
2025-11-12 12:57:05,7.7248,341.3370,0.9989
2025-11-12 12:57:05,7.7242,321.6428,0.9990
2025-11-12 12:57:05,7.7234,319.4445,0.9990
2025-11-12 12:57:06,7.7233,319.5186,0.9990
2025-11-12 12:57:06,7.7210,383.7337,0.9988
2025-11-12 12:57:06,7.7214,398.9508,0.9987
2025-11-12 12:57:06,7.7227,404.2411,0.9987
2025-11-12 12:57:06,7.7204,421.0679,0.9987
2025-11-12 12:57:06,7.7233,346.4023,0.9989
2025-11-12 12:57:06,7.7227,327.3432,0.9990
2025-11-12 12:57:06,7.7231,330.0297,0.9990
2025-11-12 12:57:06,7.7252,310.8691,0.9990
2025-11-12 12:57:06,7.7252,310.8691,0.9990
2025-11-12 12:57:07,7.7261,340.8053,0.9989
2025-11-12 12:57:07,7.7258,339.4783,0.9989
2025-11-12 12:57:07,7.7256,340.9753,0.9989
2025-11-12 12:57:07,7.7256,340.9753,0.9989
2025-11-12 12:57:07,7.7245,306.4685,0.9990
2025-11-12 12:57:07,7.7251,309.2251,0.9990
2025-11-12 12:57:07,7.7238,321.1157,0.9990
2025-11-12 12:57:07,7.7238,321.1157,0.9990
2025-11-12 12:57:08,7.7250,362.2436,0.9989
2025-11-12 12:57:08,7.7242,358.1953,0.9989
2025-11-12 12:57:08,7.7258,344.0197,0.9989
2025-11-12 12:57:08,7.7258,344.0197,0.9989
2025-11-12 12:57:08,7.7250,319.0292,0.9990
2025-11-12 12:57:08,7.7253,320.4813,0.9990
2025-11-12 12:57:08,7.7249,323.9607,0.9990
2025-11-12 12:57:08,7.7249,323.9607,0.9990
2025-11-12 12:57:08,7.7245,312.7606,0.9990
2025-11-12 12:57:08,7.7237,309.3108,0.9990
2025-11-12 12:57:09,7.7210,336.4220,0.9989
2025-11-12 12:57:09,7.7210,336.4220,0.9989
2025-11-12 12:57:09,7.7207,328.0716,0.9990
2025-11-12 12:57:09,7.7214,331.7811,0.9990
2025-11-12 12:57:09,7.7250,297.5806,0.9991
2025-11-12 12:57:09,7.7250,297.5806,0.9991
2025-11-12 12:57:09,7.7260,328.4315,0.9990
2025-11-12 12:57:09,7.7250,325.9662,0.9990
2025-11-12 12:57:09,7.7258,321.6268,0.9990
2025-11-12 12:57:09,7.7258,321.6268,0.9990
2025-11-12 12:57:10,7.7254,308.9575,0.9990
2025-11-12 12:57:10,7.7242,309.0702,0.9990
2025-11-12 12:57:10,7.7214,326.0963,0.9990
2025-11-12 12:57:10,7.7223,306.2874,0.9990
2025-11-12 12:57:10,7.7219,292.5371,0.9991
2025-11-12 12:57:10,7.7126,368.9404,0.9988
2025-11-12 12:57:10,7.7103,381.4033,0.9988
2025-11-12 12:57:10,7.7095,392.8060,0.9987
2025-11-12 12:57:10,7.7094,388.3851,0.9988
2025-11-12 12:57:11,7.7079,411.7803,0.9987
2025-11-12 12:57:11,7.7117,402.0053,0.9987
2025-11-12 12:57:11,7.7116,404.0616,0.9987
2025-11-12 12:57:11,7.7112,390.4965,0.9988
2025-11-12 12:57:11,7.7192,293.8810,0.9991
2025-11-12 12:57:11,7.7171,305.6837,0.9990
2025-11-12 12:57:11,7.7171,305.6837,0.9990
2025-11-12 12:57:11,7.7168,295.8827,0.9991
2025-11-12 12:57:11,7.7201,294.7138,0.9991
2025-11-12 12:57:11,7.7229,275.3742,0.9991
2025-11-12 12:57:12,7.7223,290.6653,0.9991
2025-11-12 12:57:12,7.7224,293.2906,0.9991
2025-11-12 12:57:12,7.7245,300.5395,0.9991
2025-11-12 12:57:12,7.7203,338.5778,0.9989
2025-11-12 12:57:12,7.7210,324.0130,0.9990
2025-11-12 12:57:12,7.7214,336.6755,0.9989
2025-11-12 12:57:12,7.7212,335.4759,0.9989
2025-11-12 12:57:12,7.7248,298.7598,0.9991
2025-11-12 12:57:13,7.7242,314.8028,0.9990
2025-11-12 12:57:13,7.7242,314.0410,0.9990
2025-11-12 12:57:13,7.7246,316.3148,0.9990
2025-11-12 12:57:13,7.7252,312.2690,0.9990
2025-11-12 12:57:13,7.7249,321.0091,0.9990
2025-11-12 12:57:13,7.7234,279.2939,0.9991
2025-11-12 12:57:13,7.7230,276.6857,0.9991
2025-11-12 12:57:13,7.7242,273.3149,0.9991
2025-11-12 12:57:13,7.7247,260.2014,0.9992
2025-11-12 12:57:13,7.7253,275.7356,0.9991
2025-11-12 12:57:14,7.7255,276.6724,0.9991
2025-11-12 12:57:14,7.7233,286.5510,0.9991
2025-11-12 12:57:14,7.7236,279.2267,0.9991
2025-11-12 12:57:14,7.7239,286.6197,0.9991
2025-11-12 12:57:14,7.7233,283.2844,0.9991
2025-11-12 12:57:14,7.7247,275.8747,0.9991
2025-11-12 12:57:14,7.7248,271.8705,0.9992
2025-11-12 12:57:14,7.7257,295.1406,0.9991
2025-11-12 12:57:15,7.7261,296.6911,0.9991
2025-11-12 12:57:15,7.7254,300.5204,0.9991
2025-11-12 12:57:15,7.7251,307.5240,0.9990
2025-11-12 12:57:15,7.7251,307.1238,0.9990
2025-11-12 12:57:15,7.7244,304.3789,0.9991
2025-11-12 12:57:15,7.7234,311.2634,0.9990
2025-11-12 12:57:15,7.7236,304.5551,0.9990
2025-11-12 12:57:15,7.7230,286.0381,0.9991
2025-11-12 12:57:15,7.7226,284.5743,0.9991
2025-11-12 12:57:15,7.7234,279.7340,0.9991
2025-11-12 12:57:16,7.7229,291.6070,0.9991
2025-11-12 12:57:16,7.7227,284.8893,0.9991
2025-11-12 12:57:16,7.7236,288.9858,0.9991
2025-11-12 12:57:16,7.7240,286.8291,0.9991
2025-11-12 12:57:16,7.7245,274.6292,0.9991
2025-11-12 12:57:16,7.7253,295.5167,0.9991
2025-11-12 12:57:16,7.7254,296.1983,0.9991
2025-11-12 12:57:16,7.7247,301.0965,0.9991
2025-11-12 12:57:17,7.7247,301.0965,0.9991
2025-11-12 12:57:17,7.7241,284.0177,0.9991
2025-11-12 12:57:17,7.7238,282.4431,0.9991
2025-11-12 12:57:17,7.7240,281.0378,0.9991
2025-11-12 12:57:17,7.7240,281.0378,0.9991
2025-11-12 12:57:17,7.7246,299.7181,0.9991
2025-11-12 12:57:17,7.7230,295.4077,0.9991
2025-11-12 12:57:18,7.7231,295.1483,0.9991
2025-11-12 12:57:18,7.7231,295.1483,0.9991
2025-11-12 12:57:18,7.7232,300.3699,0.9991
2025-11-12 12:57:18,7.7245,303.1996,0.9991
2025-11-12 12:57:18,7.7240,306.6483,0.9990
2025-11-12 12:57:18,7.7248,287.6472,0.9991
2025-11-12 12:57:18,7.7250,294.1826,0.9991
2025-11-12 12:57:18,7.7247,293.2559,0.9991
2025-11-12 12:57:18,7.7255,287.4223,0.9991
2025-11-12 12:57:19,7.7248,303.7447,0.9991
2025-11-12 12:57:19,7.7251,312.6162,0.9990
2025-11-12 12:57:19,7.7245,311.6219,0.9990
2025-11-12 12:57:19,7.7239,315.3568,0.9990
2025-11-12 12:57:19,7.7228,342.2669,0.9989
2025-11-12 12:57:19,7.7228,341.5132,0.9989
2025-11-12 12:57:19,7.7227,341.3557,0.9989
2025-11-12 12:57:19,7.7188,378.8542,0.9988
2025-11-12 12:57:19,7.7198,357.1992,0.9989
2025-11-12 12:57:19,7.7193,341.7527,0.9989
2025-11-12 12:57:20,7.7204,346.9986,0.9989
2025-11-12 12:57:20,7.7241,307.4070,0.9990
2025-11-12 12:57:20,7.7241,307.4070,0.9990
2025-11-12 12:57:20,7.7259,368.7044,0.9989
2025-11-12 12:57:20,7.7250,367.2747,0.9989
2025-11-12 12:57:20,7.7246,370.9496,0.9988
2025-11-12 12:57:20,7.7241,383.6827,0.9988
2025-11-12 12:57:20,7.7230,344.7208,0.9989
2025-11-12 12:57:20,7.7250,352.6131,0.9989
2025-11-12 12:57:21,7.7265,340.7376,0.9989
2025-11-12 12:57:21,7.7267,334.5670,0.9990
2025-11-12 12:57:21,7.7283,386.5664,0.9988
2025-11-12 12:57:21,7.7278,385.0358,0.9988
2025-11-12 12:57:21,7.7266,395.8513,0.9988
2025-11-12 12:57:21,7.7268,388.5831,0.9988
2025-11-12 12:57:21,7.7264,372.2821,0.9988
2025-11-12 12:57:21,7.7265,372.7011,0.9988
2025-11-12 12:57:21,7.7263,374.6088,0.9988
2025-11-12 12:57:21,7.7265,368.6141,0.9989
2025-11-12 12:57:22,7.7271,390.0363,0.9988
2025-11-12 12:57:22,7.7254,386.7876,0.9988
2025-11-12 12:57:22,7.7267,376.1903,0.9988
2025-11-12 12:57:22,7.7259,397.6798,0.9988
2025-11-12 12:57:22,7.7248,359.9827,0.9989
2025-11-12 12:57:22,7.7253,360.4824,0.9989
2025-11-12 12:57:22,7.7248,363.7401,0.9989
2025-11-12 12:57:22,7.7254,348.6989,0.9989
2025-11-12 12:57:22,7.7256,356.6330,0.9989
2025-11-12 12:57:23,7.7263,358.0474,0.9989
2025-11-12 12:57:23,7.7268,354.7103,0.9989
2025-11-12 12:57:23,7.7276,334.3198,0.9990
2025-11-12 12:57:23,7.7262,292.7372,0.9991
2025-11-12 12:57:23,7.7231,293.3152,0.9991
2025-11-12 12:57:23,7.7205,312.2238,0.9990
2025-11-12 12:57:23,7.7198,326.4607,0.9990
2025-11-12 12:57:23,7.7205,352.2006,0.9989
2025-11-12 12:57:23,7.7221,352.1371,0.9989
2025-11-12 12:57:23,7.7245,331.7935,0.9990
2025-11-12 12:57:24,7.7244,334.8018,0.9990
2025-11-12 12:57:24,7.7247,343.0584,0.9989
2025-11-12 12:57:24,7.7245,343.1113,0.9989
2025-11-12 12:57:24,7.7239,346.7642,0.9989
2025-11-12 12:57:24,7.7239,346.7642,0.9989
2025-11-12 12:57:24,7.7228,308.2158,0.9990
2025-11-12 12:57:24,7.7217,308.6854,0.9990
2025-11-12 12:57:24,7.7223,305.2290,0.9990
2025-11-12 12:57:24,7.7223,305.2290,0.9990
2025-11-12 12:57:25,7.7218,287.6482,0.9991
2025-11-12 12:57:25,7.7236,288.0251,0.9991
2025-11-12 12:57:25,7.7241,285.6714,0.9991
2025-11-12 12:57:25,7.7241,285.6714,0.9991
2025-11-12 12:57:25,7.7249,310.6745,0.9990
2025-11-12 12:57:25,7.7195,332.8384,0.9990
2025-11-12 12:57:25,7.7196,332.6444,0.9990
2025-11-12 12:57:25,7.7192,342.7356,0.9989
2025-11-12 12:57:25,7.7183,311.4855,0.9990
2025-11-12 12:57:25,7.7225,292.7438,0.9991
2025-11-12 12:57:26,7.7212,298.2423,0.9991
2025-11-12 12:57:26,7.7216,287.6123,0.9991
2025-11-12 12:57:26,7.7203,247.6966,0.9992
2025-11-12 12:57:26,7.7214,250.1951,0.9992
2025-11-12 12:57:26,7.7224,245.7487,0.9992
2025-11-12 12:57:26,7.7211,277.3967,0.9991
2025-11-12 12:57:26,7.7078,98.7929,0.9997
2025-11-12 12:57:26,7.7075,96.0644,0.9997
2025-11-12 12:57:27,7.7075,95.8071,0.9997
2025-11-12 12:57:27,7.7088,75.0861,0.9998
2025-11-12 12:57:27,7.7125,86.8184,0.9997
2025-11-12 12:57:27,7.7145,107.8190,0.9997
2025-11-12 12:57:27,7.7130,107.9488,0.9997
2025-11-12 12:57:27,7.7127,112.8166,0.9996
2025-11-12 12:57:27,7.7139,121.9423,0.9996
2025-11-12 12:57:27,7.7126,107.5080,0.9997
2025-11-12 12:57:27,7.7132,107.0809,0.9997
2025-11-12 12:57:27,7.7126,117.5629,0.9996
2025-11-12 12:57:27,7.7108,103.1413,0.9997
2025-11-12 12:57:28,7.7099,93.5395,0.9997
2025-11-12 12:57:28,7.7112,97.3189,0.9997
2025-11-12 12:57:28,7.7115,91.3605,0.9997
2025-11-12 12:57:28,7.7155,129.7926,0.9996
2025-11-12 12:57:28,7.7159,132.2726,0.9996
2025-11-12 12:57:28,7.7148,132.1064,0.9996
2025-11-12 12:57:28,7.7153,122.3668,0.9996
2025-11-12 12:57:28,7.7230,290.2953,0.9991
2025-11-12 12:57:28,7.7209,289.7272,0.9991
2025-11-12 12:57:29,7.7209,289.7521,0.9991
2025-11-12 12:57:29,7.7209,289.7521,0.9991
2025-11-12 12:57:29,7.7212,298.9904,0.9991
2025-11-12 12:57:29,7.7213,298.8211,0.9991
2025-11-12 12:57:29,7.7226,293.8493,0.9991
2025-11-12 12:57:29,7.7226,293.8493,0.9991
2025-11-12 12:57:29,7.7208,243.7755,0.9992
2025-11-12 12:57:29,7.7226,244.3829,0.9992
2025-11-12 12:57:29,7.7169,290.3751,0.9991
2025-11-12 12:57:29,7.7169,290.3751,0.9991
2025-11-12 12:57:29,7.7059,87.2270,0.9997
2025-11-12 12:57:30,7.7059,88.1046,0.9997
2025-11-12 12:57:30,7.7117,82.1575,0.9997
2025-11-12 12:57:30,7.7110,93.0028,0.9997
2025-11-12 12:57:30,7.7158,134.1213,0.9996
2025-11-12 12:57:30,7.7144,126.8313,0.9996
2025-11-12 12:57:30,7.7115,127.5077,0.9996
2025-11-12 12:57:30,7.7121,116.4644,0.9996
2025-11-12 12:57:30,7.7102,89.6022,0.9997
2025-11-12 12:57:31,7.7123,108.0419,0.9997
2025-11-12 12:57:31,7.7137,105.0287,0.9997
2025-11-12 12:57:31,7.7137,105.0287,0.9997
2025-11-12 12:57:31,7.7169,144.7544,0.9995
2025-11-12 12:57:31,7.7179,154.0733,0.9995
2025-11-12 12:57:31,7.7202,151.2427,0.9995
2025-11-12 12:57:31,7.7202,151.2427,0.9995
2025-11-12 12:57:31,7.7216,173.5434,0.9995
2025-11-12 12:57:31,7.7223,178.9222,0.9994
2025-11-12 12:57:32,7.7203,183.7284,0.9994
2025-11-12 12:57:32,7.7203,183.7284,0.9994
2025-11-12 12:57:32,7.7212,201.0308,0.9994
2025-11-12 12:57:32,7.7217,206.3861,0.9994
2025-11-12 12:57:32,7.7231,201.0719,0.9994
2025-11-12 12:57:32,7.7231,201.0719,0.9994
2025-11-12 12:57:32,7.7221,184.7340,0.9994
2025-11-12 12:57:32,7.7192,162.9974,0.9995
2025-11-12 12:57:32,7.7192,162.9949,0.9995
2025-11-12 12:57:33,7.7192,162.9949,0.9995
2025-11-12 12:57:33,7.7245,289.6553,0.9991
2025-11-12 12:57:33,7.7251,290.4823,0.9991
2025-11-12 12:57:33,7.7239,296.4358,0.9991
2025-11-12 12:57:33,7.7237,300.3503,0.9991
2025-11-12 12:57:33,7.7240,309.0504,0.9990
2025-11-12 12:57:33,7.7248,311.8457,0.9990
2025-11-12 12:57:33,7.7258,306.2044,0.9990
2025-11-12 12:57:33,7.7259,302.0890,0.9991
2025-11-12 12:57:34,7.7252,280.4122,0.9991
2025-11-12 12:57:34,7.7256,282.2438,0.9991
2025-11-12 12:57:34,7.7257,281.5340,0.9991
2025-11-12 12:57:34,7.7253,293.3052,0.9991
2025-11-12 12:57:34,7.7260,314.4539,0.9990
2025-11-12 12:57:34,7.7246,309.9625,0.9990
2025-11-12 12:57:34,7.7223,323.9436,0.9990
2025-11-12 12:57:34,7.7230,307.5098,0.9990
2025-11-12 12:57:34,7.7230,308.0859,0.9990
2025-11-12 12:57:35,7.7237,310.6371,0.9990
2025-11-12 12:57:35,7.7249,301.1392,0.9991
2025-11-12 12:57:35,7.7248,303.8662,0.9991
2025-11-12 12:57:35,7.7249,308.1795,0.9990
2025-11-12 12:57:35,7.7178,331.9911,0.9990
2025-11-12 12:57:35,7.7188,330.4974,0.9990
2025-11-12 12:57:35,7.7184,338.9641,0.9989
2025-11-12 12:57:36,7.7175,308.6757,0.9990
2025-11-12 12:57:36,7.7116,398.7020,0.9987
2025-11-12 12:57:36,7.7109,396.3482,0.9987
2025-11-12 12:57:36,7.7107,399.4740,0.9987
2025-11-12 12:57:36,7.7107,399.3849,0.9987
2025-11-12 12:57:36,7.7244,296.5471,0.9991
2025-11-12 12:57:36,7.7247,294.9924,0.9991
2025-11-12 12:57:36,7.7251,283.3826,0.9991
2025-11-12 12:57:36,7.7256,297.2225,0.9991
2025-11-12 12:57:36,7.7257,297.5257,0.9991
2025-11-12 12:57:37,7.7260,295.6633,0.9991
2025-11-12 12:57:37,7.7260,295.6633,0.9991
2025-11-12 12:57:37,7.7273,334.6524,0.9990
2025-11-12 12:57:37,7.7261,331.7912,0.9990
2025-11-12 12:57:37,7.7260,332.7926,0.9990
2025-11-12 12:57:37,7.7250,358.0318,0.9989
2025-11-12 12:57:37,7.7251,361.3522,0.9989
2025-11-12 12:57:37,7.7251,361.3264,0.9989
2025-11-12 12:57:37,7.7252,360.7325,0.9989
2025-11-12 12:57:38,7.7259,342.5122,0.9989
2025-11-12 12:57:38,7.7265,363.2907,0.9989
2025-11-12 12:57:38,7.7285,369.0228,0.9989
2025-11-12 12:57:38,7.7272,379.3644,0.9988
2025-11-12 12:57:38,7.7275,371.9872,0.9988
2025-11-12 12:57:38,7.7271,360.0171,0.9989
2025-11-12 12:57:38,7.7245,351.7551,0.9989
2025-11-12 12:57:38,7.7261,342.3377,0.9989
2025-11-12 12:57:38,7.7261,342.3377,0.9989
2025-11-12 12:57:39,7.7263,349.8747,0.9989
2025-11-12 12:57:39,7.7251,351.6899,0.9989
2025-11-12 12:57:39,7.7207,388.4399,0.9988
2025-11-12 12:57:39,7.7207,388.4399,0.9988
2025-11-12 12:57:39,7.7197,351.3374,0.9989
2025-11-12 12:57:39,7.7172,355.1096,0.9989
2025-11-12 12:57:39,7.7207,330.8553,0.9990
2025-11-12 12:57:39,7.7207,330.8553,0.9990
2025-11-12 12:57:40,7.7210,341.1040,0.9989
2025-11-12 12:57:40,7.7245,330.7884,0.9990
2025-11-12 12:57:40,7.7241,333.8594,0.9990
2025-11-12 12:57:40,7.7241,333.8594,0.9990
2025-11-12 12:57:40,7.7245,348.9863,0.9989
2025-11-12 12:57:40,7.7239,349.0646,0.9989
2025-11-12 12:57:40,7.7245,345.3088,0.9989
2025-11-12 12:57:40,7.7240,358.0055,0.9989
2025-11-12 12:57:40,7.7236,344.5103,0.9989
2025-11-12 12:57:40,7.7243,344.6472,0.9989
2025-11-12 12:57:41,7.7251,340.9177,0.9989
2025-11-12 12:57:41,7.7253,334.9443,0.9990
2025-11-12 12:57:41,7.7256,344.0260,0.9989
2025-11-12 12:57:41,7.7274,347.3999,0.9989
2025-11-12 12:57:41,7.7275,346.7896,0.9989
2025-11-12 12:57:41,7.7278,339.3662,0.9989
2025-11-12 13:10:24,7.7034,115.2593,0.9996
2025-11-12 13:10:24,7.7138,216.5902,0.9993
2025-11-12 13:10:24,7.7201,194.5423,0.9994
2025-11-12 13:10:24,7.7306,28.2652,0.9999
2025-11-12 13:10:24,7.7311,29.1778,0.9999
2025-11-12 13:10:24,7.7219,28.6781,0.9999
2025-11-12 13:10:24,7.7196,30.5546,0.9999
2025-11-12 13:10:24,7.7172,34.4733,0.9999
2025-11-12 13:10:25,7.7201,75.3211,0.9998
2025-11-12 13:10:25,7.7199,76.5314,0.9998
2025-11-12 13:10:25,7.7215,73.7836,0.9998
2025-11-12 13:10:25,7.7313,100.4049,0.9997
2025-11-12 13:10:25,7.7296,86.6453,0.9997
2025-11-12 13:10:25,7.7311,67.5927,0.9998
2025-11-12 13:10:25,7.7320,62.5725,0.9998
2025-11-12 13:10:25,7.7280,30.6449,0.9999
2025-11-12 13:10:25,7.7290,39.1758,0.9999
2025-11-12 13:10:25,7.7326,16.0217,1.0000
2025-11-12 13:10:25,7.7386,21.8985,0.9999
2025-11-12 13:10:25,7.7422,23.2962,0.9999
2025-11-12 13:10:26,7.7423,23.3978,0.9999
2025-11-12 13:10:26,7.7378,84.8742,0.9997
2025-11-12 13:10:26,7.7350,71.9127,0.9998
2025-11-12 13:10:26,7.7340,64.1019,0.9998
2025-11-12 13:10:26,7.7286,58.2529,0.9998
2025-11-12 13:10:26,7.7260,95.2316,0.9997
2025-11-12 13:10:26,7.7197,83.7725,0.9997
2025-11-12 13:10:26,7.7212,110.3112,0.9997
2025-11-12 13:10:27,7.7060,311.8714,0.9990
2025-11-12 13:10:27,7.7001,368.9659,0.9988
2025-11-12 13:10:27,7.7023,391.0531,0.9987
2025-11-12 13:10:27,7.6908,169.4145,0.9994
2025-11-12 13:10:27,7.7007,83.5071,0.9997
2025-11-12 13:10:27,7.6981,126.4882,0.9996
2025-11-12 13:10:27,7.6969,109.6898,0.9996
2025-11-12 13:10:27,7.7015,149.3662,0.9995
2025-11-12 13:10:27,7.7009,150.0884,0.9995
2025-11-12 13:10:27,7.7093,35.9392,0.9999
2025-11-12 13:10:28,7.7193,187.2637,0.9994
2025-11-12 13:10:28,7.7080,284.6771,0.9991
2025-11-12 13:10:28,7.7119,274.3049,0.9991
2025-11-12 13:10:28,7.7073,329.6232,0.9989
2025-11-12 13:10:28,7.7047,251.4581,0.9992
2025-11-12 13:10:28,7.7218,231.3847,0.9993
2025-11-12 13:10:28,7.7193,250.0219,0.9992
2025-11-12 13:10:28,7.7274,118.4737,0.9996
2025-11-12 13:10:28,7.7278,124.2272,0.9996
2025-11-12 13:10:28,7.7255,102.9775,0.9997
2025-11-12 13:10:29,7.7251,107.5612,0.9997
2025-11-12 13:10:29,7.7256,104.1480,0.9997
2025-11-12 13:10:29,7.7237,78.9896,0.9998
2025-11-12 13:10:29,7.7286,141.4462,0.9996
2025-11-12 13:10:29,7.7357,71.7271,0.9998
2025-11-12 13:10:29,7.7330,113.8103,0.9997
2025-11-12 13:10:29,7.7329,113.3390,0.9997
2025-11-12 13:10:29,7.7315,94.8248,0.9997
2025-11-12 13:10:29,7.7305,96.3813,0.9997
2025-11-12 13:10:29,7.7410,25.2638,0.9999
2025-11-12 13:10:29,7.7420,26.5802,0.9999
2025-11-12 13:10:30,7.7429,31.7775,0.9999
2025-11-12 13:10:30,7.7427,34.0043,0.9999
2025-11-12 13:10:30,7.7408,33.5127,0.9999
2025-11-12 13:10:30,7.7403,32.1424,0.9999
2025-11-12 13:10:30,7.7398,27.9400,0.9999
2025-11-12 13:10:30,7.7414,15.9979,1.0000
2025-11-12 13:10:30,7.7400,20.6366,0.9999
2025-11-12 13:10:30,7.7104,733.9091,0.9977
2025-11-12 13:10:30,7.7088,694.4899,0.9978
2025-11-12 13:10:30,7.7047,651.9959,0.9979
2025-11-12 13:10:31,7.6951,574.7034,0.9981
2025-11-12 13:10:31,7.7152,111.4958,0.9996
2025-11-12 13:10:31,7.7146,100.8751,0.9997
2025-11-12 13:10:31,7.7163,104.4452,0.9997
2025-11-12 13:10:31,7.7211,60.5837,0.9998
2025-11-12 13:10:31,7.7112,242.1679,0.9992
2025-11-12 13:10:31,7.7125,270.0370,0.9991
2025-11-12 13:10:31,7.7125,269.6689,0.9991
2025-11-12 13:10:31,7.7104,272.2341,0.9991
2025-11-12 13:10:31,7.7144,181.0197,0.9994
2025-11-12 13:10:31,7.7148,191.1071,0.9994
2025-11-12 13:10:32,7.7173,208.1123,0.9993
2025-11-12 13:10:32,7.7138,245.2392,0.9992
2025-11-12 13:10:32,7.7231,141.5817,0.9996
2025-11-12 13:10:32,7.7264,209.2355,0.9993
2025-11-12 13:10:32,7.7245,206.1934,0.9994
2025-11-12 13:10:32,7.7227,246.0324,0.9992
2025-11-12 13:10:33,7.7235,244.6941,0.9992
2025-11-12 13:10:33,7.7237,249.8395,0.9992
2025-11-12 13:10:33,7.7203,260.1399,0.9992
2025-11-12 13:10:33,7.7306,128.0000,0.9996
2025-11-12 13:10:33,7.7297,133.8871,0.9996
2025-11-12 13:10:33,7.7309,163.4156,0.9995
2025-11-12 13:10:33,7.7356,123.6049,0.9996
2025-11-12 13:10:33,7.7348,129.3645,0.9996
2025-11-12 13:10:33,7.7361,117.1590,0.9996
2025-11-12 13:10:33,7.7337,69.6019,0.9998
2025-11-12 13:10:34,7.7353,67.6647,0.9998
2025-11-12 13:10:34,7.7256,232.7569,0.9993
2025-11-12 13:10:34,7.7244,235.5490,0.9993
2025-11-12 13:10:34,7.7265,287.7989,0.9991
2025-11-12 13:10:34,7.7239,278.9569,0.9991
2025-11-12 13:10:34,7.7397,116.4805,0.9996
2025-11-12 13:10:34,7.7404,107.6834,0.9997
2025-11-12 13:10:34,7.7389,82.7246,0.9997
2025-11-12 13:10:35,7.7402,72.8628,0.9998
2025-11-12 13:10:35,7.7408,76.0445,0.9998
2025-11-12 13:10:35,7.7428,55.7653,0.9998
2025-11-12 13:10:35,7.7409,36.3157,0.9999
2025-11-12 13:10:35,7.7403,40.8112,0.9999
2025-11-12 13:10:35,7.7373,31.2739,0.9999
2025-11-12 13:10:35,7.7360,39.2159,0.9999
2025-11-12 13:10:35,7.7365,46.1411,0.9999
2025-11-12 13:10:35,7.7377,41.2166,0.9999
2025-11-12 13:10:35,7.7401,46.8313,0.9999
2025-11-12 13:10:35,7.7377,76.9208,0.9998
2025-11-12 13:10:36,7.7359,59.4551,0.9998
2025-11-12 13:10:36,7.7336,69.1063,0.9998
2025-11-12 13:10:36,7.7296,48.9884,0.9998
2025-11-12 13:10:36,7.7303,42.6829,0.9999
2025-11-12 13:10:36,7.7289,28.0369,0.9999
2025-11-12 13:10:36,7.7303,25.2757,0.9999
2025-11-12 13:10:36,7.7326,31.9632,0.9999
2025-11-12 13:10:36,7.7350,14.7765,1.0000
2025-11-12 13:10:36,7.7391,53.3074,0.9998
2025-11-12 13:10:36,7.7366,75.9637,0.9998
2025-11-12 13:10:37,7.7372,77.9877,0.9998
2025-11-12 13:10:37,7.7387,70.7665,0.9998
2025-11-12 13:10:37,7.7391,77.2575,0.9998
2025-11-12 13:10:37,7.7347,152.3087,0.9995
2025-11-12 13:10:37,7.7373,173.9855,0.9995
2025-11-12 13:10:37,7.7360,179.5619,0.9995
2025-11-12 13:10:37,7.7334,143.0093,0.9996
2025-11-12 13:10:37,7.7323,166.9894,0.9995
2025-11-12 13:10:37,7.7318,160.4842,0.9995
2025-11-12 13:10:37,7.7303,166.5038,0.9995
2025-11-12 13:10:37,7.7300,161.6530,0.9995
2025-11-12 13:10:38,7.7364,66.3484,0.9998
2025-11-12 13:10:38,7.7358,61.2870,0.9998
2025-11-12 13:10:38,7.7362,58.4234,0.9998
2025-11-12 13:10:38,7.7351,50.0320,0.9998
2025-11-12 13:10:38,7.7348,52.1537,0.9998
2025-11-12 13:10:38,7.7331,38.0279,0.9999
2025-11-12 13:10:38,7.7312,52.8123,0.9998
2025-11-12 13:10:38,7.7163,134.7892,0.9996
2025-11-12 13:10:38,7.7199,159.3718,0.9995
2025-11-12 13:10:38,7.7219,193.4751,0.9994
2025-11-12 13:10:38,7.7217,194.6601,0.9994
2025-11-12 13:10:39,7.7391,79.9037,0.9998
2025-11-12 13:10:39,7.7365,91.9917,0.9997
2025-11-12 13:10:39,7.7329,70.7437,0.9998
2025-11-12 13:10:39,7.7349,51.3089,0.9998
2025-11-12 13:10:39,7.7336,35.5615,0.9999
2025-11-12 13:10:39,7.7351,29.9500,0.9999
2025-11-12 13:10:39,7.7359,31.3722,0.9999
2025-11-12 13:10:39,7.7349,41.0133,0.9999
2025-11-12 13:10:39,7.7335,30.1687,0.9999
2025-11-12 13:10:39,7.7326,32.3688,0.9999
2025-11-12 13:10:39,7.7293,27.3960,0.9999
2025-11-12 13:10:40,7.7298,24.3608,0.9999
2025-11-12 13:10:40,7.7315,43.7539,0.9999
2025-11-12 13:10:40,7.7325,42.1945,0.9999
2025-11-12 13:10:40,7.7263,102.0323,0.9997
2025-11-12 13:10:40,7.7277,98.7459,0.9997
2025-11-12 13:10:40,7.7317,178.1094,0.9995
2025-11-12 13:10:40,7.7296,182.9400,0.9994
2025-11-12 13:10:40,7.7288,198.5033,0.9994
2025-11-12 13:10:40,7.7202,281.0356,0.9991
2025-11-12 13:10:40,7.7206,292.5522,0.9991
2025-11-12 13:10:41,7.7218,295.7701,0.9991
2025-11-12 13:10:41,7.7197,331.1590,0.9990
2025-11-12 13:10:41,7.7206,316.6791,0.9990
2025-11-12 13:10:41,7.7192,274.9500,0.9991
2025-11-12 13:10:41,7.7175,268.4958,0.9992
2025-11-12 13:10:41,7.7133,356.6178,0.9989
2025-11-12 13:10:41,7.7113,382.2821,0.9988
2025-11-12 13:10:41,7.7119,406.4640,0.9987
2025-11-12 13:10:42,7.7124,409.1844,0.9987
2025-11-12 13:10:42,7.7124,408.4655,0.9987
2025-11-12 13:10:42,7.7179,351.3508,0.9989
2025-11-12 13:10:42,7.7181,358.7547,0.9989
2025-11-12 13:10:42,7.7138,363.8052,0.9988
2025-11-12 13:10:42,7.7194,253.6229,0.9992
2025-11-12 13:10:42,7.7133,324.9128,0.9990
2025-11-12 13:10:42,7.7106,235.7203,0.9992
2025-11-12 13:10:42,7.7098,238.7087,0.9992
2025-11-12 13:10:42,7.7100,237.0666,0.9992
2025-11-12 13:10:42,7.7102,233.4092,0.9993
2025-11-12 13:10:42,7.7130,325.8208,0.9990
2025-11-12 13:10:43,7.7126,328.5409,0.9990
2025-11-12 13:10:43,7.7188,297.9131,0.9991
2025-11-12 13:10:43,7.7153,378.4614,0.9988
2025-11-12 13:10:43,7.7148,360.7743,0.9989
2025-11-12 13:10:43,7.7173,344.9200,0.9989
2025-11-12 13:10:43,7.7245,409.6404,0.9987
2025-11-12 13:10:43,7.7368,152.5172,0.9995
2025-11-12 13:10:43,7.7323,87.6455,0.9997
2025-11-12 13:10:43,7.7347,60.9774,0.9998
2025-11-12 13:10:43,7.7338,52.9412,0.9998
2025-11-12 13:10:43,7.7343,49.1196,0.9998
2025-11-12 13:10:43,7.7354,59.7211,0.9998
2025-11-12 13:10:44,7.7378,42.3427,0.9999
2025-11-12 13:10:44,7.7374,40.1805,0.9999
2025-11-12 13:10:44,7.7359,56.0375,0.9998
2025-11-12 13:10:44,7.7397,110.1890,0.9997
2025-11-12 13:10:44,7.7382,120.9760,0.9996
2025-11-12 13:10:44,7.7387,123.1533,0.9996
2025-11-12 13:10:44,7.7420,87.9832,0.9997
2025-11-12 13:10:44,7.7411,73.8298,0.9998
2025-11-12 13:10:44,7.7431,56.3272,0.9998
2025-11-12 13:10:45,7.7414,55.6318,0.9998
2025-11-12 13:10:45,7.7386,84.0910,0.9997
2025-11-12 13:10:45,7.7347,35.7254,0.9999
2025-11-12 13:10:45,7.7334,39.0149,0.9999
2025-11-12 13:10:45,7.7308,35.1333,0.9999
2025-11-12 13:10:45,7.7309,34.2244,0.9999
2025-11-12 13:10:45,7.7253,4.3989,1.0000
2025-11-12 13:10:45,7.7252,4.2680,1.0000
2025-11-12 13:10:45,7.7284,21.8971,0.9999
2025-11-12 13:10:45,7.7287,19.9504,0.9999
2025-11-12 13:10:45,7.7310,19.6954,0.9999
2025-11-12 13:10:45,7.7306,20.9441,0.9999
2025-11-12 13:10:46,7.7161,115.1336,0.9996
2025-11-12 13:10:46,7.7178,122.8772,0.9996
2025-11-12 13:10:46,7.7182,126.6655,0.9996
2025-11-12 13:10:46,7.7171,123.0116,0.9996
2025-11-12 13:10:46,7.7230,34.2203,0.9999
2025-11-12 13:10:46,7.7244,40.2211,0.9999
2025-11-12 13:10:46,7.7266,60.4039,0.9998
2025-11-12 13:10:46,7.7227,86.9516,0.9997
2025-11-12 13:10:46,7.7239,77.2676,0.9998
2025-11-12 13:10:46,7.7231,73.3476,0.9998
2025-11-12 13:10:47,7.7228,69.1489,0.9998
2025-11-12 13:10:47,7.7249,50.9911,0.9998
2025-11-12 13:10:47,7.7275,35.6814,0.9999
2025-11-12 13:10:47,7.7280,36.7302,0.9999
2025-11-12 13:10:47,7.7305,67.4860,0.9998
2025-11-12 13:10:47,7.7248,154.7304,0.9995
2025-11-12 13:10:47,7.7216,170.0943,0.9995
2025-11-12 13:10:47,7.7212,167.5695,0.9995
2025-11-12 13:10:47,7.7205,154.7990,0.9995
2025-11-12 13:10:47,7.7187,189.5427,0.9994
2025-11-12 13:10:47,7.7158,215.1464,0.9993
2025-11-12 13:10:47,7.7150,208.3563,0.9993
2025-11-12 13:10:48,7.7140,185.2736,0.9994
2025-11-12 13:10:48,7.7173,135.6988,0.9996
2025-11-12 13:10:48,7.7175,133.1592,0.9996
2025-11-12 13:10:48,7.7175,133.5467,0.9996
2025-11-12 13:10:48,7.7173,129.0820,0.9996
2025-11-12 13:10:48,7.7138,181.2571,0.9994
2025-11-12 13:10:48,7.7167,161.3788,0.9995
2025-11-12 13:10:48,7.7186,178.1322,0.9994
2025-11-12 13:10:48,7.7233,284.6897,0.9991
2025-11-12 13:10:48,7.7208,351.8228,0.9989
2025-11-12 13:10:49,7.7228,341.0407,0.9989
2025-11-12 13:10:49,7.7227,340.4004,0.9989
2025-11-12 13:10:49,7.7237,369.9703,0.9988
2025-11-12 13:10:49,7.7264,295.0197,0.9991
2025-11-12 13:10:49,7.7295,286.3632,0.9991
2025-11-12 13:10:49,7.7287,284.3492,0.9991
2025-11-12 13:10:49,7.7268,236.9527,0.9993
2025-11-12 13:10:49,7.7264,247.3122,0.9992
2025-11-12 13:10:49,7.7282,254.4547,0.9992
2025-11-12 13:10:50,7.7268,253.4322,0.9992
2025-11-12 13:10:50,7.7267,249.5573,0.9992
2025-11-12 13:10:50,7.7272,236.2439,0.9993
2025-11-12 13:10:50,7.7299,260.8336,0.9992
2025-11-12 13:10:50,7.7315,259.3820,0.9992
2025-11-12 13:10:50,7.7334,298.3050,0.9991
2025-11-12 13:10:50,7.7332,305.2767,0.9991
2025-11-12 13:10:50,7.7321,296.0433,0.9991
2025-11-12 13:10:50,7.7322,296.1033,0.9991
2025-11-12 13:10:50,7.7305,258.0596,0.9992
2025-11-12 13:10:50,7.7305,258.0596,0.9992
2025-11-12 13:10:51,7.7332,288.4471,0.9991
2025-11-12 13:10:51,7.7327,288.6540,0.9991
2025-11-12 13:10:51,7.7347,330.3951,0.9990
2025-11-12 13:10:51,7.7347,330.3951,0.9990
2025-11-12 13:10:51,7.7336,317.2052,0.9990
2025-11-12 13:10:51,7.7342,316.6395,0.9990
2025-11-12 13:10:51,7.7327,282.6779,0.9991
2025-11-12 13:10:51,7.7327,282.6779,0.9991
2025-11-12 13:10:51,7.7335,292.5853,0.9991
2025-11-12 13:10:51,7.7291,309.6036,0.9990
2025-11-12 13:10:52,7.7312,360.8188,0.9989
2025-11-12 13:10:52,7.7314,357.2937,0.9989
2025-11-12 13:10:52,7.7293,332.3850,0.9990
2025-11-12 13:10:52,7.7278,347.3510,0.9989
2025-11-12 13:10:52,7.7262,304.7220,0.9991
2025-11-12 13:10:52,7.7263,301.8988,0.9991
2025-11-12 13:10:52,7.7290,341.8371,0.9989
2025-11-12 13:10:52,7.7319,315.0416,0.9990
2025-11-12 13:10:52,7.7305,285.7381,0.9991
2025-11-12 13:10:53,7.7304,288.8459,0.9991
2025-11-12 13:10:53,7.7299,280.6807,0.9991
2025-11-12 13:10:53,7.7267,305.7883,0.9991
2025-11-12 13:10:53,7.7268,307.1184,0.9990
2025-11-12 13:10:53,7.7264,317.5132,0.9990
2025-11-12 13:10:53,7.7267,323.5907,0.9990
2025-11-12 13:10:53,7.7306,295.1776,0.9991
2025-11-12 13:10:53,7.7337,362.3798,0.9989
2025-11-12 13:10:53,7.7340,353.9099,0.9989
2025-11-12 13:10:53,7.7326,336.3353,0.9990
2025-11-12 13:10:54,7.7305,349.9989,0.9989
2025-11-12 13:10:54,7.7300,337.0227,0.9990
2025-11-12 13:10:54,7.7303,330.4924,0.9990
2025-11-12 13:10:54,7.7320,354.5259,0.9989
2025-11-12 13:10:54,7.7318,355.6586,0.9989
2025-11-12 13:10:54,7.7307,327.9562,0.9990
2025-11-12 13:10:54,7.7306,331.0818,0.9990
2025-11-12 13:10:54,7.7288,303.5295,0.9991
2025-11-12 13:10:54,7.7306,292.2777,0.9991
2025-11-12 13:10:54,7.7317,317.8858,0.9990
2025-11-12 13:10:54,7.7316,321.4323,0.9990
2025-11-12 13:10:55,7.7321,328.1754,0.9990
2025-11-12 13:10:55,7.7271,378.5336,0.9988
2025-11-12 13:10:55,7.7281,409.3235,0.9987
2025-11-12 13:10:55,7.7281,409.3235,0.9987
2025-11-12 13:10:55,7.7283,412.4709,0.9987
2025-11-12 13:10:55,7.7266,440.8502,0.9986
2025-11-12 13:10:55,7.7243,373.2420,0.9988
2025-11-12 13:10:55,7.7251,354.0437,0.9989
2025-11-12 13:10:55,7.7230,321.6251,0.9990
2025-11-12 13:10:55,7.7297,255.1392,0.9992
2025-11-12 13:10:55,7.7318,307.6945,0.9991
2025-11-12 13:10:56,7.7310,330.1661,0.9990
2025-11-12 13:10:56,7.7364,404.2858,0.9988
2025-11-12 13:10:56,7.7363,404.9348,0.9988
2025-11-12 13:10:56,7.7365,408.6890,0.9988
2025-11-12 13:10:56,7.7365,408.6890,0.9988
2025-11-12 13:10:56,7.7376,430.7025,0.9987
2025-11-12 13:10:56,7.7376,430.5545,0.9987
2025-11-12 13:10:56,7.7382,446.8032,0.9986
2025-11-12 13:10:56,7.7384,442.7358,0.9987
2025-11-12 13:10:56,7.7371,417.1381,0.9987
2025-11-12 13:10:56,7.7390,403.8702,0.9988
2025-11-12 13:10:57,7.7386,395.4913,0.9988
2025-11-12 13:10:57,7.7387,391.8037,0.9988
2025-11-12 13:10:57,7.7405,426.3814,0.9987
2025-11-12 13:10:57,7.7400,430.1109,0.9987
2025-11-12 13:10:57,7.7405,442.1834,0.9987
2025-11-12 13:10:57,7.7403,450.2202,0.9986
2025-11-12 13:10:57,7.7395,434.7324,0.9987
2025-11-12 13:10:58,7.7405,428.5418,0.9987
2025-11-12 13:10:58,7.7397,409.8798,0.9988
2025-11-12 13:10:58,7.7397,409.8798,0.9988
2025-11-12 13:10:58,7.7402,418.3166,0.9987
2025-11-12 13:10:58,7.7379,433.6489,0.9987
2025-11-12 13:10:58,7.7383,443.1374,0.9987
2025-11-12 13:10:58,7.7383,443.1374,0.9987
2025-11-12 13:10:58,7.7368,412.0525,0.9987
2025-11-12 13:10:58,7.7379,404.1401,0.9988
2025-11-12 13:10:58,7.7363,367.6161,0.9989
2025-11-12 13:10:58,7.7363,367.6161,0.9989
2025-11-12 13:10:58,7.7362,365.7606,0.9989
2025-11-12 13:10:58,7.7361,366.4278,0.9989
2025-11-12 13:10:59,7.7373,395.2256,0.9988
2025-11-12 13:10:59,7.7373,395.2256,0.9988
2025-11-12 13:10:59,7.7367,385.0587,0.9988
2025-11-12 13:10:59,7.7375,381.3021,0.9988
2025-11-12 13:10:59,7.7379,391.2925,0.9988
2025-11-12 13:10:59,7.7379,391.2925,0.9988
2025-11-12 13:10:59,7.7387,405.1769,0.9988
2025-11-12 13:10:59,7.7391,403.4517,0.9988
2025-11-12 13:10:59,7.7381,380.8362,0.9988
2025-11-12 13:10:59,7.7381,380.8362,0.9988
2025-11-12 13:11:00,7.7320,311.3639,0.9990
2025-11-12 13:11:00,7.7315,311.4696,0.9990
2025-11-12 13:11:00,7.7329,350.8444,0.9989
2025-11-12 13:11:00,7.7329,350.8444,0.9989
2025-11-12 13:11:00,7.7348,363.2607,0.9989
2025-11-12 13:11:00,7.7261,459.9383,0.9986
2025-11-12 13:11:00,7.7184,260.9946,0.9992
2025-11-12 13:11:00,7.7190,247.9562,0.9992
2025-11-12 13:11:00,7.7185,238.4722,0.9992
2025-11-12 13:11:00,7.7226,196.0221,0.9994
2025-11-12 13:11:01,7.7183,150.4846,0.9995
2025-11-12 13:11:01,7.7178,160.6996,0.9995
2025-11-12 13:11:01,7.7181,167.3606,0.9995
2025-11-12 13:11:01,7.7221,167.1840,0.9995
2025-11-12 13:11:01,7.7332,335.6382,0.9990
2025-11-12 13:11:01,7.7331,339.3020,0.9990
2025-11-12 13:11:01,7.7219,359.5608,0.9989
2025-11-12 13:11:01,7.7211,357.2889,0.9989
2025-11-12 13:11:01,7.7209,349.2958,0.9989
2025-11-12 13:11:02,7.7206,355.5525,0.9989
2025-11-12 13:11:02,7.7253,321.5261,0.9990
2025-11-12 13:11:02,7.7234,325.7415,0.9990
2025-11-12 13:11:02,7.7233,321.0198,0.9990
2025-11-12 13:11:02,7.7238,308.7248,0.9990
2025-11-12 13:11:02,7.7201,327.9012,0.9990
2025-11-12 13:11:02,7.7208,327.0404,0.9990
2025-11-12 13:11:02,7.7221,373.7199,0.9988
2025-11-12 13:11:02,7.7219,379.0855,0.9988
2025-11-12 13:11:02,7.7240,362.3911,0.9989
2025-11-12 13:11:02,7.7274,364.0995,0.9989
2025-11-12 13:11:03,7.7268,343.4380,0.9989
2025-11-12 13:11:03,7.7268,343.4380,0.9989
2025-11-12 13:11:03,7.7263,347.5844,0.9989
2025-11-12 13:11:03,7.7274,353.9680,0.9989
2025-11-12 13:11:03,7.7275,358.3808,0.9989
2025-11-12 13:11:03,7.7275,358.3808,0.9989
2025-11-12 13:11:03,7.7242,399.9635,0.9988
2025-11-12 13:11:03,7.7228,389.6374,0.9988
2025-11-12 13:11:03,7.7224,377.2386,0.9988
2025-11-12 13:11:03,7.7224,377.2386,0.9988
2025-11-12 13:11:03,7.7229,371.3263,0.9988
2025-11-12 13:11:04,7.7219,366.3157,0.9989
2025-11-12 13:11:04,7.7218,363.7163,0.9989
2025-11-12 13:11:04,7.7218,363.7163,0.9989
2025-11-12 13:11:04,7.7272,320.8540,0.9990
2025-11-12 13:11:04,7.7287,323.9411,0.9990
2025-11-12 13:11:04,7.7290,334.9115,0.9990
2025-11-12 13:11:04,7.7297,317.6360,0.9990
2025-11-12 13:11:04,7.7315,312.7652,0.9990
2025-11-12 13:11:04,7.7297,312.7530,0.9990
2025-11-12 13:11:04,7.7291,294.9672,0.9991
2025-11-12 13:11:04,7.7285,312.0138,0.9990
2025-11-12 13:11:05,7.7321,328.7548,0.9990
2025-11-12 13:11:05,7.7281,357.0142,0.9989
2025-11-12 13:11:05,7.7287,374.8856,0.9988
2025-11-12 13:11:05,7.7287,374.8856,0.9988
2025-11-12 13:11:05,7.7279,367.4684,0.9989
2025-11-12 13:11:05,7.7287,359.6222,0.9989
2025-11-12 13:11:05,7.7282,343.8558,0.9989
2025-11-12 13:11:05,7.7283,340.5618,0.9989
2025-11-12 13:11:05,7.7293,349.9915,0.9989
2025-11-12 13:11:05,7.7303,340.9536,0.9989
2025-11-12 13:11:06,7.7295,317.9290,0.9990
2025-11-12 13:11:06,7.7294,321.3103,0.9990
2025-11-12 13:11:06,7.7260,296.9608,0.9991
2025-11-12 13:11:06,7.7282,290.9656,0.9991
2025-11-12 13:11:06,7.7278,281.7810,0.9991
2025-11-12 13:11:06,7.7281,275.5813,0.9991
2025-11-12 13:11:06,7.7307,289.2020,0.9991
2025-11-12 13:11:06,7.7303,290.3209,0.9991
2025-11-12 13:11:06,7.7297,274.5089,0.9992
2025-11-12 13:11:06,7.7294,280.9378,0.9991
2025-11-12 13:11:06,7.7317,306.1811,0.9991
2025-11-12 13:11:07,7.7307,311.3001,0.9990
2025-11-12 13:11:07,7.7300,294.9890,0.9991
2025-11-12 13:11:07,7.7300,294.9890,0.9991
2025-11-12 13:11:07,7.7302,298.7369,0.9991
2025-11-12 13:11:07,7.7335,290.4145,0.9991
2025-11-12 13:11:07,7.7334,288.6982,0.9991
2025-11-12 13:11:07,7.7334,288.6982,0.9991
2025-11-12 13:11:07,7.7326,279.0225,0.9991
2025-11-12 13:11:07,7.7318,278.7269,0.9991
2025-11-12 13:11:07,7.7320,282.8357,0.9991
2025-11-12 13:11:08,7.7320,282.8357,0.9991
2025-11-12 13:11:08,7.7329,294.8856,0.9991
2025-11-12 13:11:08,7.7326,295.3559,0.9991
2025-11-12 13:11:08,7.7324,291.2476,0.9991
2025-11-12 13:11:08,7.7324,291.2476,0.9991
2025-11-12 13:11:08,7.7335,307.9002,0.9991
2025-11-12 13:11:08,7.7332,308.6170,0.9991
2025-11-12 13:11:08,7.7332,308.5488,0.9991
2025-11-12 13:11:08,7.7332,308.5488,0.9991
2025-11-12 13:11:08,7.7330,304.3321,0.9991
2025-11-12 13:11:08,7.7320,307.6641,0.9991
2025-11-12 13:11:08,7.7317,300.8954,0.9991
2025-11-12 13:11:08,7.7317,300.8954,0.9991
2025-11-12 13:11:08,7.7338,340.5813,0.9990
2025-11-12 13:11:09,7.7346,336.4813,0.9990
2025-11-12 13:11:09,7.7360,361.2329,0.9989
2025-11-12 13:11:09,7.7360,361.2329,0.9989
2025-11-12 13:11:09,7.7363,367.0768,0.9989
2025-11-12 13:11:09,7.7347,377.3895,0.9988
2025-11-12 13:11:09,7.7331,347.6036,0.9989
2025-11-12 13:11:09,7.7331,347.6036,0.9989
2025-11-12 13:11:09,7.7332,348.8361,0.9989
2025-11-12 13:11:09,7.7345,341.1379,0.9990
2025-11-12 13:11:09,7.7363,373.1318,0.9989
2025-11-12 13:11:09,7.7364,369.2246,0.9989
2025-11-12 13:11:09,7.7374,391.4122,0.9988
2025-11-12 13:11:09,7.7333,433.9805,0.9987
2025-11-12 13:11:10,7.7286,353.6428,0.9989
2025-11-12 13:11:10,7.7285,356.9582,0.9989
2025-11-12 13:11:10,7.7270,317.9483,0.9990
2025-11-12 13:11:10,7.7293,299.8098,0.9991
2025-11-12 13:11:10,7.7156,321.7107,0.9990
2025-11-12 13:11:10,7.7159,317.2506,0.9990
2025-11-12 13:11:10,7.7162,327.9471,0.9990
2025-11-12 13:11:10,7.7179,335.3669,0.9989
2025-11-12 13:11:10,7.7327,304.7991,0.9991
2025-11-12 13:11:10,7.7324,311.6676,0.9990
2025-11-12 13:11:11,7.7314,289.6491,0.9991
2025-11-12 13:11:11,7.7313,290.0042,0.9991
2025-11-12 13:11:11,7.7307,282.1001,0.9991
2025-11-12 13:11:11,7.7307,282.1001,0.9991
2025-11-12 13:11:11,7.7319,310.5235,0.9990
2025-11-12 13:11:11,7.7252,374.9709,0.9988
2025-11-12 13:11:11,7.7271,407.7658,0.9987
2025-11-12 13:11:11,7.7271,407.7658,0.9987
2025-11-12 13:11:11,7.7264,388.7911,0.9988
2025-11-12 13:11:11,7.7297,343.5530,0.9989
2025-11-12 13:11:11,7.7286,324.2321,0.9990
2025-11-12 13:11:12,7.7287,320.9121,0.9990
2025-11-12 13:11:12,7.7274,291.3932,0.9991
2025-11-12 13:11:12,7.7313,271.1928,0.9992
2025-11-12 13:11:12,7.7347,329.0414,0.9990
2025-11-12 13:11:12,7.7348,325.6328,0.9990
2025-11-12 13:11:12,7.7337,309.2686,0.9991
2025-11-12 13:11:12,7.7338,309.1729,0.9991
2025-11-12 13:11:12,7.7332,298.5858,0.9991
2025-11-12 13:11:12,7.7337,286.6993,0.9991
2025-11-12 13:11:12,7.7322,268.6229,0.9992
2025-11-12 13:11:12,7.7322,268.6528,0.9992
2025-11-12 13:11:13,7.7287,208.2321,0.9994
2025-11-12 13:11:13,7.7287,208.2321,0.9994
2025-11-12 13:11:13,7.7265,183.4607,0.9994
2025-11-12 13:11:13,7.7268,184.1638,0.9994
2025-11-12 13:11:13,7.7259,170.5473,0.9995
2025-11-12 13:11:13,7.7252,186.2310,0.9994
2025-11-12 13:11:13,7.7266,202.4256,0.9994
2025-11-12 13:11:13,7.7276,205.6571,0.9994
2025-11-12 13:11:14,7.7301,241.4228,0.9993
2025-11-12 13:11:14,7.7301,241.4228,0.9993
2025-11-12 13:11:14,7.7302,242.3548,0.9993
2025-11-12 13:11:14,7.7295,241.0573,0.9993
2025-11-12 13:11:14,7.7285,223.5680,0.9993
2025-11-12 13:11:14,7.7285,223.5680,0.9993
2025-11-12 13:11:14,7.7287,226.5067,0.9993
2025-11-12 13:11:14,7.7257,229.3071,0.9993
2025-11-12 13:11:14,7.7270,252.5990,0.9992
2025-11-12 13:11:14,7.7270,252.5990,0.9992
2025-11-12 13:11:14,7.7246,226.1471,0.9993
2025-11-12 13:11:14,7.7272,224.6597,0.9993
2025-11-12 13:11:14,7.7270,221.2962,0.9993
2025-11-12 13:11:15,7.7270,221.2962,0.9993
2025-11-12 13:11:15,7.7306,258.4551,0.9992
2025-11-12 13:11:15,7.7309,258.4985,0.9992
2025-11-12 13:11:15,7.7321,279.5204,0.9991
2025-11-12 13:11:15,7.7321,279.5204,0.9991
2025-11-12 13:11:15,7.7308,263.7229,0.9992
2025-11-12 13:11:15,7.7305,263.6366,0.9992
2025-11-12 13:11:15,7.7313,281.1474,0.9991
2025-11-12 13:11:15,7.7313,281.1474,0.9991
2025-11-12 13:11:16,7.7302,271.6588,0.9992
2025-11-12 13:11:16,7.7309,272.1505,0.9992
2025-11-12 13:11:16,7.7307,267.0330,0.9992
2025-11-12 13:11:16,7.7307,267.0330,0.9992
2025-11-12 13:11:16,7.7316,275.2360,0.9992
2025-11-12 13:11:16,7.7314,275.0805,0.9992
2025-11-12 13:11:16,7.7292,234.5695,0.9993
2025-11-12 13:11:16,7.7292,234.5695,0.9993
2025-11-12 13:11:16,7.7313,261.7441,0.9992
2025-11-12 13:11:16,7.7320,262.5811,0.9992
2025-11-12 13:11:16,7.7316,256.9889,0.9992
2025-11-12 13:11:16,7.7316,256.9889,0.9992
2025-11-12 13:11:17,7.7302,238.4393,0.9993
2025-11-12 13:11:17,7.7277,236.9590,0.9993
2025-11-12 13:11:17,7.7177,174.0183,0.9994
2025-11-12 13:11:17,7.7183,161.3037,0.9995
2025-11-12 13:11:17,7.7217,241.7760,0.9992
2025-11-12 13:11:17,7.7239,250.9518,0.9992
2025-11-12 13:11:17,7.7262,238.6868,0.9993
2025-11-12 13:11:17,7.7256,254.5517,0.9992
2025-11-12 13:11:17,7.7269,289.3346,0.9991
2025-11-12 13:11:17,7.7262,286.9247,0.9991
2025-11-12 13:11:17,7.7234,303.4968,0.9991
2025-11-12 13:11:17,7.7234,303.4968,0.9991
2025-11-12 13:11:18,7.7212,243.1546,0.9992
2025-11-12 13:11:18,7.7222,250.0823,0.9992
2025-11-12 13:11:18,7.7237,240.5262,0.9992
2025-11-12 13:11:18,7.7237,240.5262,0.9992
2025-11-12 13:11:18,7.7246,262.7566,0.9992
2025-11-12 13:11:18,7.7244,261.6267,0.9992
2025-11-12 13:11:18,7.7251,258.7228,0.9992
2025-11-12 13:11:18,7.7252,255.6752,0.9992
2025-11-12 13:11:18,7.7246,240.2018,0.9993
2025-11-12 13:11:18,7.7217,230.3444,0.9993
2025-11-12 13:11:18,7.7215,230.6973,0.9993
2025-11-12 13:11:19,7.7216,228.2035,0.9993
2025-11-12 13:11:19,7.7227,258.1725,0.9992
2025-11-12 13:11:19,7.7233,258.4133,0.9992
2025-11-12 13:11:19,7.7205,275.0666,0.9991
2025-11-12 13:11:19,7.7203,280.1778,0.9991
2025-11-12 13:11:19,7.7176,207.4336,0.9993
2025-11-12 13:11:19,7.7195,220.2363,0.9993
2025-11-12 13:11:19,7.7195,220.5897,0.9993
2025-11-12 13:11:19,7.7201,207.1473,0.9993
2025-11-12 13:11:19,7.7173,153.3252,0.9995
2025-11-12 13:11:19,7.7172,151.7286,0.9995
2025-11-12 13:11:19,7.7198,141.0358,0.9996
2025-11-12 13:11:20,7.7192,154.3368,0.9995
2025-11-12 13:11:20,7.7204,173.4191,0.9995
2025-11-12 13:11:20,7.7081,222.9185,0.9993
2025-11-12 13:11:20,7.7038,215.2673,0.9993
2025-11-12 13:11:20,7.7036,217.6120,0.9993
2025-11-12 13:11:20,7.6994,116.0523,0.9996
2025-11-12 13:11:20,7.7035,90.8757,0.9997
2025-11-12 13:11:20,7.7058,91.5387,0.9997
2025-11-12 13:11:20,7.7063,85.9120,0.9997
2025-11-12 13:11:20,7.7114,193.9975,0.9994
2025-11-12 13:11:21,7.7090,217.8072,0.9993
2025-11-12 13:11:21,7.7106,221.0228,0.9993
2025-11-12 13:11:21,7.7110,214.8072,0.9993
2025-11-12 13:11:21,7.7107,205.0869,0.9993
2025-11-12 13:11:21,7.7095,221.0136,0.9993
2025-11-12 13:11:21,7.7096,221.4267,0.9993
2025-11-12 13:11:21,7.7090,230.7913,0.9993
2025-11-12 13:11:21,7.7102,264.6348,0.9992
2025-11-12 13:11:21,7.7199,200.4173,0.9994
2025-11-12 13:11:22,7.7205,199.5307,0.9994
2025-11-12 13:11:22,7.7206,196.8327,0.9994
2025-11-12 13:11:22,7.7207,199.2959,0.9994
2025-11-12 13:11:22,7.7218,202.2505,0.9994
2025-11-12 13:11:22,7.7212,203.5389,0.9994
2025-11-12 13:11:22,7.7213,201.0695,0.9994
2025-11-12 13:11:22,7.7203,179.6088,0.9994
2025-11-12 13:11:22,7.7206,180.9193,0.9994
2025-11-12 13:11:22,7.7209,180.1803,0.9994
2025-11-12 13:11:22,7.7207,185.3317,0.9994
2025-11-12 13:11:23,7.7200,172.6691,0.9995
2025-11-12 13:11:23,7.7211,179.8909,0.9994
2025-11-12 13:11:23,7.7199,183.5466,0.9994
2025-11-12 13:11:23,7.7200,180.8969,0.9994
2025-11-12 13:11:23,7.7174,138.8003,0.9996
2025-11-12 13:11:23,7.7161,127.7795,0.9996
2025-11-12 13:11:23,7.7157,128.6074,0.9996
2025-11-12 13:11:23,7.7156,130.9336,0.9996
2025-11-12 13:11:23,7.7084,78.2911,0.9997
2025-11-12 13:11:23,7.7096,95.9668,0.9997
2025-11-12 13:11:23,7.7112,100.3926,0.9997
2025-11-12 13:11:24,7.7114,96.6106,0.9997
2025-11-12 13:11:24,7.7058,134.2882,0.9996
2025-11-12 13:11:24,7.6988,58.6754,0.9998
2025-11-12 13:11:24,7.6977,46.6554,0.9998
2025-11-12 13:11:24,7.6976,47.5207,0.9998
2025-11-12 13:11:24,7.7002,36.2944,0.9999
2025-11-12 13:11:24,7.6941,49.0665,0.9998
2025-11-12 13:11:24,7.6933,39.3623,0.9999
2025-11-12 13:11:24,7.6940,36.1789,0.9999
2025-11-12 13:11:24,7.7005,86.9101,0.9997
2025-11-12 13:11:25,7.7080,51.7970,0.9998
2025-11-12 13:11:25,7.7108,63.6256,0.9998
2025-11-12 13:11:25,7.7100,75.6071,0.9998
2025-11-12 13:11:25,7.7094,71.0547,0.9998
2025-11-12 13:11:25,7.7089,70.6981,0.9998
2025-11-12 13:11:25,7.7079,63.4346,0.9998
2025-11-12 13:11:25,7.7079,63.4346,0.9998
2025-11-12 13:11:25,7.7136,142.0096,0.9995
2025-11-12 13:11:25,7.7193,156.0435,0.9995
2025-11-12 13:11:25,7.7197,155.7186,0.9995
2025-11-12 13:11:26,7.7198,153.0834,0.9995
2025-11-12 13:11:26,7.7136,95.7774,0.9997
2025-11-12 13:11:26,7.7107,70.3262,0.9998
2025-11-12 13:11:26,7.7101,67.4785,0.9998
2025-11-12 13:11:26,7.7108,57.4168,0.9998
2025-11-12 13:11:26,7.7073,52.1941,0.9998
2025-11-12 13:11:26,7.7100,81.3404,0.9997
2025-11-12 13:11:26,7.7084,76.4988,0.9998
2025-11-12 13:11:26,7.7076,87.2954,0.9997
2025-11-12 13:11:26,7.7111,91.9370,0.9997
2025-11-12 13:11:27,7.7109,89.9652,0.9997
2025-11-12 13:11:27,7.7128,93.0063,0.9997
2025-11-12 13:11:27,7.7128,93.0063,0.9997
2025-11-12 13:11:27,7.7145,101.3642,0.9997
2025-11-12 13:11:27,7.7134,91.8642,0.9997
2025-11-12 13:11:27,7.7103,91.6926,0.9997
2025-11-12 13:11:27,7.7104,89.7688,0.9997
2025-11-12 13:11:27,7.7058,67.4152,0.9998
2025-11-12 13:11:27,7.7046,52.7834,0.9998
2025-11-12 13:11:28,7.7050,53.2857,0.9998
2025-11-12 13:11:28,7.7051,51.9257,0.9998
2025-11-12 13:11:28,7.7160,177.9065,0.9994
2025-11-12 13:11:28,7.7183,189.9648,0.9994
2025-11-12 13:11:28,7.7213,177.6616,0.9994
2025-11-12 13:11:28,7.7211,182.8735,0.9994
2025-11-12 13:11:28,7.7216,192.3684,0.9994
2025-11-12 13:11:28,7.7203,186.9942,0.9994
2025-11-12 13:11:28,7.7201,187.0999,0.9994
2025-11-12 13:11:28,7.7202,184.9135,0.9994
2025-11-12 13:11:28,7.7213,209.3303,0.9993
2025-11-12 13:11:29,7.7214,209.3755,0.9993
2025-11-12 13:11:29,7.7211,209.9131,0.9993
2025-11-12 13:11:29,7.7228,173.1810,0.9995
2025-11-12 13:11:29,7.7219,152.4968,0.9995
2025-11-12 13:11:29,7.7198,152.5735,0.9995
2025-11-12 13:11:29,7.7197,152.6631,0.9995
2025-11-12 13:11:29,7.7178,187.9894,0.9994
2025-11-12 13:11:29,7.7182,197.8378,0.9994
2025-11-12 13:11:29,7.7212,202.7748,0.9994
2025-11-12 13:11:30,7.7179,220.8207,0.9993
2025-11-12 13:11:30,7.7180,218.3159,0.9993
2025-11-12 13:11:30,7.7154,163.4325,0.9995
2025-11-12 13:11:30,7.7162,170.6185,0.9995
2025-11-12 13:11:30,7.7191,156.8372,0.9995
2025-11-12 13:11:30,7.7192,154.5130,0.9995
2025-11-12 13:11:30,7.7198,163.1517,0.9995
2025-11-12 13:11:30,7.7193,159.9045,0.9995
2025-11-12 13:11:30,7.7148,188.5774,0.9994
2025-11-12 13:11:31,7.7146,192.8566,0.9994
2025-11-12 13:11:31,7.7159,222.5331,0.9993
2025-11-12 13:11:31,7.7161,224.6129,0.9993
2025-11-12 13:11:31,7.7210,190.9601,0.9994
2025-11-12 13:11:31,7.7211,188.2233,0.9994
2025-11-12 13:11:31,7.7241,257.2359,0.9992
2025-11-12 13:11:31,7.7254,264.4698,0.9992
2025-11-12 13:11:31,7.7258,262.8667,0.9992
2025-11-12 13:11:32,7.7257,265.9597,0.9992
2025-11-12 13:11:32,7.7268,296.6058,0.9991
2025-11-12 13:11:32,7.7251,289.6247,0.9991
2025-11-12 13:11:32,7.7240,295.6021,0.9991
2025-11-12 13:11:32,7.7242,289.9528,0.9991
2025-11-12 13:11:32,7.7246,301.9063,0.9991
2025-11-12 13:11:32,7.7262,308.8330,0.9990
2025-11-12 13:11:32,7.7275,300.5638,0.9991
2025-11-12 13:11:32,7.7272,306.6805,0.9990
2025-11-12 13:11:32,7.7270,299.0277,0.9991
2025-11-12 13:11:33,7.7262,295.4852,0.9991
2025-11-12 13:11:33,7.7259,296.7527,0.9991
2025-11-12 13:11:33,7.7259,296.7527,0.9991
2025-11-12 13:11:33,7.7245,256.7969,0.9992
2025-11-12 13:11:33,7.7250,259.4922,0.9992
2025-11-12 13:11:33,7.7241,264.1766,0.9992
2025-11-12 13:11:33,7.7241,264.1766,0.9992
2025-11-12 13:11:33,7.7255,304.7081,0.9991
2025-11-12 13:11:33,7.7250,301.9316,0.9991
2025-11-12 13:11:33,7.7263,294.8791,0.9991
2025-11-12 13:11:34,7.7264,291.7359,0.9991
2025-11-12 13:11:34,7.7259,278.3297,0.9991
2025-11-12 13:11:34,7.7254,276.4086,0.9991
2025-11-12 13:11:34,7.7239,284.1252,0.9991
2025-11-12 13:11:34,7.7237,287.0771,0.9991
2025-11-12 13:11:34,7.7232,271.1976,0.9992
2025-11-12 13:11:34,7.7232,271.1382,0.9992
2025-11-12 13:11:34,7.7233,270.3973,0.9992
2025-11-12 13:11:34,7.7233,270.3973,0.9992
2025-11-12 13:11:34,7.7226,251.6913,0.9992
2025-11-12 13:11:35,7.7199,246.0833,0.9992
2025-11-12 13:11:35,7.7189,250.3820,0.9992
2025-11-12 13:11:35,7.7192,245.4650,0.9992
2025-11-12 13:11:35,7.7205,286.3138,0.9991
2025-11-12 13:11:35,7.7234,291.3986,0.9991
2025-11-12 13:11:35,7.7260,276.2354,0.9991
2025-11-12 13:11:35,7.7257,282.1347,0.9991
2025-11-12 13:11:35,7.7248,255.6986,0.9992
2025-11-12 13:11:35,7.7229,252.1366,0.9992
2025-11-12 13:11:35,7.7220,254.1758,0.9992
2025-11-12 13:11:36,7.7220,254.1758,0.9992
2025-11-12 13:11:36,7.7205,213.1701,0.9993
2025-11-12 13:11:36,7.7216,216.4727,0.9993
2025-11-12 13:11:36,7.7218,215.8753,0.9993
2025-11-12 13:11:36,7.7220,213.0743,0.9993
2025-11-12 13:11:36,7.7180,138.0543,0.9996
2025-11-12 13:11:36,7.7167,131.2561,0.9996
2025-11-12 13:11:36,7.7162,131.0405,0.9996
2025-11-12 13:11:36,7.7161,133.4034,0.9996
2025-11-12 13:11:36,7.7147,112.8931,0.9996
2025-11-12 13:11:36,7.7157,118.4887,0.9996
2025-11-12 13:11:36,7.7138,121.0801,0.9996
2025-11-12 13:11:37,7.7138,121.0801,0.9996
2025-11-12 13:11:37,7.7159,155.1222,0.9995
2025-11-12 13:11:37,7.7151,150.4120,0.9995
2025-11-12 13:11:37,7.7157,148.3363,0.9995
2025-11-12 13:11:37,7.7154,153.6705,0.9995
2025-11-12 13:11:37,7.7112,92.9826,0.9997
2025-11-12 13:11:37,7.7135,115.1899,0.9996
2025-11-12 13:11:37,7.7128,116.7073,0.9996
2025-11-12 13:11:37,7.7130,111.8281,0.9996
2025-11-12 13:11:37,7.7065,93.8247,0.9997
2025-11-12 13:11:37,7.7055,78.8040,0.9997
2025-11-12 13:11:37,7.7074,85.2645,0.9997
2025-11-12 13:11:37,7.7076,82.0272,0.9997
2025-11-12 13:11:37,7.7061,90.3497,0.9997
2025-11-12 13:11:38,7.6963,42.8291,0.9999
2025-11-12 13:11:38,7.6934,15.7323,0.9999
2025-11-12 13:11:38,7.6932,16.9707,0.9999
2025-11-12 13:11:38,7.6955,24.1404,0.9999
2025-11-12 13:11:38,7.7012,33.7413,0.9999
2025-11-12 13:11:38,7.7041,46.6839,0.9998
2025-11-12 13:11:38,7.7042,45.2218,0.9999
2025-11-12 13:11:38,7.7091,67.4028,0.9998
2025-11-12 13:11:38,7.7021,97.9283,0.9997
2025-11-12 13:11:39,7.7028,103.6596,0.9997
2025-11-12 13:11:39,7.7029,102.4455,0.9997
2025-11-12 13:11:39,7.7069,170.7313,0.9994
2025-11-12 13:11:39,7.7094,142.3438,0.9995
2025-11-12 13:11:39,7.7089,139.9384,0.9995
2025-11-12 13:11:39,7.7093,134.1910,0.9996
2025-11-12 13:11:39,7.7086,122.0356,0.9996
2025-11-12 13:11:39,7.7154,104.9827,0.9997
2025-11-12 13:11:39,7.7111,120.2567,0.9996
2025-11-12 13:11:39,7.7105,130.1365,0.9996
2025-11-12 13:11:39,7.7135,192.7878,0.9994
2025-11-12 13:11:40,7.7134,192.0182,0.9994
2025-11-12 13:11:40,7.7178,170.1993,0.9995
2025-11-12 13:11:40,7.7178,170.1993,0.9995
2025-11-12 13:11:40,7.7170,153.2932,0.9995
2025-11-12 13:11:40,7.7182,157.4421,0.9995
2025-11-12 13:11:40,7.7140,177.8136,0.9994
2025-11-12 13:11:40,7.7140,177.8136,0.9994
2025-11-12 13:11:40,7.7160,225.4881,0.9993
2025-11-12 13:11:40,7.7161,226.1345,0.9993
2025-11-12 13:11:40,7.7213,198.4557,0.9994
2025-11-12 13:11:40,7.7213,198.4557,0.9994
2025-11-12 13:11:41,7.7208,187.3639,0.9994
2025-11-12 13:11:41,7.7189,184.7187,0.9994
2025-11-12 13:11:41,7.7184,184.4144,0.9994
2025-11-12 13:11:41,7.7184,184.4144,0.9994
2025-11-12 13:11:41,7.7175,165.3054,0.9995
2025-11-12 13:11:41,7.7170,165.3180,0.9995
2025-11-12 13:11:41,7.7148,167.6182,0.9995
2025-11-12 13:11:41,7.7148,167.6182,0.9995
2025-11-12 13:11:41,7.7157,187.8892,0.9994
2025-11-12 13:11:41,7.7148,188.2883,0.9994
2025-11-12 13:11:41,7.7169,185.7552,0.9994
2025-11-12 13:11:42,7.7169,185.7552,0.9994
2025-11-12 13:11:42,7.7173,194.7068,0.9994
2025-11-12 13:11:42,7.7178,193.4371,0.9994
2025-11-12 13:11:42,7.7135,210.2507,0.9993
2025-11-12 13:11:42,7.7135,210.2507,0.9993
2025-11-12 13:11:42,7.7123,179.7520,0.9994
2025-11-12 13:11:42,7.7108,179.2992,0.9994
2025-11-12 13:11:42,7.7117,174.6891,0.9994
2025-11-12 13:11:42,7.7117,174.6891,0.9994
2025-11-12 13:11:42,7.7114,167.4290,0.9995
2025-11-12 13:11:42,7.7134,168.4372,0.9995
2025-11-12 13:11:43,7.7139,165.7484,0.9995
2025-11-12 13:11:43,7.7139,165.7484,0.9995
2025-11-12 13:11:43,7.7140,167.9611,0.9995
2025-11-12 13:11:43,7.7133,166.9392,0.9995
2025-11-12 13:11:43,7.7124,171.3953,0.9995
2025-11-12 13:11:43,7.7130,160.7488,0.9995
2025-11-12 13:11:43,7.7130,159.3389,0.9995
2025-11-12 13:11:43,7.7138,160.6642,0.9995
2025-11-12 13:11:43,7.7162,149.6806,0.9995
2025-11-12 13:11:44,7.7162,149.6806,0.9995
2025-11-12 13:11:44,7.7163,150.9610,0.9995
2025-11-12 13:11:44,7.7138,154.4906,0.9995
2025-11-12 13:11:44,7.7154,155.5187,0.9995
2025-11-12 13:11:44,7.7148,167.1100,0.9995
2025-11-12 13:11:44,7.7155,183.5094,0.9994
2025-11-12 13:11:44,7.7150,186.5696,0.9994
2025-11-12 13:11:44,7.7156,188.6033,0.9994
2025-11-12 13:11:44,7.7156,188.6033,0.9994
2025-11-12 13:11:44,7.7139,151.2687,0.9995
2025-11-12 13:11:44,7.7070,229.5705,0.9993
2025-11-12 13:11:44,7.7058,220.4833,0.9993
2025-11-12 13:11:45,7.7058,220.4833,0.9993
2025-11-12 13:11:45,7.7046,192.9286,0.9994
2025-11-12 13:11:45,7.7157,125.1600,0.9996
2025-11-12 13:11:45,7.7147,125.1899,0.9996
2025-11-12 13:11:45,7.7149,122.9308,0.9996
2025-11-12 13:11:45,7.7181,184.0292,0.9994
2025-11-12 13:11:45,7.7184,185.0323,0.9994
2025-11-12 13:11:45,7.7162,196.8093,0.9994
2025-11-12 13:11:45,7.7161,199.1774,0.9994
2025-11-12 13:11:45,7.7169,219.5709,0.9993
2025-11-12 13:11:46,7.7154,215.5983,0.9993
2025-11-12 13:11:46,7.7187,202.9379,0.9994
2025-11-12 13:11:46,7.7190,196.9878,0.9994
2025-11-12 13:11:46,7.7184,181.8587,0.9994
2025-11-12 13:11:46,7.7189,181.7355,0.9994
2025-11-12 13:11:46,7.7178,183.3900,0.9994
2025-11-12 13:11:46,7.7176,189.1295,0.9994
2025-11-12 13:11:46,7.7161,157.6796,0.9995
2025-11-12 13:11:46,7.7195,175.3055,0.9994
2025-11-12 13:11:46,7.7197,174.5847,0.9994
2025-11-12 13:11:47,7.7197,174.5847,0.9994
2025-11-12 13:11:47,7.7198,175.4090,0.9994
2025-11-12 13:11:47,7.7199,176.6957,0.9994
2025-11-12 13:11:47,7.7210,174.1536,0.9995
2025-11-12 13:11:47,7.7210,174.1536,0.9995
2025-11-12 13:11:47,7.7226,203.5325,0.9994
2025-11-12 13:11:47,7.7230,206.7126,0.9994
2025-11-12 13:11:47,7.7222,209.4577,0.9993
2025-11-12 13:11:47,7.7222,209.4577,0.9993
2025-11-12 13:11:48,7.7228,222.9116,0.9993
2025-11-12 13:11:48,7.7223,219.4486,0.9993
2025-11-12 13:11:48,7.7232,216.5779,0.9993
2025-11-12 13:11:48,7.7232,216.5779,0.9993
2025-11-12 13:11:48,7.7228,209.1934,0.9993
2025-11-12 13:11:48,7.7237,215.7655,0.9993
2025-11-12 13:11:48,7.7236,216.2287,0.9993
2025-11-12 13:11:48,7.7237,213.2992,0.9993
2025-11-12 13:11:48,7.7244,228.4231,0.9993
2025-11-12 13:11:48,7.7244,228.4231,0.9993
2025-11-12 13:11:48,7.7232,234.2109,0.9993
2025-11-12 13:11:49,7.7233,231.6002,0.9993
2025-11-12 13:11:49,7.7255,285.3991,0.9991
2025-11-12 13:11:49,7.7247,280.3736,0.9991
2025-11-12 13:11:49,7.7249,278.8177,0.9991
2025-11-12 13:11:49,7.7261,250.0171,0.9992
2025-11-12 13:11:49,7.7276,292.0593,0.9991
2025-11-12 13:11:49,7.7277,292.5034,0.9991
2025-11-12 13:11:49,7.7270,298.9238,0.9991
2025-11-12 13:11:49,7.7256,334.3307,0.9990
2025-11-12 13:11:49,7.7221,238.7036,0.9993
2025-11-12 13:11:50,7.7172,224.7413,0.9993
2025-11-12 13:11:50,7.7157,232.1853,0.9993
2025-11-12 13:11:50,7.7158,229.8437,0.9993
2025-11-12 13:11:50,7.7135,171.4063,0.9995
2025-11-12 13:11:50,7.7134,171.3461,0.9995
2025-11-12 13:11:50,7.7161,165.2378,0.9995
2025-11-12 13:11:50,7.7159,167.5910,0.9995
2025-11-12 13:11:50,7.7136,122.8470,0.9996
2025-11-12 13:11:50,7.7184,145.2232,0.9995
2025-11-12 13:11:50,7.7190,144.8356,0.9995
2025-11-12 13:11:50,7.7187,150.7218,0.9995
2025-11-12 13:11:51,7.7035,166.2143,0.9995
2025-11-12 13:11:51,7.7025,149.1672,0.9995
2025-11-12 13:11:51,7.6997,127.7013,0.9996
2025-11-12 13:11:51,7.6976,152.1122,0.9995
2025-11-12 13:11:51,7.7038,115.7912,0.9996
2025-11-12 13:11:51,7.7032,106.4320,0.9997
2025-11-12 13:11:51,7.7035,107.1434,0.9997
2025-11-12 13:11:51,7.7055,75.6158,0.9998
2025-11-12 13:11:51,7.7093,84.1679,0.9997
2025-11-12 13:11:51,7.7090,80.8263,0.9997
2025-11-12 13:11:51,7.7115,86.4217,0.9997
2025-11-12 13:11:51,7.7142,47.1364,0.9998
2025-11-12 13:11:52,7.7135,45.7014,0.9999
2025-11-12 13:11:52,7.7151,60.4798,0.9998
2025-11-12 13:11:52,7.7136,59.0307,0.9998
2025-11-12 13:11:52,7.7112,92.8368,0.9997
2025-11-12 13:11:52,7.7024,137.8931,0.9996
2025-11-12 13:11:52,7.7028,145.3498,0.9995
2025-11-12 13:11:52,7.7046,158.9907,0.9995
2025-11-12 13:11:52,7.7046,158.9907,0.9995
2025-11-12 13:11:52,7.7224,197.2893,0.9994
2025-11-12 13:11:52,7.7224,196.7973,0.9994
2025-11-12 13:11:53,7.7180,222.3066,0.9993
2025-11-12 13:11:53,7.7181,220.2486,0.9993
2025-11-12 13:11:53,7.7129,130.8221,0.9996
2025-11-12 13:11:53,7.7125,125.8878,0.9996
2025-11-12 13:11:53,7.7165,115.3625,0.9996
2025-11-12 13:11:53,7.7167,111.7982,0.9996
2025-11-12 13:11:53,7.7177,123.0261,0.9996
2025-11-12 13:11:53,7.7169,116.5668,0.9996
2025-11-12 13:11:53,7.7127,129.5531,0.9996
2025-11-12 13:11:53,7.7125,134.3899,0.9996
2025-11-12 13:11:53,7.7138,155.4322,0.9995
2025-11-12 13:11:54,7.7150,168.7164,0.9995
2025-11-12 13:11:54,7.7188,150.0574,0.9995
2025-11-12 13:11:54,7.7188,150.0574,0.9995
2025-11-12 13:11:54,7.7192,156.0470,0.9995
2025-11-12 13:11:54,7.7196,160.1884,0.9995
2025-11-12 13:11:54,7.7197,159.9834,0.9995
2025-11-12 13:11:54,7.7197,159.9834,0.9995
2025-11-12 13:11:54,7.7211,181.9065,0.9994
2025-11-12 13:11:54,7.7194,169.5738,0.9995
2025-11-12 13:11:55,7.7202,168.9090,0.9995
2025-11-12 13:11:55,7.7211,150.1566,0.9995
2025-11-12 13:11:55,7.7234,197.1467,0.9994
2025-11-12 13:11:55,7.7246,202.3503,0.9994
2025-11-12 13:11:55,7.7229,210.4146,0.9993
2025-11-12 13:11:55,7.7220,230.1951,0.9993
2025-11-12 13:11:55,7.7193,174.2430,0.9995
2025-11-12 13:11:55,7.7193,174.6114,0.9994
2025-11-12 13:11:55,7.7199,172.6139,0.9995
2025-11-12 13:11:55,7.7199,172.6139,0.9995
2025-11-12 13:11:55,7.7212,196.4237,0.9994
2025-11-12 13:11:56,7.7201,189.4879,0.9994
2025-11-12 13:11:56,7.7156,222.3822,0.9993
2025-11-12 13:11:56,7.7156,222.3822,0.9993
2025-11-12 13:11:56,7.7167,249.5627,0.9992
2025-11-12 13:11:56,7.7171,253.1440,0.9992
2025-11-12 13:11:56,7.7219,214.8428,0.9993
2025-11-12 13:11:56,7.7226,200.4412,0.9994
2025-11-12 13:11:56,7.7216,181.1419,0.9994
2025-11-12 13:11:56,7.7215,180.3651,0.9994
2025-11-12 13:11:56,7.7212,181.4368,0.9994
2025-11-12 13:11:57,7.7206,195.2996,0.9994
2025-11-12 13:11:57,7.7216,217.6961,0.9993
2025-11-12 13:11:57,7.7221,220.5140,0.9993
2025-11-12 13:11:57,7.7229,217.4677,0.9993
2025-11-12 13:11:57,7.7229,217.4677,0.9993
2025-11-12 13:11:57,7.7226,210.5033,0.9993
2025-11-12 13:11:57,7.7217,205.6299,0.9994
2025-11-12 13:11:57,7.7216,205.6773,0.9994
2025-11-12 13:11:57,7.7216,205.6773,0.9994
2025-11-12 13:11:57,7.7219,210.6759,0.9993
2025-11-12 13:11:58,7.7232,218.1984,0.9993
2025-11-12 13:11:58,7.7222,222.2127,0.9993
2025-11-12 13:11:58,7.7237,189.9891,0.9994
2025-11-12 13:11:58,7.7238,192.7260,0.9994
2025-11-12 13:11:58,7.7232,189.0260,0.9994
2025-11-12 13:11:58,7.7236,186.7010,0.9994
2025-11-12 13:11:58,7.7222,218.8844,0.9993
2025-11-12 13:11:58,7.7217,208.8895,0.9993
2025-11-12 13:11:58,7.7219,209.9846,0.9993
2025-11-12 13:11:59,7.7219,209.9522,0.9993
2025-11-12 13:11:59,7.7219,209.9522,0.9993
2025-11-12 13:11:59,7.7217,204.7771,0.9994
2025-11-12 13:11:59,7.7206,198.6775,0.9994
2025-11-12 13:11:59,7.7209,197.8047,0.9994
2025-11-12 13:11:59,7.7211,195.0731,0.9994
2025-11-12 13:11:59,7.7211,195.2369,0.9994
2025-11-12 13:11:59,7.7186,190.3539,0.9994
2025-11-12 13:11:59,7.7189,190.2662,0.9994
2025-11-12 13:12:00,7.7188,192.8340,0.9994
2025-11-12 13:12:00,7.7186,188.6887,0.9994
2025-11-12 13:12:00,7.7212,194.1503,0.9994
2025-11-12 13:12:00,7.7183,206.6607,0.9993
2025-11-12 13:12:00,7.7183,206.6607,0.9993
2025-11-12 13:12:00,7.7213,285.2154,0.9991
2025-11-12 13:12:00,7.7228,294.0296,0.9991
2025-11-12 13:12:00,7.7243,281.0623,0.9991
2025-11-12 13:12:00,7.7245,275.3721,0.9991
2025-11-12 13:12:00,7.7250,289.3388,0.9991
2025-11-12 13:12:01,7.7248,287.8108,0.9991
2025-11-12 13:12:01,7.7255,282.8600,0.9991
2025-11-12 13:12:01,7.7253,288.6923,0.9991
2025-11-12 13:12:01,7.7242,259.3223,0.9992
2025-11-12 13:12:01,7.7245,261.1195,0.9992
2025-11-12 13:12:01,7.7251,258.3125,0.9992
2025-11-12 13:12:01,7.7257,242.6431,0.9992
2025-11-12 13:12:01,7.7262,255.7809,0.9992
2025-11-12 13:12:01,7.7264,256.4354,0.9992
2025-11-12 13:12:01,7.7264,256.1278,0.9992
2025-11-12 13:12:02,7.7259,268.9790,0.9992
2025-11-12 13:12:02,7.7241,226.0399,0.9993
2025-11-12 13:12:02,7.7235,221.7803,0.9993
2025-11-12 13:12:02,7.7217,229.7566,0.9993
2025-11-12 13:12:02,7.7216,232.5405,0.9993
2025-11-12 13:12:02,7.7212,224.0519,0.9993
2025-11-12 13:12:02,7.7202,217.6936,0.9993
2025-11-12 13:12:02,7.7215,212.4956,0.9993
2025-11-12 13:12:02,7.7215,212.4956,0.9993
2025-11-12 13:12:02,7.7229,246.7287,0.9992
2025-11-12 13:12:03,7.7222,244.9371,0.9992
2025-11-12 13:12:03,7.7205,253.2795,0.9992
2025-11-12 13:12:03,7.7220,220.7822,0.9993
2025-11-12 13:12:03,7.7233,255.5693,0.9992
2025-11-12 13:12:03,7.7255,263.4519,0.9992
2025-11-12 13:12:03,7.7274,248.4786,0.9992
2025-11-12 13:12:03,7.7259,286.2030,0.9991
2025-11-12 13:12:03,7.7243,246.5300,0.9992
2025-11-12 13:12:04,7.7237,242.9000,0.9992
2025-11-12 13:12:04,7.7235,243.8500,0.9992
2025-11-12 13:12:04,7.7220,282.6557,0.9991
2025-11-12 13:12:04,7.7228,305.6709,0.9990
2025-11-12 13:12:04,7.7226,304.2487,0.9990
2025-11-12 13:12:04,7.7224,304.8375,0.9990
2025-11-12 13:12:04,7.7258,223.0852,0.9993
2025-11-12 13:12:04,7.7264,238.9263,0.9993
2025-11-12 13:12:04,7.7262,238.3394,0.9993
2025-11-12 13:12:04,7.7260,239.7687,0.9993
2025-11-12 13:12:05,7.7241,282.4741,0.9991
2025-11-12 13:12:05,7.7236,267.5983,0.9992
2025-11-12 13:12:05,7.7236,267.8146,0.9992
2025-11-12 13:12:05,7.7212,285.8257,0.9991
2025-11-12 13:12:05,7.7214,283.0625,0.9991
2025-11-12 13:12:05,7.7180,197.8738,0.9994
2025-11-12 13:12:05,7.7181,198.5473,0.9994
2025-11-12 13:12:05,7.7206,184.9689,0.9994
2025-11-12 13:12:05,7.7208,182.5390,0.9994
2025-11-12 13:12:05,7.7244,268.5901,0.9992
2025-11-12 13:12:06,7.7221,264.6567,0.9992
2025-11-12 13:12:06,7.7204,274.1871,0.9991
2025-11-12 13:12:06,7.7212,256.8719,0.9992
2025-11-12 13:12:06,7.7193,203.0759,0.9994
2025-11-12 13:12:06,7.7191,202.8560,0.9994
2025-11-12 13:12:06,7.7208,194.8424,0.9994
2025-11-12 13:12:06,7.7208,194.8424,0.9994
2025-11-12 13:12:06,7.7219,223.1144,0.9993
2025-11-12 13:12:06,7.7205,226.0749,0.9993
2025-11-12 13:12:06,7.7161,256.5920,0.9992
2025-11-12 13:12:06,7.7149,278.1596,0.9991
2025-11-12 13:12:07,7.7103,155.5501,0.9995
2025-11-12 13:12:07,7.7122,165.4948,0.9995
2025-11-12 13:12:07,7.7181,147.5078,0.9995
2025-11-12 13:12:07,7.7193,123.7165,0.9996
2025-11-12 13:12:07,7.7213,159.4394,0.9995
2025-11-12 13:12:07,7.7200,159.5497,0.9995
2025-11-12 13:12:07,7.7172,163.7534,0.9995
2025-11-12 13:12:07,7.7172,163.7534,0.9995
2025-11-12 13:12:07,7.7078,41.5222,0.9999
2025-11-12 13:12:07,7.7093,53.2221,0.9998
2025-11-12 13:12:08,7.7111,57.5709,0.9998
2025-11-12 13:12:08,7.7121,43.7942,0.9999
2025-11-12 13:12:08,7.6993,176.2245,0.9994
2025-11-12 13:12:08,7.6979,157.1921,0.9995
2025-11-12 13:12:08,7.6925,118.8845,0.9996
2025-11-12 13:12:08,7.6853,165.6586,0.9994
2025-11-12 13:12:08,7.6930,115.1632,0.9996
2025-11-12 13:12:08,7.6939,129.9340,0.9996
2025-11-12 13:12:08,7.6995,165.7496,0.9995
2025-11-12 13:12:09,7.7054,70.6363,0.9998
2025-11-12 13:12:09,7.7034,88.6036,0.9997
2025-11-12 13:12:09,7.7055,117.1941,0.9996
2025-11-12 13:12:09,7.7001,101.5590,0.9997
2025-11-12 13:12:09,7.6992,108.9896,0.9996
2025-11-12 13:12:09,7.7056,93.1159,0.9997
2025-11-12 13:12:09,7.7046,78.2197,0.9997
2025-11-12 13:12:09,7.7093,75.3578,0.9998
2025-11-12 13:12:09,7.7093,75.3578,0.9998
2025-11-12 13:12:09,7.7102,77.2528,0.9998
2025-11-12 13:12:10,7.7098,72.9371,0.9998
2025-11-12 13:12:10,7.7058,73.9839,0.9998
2025-11-12 13:12:10,7.7058,73.9839,0.9998
2025-11-12 13:12:10,7.6964,102.0200,0.9997
2025-11-12 13:12:10,7.6957,90.6938,0.9997
2025-11-12 13:12:10,7.7003,120.3615,0.9996
2025-11-12 13:12:10,7.7019,107.1390,0.9997
2025-11-12 13:12:10,7.7080,50.4340,0.9998
2025-11-12 13:12:10,7.7087,57.0514,0.9998
2025-11-12 13:12:10,7.7040,50.8900,0.9998
2025-11-12 13:12:10,7.7042,48.9378,0.9998
2025-11-12 13:12:11,7.7086,59.7868,0.9998
2025-11-12 13:12:11,7.7100,75.9597,0.9998
2025-11-12 13:12:11,7.7154,66.7602,0.9998
2025-11-12 13:12:11,7.7136,96.0876,0.9997
2025-11-12 13:12:11,7.7139,96.9334,0.9997
2025-11-12 13:12:11,7.7149,109.3267,0.9997
2025-11-12 13:12:11,7.7094,117.6649,0.9996
2025-11-12 13:12:11,7.7112,93.1090,0.9997
2025-11-12 13:12:12,7.7063,88.5147,0.9997
2025-11-12 13:12:12,7.7045,59.2872,0.9998
2025-11-12 13:12:12,7.7098,66.4122,0.9998
2025-11-12 13:12:12,7.7095,70.0594,0.9998
2025-11-12 13:12:12,7.7100,67.5817,0.9998
2025-11-12 13:12:12,7.7110,80.3388,0.9997
2025-11-12 13:12:12,7.7094,73.9066,0.9998
2025-11-12 13:12:12,7.7079,93.1793,0.9997
2025-11-12 13:12:12,7.7112,91.8518,0.9997
2025-11-12 13:12:12,7.7116,98.0340,0.9997
2025-11-12 13:12:12,7.7128,100.6549,0.9997
2025-11-12 13:12:13,7.7135,89.8697,0.9997
2025-11-12 13:12:13,7.7133,89.6682,0.9997
2025-11-12 13:12:13,7.7116,70.1289,0.9998
2025-11-12 13:12:13,7.7117,70.6443,0.9998
2025-11-12 13:12:13,7.7133,48.8790,0.9998
2025-11-12 13:12:13,7.7147,52.0959,0.9998
2025-11-12 13:12:13,7.7158,62.0581,0.9998
2025-11-12 13:12:13,7.7158,62.0182,0.9998
2025-11-12 13:12:13,7.7146,79.3634,0.9997
2025-11-12 13:12:13,7.7196,121.9575,0.9996
2025-11-12 13:12:13,7.7195,121.1597,0.9996
2025-11-12 13:12:13,7.7186,122.6826,0.9996
2025-11-12 13:12:13,7.7186,122.6826,0.9996
2025-11-12 13:12:14,7.7212,167.3284,0.9995
2025-11-12 13:12:14,7.7204,162.9419,0.9995
2025-11-12 13:12:14,7.7211,160.7306,0.9995
2025-11-12 13:12:14,7.7213,157.1406,0.9995
2025-11-12 13:12:14,7.7209,149.0257,0.9995
2025-11-12 13:12:14,7.7227,160.0849,0.9995
2025-11-12 13:12:14,7.7169,211.0712,0.9993
2025-11-12 13:12:14,7.7163,221.6543,0.9993
2025-11-12 13:12:14,7.7166,227.8317,0.9993
2025-11-12 13:12:14,7.7149,211.5601,0.9993
2025-11-12 13:12:14,7.7211,167.0751,0.9995
2025-11-12 13:12:14,7.7220,150.2639,0.9995
2025-11-12 13:12:15,7.7212,136.0095,0.9996
2025-11-12 13:12:15,7.7223,142.1782,0.9996
2025-11-12 13:12:15,7.7221,142.5148,0.9996
2025-11-12 13:12:15,7.7172,260.8291,0.9992
2025-11-12 13:12:15,7.7164,245.1626,0.9992
2025-11-12 13:12:15,7.7161,243.0635,0.9992
2025-11-12 13:12:15,7.7166,243.8706,0.9992
2025-11-12 13:12:15,7.7225,109.9489,0.9997
2025-11-12 13:12:15,7.7220,103.1109,0.9997
2025-11-12 13:12:15,7.7222,104.3929,0.9997
2025-11-12 13:12:15,7.7201,111.0936,0.9997
2025-11-12 13:12:16,7.7187,134.5104,0.9996
2025-11-12 13:12:16,7.7189,136.8649,0.9996
2025-11-12 13:12:16,7.7193,140.3316,0.9996
2025-11-12 13:12:16,7.7203,136.3846,0.9996
2025-11-12 13:12:16,7.7194,155.4982,0.9995
2025-11-12 13:12:16,7.7227,216.1941,0.9993
2025-11-12 13:12:16,7.7217,209.8452,0.9993
2025-11-12 13:12:16,7.7190,226.0138,0.9993
2025-11-12 13:12:16,7.7134,370.5024,0.9988
2025-11-12 13:12:16,7.7120,332.6245,0.9989
2025-11-12 13:12:16,7.7103,316.3424,0.9990
2025-11-12 13:12:16,7.7087,323.6503,0.9990
2025-11-12 13:12:17,7.7123,236.6473,0.9992
2025-11-12 13:12:17,7.7148,307.4906,0.9990
2025-11-12 13:12:17,7.7166,319.5416,0.9990
2025-11-12 13:12:17,7.7209,289.4171,0.9991
2025-11-12 13:12:17,7.7239,215.7703,0.9993
2025-11-12 13:12:17,7.7254,253.3579,0.9992
2025-11-12 13:12:17,7.7250,252.4065,0.9992
2025-11-12 13:12:17,7.7247,254.4984,0.9992
2025-11-12 13:12:17,7.7247,254.4984,0.9992
2025-11-12 13:12:17,7.7255,278.5994,0.9991
2025-11-12 13:12:18,7.7205,291.9497,0.9991
2025-11-12 13:12:18,7.7180,306.7615,0.9990
2025-11-12 13:12:18,7.7113,467.5270,0.9985
2025-11-12 13:12:18,7.7089,382.3516,0.9988
2025-11-12 13:12:18,7.7116,388.3940,0.9988
2025-11-12 13:12:18,7.7147,383.8085,0.9988
2025-11-12 13:12:18,7.7225,188.7483,0.9994
2025-11-12 13:12:18,7.7233,209.6709,0.9993
2025-11-12 13:12:18,7.7264,211.3892,0.9993
2025-11-12 13:12:18,7.7213,264.7417,0.9992
2025-11-12 13:12:19,7.7198,293.5779,0.9991
2025-11-12 13:12:19,7.7200,299.7840,0.9991
2025-11-12 13:12:19,7.7193,295.0227,0.9991
2025-11-12 13:12:19,7.7238,250.7551,0.9992
2025-11-12 13:12:19,7.7232,265.6780,0.9992
2025-11-12 13:12:19,7.7237,279.3274,0.9991
2025-11-12 13:12:19,7.7252,287.2852,0.9991
2025-11-12 13:12:19,7.7262,281.6204,0.9991
2025-11-12 13:12:20,7.7262,281.6204,0.9991
2025-11-12 13:12:20,7.7271,305.3840,0.9991
2025-11-12 13:12:20,7.7265,302.7282,0.9991
2025-11-12 13:12:20,7.7263,303.8962,0.9991
2025-11-12 13:12:20,7.7259,314.1249,0.9990
2025-11-12 13:12:20,7.7269,343.5850,0.9989
2025-11-12 13:12:20,7.7273,345.4968,0.9989
2025-11-12 13:12:20,7.7249,366.0174,0.9989
2025-11-12 13:12:20,7.7245,376.0360,0.9988
2025-11-12 13:12:20,7.7235,343.5909,0.9989
2025-11-12 13:12:20,7.7228,339.3865,0.9989
2025-11-12 13:12:21,7.7223,344.7448,0.9989
2025-11-12 13:12:21,7.7181,465.6354,0.9985
2025-11-12 13:12:21,7.7181,464.7742,0.9985
2025-11-12 13:12:21,7.7166,453.6191,0.9986
2025-11-12 13:12:21,7.7182,444.8855,0.9986
2025-11-12 13:12:21,7.7233,301.8051,0.9991
2025-11-12 13:12:21,7.7235,307.9504,0.9990
2025-11-12 13:12:21,7.7242,309.7464,0.9990
2025-11-12 13:12:21,7.7235,315.6331,0.9990
2025-11-12 13:12:21,7.7236,312.9931,0.9990
2025-11-12 13:12:22,7.7207,230.0562,0.9993
2025-11-12 13:12:22,7.7213,233.9715,0.9993
2025-11-12 13:12:22,7.7235,222.2233,0.9993
2025-11-12 13:12:22,7.7233,227.7579,0.9993
2025-11-12 13:12:22,7.7251,272.3426,0.9992
2025-11-12 13:12:22,7.7223,267.6325,0.9992
2025-11-12 13:12:22,7.7225,267.1565,0.9992
2025-11-12 13:12:22,7.7240,234.5806,0.9993
2025-11-12 13:12:22,7.7246,250.7548,0.9992
2025-11-12 13:12:22,7.7283,255.6476,0.9992
2025-11-12 13:12:22,7.7276,260.5261,0.9992
2025-11-12 13:12:23,7.7262,293.2475,0.9991
2025-11-12 13:12:23,7.7243,242.4737,0.9992
2025-11-12 13:12:23,7.7236,238.1078,0.9993
2025-11-12 13:12:23,7.7242,235.9189,0.9993
2025-11-12 13:12:23,7.7208,325.4782,0.9990
2025-11-12 13:12:23,7.7203,312.2277,0.9990
2025-11-12 13:12:23,7.7207,315.2711,0.9990
2025-11-12 13:12:23,7.7213,314.6256,0.9990
2025-11-12 13:12:23,7.7237,249.4125,0.9992
2025-11-12 13:12:24,7.7238,253.2842,0.9992
2025-11-12 13:12:24,7.7232,248.9250,0.9992
2025-11-12 13:12:24,7.7169,293.5431,0.9991
2025-11-12 13:12:24,7.7172,288.1128,0.9991
2025-11-12 13:12:24,7.7179,307.1786,0.9990
2025-11-12 13:12:24,7.7172,301.8252,0.9990
2025-11-12 13:12:24,7.7191,280.9604,0.9991
2025-11-12 13:12:24,7.7192,278.3290,0.9991
2025-11-12 13:12:24,7.7176,235.6090,0.9993
2025-11-12 13:12:25,7.7188,246.7453,0.9992
2025-11-12 13:12:25,7.7193,242.0243,0.9992
2025-11-12 13:12:25,7.7188,252.9055,0.9992
2025-11-12 13:12:25,7.7195,268.9550,0.9992
2025-11-12 13:12:25,7.7158,246.2623,0.9992
2025-11-12 13:12:25,7.7158,246.2623,0.9992
2025-11-12 13:12:25,7.7170,221.1896,0.9993
2025-11-12 13:12:25,7.7162,200.8036,0.9994
2025-11-12 13:12:25,7.7184,210.6288,0.9993
2025-11-12 13:12:25,7.7193,204.3284,0.9994
2025-11-12 13:12:25,7.7191,209.2566,0.9993
2025-11-12 13:12:26,7.7164,155.0320,0.9995
2025-11-12 13:12:26,7.7172,162.4327,0.9995
2025-11-12 13:12:26,7.7184,157.9343,0.9995
2025-11-12 13:12:26,7.7185,155.4003,0.9995
2025-11-12 13:12:26,7.7189,161.5175,0.9995
2025-11-12 13:12:26,7.7179,153.9871,0.9995
2025-11-12 13:12:26,7.7168,157.8454,0.9995
2025-11-12 13:12:26,7.7191,117.8506,0.9996
2025-11-12 13:12:26,7.7198,130.3767,0.9996
2025-11-12 13:12:26,7.7209,137.8825,0.9996
2025-11-12 13:12:26,7.7231,126.7603,0.9996
2025-11-12 13:12:27,7.7208,172.3455,0.9995
2025-11-12 13:12:27,7.7227,209.0049,0.9993
2025-11-12 13:12:27,7.7199,198.5986,0.9994
2025-11-12 13:12:27,7.7192,199.9839,0.9994
2025-11-12 13:12:27,7.7191,202.5791,0.9994
2025-11-12 13:12:27,7.7174,164.5046,0.9995
2025-11-12 13:12:27,7.7149,163.4788,0.9995
2025-11-12 13:12:27,7.7154,163.8179,0.9995
2025-11-12 13:12:27,7.7146,180.3140,0.9994
2025-11-12 13:12:27,7.7160,213.8870,0.9993
2025-11-12 13:12:27,7.7100,263.1990,0.9992
2025-11-12 13:12:28,7.7098,262.4167,0.9992
2025-11-12 13:12:28,7.7131,213.0854,0.9993
2025-11-12 13:12:28,7.7140,236.2225,0.9992
2025-11-12 13:12:28,7.7204,170.0945,0.9995
2025-11-12 13:12:28,7.7176,184.5374,0.9994
2025-11-12 13:12:28,7.7152,224.2525,0.9993
2025-11-12 13:12:28,7.7173,286.0123,0.9991
2025-11-12 13:12:28,7.7171,286.4026,0.9991
2025-11-12 13:12:28,7.7202,272.0655,0.9991
2025-11-12 13:12:29,7.7203,269.6573,0.9992
2025-11-12 13:12:29,7.7212,299.2681,0.9991
2025-11-12 13:12:29,7.7187,318.8268,0.9990
2025-11-12 13:12:29,7.7191,318.5828,0.9990
2025-11-12 13:12:29,7.7189,323.5094,0.9990
2025-11-12 13:12:29,7.7179,289.6276,0.9991
2025-11-12 13:12:29,7.7163,306.3937,0.9990
2025-11-12 13:12:29,7.7162,306.1976,0.9990
2025-11-12 13:12:29,7.7163,303.8090,0.9990
2025-11-12 13:12:29,7.7170,328.2800,0.9990
2025-11-12 13:12:29,7.7184,312.3614,0.9990
2025-11-12 13:12:30,7.7167,315.3225,0.9990
2025-11-12 13:12:30,7.7156,337.4684,0.9989
2025-11-12 13:12:30,7.7153,326.3423,0.9990
2025-11-12 13:12:30,7.7121,361.1767,0.9988
2025-11-12 13:12:30,7.7119,361.2986,0.9988
2025-11-12 13:12:30,7.7129,343.6586,0.9989
2025-11-12 13:12:30,7.7115,295.4994,0.9991
2025-11-12 13:12:30,7.7207,248.6338,0.9992
2025-11-12 13:12:30,7.7217,243.1899,0.9992
2025-11-12 13:12:30,7.7241,193.9060,0.9994
2025-11-12 13:12:30,7.7208,124.2667,0.9996
2025-11-12 13:12:30,7.7208,124.2764,0.9996
2025-11-12 13:12:31,7.7214,122.4912,0.9996
2025-11-12 13:12:31,7.7205,138.4237,0.9996
2025-11-12 13:12:31,7.7238,208.1474,0.9993
2025-11-12 13:12:31,7.7250,211.8179,0.9993
2025-11-12 13:12:31,7.7248,213.1179,0.9993
2025-11-12 13:12:31,7.7235,243.4751,0.9992
2025-11-12 13:12:31,7.7248,278.8836,0.9991
2025-11-12 13:12:31,7.7252,281.0337,0.9991
2025-11-12 13:12:31,7.7240,289.3400,0.9991
2025-11-12 13:12:31,7.7239,292.3053,0.9991
2025-11-12 13:12:31,7.7234,279.1924,0.9991
2025-11-12 13:12:32,7.7222,272.7873,0.9991
2025-11-12 13:12:32,7.7219,274.5231,0.9991
2025-11-12 13:12:32,7.7201,318.2780,0.9990
2025-11-12 13:12:32,7.7190,284.6731,0.9991
2025-11-12 13:12:32,7.7201,292.3098,0.9991
2025-11-12 13:12:32,7.7200,292.7768,0.9991
2025-11-12 13:12:32,7.7233,216.8742,0.9993
2025-11-12 13:12:32,7.7229,208.0432,0.9993
2025-11-12 13:12:32,7.7213,200.6147,0.9994
2025-11-12 13:12:32,7.7232,190.6012,0.9994
2025-11-12 13:12:33,7.7234,187.2679,0.9994
2025-11-12 13:12:33,7.7245,213.0170,0.9993
2025-11-12 13:12:33,7.7241,212.7119,0.9993
2025-11-12 13:12:33,7.7243,211.9558,0.9993
2025-11-12 13:12:33,7.7233,233.7984,0.9993
2025-11-12 13:12:33,7.7239,252.6803,0.9992
2025-11-12 13:12:33,7.7262,258.3368,0.9992
2025-11-12 13:12:33,7.7257,260.8808,0.9992
2025-11-12 13:12:33,7.7261,250.9660,0.9992
2025-11-12 13:12:33,7.7262,254.6478,0.9992
2025-11-12 13:12:33,7.7258,252.6593,0.9992
2025-11-12 13:12:33,7.7253,255.3404,0.9992
2025-11-12 13:12:34,7.7243,280.4222,0.9991
2025-11-12 13:12:34,7.7241,275.0822,0.9991
2025-11-12 13:12:34,7.7252,281.8538,0.9991
2025-11-12 13:12:34,7.7260,277.2152,0.9991
2025-11-12 13:12:34,7.7261,274.0938,0.9991
2025-11-12 13:12:34,7.7262,275.2771,0.9991
2025-11-12 13:12:34,7.7253,270.5726,0.9992
2025-11-12 13:12:34,7.7250,272.1184,0.9992
2025-11-12 13:12:34,7.7245,286.6945,0.9991
2025-11-12 13:12:34,7.7249,299.9705,0.9991
2025-11-12 13:12:35,7.7222,293.5071,0.9991
2025-11-12 13:12:35,7.7212,297.9252,0.9991
2025-11-12 13:12:35,7.7218,282.7947,0.9991
2025-11-12 13:12:35,7.7217,277.3462,0.9991
2025-11-12 13:12:35,7.7231,279.4086,0.9991
2025-11-12 13:12:35,7.7243,272.8776,0.9991
2025-11-12 13:12:35,7.7235,292.2169,0.9991
2025-11-12 13:12:35,7.7211,228.5832,0.9993
2025-11-12 13:12:35,7.7237,246.0324,0.9992
2025-11-12 13:12:35,7.7229,249.7582,0.9992
2025-11-12 13:12:36,7.7250,200.1201,0.9994
2025-11-12 13:12:36,7.7270,246.5915,0.9992
2025-11-12 13:12:36,7.7263,241.7684,0.9992
2025-11-12 13:12:36,7.7274,234.4580,0.9993
2025-11-12 13:12:36,7.7259,272.1364,0.9992
2025-11-12 13:12:36,7.7245,238.5228,0.9993
2025-11-12 13:12:36,7.7237,233.9646,0.9993
2025-11-12 13:12:36,7.7233,235.6015,0.9993
2025-11-12 13:12:37,7.7138,533.0131,0.9983
2025-11-12 13:12:37,7.7157,593.5110,0.9981
2025-11-12 13:12:37,7.7165,601.5205,0.9981
2025-11-12 13:12:37,7.7147,604.5128,0.9981
2025-11-12 13:12:37,7.7230,330.5245,0.9990
2025-11-12 13:12:37,7.7204,260.9339,0.9992
2025-11-12 13:12:37,7.7191,250.9160,0.9992
2025-11-12 13:12:37,7.7219,242.0406,0.9992
2025-11-12 13:12:37,7.7253,165.0100,0.9995
2025-11-12 13:12:37,7.7271,206.1094,0.9994
2025-11-12 13:12:37,7.7286,211.3558,0.9993
2025-11-12 13:12:38,7.7245,247.2930,0.9992
2025-11-12 13:12:38,7.7222,295.5577,0.9991
2025-11-12 13:12:38,7.7189,214.9938,0.9993
2025-11-12 13:12:38,7.7192,218.7670,0.9993
2025-11-12 13:12:38,7.7229,197.5406,0.9994
2025-11-12 13:12:38,7.7230,194.6644,0.9994
2025-11-12 13:12:38,7.7269,280.2803,0.9991
2025-11-12 13:12:38,7.7258,274.1383,0.9991
2025-11-12 13:12:38,7.7244,281.9434,0.9991
2025-11-12 13:12:38,7.7239,296.3122,0.9991
2025-11-12 13:12:38,7.7239,298.3363,0.9991
2025-11-12 13:12:38,7.7217,290.0172,0.9991
2025-11-12 13:12:39,7.7207,296.3040,0.9991
2025-11-12 13:12:39,7.7209,292.0909,0.9991
2025-11-12 13:12:39,7.7210,294.4549,0.9991
2025-11-12 13:12:39,7.7211,294.6638,0.9991
2025-11-12 13:12:39,7.7204,300.3203,0.9991
2025-11-12 13:12:39,7.7178,365.3961,0.9988
2025-11-12 13:12:39,7.7171,342.8868,0.9989
2025-11-12 13:12:39,7.7160,338.7886,0.9989
2025-11-12 13:12:39,7.7195,329.3231,0.9990
2025-11-12 13:12:39,7.7238,222.7240,0.9993
2025-11-12 13:12:39,7.7241,230.8340,0.9993
2025-11-12 13:12:40,7.7272,233.0831,0.9993
2025-11-12 13:12:40,7.7235,261.8554,0.9992
2025-11-12 13:12:40,7.7222,291.2186,0.9991
2025-11-12 13:12:40,7.7142,129.6069,0.9996
2025-11-12 13:12:40,7.7142,129.7324,0.9996
2025-11-12 13:12:40,7.7160,123.2898,0.9996
2025-11-12 13:12:40,7.7159,125.6369,0.9996
2025-11-12 13:12:40,7.7185,160.0956,0.9995
2025-11-12 13:12:40,7.7180,155.8510,0.9995
2025-11-12 13:12:40,7.7157,167.6508,0.9995
2025-11-12 13:12:40,7.7088,341.4890,0.9989
2025-11-12 13:12:41,7.7077,319.5519,0.9990
2025-11-12 13:12:41,7.7053,289.5212,0.9991
2025-11-12 13:12:41,7.7085,296.1223,0.9990
2025-11-12 13:12:41,7.7155,123.5126,0.9996
2025-11-12 13:12:41,7.7194,197.5672,0.9994
2025-11-12 13:12:41,7.7226,212.4158,0.9993
2025-11-12 13:12:41,7.7225,212.7965,0.9993
2025-11-12 13:12:41,7.7236,188.9382,0.9994
2025-11-12 13:12:41,7.7241,199.7794,0.9994
2025-11-12 13:12:41,7.7238,197.9786,0.9994
2025-11-12 13:12:41,7.7248,194.3086,0.9994
2025-11-12 13:12:41,7.7237,218.9671,0.9993
2025-11-12 13:12:42,7.7222,189.2137,0.9994
2025-11-12 13:12:42,7.7181,175.7016,0.9994
2025-11-12 13:12:42,7.7129,193.5418,0.9994
2025-11-12 13:12:42,7.7151,159.9995,0.9995
2025-11-12 13:12:42,7.7159,180.6528,0.9994
2025-11-12 13:12:42,7.7178,185.5309,0.9994
2025-11-12 13:12:42,7.7228,152.3423,0.9995
2025-11-12 13:12:42,7.7225,157.3095,0.9995
2025-11-12 13:12:42,7.7230,167.2848,0.9995
2025-11-12 13:12:42,7.7248,172.3186,0.9995
2025-11-12 13:12:42,7.7250,171.6272,0.9995
2025-11-12 13:12:43,7.7232,210.2233,0.9993
2025-11-12 13:12:43,7.7223,191.6304,0.9994
2025-11-12 13:12:43,7.7205,183.6453,0.9994
2025-11-12 13:12:43,7.7194,184.8211,0.9994
2025-11-12 13:12:43,7.7180,216.4291,0.9993
2025-11-12 13:12:43,7.7184,224.0646,0.9993
2025-11-12 13:12:43,7.7146,223.1991,0.9993
2025-11-12 13:12:43,7.7157,225.1196,0.9993
2025-11-12 13:12:43,7.7189,161.8114,0.9995
2025-11-12 13:12:43,7.7195,176.2728,0.9994
2025-11-12 13:12:43,7.7183,185.1229,0.9994
2025-11-12 13:12:44,7.7178,184.7526,0.9994
2025-11-12 13:12:44,7.7096,370.6114,0.9988
2025-11-12 13:12:44,7.7090,352.0868,0.9989
2025-11-12 13:12:44,7.7121,352.3453,0.9989
2025-11-12 13:12:44,7.7120,351.8404,0.9989
2025-11-12 13:12:44,7.7201,155.0200,0.9995
2025-11-12 13:12:44,7.7193,138.6213,0.9996
2025-11-12 13:12:45,7.7185,140.3485,0.9996
2025-11-12 13:12:45,7.7185,140.3415,0.9996
2025-11-12 13:12:45,7.7166,175.4396,0.9994
2025-11-12 13:12:45,7.7162,166.2711,0.9995
2025-11-12 13:12:45,7.7209,180.9900,0.9994
2025-11-12 13:12:45,7.7208,181.2172,0.9994
2025-11-12 13:12:45,7.7208,181.2172,0.9994
2025-11-12 13:12:45,7.7197,161.8871,0.9995
2025-11-12 13:12:45,7.7196,161.5250,0.9995
2025-11-12 13:12:45,7.7197,161.3901,0.9995
2025-11-12 13:12:45,7.7188,182.4718,0.9994
2025-11-12 13:12:45,7.7203,210.0792,0.9993
2025-11-12 13:12:46,7.7175,195.6324,0.9994
2025-11-12 13:12:46,7.7167,196.3375,0.9994
2025-11-12 13:12:46,7.7177,176.3990,0.9994
2025-11-12 13:12:46,7.7168,157.2768,0.9995
2025-11-12 13:12:46,7.7193,171.7029,0.9995
2025-11-12 13:12:46,7.7202,169.6513,0.9995
2025-11-12 13:12:46,7.7189,199.2944,0.9994
2025-11-12 13:12:46,7.7188,197.1172,0.9994
2025-11-12 13:12:46,7.7192,201.5346,0.9994
2025-11-12 13:12:46,7.7207,201.9868,0.9994
2025-11-12 13:12:47,7.7196,232.3695,0.9993
2025-11-12 13:12:47,7.7187,218.7095,0.9993
2025-11-12 13:12:47,7.7168,203.2811,0.9994
2025-11-12 13:12:47,7.7154,199.2514,0.9994
2025-11-12 13:12:47,7.7146,218.2687,0.9993
2025-11-12 13:12:47,7.7148,220.9785,0.9993
2025-11-12 13:12:47,7.7154,226.1250,0.9993
2025-11-12 13:12:47,7.7153,225.9638,0.9993
2025-11-12 13:12:47,7.7185,150.3907,0.9995
2025-11-12 13:12:47,7.7197,170.6761,0.9995
2025-11-12 13:12:47,7.7202,174.0819,0.9995
2025-11-12 13:12:47,7.7205,173.7464,0.9995
2025-11-12 13:12:48,7.7227,128.9579,0.9996
2025-11-12 13:12:48,7.7195,86.0221,0.9997
2025-11-12 13:12:48,7.7213,102.6535,0.9997
2025-11-12 13:12:48,7.7204,104.8842,0.9997
2025-11-12 13:12:48,7.7182,146.5621,0.9995
2025-11-12 13:12:48,7.7183,147.2302,0.9995
2025-11-12 13:12:48,7.7183,147.2302,0.9995
2025-11-12 13:12:48,7.7187,146.4498,0.9995
2025-11-12 13:12:48,7.7187,146.4498,0.9995
2025-11-12 13:12:48,7.7220,192.7513,0.9994
2025-11-12 13:12:49,7.7220,192.7513,0.9994
2025-11-12 13:12:49,7.7215,194.7157,0.9994
2025-11-12 13:12:49,7.7226,171.5177,0.9995
2025-11-12 13:12:49,7.7227,173.3774,0.9995
2025-11-12 13:12:49,7.7214,161.8528,0.9995
2025-11-12 13:12:49,7.7207,164.8268,0.9995
2025-11-12 13:12:49,7.7197,186.8166,0.9994
2025-11-12 13:12:49,7.7200,193.1113,0.9994
2025-11-12 13:12:49,7.7205,198.1121,0.9994
2025-11-12 13:12:49,7.7209,196.4019,0.9994
2025-11-12 13:12:50,7.7209,196.4019,0.9994
2025-11-12 13:12:50,7.7246,281.7454,0.9991
2025-11-12 13:12:50,7.7243,279.9439,0.9991
2025-11-12 13:12:50,7.7248,276.6082,0.9991
2025-11-12 13:12:50,7.7270,225.0635,0.9993
2025-11-12 13:12:50,7.7286,268.3480,0.9992
2025-11-12 13:12:50,7.7275,265.8207,0.9992
2025-11-12 13:12:50,7.7275,266.0458,0.9992
2025-11-12 13:12:50,7.7252,318.2533,0.9990
2025-11-12 13:12:50,7.7249,308.5819,0.9990
2025-11-12 13:12:51,7.7266,316.1510,0.9990
2025-11-12 13:12:51,7.7240,341.1707,0.9989
2025-11-12 13:12:51,7.7234,355.7095,0.9989
2025-11-12 13:12:51,7.7238,368.2700,0.9989
2025-11-12 13:12:51,7.7231,363.0414,0.9989
2025-11-12 13:12:51,7.7260,337.7152,0.9990
2025-11-12 13:12:51,7.7268,316.2379,0.9990
2025-11-12 13:12:51,7.7268,317.0868,0.9990
2025-11-12 13:12:51,7.7271,318.3565,0.9990
2025-11-12 13:12:52,7.7274,316.3363,0.9990
2025-11-12 13:12:52,7.7272,322.4532,0.9990
2025-11-12 13:12:52,7.7276,333.9384,0.9990
2025-11-12 13:12:52,7.7282,337.1123,0.9990
2025-11-12 13:12:52,7.7271,345.3782,0.9989
2025-11-12 13:12:53,7.7271,345.3782,0.9989
2025-11-12 13:12:53,7.7271,345.3782,0.9989
2025-11-12 13:12:53,7.7257,338.5822,0.9989
2025-11-12 13:12:53,7.7235,361.0774,0.9989
2025-11-12 13:12:53,7.7236,358.1379,0.9989
2025-11-12 13:12:53,7.7224,320.3911,0.9990
2025-11-12 13:12:53,7.7221,318.3974,0.9990
2025-11-12 13:12:53,7.7260,289.2480,0.9991
2025-11-12 13:12:53,7.7261,286.4407,0.9991
2025-11-12 13:12:54,7.7265,298.3528,0.9991
2025-11-12 13:12:54,7.7275,301.4799,0.9991
2025-11-12 13:12:54,7.7269,304.6123,0.9991
2025-11-12 13:12:54,7.7283,272.1045,0.9992
2025-11-12 13:12:54,7.7269,236.5035,0.9993
2025-11-12 13:12:54,7.7255,232.0309,0.9993
2025-11-12 13:12:54,7.7249,235.5587,0.9993
2025-11-12 13:12:54,7.7251,229.8740,0.9993
2025-11-12 13:12:54,7.7266,270.8113,0.9992
2025-11-12 13:12:54,7.7256,270.7448,0.9992
2025-11-12 13:12:54,7.7270,263.4185,0.9992
2025-11-12 13:12:55,7.7267,269.4172,0.9992
2025-11-12 13:12:55,7.7263,258.7154,0.9992
2025-11-12 13:12:55,7.7212,290.4674,0.9991
2025-11-12 13:12:55,7.7202,291.7878,0.9991
2025-11-12 13:12:55,7.7197,301.1645,0.9991
2025-11-12 13:12:55,7.7194,292.7306,0.9991
2025-11-12 13:12:55,7.7254,267.2866,0.9992
2025-11-12 13:12:55,7.7263,262.8565,0.9992
2025-11-12 13:12:55,7.7249,298.5878,0.9991
2025-11-12 13:12:55,7.7253,311.8294,0.9990
2025-11-12 13:12:56,7.7226,315.1166,0.9990
2025-11-12 13:12:56,7.7214,318.2230,0.9990
2025-11-12 13:12:56,7.7220,303.7344,0.9990
2025-11-12 13:12:56,7.7223,310.9998,0.9990
2025-11-12 13:12:56,7.7267,314.0898,0.9990
2025-11-12 13:12:56,7.7253,326.1834,0.9990
2025-11-12 13:12:56,7.7250,331.9902,0.9990
2025-11-12 13:12:56,7.7251,335.1613,0.9990
2025-11-12 13:12:56,7.7207,327.5540,0.9990
2025-11-12 13:12:56,7.7212,324.2749,0.9990
2025-11-12 13:12:57,7.7212,324.2749,0.9990
2025-11-12 13:12:57,7.7199,281.1063,0.9991
2025-11-12 13:12:57,7.7192,282.8584,0.9991
2025-11-12 13:12:57,7.7203,279.1298,0.9991
2025-11-12 13:12:57,7.7190,307.2889,0.9990
2025-11-12 13:12:57,7.7183,284.5340,0.9991
2025-11-12 13:12:57,7.7132,322.2356,0.9990
2025-11-12 13:12:57,7.7131,322.1470,0.9990
2025-11-12 13:12:57,7.7155,277.8720,0.9991
2025-11-12 13:12:57,7.7171,333.2496,0.9989
2025-11-12 13:12:58,7.7243,276.2314,0.9991
2025-11-12 13:12:58,7.7251,272.4513,0.9992
2025-11-12 13:12:58,7.7240,299.8769,0.9991
2025-11-12 13:12:58,7.7238,295.1067,0.9991
2025-11-12 13:12:58,7.7242,294.8888,0.9991
2025-11-12 13:12:58,7.7233,298.5586,0.9991
2025-11-12 13:12:58,7.7254,252.6645,0.9992
2025-11-12 13:12:58,7.7249,237.9049,0.9993
2025-11-12 13:12:58,7.7251,237.8215,0.9993
2025-11-12 13:12:58,7.7264,231.5987,0.9993
2025-11-12 13:12:59,7.7264,231.2387,0.9993
2025-11-12 13:12:59,7.7250,193.8213,0.9994
2025-11-12 13:12:59,7.7262,195.3775,0.9994
2025-11-12 13:12:59,7.7255,198.3809,0.9994
2025-11-12 13:12:59,7.7234,244.6620,0.9992
2025-11-12 13:12:59,7.7217,203.2404,0.9994
2025-11-12 13:12:59,7.7217,203.5240,0.9994
2025-11-12 13:12:59,7.7212,204.9762,0.9994
2025-11-12 13:12:59,7.7236,156.9078,0.9995
2025-11-12 13:13:00,7.7261,214.6214,0.9993
2025-11-12 13:13:00,7.7263,215.4962,0.9993
2025-11-12 13:13:00,7.7269,211.8564,0.9993
2025-11-12 13:13:00,7.7253,249.4357,0.9992
2025-11-12 13:13:00,7.7216,168.3936,0.9995
2025-11-12 13:13:00,7.7216,168.4703,0.9995
2025-11-12 13:13:00,7.7206,171.7039,0.9995
2025-11-12 13:13:00,7.7200,185.3220,0.9994
2025-11-12 13:13:00,7.7213,213.9620,0.9993
2025-11-12 13:13:01,7.7221,219.9720,0.9993
2025-11-12 13:13:01,7.7233,215.3435,0.9993
2025-11-12 13:13:01,7.7239,200.3997,0.9994
2025-11-12 13:13:01,7.7245,213.1538,0.9993
2025-11-12 13:13:01,7.7230,205.3090,0.9994
2025-11-12 13:13:01,7.7195,226.6797,0.9993
2025-11-12 13:13:01,7.7137,369.1624,0.9988
2025-11-12 13:13:01,7.7145,391.9815,0.9988
2025-11-12 13:13:01,7.7155,401.7283,0.9987
2025-11-12 13:13:02,7.7172,392.6189,0.9988
2025-11-12 13:13:02,7.7240,213.6189,0.9993
2025-11-12 13:13:02,7.7238,208.9918,0.9993
2025-11-12 13:13:02,7.7206,200.9568,0.9994
2025-11-12 13:13:02,7.7205,201.5318,0.9994
2025-11-12 13:13:02,7.7149,330.3152,0.9990
2025-11-12 13:13:02,7.7157,355.0454,0.9989
2025-11-12 13:13:02,7.7180,365.3198,0.9988
2025-11-12 13:13:02,7.7196,360.2449,0.9989
2025-11-12 13:13:02,7.7189,382.7398,0.9988
2025-11-12 13:13:03,7.7197,408.4940,0.9987
2025-11-12 13:13:03,7.7201,411.0681,0.9987
2025-11-12 13:13:03,7.7200,411.4281,0.9987
2025-11-12 13:13:03,7.7245,281.1496,0.9991
2025-11-12 13:13:03,7.7199,172.6615,0.9995
2025-11-12 13:13:03,7.7195,170.0900,0.9995
2025-11-12 13:13:03,7.7196,169.9385,0.9995
2025-11-12 13:13:03,7.7210,140.1604,0.9996
2025-11-12 13:13:03,7.7245,214.9076,0.9993
2025-11-12 13:13:03,7.7253,217.4489,0.9993
2025-11-12 13:13:03,7.7253,217.5194,0.9993
2025-11-12 13:13:04,7.7239,248.2639,0.9992
2025-11-12 13:13:04,7.7220,202.9808,0.9994
2025-11-12 13:13:04,7.7223,205.1945,0.9994
2025-11-12 13:13:04,7.7218,207.1170,0.9994
2025-11-12 13:13:04,7.7191,274.2786,0.9991
2025-11-12 13:13:04,7.7203,304.2750,0.9990
2025-11-12 13:13:04,7.7205,305.8497,0.9990
2025-11-12 13:13:04,7.7204,306.2742,0.9990
2025-11-12 13:13:05,7.7252,190.8229,0.9994
2025-11-12 13:13:05,7.7269,231.9437,0.9993
2025-11-12 13:13:05,7.7275,234.8645,0.9993
2025-11-12 13:13:05,7.7272,236.9576,0.9993
2025-11-12 13:13:05,7.7251,285.7608,0.9991
2025-11-12 13:13:05,7.7248,277.6622,0.9991
2025-11-12 13:13:05,7.7242,273.1960,0.9991
2025-11-12 13:13:05,7.7220,292.4325,0.9991
2025-11-12 13:13:05,7.7169,431.2130,0.9986
2025-11-12 13:13:06,7.7171,439.5538,0.9986
2025-11-12 13:13:06,7.7172,440.9665,0.9986
2025-11-12 13:13:06,7.7198,426.5796,0.9987
2025-11-12 13:13:06,7.7263,247.0793,0.9992
2025-11-12 13:13:06,7.7267,258.2715,0.9992
2025-11-12 13:13:06,7.7269,259.3901,0.9992
2025-11-12 13:13:06,7.7277,253.6672,0.9992
2025-11-12 13:13:06,7.7264,286.5149,0.9991
2025-11-12 13:13:06,7.7268,298.8678,0.9991
2025-11-12 13:13:06,7.7265,297.2052,0.9991
2025-11-12 13:13:06,7.7260,300.3070,0.9991
2025-11-12 13:13:06,7.7258,303.4177,0.9991
2025-11-12 13:13:07,7.7258,301.8606,0.9991
2025-11-12 13:13:07,7.7235,295.6945,0.9991
2025-11-12 13:13:07,7.7195,329.5971,0.9990
2025-11-12 13:13:07,7.7180,364.0696,0.9989
2025-11-12 13:13:07,7.7160,299.7106,0.9990
2025-11-12 13:13:07,7.7140,292.8323,0.9991
2025-11-12 13:13:07,7.7189,272.4438,0.9991
2025-11-12 13:13:07,7.7207,231.0777,0.9993
2025-11-12 13:13:07,7.7231,302.0615,0.9991
2025-11-12 13:13:08,7.7251,297.5553,0.9991
2025-11-12 13:13:08,7.7250,297.9858,0.9991
2025-11-12 13:13:08,7.7247,305.0098,0.9990
2025-11-12 13:13:08,7.7243,291.9628,0.9991
2025-11-12 13:13:08,7.7237,292.1230,0.9991
2025-11-12 13:13:08,7.7237,292.2739,0.9991
2025-11-12 13:13:08,7.7237,292.2739,0.9991
2025-11-12 13:13:08,7.7232,279.4433,0.9991
2025-11-12 13:13:08,7.7271,291.9330,0.9991
2025-11-12 13:13:09,7.7252,305.3330,0.9990
2025-11-12 13:13:09,7.7252,305.3330,0.9990
2025-11-12 13:13:09,7.7222,229.5210,0.9993
2025-11-12 13:13:09,7.7222,229.5210,0.9993
2025-11-12 13:13:09,7.7236,221.6265,0.9993
2025-11-12 13:13:09,7.7251,188.1461,0.9994
2025-11-12 13:13:09,7.7266,221.8143,0.9993
2025-11-12 13:13:09,7.7241,209.3564,0.9993
2025-11-12 13:13:09,7.7207,235.0906,0.9993
2025-11-12 13:13:09,7.7192,264.7107,0.9992
2025-11-12 13:13:10,7.7156,176.7252,0.9994
2025-11-12 13:13:10,7.7153,174.5524,0.9994
2025-11-12 13:13:10,7.7185,160.6987,0.9995
2025-11-12 13:13:10,7.7210,113.7278,0.9996
2025-11-12 13:13:10,7.7215,121.8648,0.9996
2025-11-12 13:13:10,7.7177,122.6442,0.9996
2025-11-12 13:13:10,7.7179,122.5214,0.9996
2025-11-12 13:13:10,7.7163,148.3527,0.9995
2025-11-12 13:13:11,7.7161,143.8458,0.9995
2025-11-12 13:13:11,7.7203,148.9736,0.9995
2025-11-12 13:13:11,7.7191,152.4411,0.9995
2025-11-12 13:13:11,7.7182,170.3815,0.9995
2025-11-12 13:13:11,7.7197,199.8007,0.9994
2025-11-12 13:13:11,7.7209,208.5363,0.9993
2025-11-12 13:13:11,7.7214,206.1712,0.9994
2025-11-12 13:13:11,7.7222,189.2519,0.9994
2025-11-12 13:13:11,7.7198,146.9391,0.9995
2025-11-12 13:13:11,7.7205,153.3545,0.9995
2025-11-12 13:13:12,7.7217,150.2659,0.9995
2025-11-12 13:13:12,7.7219,145.5937,0.9995
2025-11-12 13:13:12,7.7247,193.9280,0.9994
2025-11-12 13:13:12,7.7240,188.9952,0.9994
2025-11-12 13:13:12,7.7230,192.9517,0.9994
2025-11-12 13:13:12,7.7220,214.9811,0.9993
2025-11-12 13:13:12,7.7221,217.3931,0.9993
2025-11-12 13:13:12,7.7230,224.2278,0.9993
2025-11-12 13:13:12,7.7230,224.2180,0.9993
2025-11-12 13:13:13,7.7230,224.2180,0.9993
2025-11-12 13:13:13,7.7274,340.6600,0.9989
2025-11-12 13:13:13,7.7258,333.7660,0.9990
2025-11-12 13:13:13,7.7266,328.9848,0.9990
2025-11-12 13:13:13,7.7266,328.9848,0.9990
2025-11-12 13:13:13,7.7261,313.0552,0.9990
2025-11-12 13:13:13,7.7274,318.5425,0.9990
2025-11-12 13:13:13,7.7272,320.2318,0.9990
2025-11-12 13:13:13,7.7278,303.7014,0.9991
2025-11-12 13:13:13,7.7284,320.3594,0.9990
2025-11-12 13:13:13,7.7277,317.7288,0.9990
2025-11-12 13:13:14,7.7280,315.6235,0.9990
2025-11-12 13:13:14,7.7274,332.2545,0.9990
2025-11-12 13:13:14,7.7259,286.9963,0.9991
2025-11-12 13:13:14,7.7267,291.7051,0.9991
2025-11-12 13:13:14,7.7260,295.8565,0.9991
2025-11-12 13:13:14,7.7260,295.8565,0.9991
2025-11-12 13:13:14,7.7249,266.9302,0.9992
2025-11-12 13:13:14,7.7241,261.2230,0.9992
2025-11-12 13:13:14,7.7236,264.0834,0.9992
2025-11-12 13:13:14,7.7237,261.1447,0.9992
2025-11-12 13:13:15,7.7248,289.3224,0.9991
2025-11-12 13:13:15,7.7228,282.4696,0.9991
2025-11-12 13:13:15,7.7232,280.1704,0.9991
2025-11-12 13:13:15,7.7250,241.6738,0.9992
2025-11-12 13:13:15,7.7249,238.9501,0.9993
2025-11-12 13:13:15,7.7261,240.9021,0.9993
2025-11-12 13:13:15,7.7250,250.0815,0.9992
2025-11-12 13:13:15,7.7246,258.3631,0.9992
2025-11-12 13:13:15,7.7240,242.8075,0.9992
2025-11-12 13:13:16,7.7247,246.1505,0.9992
2025-11-12 13:13:16,7.7257,237.9482,0.9993
2025-11-12 13:13:16,7.7266,219.8989,0.9993
2025-11-12 13:13:16,7.7279,254.1587,0.9992
2025-11-12 13:13:16,7.7287,257.7968,0.9992
2025-11-12 13:13:16,7.7289,256.1510,0.9992
2025-11-12 13:13:16,7.7288,258.2900,0.9992
2025-11-12 13:13:16,7.7294,275.8485,0.9991
2025-11-12 13:13:16,7.7277,270.7691,0.9992
2025-11-12 13:13:17,7.7291,262.1150,0.9992
2025-11-12 13:13:17,7.7283,279.3856,0.9991
2025-11-12 13:13:17,7.7267,235.1468,0.9993
2025-11-12 13:13:17,7.7269,235.4403,0.9993
2025-11-12 13:13:17,7.7255,242.5397,0.9992
2025-11-12 13:13:17,7.7265,220.7216,0.9993
2025-11-12 13:13:17,7.7271,236.0337,0.9993
2025-11-12 13:13:17,7.7268,235.6341,0.9993
2025-11-12 13:13:17,7.7269,235.1522,0.9993
2025-11-12 13:13:17,7.7259,257.2532,0.9992
2025-11-12 13:13:18,7.7259,257.7955,0.9992
2025-11-12 13:13:18,7.7268,260.6598,0.9992
2025-11-12 13:13:18,7.7230,300.9293,0.9991
2025-11-12 13:13:18,7.7173,444.3351,0.9986
2025-11-12 13:13:18,7.7166,419.9206,0.9987
2025-11-12 13:13:18,7.7159,412.9035,0.9987
2025-11-12 13:13:18,7.7197,389.1594,0.9988
2025-11-12 13:13:18,7.7250,246.7159,0.9992
2025-11-12 13:13:18,7.7271,307.5689,0.9990
2025-11-12 13:13:19,7.7278,309.5905,0.9990
2025-11-12 13:13:19,7.7274,313.3605,0.9990
2025-11-12 13:13:19,7.7263,339.8386,0.9989
2025-11-12 13:13:19,7.7253,309.4547,0.9990
2025-11-12 13:13:19,7.7262,314.4425,0.9990
2025-11-12 13:13:19,7.7261,315.1785,0.9990
2025-11-12 13:13:20,7.7279,271.7404,0.9992
2025-11-12 13:13:20,7.7280,275.1226,0.9991
2025-11-12 13:13:20,7.7270,270.3855,0.9992
2025-11-12 13:13:20,7.7257,282.7309,0.9991
2025-11-12 13:13:20,7.7233,338.2263,0.9989
2025-11-12 13:13:20,7.7231,331.4260,0.9990
2025-11-12 13:13:20,7.7213,323.9421,0.9990
2025-11-12 13:13:20,7.7235,310.6547,0.9990
2025-11-12 13:13:20,7.7263,245.5238,0.9992
2025-11-12 13:13:20,7.7258,229.8769,0.9993
2025-11-12 13:13:21,7.7252,230.3982,0.9993
2025-11-12 13:13:21,7.7254,229.2043,0.9993
2025-11-12 13:13:21,7.7246,246.9146,0.9992
2025-11-12 13:13:21,7.7242,236.7803,0.9993
2025-11-12 13:13:21,7.7269,241.5029,0.9993
2025-11-12 13:13:21,7.7245,260.1996,0.9992
2025-11-12 13:13:21,7.7231,291.7178,0.9991
2025-11-12 13:13:21,7.7224,273.3549,0.9991
2025-11-12 13:13:21,7.7230,278.2231,0.9991
2025-11-12 13:13:21,7.7256,261.1688,0.9992
2025-11-12 13:13:22,7.7256,261.1688,0.9992
2025-11-12 13:13:22,7.7273,306.4006,0.9990
2025-11-12 13:13:22,7.7252,298.7640,0.9991
2025-11-12 13:13:22,7.7249,299.7766,0.9991
2025-11-12 13:13:22,7.7256,284.1389,0.9991
2025-11-12 13:13:22,7.7238,234.1873,0.9993
2025-11-12 13:13:22,7.7248,238.0482,0.9993
2025-11-12 13:13:22,7.7244,240.0653,0.9993
2025-11-12 13:13:22,7.7238,255.2295,0.9992
2025-11-12 13:13:23,7.7239,258.4713,0.9992
2025-11-12 13:13:23,7.7250,265.1150,0.9992
2025-11-12 13:13:23,7.7257,261.4289,0.9992
2025-11-12 13:13:23,7.7259,258.3306,0.9992
2025-11-12 13:13:23,7.7179,127.6146,0.9996
2025-11-12 13:13:23,7.7171,118.4245,0.9996
2025-11-12 13:13:23,7.7156,118.3882,0.9996
2025-11-12 13:13:23,7.7155,120.7013,0.9996
2025-11-12 13:13:23,7.7120,98.2564,0.9997
2025-11-12 13:13:23,7.7104,78.9805,0.9997
2025-11-12 13:13:24,7.7115,82.3860,0.9997
2025-11-12 13:13:24,7.7111,90.1213,0.9997
2025-11-12 13:13:24,7.7084,86.9679,0.9997
2025-11-12 13:13:24,7.7083,85.1033,0.9997
2025-11-12 13:13:24,7.7080,83.3037,0.9997
2025-11-12 13:13:24,7.7069,100.5546,0.9997
2025-11-12 13:13:24,7.7068,100.6153,0.9997
2025-11-12 13:13:24,7.7069,102.3959,0.9997
2025-11-12 13:13:24,7.7067,100.9589,0.9997
2025-11-12 13:13:24,7.7083,75.2752,0.9998
2025-11-12 13:13:25,7.7184,157.2778,0.9995
2025-11-12 13:13:25,7.7200,168.1837,0.9995
2025-11-12 13:13:25,7.7181,176.3039,0.9994
2025-11-12 13:13:25,7.7130,302.5906,0.9990
2025-11-12 13:13:25,7.7146,339.3835,0.9989
2025-11-12 13:13:25,7.7108,309.3056,0.9990
2025-11-12 13:13:25,7.7108,309.3251,0.9990
2025-11-12 13:13:25,7.7173,165.6828,0.9995
2025-11-12 13:13:25,7.7157,131.4100,0.9996
2025-11-12 13:13:26,7.7171,135.3226,0.9996
2025-11-12 13:13:26,7.7177,132.5342,0.9996
2025-11-12 13:13:26,7.7181,124.6577,0.9996
2025-11-12 13:13:26,7.7202,168.1289,0.9995
2025-11-12 13:13:26,7.7202,168.0322,0.9995
2025-11-12 13:13:26,7.7216,161.4745,0.9995
2025-11-12 13:13:26,7.7196,200.2475,0.9994
2025-11-12 13:13:26,7.7196,199.4141,0.9994
2025-11-12 13:13:26,7.7221,211.3191,0.9993
2025-11-12 13:13:26,7.7225,209.8210,0.9993
2025-11-12 13:13:27,7.7225,209.8210,0.9993
2025-11-12 13:13:27,7.7233,227.6039,0.9993
2025-11-12 13:13:27,7.7242,233.7645,0.9993
2025-11-12 13:13:27,7.7244,232.9983,0.9993
2025-11-12 13:13:27,7.7221,293.1878,0.9991
2025-11-12 13:13:27,7.7240,343.7081,0.9989
2025-11-12 13:13:27,7.7235,339.5238,0.9989
2025-11-12 13:13:27,7.7233,340.1873,0.9989
2025-11-12 13:13:27,7.7257,275.1240,0.9991
2025-11-12 13:13:27,7.7262,288.0144,0.9991
2025-11-12 13:13:28,7.7268,291.8019,0.9991
2025-11-12 13:13:28,7.7267,292.2665,0.9991
2025-11-12 13:13:28,7.7260,312.1630,0.9990
2025-11-12 13:13:28,7.7230,237.3060,0.9993
2025-11-12 13:13:28,7.7189,216.5664,0.9993
2025-11-12 13:13:28,7.7163,225.2119,0.9993
2025-11-12 13:13:28,7.7194,167.5267,0.9995
2025-11-12 13:13:28,7.7221,238.3885,0.9993
2025-11-12 13:13:29,7.7227,238.1757,0.9993
2025-11-12 13:13:29,7.7256,217.8161,0.9993
2025-11-12 13:13:29,7.7237,257.2811,0.9992
2025-11-12 13:13:29,7.7232,242.1748,0.9992
2025-11-12 13:13:29,7.7268,255.4653,0.9992
2025-11-12 13:13:29,7.7259,261.4509,0.9992
2025-11-12 13:13:29,7.7254,274.1396,0.9991
2025-11-12 13:13:29,7.7247,256.2394,0.9992
2025-11-12 13:13:29,7.7247,256.2394,0.9992
2025-11-12 13:13:29,7.7248,255.5704,0.9992
2025-11-12 13:13:30,7.7246,258.5870,0.9992
2025-11-12 13:13:30,7.7257,284.8423,0.9991
2025-11-12 13:13:30,7.7245,276.7817,0.9991
2025-11-12 13:13:30,7.7253,272.3332,0.9992
2025-11-12 13:13:30,7.7273,227.1061,0.9993
2025-11-12 13:13:30,7.7275,234.0610,0.9993
2025-11-12 13:13:30,7.7278,235.3272,0.9993
2025-11-12 13:13:30,7.7277,235.9742,0.9993
2025-11-12 13:13:30,7.7265,265.8073,0.9992
2025-11-12 13:13:31,7.7272,285.9007,0.9991
2025-11-12 13:13:31,7.7272,285.8114,0.9991
2025-11-12 13:13:31,7.7259,294.8047,0.9991
2025-11-12 13:13:31,7.7254,307.5106,0.9990
2025-11-12 13:13:31,7.7247,288.8947,0.9991
2025-11-12 13:13:31,7.7234,282.3332,0.9991
2025-11-12 13:13:31,7.7231,284.5673,0.9991
2025-11-12 13:13:31,7.7236,273.0840,0.9991
2025-11-12 13:13:31,7.7227,248.0872,0.9992
2025-11-12 13:13:32,7.7224,247.1506,0.9992
2025-11-12 13:13:32,7.7213,256.4264,0.9992
2025-11-12 13:13:32,7.7240,203.7099,0.9994
2025-11-12 13:13:32,7.7216,146.2460,0.9995
2025-11-12 13:13:32,7.7221,148.4964,0.9995
2025-11-12 13:13:32,7.7223,146.9429,0.9995
2025-11-12 13:13:32,7.7158,280.1339,0.9991
2025-11-12 13:13:32,7.7168,303.6209,0.9990
2025-11-12 13:13:32,7.7176,311.0651,0.9990
2025-11-12 13:13:32,7.7201,301.0637,0.9991
2025-11-12 13:13:32,7.7215,262.1482,0.9992
2025-11-12 13:13:33,7.7227,290.2467,0.9991
2025-11-12 13:13:33,7.7213,282.8728,0.9991
2025-11-12 13:13:33,7.7208,284.4283,0.9991
2025-11-12 13:13:33,7.7223,245.2834,0.9992
2025-11-12 13:13:33,7.7216,226.0364,0.9993
2025-11-12 13:13:33,7.7228,232.1392,0.9993
2025-11-12 13:13:33,7.7235,229.3404,0.9993
2025-11-12 13:13:33,7.7245,204.8244,0.9994
2025-11-12 13:13:33,7.7214,144.6677,0.9995
2025-11-12 13:13:33,7.7219,148.2895,0.9995
2025-11-12 13:13:33,7.7212,150.2851,0.9995
2025-11-12 13:13:34,7.7201,172.5512,0.9995
2025-11-12 13:13:34,7.7258,301.8538,0.9991
2025-11-12 13:13:34,7.7264,305.7764,0.9991
2025-11-12 13:13:34,7.7256,311.7549,0.9990
2025-11-12 13:13:34,7.7278,259.6004,0.9992
2025-11-12 13:13:34,7.7278,258.6390,0.9992
2025-11-12 13:13:34,7.7267,253.4250,0.9992
2025-11-12 13:13:34,7.7251,270.1650,0.9992
2025-11-12 13:13:35,7.7229,318.6468,0.9990
2025-11-12 13:13:35,7.7233,328.4424,0.9990
2025-11-12 13:13:35,7.7242,335.0045,0.9990
2025-11-12 13:13:35,7.7265,313.4981,0.9990
2025-11-12 13:13:35,7.7265,313.4981,0.9990
2025-11-12 13:13:35,7.7236,237.8949,0.9993
2025-11-12 13:13:35,7.7236,237.8949,0.9993
2025-11-12 13:13:35,7.7245,233.9769,0.9993
2025-11-12 13:13:35,7.7217,308.4725,0.9990
2025-11-12 13:13:35,7.7216,306.0838,0.9990
2025-11-12 13:13:35,7.7188,286.7752,0.9991
2025-11-12 13:13:36,7.7145,303.6790,0.9990
2025-11-12 13:13:36,7.7198,195.5551,0.9994
2025-11-12 13:13:36,7.7120,62.0676,0.9998
2025-11-12 13:13:36,7.7134,75.8579,0.9998
2025-11-12 13:13:36,7.7158,64.4284,0.9998
2025-11-12 13:13:36,7.7149,76.5694,0.9998
2025-11-12 13:13:36,7.7183,112.1332,0.9996
2025-11-12 13:13:36,7.7189,117.5191,0.9996
2025-11-12 13:13:37,7.7182,121.2606,0.9996
2025-11-12 13:13:37,7.7180,124.6906,0.9996
2025-11-12 13:13:37,7.7203,162.8962,0.9995
2025-11-12 13:13:37,7.7204,163.6789,0.9995
2025-11-12 13:13:37,7.7227,151.7677,0.9995
2025-11-12 13:13:37,7.7219,168.9586,0.9995
2025-11-12 13:13:37,7.7203,142.8735,0.9996
2025-11-12 13:13:37,7.7206,145.5428,0.9995
2025-11-12 13:13:38,7.7203,146.0936,0.9995
2025-11-12 13:13:38,7.7197,159.5722,0.9995
2025-11-12 13:13:38,7.7200,164.7139,0.9995
2025-11-12 13:13:38,7.7204,168.4273,0.9995
2025-11-12 13:13:38,7.7208,167.5941,0.9995
2025-11-12 13:13:38,7.7209,164.8755,0.9995
2025-11-12 13:13:38,7.7203,155.1908,0.9995
2025-11-12 13:13:38,7.7206,158.6990,0.9995
2025-11-12 13:13:38,7.7198,160.3889,0.9995
2025-11-12 13:13:38,7.7199,158.0219,0.9995
2025-11-12 13:13:39,7.7196,153.8579,0.9995
2025-11-12 13:13:39,7.7185,142.5928,0.9995
2025-11-12 13:13:39,7.7194,141.5483,0.9996
2025-11-12 13:13:39,7.7192,146.4799,0.9995
2025-11-12 13:13:39,7.7219,189.2192,0.9994
2025-11-12 13:13:39,7.7226,195.1471,0.9994
2025-11-12 13:13:39,7.7216,198.1092,0.9994
2025-11-12 13:13:39,7.7189,267.6956,0.9992
2025-11-12 13:13:39,7.7163,221.5484,0.9993
2025-11-12 13:13:39,7.7156,212.7059,0.9993
2025-11-12 13:13:39,7.7150,213.1520,0.9993
2025-11-12 13:13:40,7.7172,161.6361,0.9995
2025-11-12 13:13:40,7.7173,161.8846,0.9995
2025-11-12 13:13:40,7.7173,161.8846,0.9995
2025-11-12 13:13:40,7.7185,160.0241,0.9995
2025-11-12 13:13:40,7.7193,143.2332,0.9995
2025-11-12 13:13:40,7.7198,151.0644,0.9995
2025-11-12 13:13:40,7.7198,151.0644,0.9995
2025-11-12 13:13:40,7.7188,153.1533,0.9995
2025-11-12 13:13:40,7.7187,155.4497,0.9995
2025-11-12 13:13:41,7.7217,211.4091,0.9993
2025-11-12 13:13:41,7.7207,204.7101,0.9994
2025-11-12 13:13:41,7.7212,202.8737,0.9994
2025-11-12 13:13:41,7.7231,162.6986,0.9995
2025-11-12 13:13:41,7.7228,155.8675,0.9995
2025-11-12 13:13:41,7.7237,160.7900,0.9995
2025-11-12 13:13:41,7.7222,170.3428,0.9995
2025-11-12 13:13:41,7.7201,214.1765,0.9993
2025-11-12 13:13:41,7.7213,241.2843,0.9992
2025-11-12 13:13:42,7.7188,228.7167,0.9993
2025-11-12 13:13:42,7.7206,221.4988,0.9993
2025-11-12 13:13:42,7.7210,214.2951,0.9993
2025-11-12 13:13:42,7.7202,196.8256,0.9994
2025-11-12 13:13:42,7.7219,202.8945,0.9994
2025-11-12 13:13:42,7.7215,204.4762,0.9994
2025-11-12 13:13:42,7.7238,157.8353,0.9995
2025-11-12 13:13:42,7.7232,146.5250,0.9995
2025-11-12 13:13:42,7.7232,146.5016,0.9995
2025-11-12 13:13:43,7.7233,146.0283,0.9995
2025-11-12 13:13:43,7.7209,194.4299,0.9994
2025-11-12 13:13:43,7.7190,157.6353,0.9995
2025-11-12 13:13:43,7.7194,160.7304,0.9995
2025-11-12 13:13:43,7.7197,160.0908,0.9995
2025-11-12 13:13:43,7.7193,168.7077,0.9995
2025-11-12 13:13:43,7.7205,189.1053,0.9994
2025-11-12 13:13:43,7.7184,178.4554,0.9994
2025-11-12 13:13:43,7.7185,178.4076,0.9994
2025-11-12 13:13:44,7.7180,188.9196,0.9994
2025-11-12 13:13:44,7.7188,206.9424,0.9993
2025-11-12 13:13:44,7.7190,207.5892,0.9993
2025-11-12 13:13:44,7.7195,207.2867,0.9993
2025-11-12 13:13:44,7.7223,148.0281,0.9995
2025-11-12 13:13:44,7.7223,147.3051,0.9995
2025-11-12 13:13:44,7.7246,156.1976,0.9995
2025-11-12 13:13:44,7.7248,155.6355,0.9995
2025-11-12 13:13:44,7.7227,201.1055,0.9994
2025-11-12 13:13:44,7.7219,186.4422,0.9994
2025-11-12 13:13:45,7.7214,182.1559,0.9994
2025-11-12 13:13:45,7.7204,184.0069,0.9994
2025-11-12 13:13:45,7.7215,161.5214,0.9995
2025-11-12 13:13:45,7.7191,123.6956,0.9996
2025-11-12 13:13:45,7.7199,130.1696,0.9996
2025-11-12 13:13:45,7.7197,130.5676,0.9996
2025-11-12 13:13:45,7.7187,151.8802,0.9995
2025-11-12 13:13:45,7.7177,139.6405,0.9996
2025-11-12 13:13:45,7.7163,126.1929,0.9996
2025-11-12 13:13:45,7.7173,126.4919,0.9996
2025-11-12 13:13:46,7.7173,126.4919,0.9996
2025-11-12 13:13:46,7.7170,123.0400,0.9996
2025-11-12 13:13:46,7.7177,128.4328,0.9996
2025-11-12 13:13:46,7.7175,128.2861,0.9996
2025-11-12 13:13:46,7.7175,128.2861,0.9996
2025-11-12 13:13:46,7.7177,130.3391,0.9996
2025-11-12 13:13:46,7.7170,125.2000,0.9996
2025-11-12 13:13:46,7.7172,125.3917,0.9996
2025-11-12 13:13:47,7.7173,122.9478,0.9996
2025-11-12 13:13:47,7.7181,132.8135,0.9996
2025-11-12 13:13:47,7.7172,127.0928,0.9996
2025-11-12 13:13:47,7.7123,142.6844,0.9995
2025-11-12 13:13:47,7.7106,175.0554,0.9994
2025-11-12 13:13:47,7.7107,177.3127,0.9994
2025-11-12 13:13:47,7.7078,158.7174,0.9995
2025-11-12 13:13:47,7.7084,155.9701,0.9995
2025-11-12 13:13:48,7.7045,241.8415,0.9992
2025-11-12 13:13:48,7.7018,188.9446,0.9994
2025-11-12 13:13:48,7.7013,185.4525,0.9994
2025-11-12 13:13:48,7.7042,194.6599,0.9994
2025-11-12 13:13:48,7.7098,81.9311,0.9997
2025-11-12 13:13:48,7.7114,103.8869,0.9997
2025-11-12 13:13:48,7.7135,108.8555,0.9997
2025-11-12 13:13:48,7.7140,109.2499,0.9997
2025-11-12 13:13:49,7.7163,71.9363,0.9998
2025-11-12 13:13:49,7.7199,128.6241,0.9996
2025-11-12 13:13:49,7.7215,131.6067,0.9996
2025-11-12 13:13:49,7.7222,129.5858,0.9996
2025-11-12 13:13:49,7.7199,175.3851,0.9994
2025-11-12 13:13:49,7.7206,188.1715,0.9994
2025-11-12 13:13:49,7.7193,184.7991,0.9994
2025-11-12 13:13:49,7.7149,204.8592,0.9993
2025-11-12 13:13:49,7.7098,321.9632,0.9990
2025-11-12 13:13:50,7.7052,216.5581,0.9993
2025-11-12 13:13:50,7.7056,220.7223,0.9993
2025-11-12 13:13:50,7.7098,224.8890,0.9993
2025-11-12 13:13:50,7.7149,108.3987,0.9997
2025-11-12 13:13:50,7.7229,271.9087,0.9991
2025-11-12 13:13:50,7.7234,272.3303,0.9991
2025-11-12 13:13:50,7.7218,280.9215,0.9991
2025-11-12 13:13:50,7.7237,239.9289,0.9993
2025-11-12 13:13:50,7.7242,254.0914,0.9992
2025-11-12 13:13:50,7.7248,254.9132,0.9992
2025-11-12 13:13:51,7.7246,256.3422,0.9992
2025-11-12 13:13:51,7.7227,298.4423,0.9991
2025-11-12 13:13:51,7.7228,303.2652,0.9991
2025-11-12 13:13:51,7.7254,317.5048,0.9990
2025-11-12 13:13:51,7.7274,302.2180,0.9991
2025-11-12 13:13:51,7.7275,298.9914,0.9991
2025-11-12 13:13:51,7.7278,306.2003,0.9991
2025-11-12 13:13:51,7.7266,299.7586,0.9991
2025-11-12 13:13:51,7.7234,325.2406,0.9990
2025-11-12 13:13:51,7.7207,396.6739,0.9988
2025-11-12 13:13:52,7.7202,381.6000,0.9988
2025-11-12 13:13:52,7.7192,374.0462,0.9988
2025-11-12 13:13:52,7.7210,361.6865,0.9989
2025-11-12 13:13:52,7.7259,242.8413,0.9992
2025-11-12 13:13:52,7.7273,285.6243,0.9991
2025-11-12 13:13:52,7.7285,288.3919,0.9991
2025-11-12 13:13:52,7.7291,283.0352,0.9991
2025-11-12 13:13:52,7.7269,337.5163,0.9990
2025-11-12 13:13:52,7.7252,286.5454,0.9991
2025-11-12 13:13:53,7.7259,291.1062,0.9991
2025-11-12 13:13:53,7.7262,289.1440,0.9991
2025-11-12 13:13:53,7.7262,289.1440,0.9991
2025-11-12 13:13:53,7.7240,235.4413,0.9993
2025-11-12 13:13:53,7.7227,226.0257,0.9993
2025-11-12 13:13:53,7.7184,258.9553,0.9992
2025-11-12 13:13:53,7.7156,323.7951,0.9990
2025-11-12 13:13:53,7.7156,324.7483,0.9990
2025-11-12 13:13:53,7.7161,329.5101,0.9990
2025-11-12 13:13:53,7.7167,323.2103,0.9990
2025-11-12 13:13:53,7.7215,216.9031,0.9993
2025-11-12 13:13:54,7.7225,242.6801,0.9992
2025-11-12 13:13:54,7.7223,241.3367,0.9992
2025-11-12 13:13:54,7.7264,205.8774,0.9994
2025-11-12 13:13:54,7.7242,256.1178,0.9992
2025-11-12 13:13:54,7.7251,280.0420,0.9991
2025-11-12 13:13:54,7.7261,285.6358,0.9991
2025-11-12 13:13:54,7.7259,286.5330,0.9991
2025-11-12 13:13:54,7.7264,275.6135,0.9991
2025-11-12 13:13:54,7.7267,283.4104,0.9991
2025-11-12 13:13:55,7.7259,279.3400,0.9991
2025-11-12 13:13:55,7.7251,284.0619,0.9991
2025-11-12 13:13:55,7.7249,289.8404,0.9991
2025-11-12 13:13:55,7.7256,310.9207,0.9990
2025-11-12 13:13:55,7.7254,309.9723,0.9990
2025-11-12 13:13:55,7.7253,310.5676,0.9990
2025-11-12 13:13:55,7.7253,310.5676,0.9990
2025-11-12 13:13:55,7.7245,285.5947,0.9991
2025-11-12 13:13:55,7.7253,290.6347,0.9991
2025-11-12 13:13:55,7.7231,310.3527,0.9990
2025-11-12 13:13:56,7.7231,310.3527,0.9990
2025-11-12 13:13:56,7.7226,296.0005,0.9991
2025-11-12 13:13:56,7.7210,284.6085,0.9991
2025-11-12 13:13:56,7.7200,294.8089,0.9991
2025-11-12 13:13:56,7.7207,281.0989,0.9991
2025-11-12 13:13:56,7.7228,347.4526,0.9989
2025-11-12 13:13:56,7.7236,351.8923,0.9989
2025-11-12 13:13:57,7.7271,315.5047,0.9990
2025-11-12 13:13:57,7.7237,409.7854,0.9987
2025-11-12 13:13:57,7.7233,398.1470,0.9988
2025-11-12 13:13:57,7.7234,398.4804,0.9988
2025-11-12 13:13:57,7.7230,400.2538,0.9987
2025-11-12 13:13:57,7.7248,349.3146,0.9989
2025-11-12 13:13:57,7.7248,347.7118,0.9989
2025-11-12 13:13:57,7.7239,343.6850,0.9989
2025-11-12 13:13:57,7.7243,341.2001,0.9989
2025-11-12 13:13:57,7.7253,315.5119,0.9990
2025-11-12 13:13:57,7.7251,310.9943,0.9990
2025-11-12 13:13:58,7.7261,314.7801,0.9990
2025-11-12 13:13:58,7.7272,309.0060,0.9990
2025-11-12 13:13:58,7.7274,303.8319,0.9991
2025-11-12 13:13:58,7.7279,318.8521,0.9990
2025-11-12 13:13:58,7.7281,319.6343,0.9990
2025-11-12 13:13:58,7.7267,328.4361,0.9990
2025-11-12 13:13:58,7.7290,273.7656,0.9992
2025-11-12 13:13:58,7.7277,237.0906,0.9993
2025-11-12 13:13:58,7.7270,234.6114,0.9993
2025-11-12 13:13:58,7.7264,240.4849,0.9993
2025-11-12 13:13:59,7.7239,296.0583,0.9991
2025-11-12 13:13:59,7.7249,328.7992,0.9990
2025-11-12 13:13:59,7.7256,332.2155,0.9990
2025-11-12 13:13:59,7.7260,328.6519,0.9990
2025-11-12 13:13:59,7.7275,292.8127,0.9991
2025-11-12 13:13:59,7.7275,293.5912,0.9991
2025-11-12 13:13:59,7.7279,295.5993,0.9991
2025-11-12 13:13:59,7.7292,285.6036,0.9991
2025-11-12 13:13:59,7.7250,403.1516,0.9987
2025-11-12 13:13:59,7.7245,390.1247,0.9988
2025-11-12 13:13:59,7.7241,386.7828,0.9988
2025-11-12 13:14:00,7.7183,439.1189,0.9986
2025-11-12 13:14:00,7.7194,408.5884,0.9987
2025-11-12 13:14:00,7.7193,405.3244,0.9987
2025-11-12 13:14:00,7.7181,395.2316,0.9988
2025-11-12 13:14:00,7.7233,346.1467,0.9989
2025-11-12 13:14:00,7.7257,284.9398,0.9991
2025-11-12 13:14:00,7.7245,252.0090,0.9992
2025-11-12 13:14:00,7.7256,256.2705,0.9992
2025-11-12 13:14:00,7.7250,260.1788,0.9992
2025-11-12 13:14:00,7.7242,278.8364,0.9991
2025-11-12 13:14:01,7.7249,296.8202,0.9991
2025-11-12 13:14:01,7.7257,301.8823,0.9991
2025-11-12 13:14:01,7.7270,293.3718,0.9991
2025-11-12 13:14:01,7.7270,293.3718,0.9991
2025-11-12 13:14:01,7.7270,293.9529,0.9991
2025-11-12 13:14:01,7.7250,285.4700,0.9991
2025-11-12 13:14:01,7.7187,346.2607,0.9989
2025-11-12 13:14:01,7.7208,306.7177,0.9990
2025-11-12 13:14:01,7.7212,320.8828,0.9990
2025-11-12 13:14:01,7.7202,317.1201,0.9990
2025-11-12 13:14:01,7.7239,269.4544,0.9992
2025-11-12 13:14:02,7.7225,298.4043,0.9991
2025-11-12 13:14:02,7.7229,310.0622,0.9990
2025-11-12 13:14:02,7.7249,316.5754,0.9990
2025-11-12 13:14:02,7.7234,335.1591,0.9990
2025-11-12 13:14:02,7.7227,349.9578,0.9989
2025-11-12 13:14:02,7.7227,350.5046,0.9989
2025-11-12 13:14:02,7.7235,356.1243,0.9989
2025-11-12 13:14:02,7.7273,318.9499,0.9990
2025-11-12 13:14:02,7.7273,318.9499,0.9990
2025-11-12 13:14:02,7.7270,309.7540,0.9990
2025-11-12 13:14:02,7.7255,303.3630,0.9991
2025-11-12 13:14:03,7.7218,335.9833,0.9989
2025-11-12 13:14:03,7.7237,294.8614,0.9991
2025-11-12 13:14:03,7.7224,255.5814,0.9992
2025-11-12 13:14:03,7.7230,259.2964,0.9992
2025-11-12 13:14:03,7.7268,223.9026,0.9993
2025-11-12 13:14:03,7.7249,268.5555,0.9992
2025-11-12 13:14:03,7.7257,291.4886,0.9991
2025-11-12 13:14:03,7.7266,296.4025,0.9991
2025-11-12 13:14:03,7.7255,303.7723,0.9991
2025-11-12 13:14:04,7.7257,300.6840,0.9991
2025-11-12 13:14:04,7.7258,305.6512,0.9990
2025-11-12 13:14:04,7.7250,300.5785,0.9991
2025-11-12 13:14:04,7.7258,295.0052,0.9991
2025-11-12 13:14:04,7.7259,292.2098,0.9991
2025-11-12 13:14:04,7.7270,323.2128,0.9990
2025-11-12 13:14:04,7.7272,324.0797,0.9990
2025-11-12 13:14:04,7.7237,359.4778,0.9989
2025-11-12 13:14:04,7.7249,332.0187,0.9990
2025-11-12 13:14:05,7.7250,336.1927,0.9990
2025-11-12 13:14:05,7.7228,328.3111,0.9990
2025-11-12 13:14:05,7.7274,289.4251,0.9991
2025-11-12 13:14:05,7.7241,373.9421,0.9988
2025-11-12 13:14:05,7.7234,350.0303,0.9989
2025-11-12 13:14:05,7.7201,356.2951,0.9989
2025-11-12 13:14:05,7.7154,376.0521,0.9988
2025-11-12 13:14:05,7.7175,331.6461,0.9990
2025-11-12 13:14:05,7.7175,333.0631,0.9989
2025-11-12 13:14:05,7.7201,330.7293,0.9990
2025-11-12 13:14:05,7.7218,314.4409,0.9990
2025-11-12 13:14:06,7.7227,294.0631,0.9991
2025-11-12 13:14:06,7.7225,288.4374,0.9991
2025-11-12 13:14:06,7.7253,296.0743,0.9991
2025-11-12 13:14:06,7.7276,276.7337,0.9991
2025-11-12 13:14:06,7.7264,305.9130,0.9990
2025-11-12 13:14:06,7.7271,328.2403,0.9990
2025-11-12 13:14:06,7.7247,323.6943,0.9990
2025-11-12 13:14:06,7.7243,325.6076,0.9990
2025-11-12 13:14:06,7.7243,325.6076,0.9990
2025-11-12 13:14:06,7.7239,312.9365,0.9990
2025-11-12 13:14:07,7.7264,319.0271,0.9990
2025-11-12 13:14:07,7.7271,315.0052,0.9990
2025-11-12 13:14:07,7.7281,288.0435,0.9991
2025-11-12 13:14:07,7.7281,287.3443,0.9991
2025-11-12 13:14:07,7.7282,287.6384,0.9991
2025-11-12 13:14:07,7.7282,287.4580,0.9991
2025-11-12 13:14:07,7.7272,314.4723,0.9990
2025-11-12 13:14:07,7.7271,311.6211,0.9990
2025-11-12 13:14:07,7.7277,315.0178,0.9990
2025-11-12 13:14:08,7.7278,314.7291,0.9990
2025-11-12 13:14:08,7.7292,279.1614,0.9991
2025-11-12 13:14:08,7.7292,281.1490,0.9991
2025-11-12 13:14:08,7.7282,277.0720,0.9991
2025-11-12 13:14:08,7.7278,279.2505,0.9991
2025-11-12 13:14:08,7.7278,279.2505,0.9991
2025-11-12 13:14:08,7.7277,273.5032,0.9992
2025-11-12 13:14:08,7.7255,270.9011,0.9992
2025-11-12 13:14:08,7.7221,298.2792,0.9991
2025-11-12 13:14:09,7.7207,327.8200,0.9990
2025-11-12 13:14:09,7.7201,309.2004,0.9990
2025-11-12 13:14:09,7.7213,313.1376,0.9990
2025-11-12 13:14:09,7.7238,291.5449,0.9991
2025-11-12 13:14:09,7.7238,291.5449,0.9991
2025-11-12 13:14:09,7.7240,296.1647,0.9991
2025-11-12 13:14:09,7.7247,298.7778,0.9991
2025-11-12 13:14:09,7.7230,312.4396,0.9990
2025-11-12 13:14:09,7.7241,288.1186,0.9991
2025-11-12 13:14:10,7.7230,256.5635,0.9992
2025-11-12 13:14:10,7.7230,256.2601,0.9992
2025-11-12 13:14:10,7.7244,244.6811,0.9992
2025-11-12 13:14:10,7.7273,186.6916,0.9994
2025-11-12 13:14:10,7.7278,199.5696,0.9994
2025-11-12 13:14:10,7.7285,201.6222,0.9994
2025-11-12 13:14:10,7.7285,202.0556,0.9994
2025-11-12 13:14:10,7.7208,387.8513,0.9988
2025-11-12 13:14:10,7.7219,422.5237,0.9987
2025-11-12 13:14:11,7.7214,418.7582,0.9987
2025-11-12 13:14:11,7.7224,414.2361,0.9987
2025-11-12 13:14:11,7.7272,280.9754,0.9991
2025-11-12 13:14:11,7.7270,275.4394,0.9991
2025-11-12 13:14:11,7.7241,274.5870,0.9991
2025-11-12 13:14:11,7.7185,328.8250,0.9990
2025-11-12 13:14:11,7.7163,373.2525,0.9988
2025-11-12 13:14:11,7.7145,311.1831,0.9990
2025-11-12 13:14:11,7.7150,313.2973,0.9990
2025-11-12 13:14:12,7.7208,271.1551,0.9991
2025-11-12 13:14:12,7.7243,194.6140,0.9994
2025-11-12 13:14:12,7.7262,247.5902,0.9992
2025-11-12 13:14:12,7.7280,246.1593,0.9992
2025-11-12 13:14:12,7.7251,272.0745,0.9992
2025-11-12 13:14:12,7.7233,311.1406,0.9990
2025-11-12 13:14:12,7.7217,263.1949,0.9992
2025-11-12 13:14:12,7.7200,257.7387,0.9992
2025-11-12 13:14:12,7.7231,240.4715,0.9992
2025-11-12 13:14:13,7.7224,255.1056,0.9992
2025-11-12 13:14:13,7.7243,309.5559,0.9990
2025-11-12 13:14:13,7.7258,310.4270,0.9990
2025-11-12 13:14:13,7.7221,340.5488,0.9989
2025-11-12 13:14:13,7.7221,340.5488,0.9989
2025-11-12 13:14:13,7.7215,320.6662,0.9990
2025-11-12 13:14:13,7.7214,320.0990,0.9990
2025-11-12 13:14:13,7.7250,292.3624,0.9991
2025-11-12 13:14:14,7.7250,292.3624,0.9991
2025-11-12 13:14:14,7.7258,316.9177,0.9990
2025-11-12 13:14:14,7.7246,316.1745,0.9990
2025-11-12 13:14:14,7.7188,371.4503,0.9988
2025-11-12 13:14:14,7.7213,323.5696,0.9990
2025-11-12 13:14:14,7.7202,289.2603,0.9991
2025-11-12 13:14:14,7.7215,293.5962,0.9991
2025-11-12 13:14:14,7.7270,230.5307,0.9993
2025-11-12 13:14:15,7.7245,287.0786,0.9991
2025-11-12 13:14:15,7.7257,323.7924,0.9990
2025-11-12 13:14:15,7.7268,327.0603,0.9990
2025-11-12 13:14:15,7.7258,334.1869,0.9990
2025-11-12 13:14:15,7.7259,331.0732,0.9990
2025-11-12 13:14:15,7.7250,300.8543,0.9991
2025-11-12 13:14:15,7.7238,296.1824,0.9991
2025-11-12 13:14:15,7.7258,286.4573,0.9991
2025-11-12 13:14:15,7.7264,269.7659,0.9992
2025-11-12 13:14:16,7.7248,226.5288,0.9993
2025-11-12 13:14:16,7.7245,225.9020,0.9993
2025-11-12 13:14:16,7.7224,235.2895,0.9993
2025-11-12 13:14:16,7.7207,275.3355,0.9991
2025-11-12 13:14:16,7.7201,258.6071,0.9992
2025-11-12 13:14:16,7.7176,252.5679,0.9992
2025-11-12 13:14:16,7.7182,250.9973,0.9992
2025-11-12 13:14:16,7.7191,230.1854,0.9993
2025-11-12 13:14:16,7.7212,289.8403,0.9991
2025-11-12 13:14:16,7.7241,291.9612,0.9991
2025-11-12 13:14:17,7.7249,287.4137,0.9991
2025-11-12 13:14:17,7.7249,287.4137,0.9991
2025-11-12 13:14:17,7.7245,275.0288,0.9991
2025-11-12 13:14:17,7.7243,274.5171,0.9991
2025-11-12 13:14:17,7.7226,284.7120,0.9991
2025-11-12 13:14:17,7.7229,278.0675,0.9991
2025-11-12 13:14:17,7.7212,232.7686,0.9993
2025-11-12 13:14:17,7.7181,226.4500,0.9993
2025-11-12 13:14:17,7.7184,225.3153,0.9993
2025-11-12 13:14:18,7.7182,228.6374,0.9993
2025-11-12 13:14:18,7.7143,138.4772,0.9996
2025-11-12 13:14:18,7.7129,138.2203,0.9996
2025-11-12 13:14:18,7.7152,142.0150,0.9995
2025-11-12 13:14:18,7.7153,139.9603,0.9996
2025-11-12 13:14:18,7.7170,174.6748,0.9994
2025-11-12 13:14:18,7.7206,172.9798,0.9995
2025-11-12 13:14:18,7.7191,174.4743,0.9994
2025-11-12 13:14:18,7.7189,179.3673,0.9994
2025-11-12 13:14:19,7.7200,204.4962,0.9994
2025-11-12 13:14:19,7.7215,211.2300,0.9993
2025-11-12 13:14:19,7.7217,210.2163,0.9993
2025-11-12 13:14:19,7.7232,178.4282,0.9994
2025-11-12 13:14:19,7.7234,183.1800,0.9994
2025-11-12 13:14:19,7.7247,190.9216,0.9994
2025-11-12 13:14:19,7.7246,191.5314,0.9994
2025-11-12 13:14:19,7.7231,224.5796,0.9993
2025-11-12 13:14:19,7.7221,203.9503,0.9994
2025-11-12 13:14:19,7.7221,203.9503,0.9994
2025-11-12 13:14:20,7.7227,201.9535,0.9994
2025-11-12 13:14:20,7.7227,201.9535,0.9994
2025-11-12 13:14:20,7.7262,282.6048,0.9991
2025-11-12 13:14:20,7.7260,281.0943,0.9991
2025-11-12 13:14:20,7.7226,308.0695,0.9990
2025-11-12 13:14:20,7.7226,308.0695,0.9990
2025-11-12 13:14:20,7.7225,304.6217,0.9990
2025-11-12 13:14:20,7.7224,303.5581,0.9990
2025-11-12 13:14:20,7.7249,281.6366,0.9991
2025-11-12 13:14:21,7.7249,281.6366,0.9991
2025-11-12 13:14:21,7.7255,299.7437,0.9991
2025-11-12 13:14:21,7.7251,297.4658,0.9991
2025-11-12 13:14:21,7.7251,297.2702,0.9991
2025-11-12 13:14:21,7.7253,294.2124,0.9991
2025-11-12 13:14:21,7.7252,292.1711,0.9991
2025-11-12 13:14:21,7.7243,288.6393,0.9991
2025-11-12 13:14:21,7.7248,286.0570,0.9991
2025-11-12 13:14:21,7.7263,250.8353,0.9992
2025-11-12 13:14:21,7.7271,276.4972,0.9991
2025-11-12 13:14:21,7.7280,278.3066,0.9991
2025-11-12 13:14:22,7.7238,324.9183,0.9990
2025-11-12 13:14:22,7.7246,307.6871,0.9990
2025-11-12 13:14:22,7.7245,301.6248,0.9991
2025-11-12 13:14:22,7.7247,302.9496,0.9991
2025-11-12 13:14:22,7.7289,254.6112,0.9992
2025-11-12 13:14:22,7.7276,283.3019,0.9991
2025-11-12 13:14:22,7.7264,250.7108,0.9992
2025-11-12 13:14:22,7.7259,248.6707,0.9992
2025-11-12 13:14:22,7.7260,248.2769,0.9992
2025-11-12 13:14:22,7.7248,277.8228,0.9991
2025-11-12 13:14:23,7.7248,277.3381,0.9991
2025-11-12 13:14:23,7.7259,283.6001,0.9991
2025-11-12 13:14:23,7.7259,283.3580,0.9991
2025-11-12 13:14:23,7.7259,283.3580,0.9991
2025-11-12 13:14:23,7.7275,326.9784,0.9990
2025-11-12 13:14:23,7.7267,323.4168,0.9990
2025-11-12 13:14:23,7.7229,361.1435,0.9989
2025-11-12 13:14:23,7.7229,361.1435,0.9989
2025-11-12 13:14:23,7.7216,320.2758,0.9990
2025-11-12 13:14:24,7.7218,321.6973,0.9990
2025-11-12 13:14:24,7.7255,287.7494,0.9991
2025-11-12 13:14:24,7.7269,252.4904,0.9992
2025-11-12 13:14:24,7.7260,227.1858,0.9993
2025-11-12 13:14:24,7.7267,231.4281,0.9993
2025-11-12 13:14:24,7.7263,234.0102,0.9993
2025-11-12 13:14:24,7.7248,268.6689,0.9992
2025-11-12 13:14:24,7.7250,273.5260,0.9991
2025-11-12 13:14:25,7.7232,263.0482,0.9992
2025-11-12 13:14:25,7.7237,260.7501,0.9992
2025-11-12 13:14:25,7.7248,236.0480,0.9993
2025-11-12 13:14:25,7.7253,248.9227,0.9992
2025-11-12 13:14:25,7.7254,249.4829,0.9992
2025-11-12 13:14:25,7.7259,247.2160,0.9992
2025-11-12 13:14:25,7.7259,247.2160,0.9992
2025-11-12 13:14:25,7.7255,237.4042,0.9993
2025-11-12 13:14:25,7.7257,238.0916,0.9993
2025-11-12 13:14:26,7.7258,237.7229,0.9993
2025-11-12 13:14:26,7.7247,263.1008,0.9992
2025-11-12 13:14:26,7.7254,280.1943,0.9991
2025-11-12 13:14:26,7.7263,284.4963,0.9991
2025-11-12 13:14:26,7.7238,301.9772,0.9991
2025-11-12 13:14:26,7.7238,301.9772,0.9991
2025-11-12 13:14:26,7.7240,306.9084,0.9990
2025-11-12 13:14:26,7.7238,305.9387,0.9990
2025-11-12 13:14:26,7.7261,289.6657,0.9991
2025-11-12 13:14:26,7.7261,289.6657,0.9991
2025-11-12 13:14:26,7.7263,297.1064,0.9991
2025-11-12 13:14:27,7.7252,292.5958,0.9991
2025-11-12 13:14:27,7.7255,291.3894,0.9991
2025-11-12 13:14:27,7.7256,288.3049,0.9991
2025-11-12 13:14:27,7.7260,300.3543,0.9991
2025-11-12 13:14:27,7.7268,302.7157,0.9991
2025-11-12 13:14:27,7.7266,303.3991,0.9991
2025-11-12 13:14:27,7.7265,306.5620,0.9990
2025-11-12 13:14:27,7.7267,311.7193,0.9990
2025-11-12 13:14:27,7.7263,310.3039,0.9990
2025-11-12 13:14:27,7.7262,310.7501,0.9990
2025-11-12 13:14:28,7.7265,303.4648,0.9991
2025-11-12 13:14:28,7.7259,286.7372,0.9991
2025-11-12 13:14:28,7.7258,286.3541,0.9991
2025-11-12 13:14:28,7.7259,285.8735,0.9991
2025-11-12 13:14:28,7.7256,293.0514,0.9991
2025-11-12 13:14:28,7.7258,297.4133,0.9991
2025-11-12 13:14:28,7.7243,294.7672,0.9991
2025-11-12 13:14:28,7.7193,336.5605,0.9989
2025-11-12 13:14:28,7.7180,364.2022,0.9989
2025-11-12 13:14:28,7.7191,402.3891,0.9987
2025-11-12 13:14:28,7.7207,410.6561,0.9987
2025-11-12 13:14:29,7.7260,362.9065,0.9989
2025-11-12 13:14:29,7.7225,470.8082,0.9985
2025-11-12 13:14:29,7.7221,456.1841,0.9986
2025-11-12 13:14:29,7.7225,459.0547,0.9986
2025-11-12 13:14:29,7.7220,460.5207,0.9986
2025-11-12 13:14:29,7.7281,284.1227,0.9991
2025-11-12 13:14:29,7.7285,293.9734,0.9991
2025-11-12 13:14:29,7.7274,291.8243,0.9991
2025-11-12 13:14:29,7.7276,290.2052,0.9991
2025-11-12 13:14:29,7.7239,389.2216,0.9988
2025-11-12 13:14:30,7.7252,436.6320,0.9986
2025-11-12 13:14:30,7.7227,437.4850,0.9986
2025-11-12 13:14:30,7.7181,471.1837,0.9985
2025-11-12 13:14:30,7.7198,429.5546,0.9986
2025-11-12 13:14:30,7.7190,397.4136,0.9987
2025-11-12 13:14:30,7.7204,398.9262,0.9987
2025-11-12 13:14:30,7.7246,360.6946,0.9989
2025-11-12 13:14:30,7.7264,316.9350,0.9990
2025-11-12 13:14:30,7.7271,339.7953,0.9989
2025-11-12 13:14:30,7.7289,339.7047,0.9990
2025-11-12 13:14:30,7.7293,336.9141,0.9990
2025-11-12 13:14:31,7.7281,367.3956,0.9989
2025-11-12 13:14:31,7.7281,367.3956,0.9989
2025-11-12 13:14:31,7.7287,368.9420,0.9989
2025-11-12 13:14:31,7.7286,369.1700,0.9989
2025-11-12 13:14:31,7.7286,369.1700,0.9989
2025-11-12 13:14:31,7.7288,373.7845,0.9988
2025-11-12 13:14:31,7.7286,373.2285,0.9988
2025-11-12 13:14:32,7.7263,393.5186,0.9988
2025-11-12 13:14:32,7.7264,390.3625,0.9988
2025-11-12 13:14:32,7.7265,393.3536,0.9988
2025-11-12 13:14:32,7.7258,390.8748,0.9988
2025-11-12 13:14:32,7.7277,373.5686,0.9988
2025-11-12 13:14:32,7.7270,393.9938,0.9988
2025-11-12 13:14:32,7.7267,385.2407,0.9988
2025-11-12 13:14:32,7.7275,387.5115,0.9988
2025-11-12 13:14:32,7.7265,395.6160,0.9988
2025-11-12 13:14:33,7.7273,372.5232,0.9988
2025-11-12 13:14:33,7.7276,380.7740,0.9988
2025-11-12 13:14:33,7.7278,381.6928,0.9988
2025-11-12 13:14:33,7.7289,372.2983,0.9988
2025-11-12 13:14:33,7.7287,378.6398,0.9988
2025-11-12 13:14:33,7.7284,369.9090,0.9989
2025-11-12 13:14:33,7.7271,366.6288,0.9989
2025-11-12 13:14:33,7.7235,401.6734,0.9987
2025-11-12 13:14:34,7.7258,350.3153,0.9989
2025-11-12 13:14:34,7.7250,322.1745,0.9990
2025-11-12 13:14:34,7.7248,321.6780,0.9990
2025-11-12 13:14:34,7.7257,309.3149,0.9990
2025-11-12 13:14:34,7.7257,310.4149,0.9990
2025-11-12 13:14:34,7.7265,337.4225,0.9990
2025-11-12 13:14:34,7.7223,349.6630,0.9989
2025-11-12 13:14:34,7.7220,352.5756,0.9989
2025-11-12 13:14:34,7.7217,357.9386,0.9989
2025-11-12 13:14:34,7.7211,334.2292,0.9990
2025-11-12 13:14:35,7.7234,325.2552,0.9990
2025-11-12 13:14:35,7.7260,301.7906,0.9991
2025-11-12 13:14:35,7.7241,346.6404,0.9989
2025-11-12 13:14:35,7.7223,288.7833,0.9991
2025-11-12 13:14:35,7.7242,290.1860,0.9991
2025-11-12 13:14:35,7.7235,294.4348,0.9991
2025-11-12 13:14:35,7.7229,308.7680,0.9990
2025-11-12 13:14:35,7.7242,349.7355,0.9989
2025-11-12 13:14:36,7.7240,349.3563,0.9989
2025-11-12 13:14:36,7.7256,340.8966,0.9989
2025-11-12 13:14:36,7.7274,294.0563,0.9991
2025-11-12 13:14:36,7.7260,252.8256,0.9992
2025-11-12 13:14:36,7.7239,254.9097,0.9992
2025-11-12 13:14:36,7.7224,261.7520,0.9992
2025-11-12 13:14:36,7.7190,339.4761,0.9989
2025-11-12 13:14:36,7.7195,354.9316,0.9989
2025-11-12 13:14:36,7.7204,355.4678,0.9989
2025-11-12 13:14:36,7.7206,354.7703,0.9989
2025-11-12 13:14:36,7.7245,261.5699,0.9992
2025-11-12 13:14:36,7.7240,245.2860,0.9992
2025-11-12 13:14:37,7.7265,249.9264,0.9992
2025-11-12 13:14:37,7.7278,241.3214,0.9993
2025-11-12 13:14:37,7.7260,282.9876,0.9991
2025-11-12 13:14:37,7.7248,249.7182,0.9992
2025-11-12 13:14:37,7.7229,243.0086,0.9992
2025-11-12 13:14:37,7.7227,243.5841,0.9992
2025-11-12 13:14:37,7.7218,265.1244,0.9992
2025-11-12 13:14:37,7.7180,177.6322,0.9994
2025-11-12 13:14:37,7.7171,173.8412,0.9994
2025-11-12 13:14:37,7.7167,173.7857,0.9994
2025-11-12 13:14:38,7.7142,233.5544,0.9993
2025-11-12 13:14:38,7.7182,333.7723,0.9989
2025-11-12 13:14:38,7.7206,345.6467,0.9989
2025-11-12 13:14:38,7.7175,363.0818,0.9989
2025-11-12 13:14:38,7.7224,247.2486,0.9992
2025-11-12 13:14:38,7.7188,165.6481,0.9995
2025-11-12 13:14:38,7.7190,166.7899,0.9995
2025-11-12 13:14:38,7.7228,145.0566,0.9995
2025-11-12 13:14:38,7.7213,175.4076,0.9994
2025-11-12 13:14:39,7.7208,165.2924,0.9995
2025-11-12 13:14:39,7.7143,156.0958,0.9995
2025-11-12 13:14:39,7.7126,153.4067,0.9995
2025-11-12 13:14:39,7.7087,232.2656,0.9993
2025-11-12 13:14:39,7.7081,218.2624,0.9993
2025-11-12 13:14:39,7.7101,220.2410,0.9993
2025-11-12 13:14:39,7.7093,219.6863,0.9993
2025-11-12 13:14:39,7.7097,211.4878,0.9993
2025-11-12 13:14:39,7.7108,237.2606,0.9992
2025-11-12 13:14:39,7.7123,243.3301,0.9992
2025-11-12 13:14:39,7.7144,243.3061,0.9992
2025-11-12 13:14:40,7.7201,121.3049,0.9996
2025-11-12 13:14:40,7.7213,144.1935,0.9995
2025-11-12 13:14:40,7.7235,148.7801,0.9995
2025-11-12 13:14:40,7.7185,190.7771,0.9994
2025-11-12 13:14:40,7.7187,187.2057,0.9994
2025-11-12 13:14:40,7.7173,157.6056,0.9995
2025-11-12 13:14:40,7.7100,148.7130,0.9995
2025-11-12 13:14:40,7.7150,133.2738,0.9996
2025-11-12 13:14:41,7.7135,153.7274,0.9995
2025-11-12 13:14:41,7.7119,119.8899,0.9996
2025-11-12 13:14:41,7.7140,109.7499,0.9997
2025-11-12 13:14:41,7.7141,109.9764,0.9996
2025-11-12 13:14:41,7.7153,92.9538,0.9997
2025-11-12 13:14:41,7.7173,130.2397,0.9996
2025-11-12 13:14:41,7.7202,124.3177,0.9996
2025-11-12 13:14:41,7.7206,123.8487,0.9996
2025-11-12 13:14:41,7.7184,165.7966,0.9995
2025-11-12 13:14:42,7.7183,163.5778,0.9995
2025-11-12 13:14:42,7.7213,178.1068,0.9994
2025-11-12 13:14:42,7.7210,178.5266,0.9994
2025-11-12 13:14:42,7.7217,164.4967,0.9995
2025-11-12 13:14:42,7.7207,148.4510,0.9995
2025-11-12 13:14:42,7.7195,140.2935,0.9996
2025-11-12 13:14:42,7.7195,140.3019,0.9996
2025-11-12 13:14:42,7.7199,132.0275,0.9996
2025-11-12 13:14:42,7.7205,142.0369,0.9996
2025-11-12 13:14:42,7.7211,145.2165,0.9995
2025-11-12 13:14:42,7.7202,147.6356,0.9995
2025-11-12 13:14:43,7.7191,169.2676,0.9995
2025-11-12 13:14:43,7.7163,126.6409,0.9996
2025-11-12 13:14:43,7.7171,134.7121,0.9996
2025-11-12 13:14:43,7.7178,134.0660,0.9996
2025-11-12 13:14:43,7.7197,97.9951,0.9997
2025-11-12 13:14:43,7.7124,76.7019,0.9998
2025-11-12 13:14:43,7.7121,72.3426,0.9998
2025-11-12 13:14:43,7.7100,69.2665,0.9998
2025-11-12 13:14:43,7.7081,93.9111,0.9997
2025-11-12 13:14:43,7.7123,104.6780,0.9997
2025-11-12 13:14:43,7.7125,107.3737,0.9997
2025-11-12 13:14:43,7.7145,107.1026,0.9997
2025-11-12 13:14:44,7.7161,80.0612,0.9997
2025-11-12 13:14:44,7.7175,87.7338,0.9997
2025-11-12 13:14:44,7.7165,78.2340,0.9998
2025-11-12 13:14:44,7.7164,78.1743,0.9998
2025-11-12 13:14:44,7.7154,93.9050,0.9997
2025-11-12 13:14:44,7.7161,99.8900,0.9997
2025-11-12 13:14:44,7.7177,116.2975,0.9996
2025-11-12 13:14:44,7.7170,117.2167,0.9996
2025-11-12 13:14:44,7.7121,226.8282,0.9993
2025-11-12 13:14:45,7.7159,287.3187,0.9991
2025-11-12 13:14:45,7.7154,281.3074,0.9991
2025-11-12 13:14:45,7.7165,281.1497,0.9991
2025-11-12 13:14:45,7.7218,149.5904,0.9995
2025-11-12 13:14:45,7.7204,129.9844,0.9996
2025-11-12 13:14:45,7.7201,126.7783,0.9996
2025-11-12 13:14:45,7.7201,126.7500,0.9996
2025-11-12 13:14:45,7.7192,145.7073,0.9995
2025-11-12 13:14:45,7.7198,154.7056,0.9995
2025-11-12 13:14:45,7.7204,160.3185,0.9995
2025-11-12 13:14:45,7.7195,162.3092,0.9995
2025-11-12 13:14:46,7.7146,287.6920,0.9991
