1.88
2.50
3.40
2.49
3.23
2.51
3.23
2.56
3.15
2.55
3.13
2.52
3.30
2.55
3.25
2.46
3.22
2.63
3.26
2.45
3.16
2.38
3.35
2.47
3.16
2.51
3.27
2.43
3.22
2.41
3.18
2.57
3.11
2.34
3.11
2.36
3.13
2.59
3.04
2.24
3.17
2.38
3.00
2.42
3.12
2.55
3.28
2.39
3.13
2.47
3.20
2.29
3.17
2.36
3.11
2.39
2.92
2.49
3.15
2.42
3.10
2.44
3.19
2.41
2.95
2.32
3.19
2.52
2.93
2.40
3.15
2.39
3.08
2.43
3.24
2.27
3.26
2.45
3.06
2.36
3.28
2.31
2.67
2.34
3.15
2.48
3.21
2.34
3.09
2.46
3.20
2.46
3.08
2.35
2.46
1.88
2.86
1.72
2.81
2.46
2.91
2.69
2.82
2.68
2.84
2.59
3.04
2.35
2.66
2.57
2.93
2.71
2.81
2.61
2.86
2.41
2.90
2.66
2.72
2.61
2.93
2.55
2.83
2.40
3.00
2.57
3.06
2.45
2.95
2.80
3.09
2.57
3.13
2.69
2.97
2.66
2.97
2.61
2.84
2.55
3.06
2.76
2.82
2.58
2.97
2.67
2.54
2.52
2.79
2.54
2.95
2.57
2.94
2.60
2.99
2.55
2.88
2.65
2.91
2.43
2.97
2.59
2.83
2.58
2.78
2.62
2.72
2.50
2.89
2.55
2.65
2.59
2.89
2.57
3.03
2.52
2.89
2.40
2.75
2.54
2.77
2.84
2.48
2.68
2.68
2.84
2.66
2.80
2.55
2.97
2.55
2.89
2.59
2.86
2.64
2.72
2.09
2.73
2.54
2.82
2.44
2.59
2.43
2.79
2.57
2.74
2.77
2.80
2.61
2.58
2.33
2.30
2.61
2.26
2.56
2.32
2.60
2.57
2.61
2.49
2.96
2.51
2.85
2.65
2.82
2.75
2.83
2.30
2.90
2.65
2.93
2.65
2.99
2.63
2.95
2.57
2.93
2.67
2.89
2.57
2.98
2.61
2.97
2.57
2.95
2.72
2.90
2.63
3.05
2.52
2.94
2.46
2.95
2.59
2.91
2.46
2.86
2.58
2.35
2.35
2.70
2.41
2.75
2.57
2.83
2.23
2.68
2.27
3.13
2.19
3.06
2.25
3.11
2.39
2.94
2.27
2.93
2.09
2.85
2.43
2.82
2.27
2.80
2.49
2.65
2.43
2.84
2.53
2.94
2.56
2.98
2.55
3.02
2.58
3.00
2.62
2.92
2.53
2.95
2.51
2.81
2.66
2.76
2.56
2.89
2.70
2.73
2.60
2.93
2.73
2.96
2.66
2.75
2.65
2.85
2.61
2.78
2.74
2.89
2.60
2.75
2.67
2.75
2.57
2.78
2.57
2.84
2.59
2.99
2.64
2.85
2.56
2.76
2.68
2.62
2.49
2.70
2.45
2.70
2.53
2.83
2.59
2.56
2.45
2.50
2.69
2.62
2.63
2.14
2.55
2.41
2.63
2.66
2.79
2.49
2.76
2.64
2.80
2.57
2.95
2.61
2.96
2.32
2.64
2.60
2.53
2.58
2.76
2.63
2.76
2.63
2.63
2.66
2.77
2.75
2.71
2.82
2.93
3.14
3.38
3.62
3.53
3.51
3.40
3.59
3.53
3.73
3.74
3.80
3.62
3.65
3.57
3.67
3.52
3.66
3.39
3.67
3.48
3.59
3.46
3.69
3.52
3.59
3.67
3.81
3.53
3.67
3.56
3.84
3.66
3.66
3.56
3.66
3.54
3.54
3.45
3.44
3.44
3.54
3.41
3.47
3.39
3.37
3.03
3.49
3.40
3.52
3.36
3.60
3.35
3.59
3.26
3.56
3.48
3.56
3.52
3.65
3.45
3.74
3.44
3.70
3.49
3.67
3.33
3.74
3.49
3.76
3.38
3.71
3.44
3.66
3.48
3.80
3.56
3.32
3.62
3.57
3.83
3.61
3.60
3.30
3.51
3.28
3.44
3.44
3.56
3.40
3.44
3.47
3.64
3.54
3.44
3.27
3.21
3.30
3.18
3.37
3.67
3.67
3.61
3.62
3.62
3.61
3.57
3.50
3.47
3.62
3.57
3.41
3.64
3.47
3.55
3.46
3.58
3.58
3.58
3.69
3.71
3.56
3.57
3.47
3.60
3.61
3.60
3.59
3.57
3.54
3.49
3.40
3.46
3.63
3.51
3.71
3.67
3.66
3.45
3.50
3.50
3.53
3.42
3.42
3.60
3.53
3.39
3.26
3.40
3.50
3.35
3.51
3.56
3.72
3.56
3.45
3.49
3.60
3.45
3.60
3.63
3.66
3.51
3.59
3.52
3.61
3.55
3.41
3.42
3.75
3.63
3.72
3.44
3.66
3.34
3.71
3.43
3.81
3.03
3.58
3.12
3.58
3.09
3.52
3.22
3.58
3.21
3.58
3.28
3.72
3.32
3.71
3.34
3.80
3.36
3.67
3.31
3.71
3.26
3.71
3.32
3.70
3.34
3.83
3.31
3.72
3.41
3.77
3.38
3.85
3.21
3.67
3.31
3.82
3.33
3.81
3.43
3.84
3.38
3.75
3.46
3.76
3.45
3.70
3.63
3.74
3.32
3.62
3.39
3.72
3.35
3.74
3.40
3.75
3.48
3.72
3.41
3.72
3.42
3.77
3.54
3.80
3.41
3.69
3.52
3.72
3.47
3.67
3.43
3.64
3.28
3.50
3.46
3.47
3.31
3.54
3.51
3.68
3.36
3.04
3.52
3.53
3.57
3.37
3.59
3.47
3.32
3.27
3.37
3.39
3.42
3.26
3.53
3.41
3.63
3.45
3.70
3.59
3.65
3.41
3.64
3.53
3.51
3.44
3.75
3.47
3.58
3.43
3.58
3.42
3.66
3.45
3.53
3.47
3.58
3.45
3.67
3.43
3.56
3.36
3.63
3.43
3.67
3.44
3.69
3.47
3.73
3.50
3.71
3.55
3.75
3.56
3.68
3.44
3.73
3.56
3.72
3.50
3.61
3.45
3.58
3.45
3.64
3.50
3.64
3.54
3.59
3.29
3.51
3.49
3.70
3.51
3.72
3.54
3.73
3.49
3.59
3.44
3.55
3.51
3.65
3.63
3.68
3.40
3.61
3.42
3.60
3.39
3.52
3.01
3.52
3.36
3.40
3.41
3.50
3.31
3.30
3.47
3.35
3.30
3.46
3.34
3.47
3.24
3.51
3.25
3.52
3.20
3.55
3.46
3.66
3.39
3.55
3.51
3.72
3.48
3.64
3.49
3.47
3.40
3.54
3.48
3.52
3.48
3.48
3.64
3.57
3.34
3.55
3.50
3.70
3.60
3.64
3.61
3.57
3.45
3.42
3.52
3.53
3.43
3.54
3.60
3.61
3.51
3.55
3.68
3.52
3.55
3.51
3.52
3.61
3.65
3.51
3.60
3.55
3.51
3.52
3.42
3.44
3.33
3.51
3.62
3.55
3.39
3.48
3.66
3.54
3.62
3.52
3.55
3.51
3.51
3.54
3.52
3.68
3.51
3.61
3.66
3.59
3.27
3.52
3.14
3.63
3.11
3.53
3.24
3.58
3.33
3.61
3.46
3.40
3.48
3.54
3.50
3.48
3.44
3.32
3.64
3.35
3.47
3.40
3.52
3.42
3.33
3.42
3.52
3.73
3.40
3.71
3.44
3.76
3.47
3.73
3.35
3.79
3.33
3.77
3.34
3.77
3.45
3.75
3.41
3.84
3.31
3.79
3.38
3.84
3.38
3.83
3.41
3.80
3.40
3.78
3.34
3.80
3.32
3.66
3.30
3.76
3.44
3.76
3.45
3.77
3.49
3.76
3.40
3.69
3.43
3.74
3.43
3.73
3.28
3.54
3.29
3.53
3.43
3.68
3.63
3.51
3.60
3.60
3.51
3.52
3.51
3.62
3.66
3.60
3.51
3.52
3.49
3.45
3.50
3.54
3.67
3.64
3.64
3.62
3.57
3.65
3.50
3.58
3.48
3.57
3.45
3.58
3.33
3.64
3.29
3.77
3.37
3.80
3.37
3.82
3.41
3.87
3.30
3.59
3.27
3.58
3.40
3.60
3.52
3.62
3.43
3.50
3.51
3.67
3.50
3.70
3.63
3.72
3.51
3.65
3.46
3.65
3.32
3.49
3.51
3.62
3.42
3.66
3.46
3.65
3.42
3.71
3.53
3.92
3.44
3.86
3.42
3.71
3.29
3.71
3.46
3.85
3.33
3.87
3.45
3.78
3.34
3.75
3.41
3.74
3.55
3.86
3.46
3.80
3.37
3.73
3.36
3.69
3.38
3.71
3.41
3.68
3.33
3.80
3.46
3.70
3.49
3.95
3.45
3.79
3.38
3.74
3.46
3.72
3.17
3.59
3.43
3.78
3.26
3.86
3.30
3.72
3.45
3.84
3.38
3.77
3.32
3.72
3.25
3.60
3.31
3.69
3.09
3.55
3.25
3.74
3.41
3.56
3.27
3.79
3.46
3.64
3.45
3.64
3.46
3.53
3.49
3.53
3.35
3.43
3.57
3.44
3.52
3.51
3.69
3.54
3.72
3.56
3.73
3.50
3.63
3.38
3.65
3.43
3.56
3.39
3.64
3.34
3.62
3.50
3.84
3.45
3.70
3.32
3.83
3.56
3.86
3.47
3.73
3.37
3.64
3.41
3.68
3.39
3.65
3.55
3.78
3.56
3.80
3.44
3.78
3.45
3.85
3.53
3.83
3.37
3.62
3.39
3.69
3.37
3.61
3.50
3.68
3.44
3.67
3.38
3.71
3.28
3.73
3.56
3.88
3.44
3.65
3.33
3.68
3.42
3.83
3.40
3.79
3.47
3.68
3.41
3.58
3.42
3.56
3.40
3.75
3.28
3.68
3.40
3.74
3.23
3.81
3.36
3.79
3.12
3.50
3.35
3.71
3.19
3.75
3.17
3.71
3.28
3.86
3.17
3.98
3.18
3.76
3.17
3.94
3.11
3.75
3.29
3.91
3.24
3.55
3.19
3.61
3.14
3.67
3.31
3.74
3.35
3.66
3.46
3.81
3.57
3.61
3.57
3.64
3.48
3.58
3.62
3.57
3.53
3.47
3.49
3.63
3.60
3.42
3.56
3.67
3.55
3.36
3.67
3.51
3.61
3.42
3.72
3.50
3.62
3.44
3.73
3.58
3.70
3.49
3.71
3.66
3.69
3.47
3.71
3.53
3.53
3.35
3.57
3.38
3.62
3.26
3.66
3.34
3.72
3.34
3.63
3.51
3.73
3.45
3.56
3.43
3.60
3.34
3.65
3.39
3.68
3.17
3.59
3.32
3.79
3.16
3.77
3.19
3.54
3.18
3.76
3.42
3.74
3.21
3.73
3.33
3.77
3.22
3.79
3.38
3.67
3.17
3.81
3.24
3.82
3.22
3.75
3.46
3.75
3.28
3.78
3.34
3.74
3.24
3.78
3.27
3.72
3.33
3.74
3.33
3.88
3.26
3.84
3.18
3.95
3.50
3.90
3.33
3.81
3.36
3.85
3.34
3.82
3.25
3.84
3.42
3.79
3.17
3.54
3.27
3.63
3.37
3.84
3.31
3.72
3.20
3.71
3.32
3.65
3.29
3.63
3.42
3.73
3.27
3.71
3.35
3.70
3.42
3.85
3.52
3.69
3.38
3.52
3.49
3.48
3.24
3.55
3.33
3.82
3.34
3.70
3.24
3.63
3.34
3.85
3.43
3.93
3.28
3.83
3.41
3.77
3.13
3.69
3.42
3.69
3.38
3.69
3.38
3.77
3.31
3.74
3.36
3.78
3.32
3.79
3.35
3.68
3.20
3.64
3.30
3.63
3.23
3.67
3.46
3.61
3.45
3.57
3.52
3.54
3.58
3.62
3.46
3.58
3.55
3.71
3.54
3.67
3.49
3.60
3.44
3.61
3.51
3.68
3.46
3.69
3.54
3.70
3.53
3.64
3.38
3.63
3.55
3.64
3.49
3.69
3.52
3.70
3.53
3.69
3.57
3.72
3.65
3.66
3.66
3.71
3.54
3.60
3.37
3.58
3.44
3.60
3.50
3.52
3.45
3.43
3.48
3.40
3.59
3.52
3.54
3.54
3.42
3.45
3.44
3.72
3.53
3.63
3.38
3.59
3.43
3.64
3.42
3.51
3.61
3.51
3.50
3.45
3.54
3.41
3.30
3.51
3.58
3.59
3.49
3.50
3.54
3.44
3.39
3.48
3.46
3.72
3.52
3.62
3.42
3.57
3.33
3.57
3.42
3.58
3.49
3.65
3.45
3.59
3.45
3.62
3.38
3.66
3.53
3.76
3.50
3.79
3.43
3.72
3.42
3.68
3.49
3.73
3.43
3.76
3.51
3.66
3.42
3.60
3.39
3.66
3.41
3.74
3.38
3.59
3.27
3.52
3.32
3.75
3.45
3.68
3.43
3.56
3.49
3.78
3.44
3.69
3.44
3.77
3.47
3.69
3.33
3.72
3.27
3.74
3.30
3.68
3.27
3.62
3.06
3.66
3.21
3.60
3.24
3.96
3.22
3.94
3.16
3.78
3.12
3.92
3.24
3.90
3.10
3.77
3.17
3.92
3.09
3.75
3.12
3.68
3.09
3.94
3.25
3.81
3.14
3.91
3.36
3.95
3.25
3.78
3.24
3.76
3.18
3.74
3.39
3.87
3.16
3.88
3.23
3.68
3.30
3.78
3.32
3.69
3.28
3.61
3.22
3.66
3.18
3.60
3.28
3.71
3.36
3.83
3.33
3.78
3.40
3.71
3.26
3.75
3.43
3.71
3.52
3.73
3.35
3.60
3.34
3.72
3.50
3.71
3.42
3.79
3.47
3.62
3.38
3.81
3.37
3.68
3.46
3.94
3.49
3.64
3.41
3.68
3.40
3.55
3.40
3.60
3.58
3.65
3.44
3.62
3.43
3.55
3.43
3.70
3.51
3.44
3.53
3.42
3.52
3.43
3.45
3.37
3.48
3.50
3.41
3.49
3.20
3.53
3.22
3.72
3.41
3.72
3.36
3.47
3.21
3.75
3.27
3.72
3.33
3.67
3.39
3.67
3.24
3.75
3.13
3.78
3.27
3.73
3.25
3.82
3.36
3.78
3.42
3.76
3.40
3.70
3.22
3.65
3.34
3.68
3.31
3.62
3.44
3.72
3.43
3.60
3.48
3.51
3.35
3.63
3.32
3.66
3.45
3.64
3.38
3.56
3.44
3.63
3.36
3.68
3.49
3.63
3.51
3.62
3.44
3.56
3.39
3.69
3.49
3.59
3.45
3.62
3.32
3.70
3.39
3.66
3.54
3.81
3.50
3.79
3.55
3.89
3.58
3.69
3.55
3.70
3.50
3.75
3.41
3.76
3.33
3.70
3.32
3.78
3.25
3.71
3.29
3.70
3.34
3.59
3.44
3.57
3.20
3.63
3.52
3.66
3.46
3.48
3.50
3.32
3.56
3.43
3.57
3.42
3.67
3.36
3.62
3.39
3.60
3.40
3.60
3.29
3.79
3.37
3.71
3.22
3.65
3.26
3.69
3.28
3.67
3.27
3.53
3.25
3.57
3.24
3.48
3.19
3.60
3.49
3.57
3.41
3.61
3.45
3.57
3.46
3.75
3.42
3.69
3.57
3.81
3.45
3.59
3.36
3.69
3.46
3.82
3.41
3.82
3.43
3.73
3.46
3.81
3.48
3.63
3.41
3.71
3.38
3.66
3.46
3.81
3.42
3.92
3.39
3.82
3.34
3.86
3.37
3.93
3.29
3.82
3.26
3.88
3.33
3.80
3.28
3.84
3.30
3.77
3.46
3.81
3.28
3.75
3.40
3.80
3.25
3.57
3.36
3.61
3.35
3.66
3.37
3.61
3.33
3.72
3.43
3.59
3.47
3.68
3.59
3.61
3.60
3.66
3.35
3.42
3.49
3.49
3.47
3.50
3.48
3.33
3.59
3.30
3.47
3.45
3.27
3.46
3.51
3.32
3.34
3.41
3.41
3.40
3.38
3.51
3.43
3.53
3.38
3.62
3.52
3.53
3.40
3.61
3.67
3.67
3.41
3.66
3.61
3.66
3.38
3.65
3.55
3.57
3.48
3.62
3.56
3.47
3.37
3.52
3.62
3.74
3.67
3.59
3.71
3.52
3.61
3.51
3.70
3.46
3.51
3.60
3.72
3.54
3.60
3.49
3.62
3.50
3.68
3.55
3.77
3.34
3.52
3.48
3.70
3.46
3.48
3.43
3.60
3.46
3.57
3.57
3.65
3.52
3.60
3.63
3.53
3.62
3.56
3.63
3.50
3.60
3.36
3.51
3.60
3.62
3.44
3.56
3.60
3.58
3.47
3.58
3.41
3.45
3.50
3.64
3.44
3.70
3.35
3.67
3.34
3.62
3.33
3.65
3.44
3.74
3.45
3.73
3.51
3.62
3.49
3.62
3.58
3.71
3.49
3.51
3.52
3.76
3.50
3.66
3.46
3.81
3.60
3.80
3.48
3.76
3.46
3.71
3.39
3.66
3.48
3.78
3.52
3.83
3.51
3.81
3.36
3.78
3.43
3.90
3.40
3.98
3.34
3.76
3.22
3.81
3.37
3.75
3.53
3.75
3.39
3.66
3.36
3.80
3.45
3.84
3.30
3.69
3.37
3.59
3.28
3.71
3.39
3.68
3.48
3.85
3.47
3.86
3.55
3.71
3.52
3.80
3.51
3.81
3.50
3.69
3.44
3.71
3.36
3.67
3.25
3.69
3.36
3.71
3.44
3.90
3.37
3.70
3.34
3.80
3.34
3.66
3.48
3.64
3.41
3.48
3.37
3.54
3.26
3.39
3.46
3.54
3.44
3.41
3.44
3.71
3.38
3.45
3.46
3.53
3.43
3.38
3.53
3.28
3.45
3.35
3.43
3.48
3.48
3.58
3.63
3.55
3.53
3.50
3.56
3.64
3.52
3.46
3.51
3.55
3.46
3.52
3.43
3.61
3.42
3.58
3.45
3.76
3.55
3.58
3.49
3.74
3.54
3.57
3.34
3.59
3.40
3.57
3.40
3.62
3.43
3.47
3.32
3.59
3.46
3.52
3.46
3.43
3.44
3.47
3.52
3.59
3.49
3.59
3.43
3.42
3.44
3.34
3.46
3.54
3.55
3.42
3.47
3.53
3.49
3.49
3.42
3.45
3.43
3.62
3.47
3.50
3.44
3.50
3.33
3.59
3.37
3.51
3.38
3.59
3.51
3.57
3.30
3.51
3.38
3.56
3.30
3.63
3.48
3.55
3.54
3.65
3.62
3.57
3.64
3.57
3.74
3.59
3.56
3.52
3.63
3.48
3.46
3.54
3.58
3.56
3.51
3.50
3.52
3.40
3.45
3.50
3.43
3.50
3.67
3.66
3.55
3.53
3.54
3.43
3.49
3.51
3.55
3.62
3.64
3.55
3.77
3.47
3.65
3.52
3.64
3.55
3.65
3.45
3.55
3.40
3.65
3.41
3.59
3.58
3.65
3.40
3.65
3.45
3.49
3.16
3.57
3.56
3.67
3.55
3.78
3.46
3.63
3.40
3.66
3.31
3.47
3.50
3.61
3.48
3.57
3.47
3.62
3.47
3.62
3.44
3.51
3.40
3.60
3.41
3.66
3.36
3.69
3.35
3.71
3.34
3.60
3.33
3.65
3.44
3.72
3.49
3.77
3.50
3.75
3.42
3.87
3.41
3.65
3.48
3.73
3.45
3.62
3.45
3.66
3.34
3.62
3.48
3.58
3.48
3.65
3.45
3.68
3.45
3.66
3.40
3.67
3.48
3.81
3.47
3.75
3.35
3.64
3.38
3.69
3.46
3.67
3.57
3.60
3.45
3.54
3.39
3.52
3.48
3.52
3.50
3.62
3.41
3.58
3.44
3.51
3.43
3.64
3.61
3.60
3.54
3.54
3.59
3.55
3.52
3.64
3.68
3.74
3.54
3.61
3.45
3.53
3.41
3.68
3.53
3.78
3.58
3.71
3.56
3.69
3.52
3.68
3.55
3.70
3.52
3.67
3.41
3.56
3.44
3.60
3.59
3.49
3.54
3.43
3.51
3.35
3.54
3.36
3.54
3.57
3.56
3.51
3.56
3.48
3.54
3.31
3.46
3.31
3.72
3.60
3.75
3.44
3.69
3.45
3.58
3.33
3.63
3.49
3.66
3.37
3.51
3.41
3.61
3.37
3.59
3.66
3.84
3.38
3.60
3.56
3.62
3.34
3.51
3.39
3.62
3.42
3.54
3.34
3.52
3.38
3.54
3.34
3.49
3.58
3.66
3.43
3.58
3.37
3.50
3.41
3.49
3.49
3.49
3.51
3.59
3.59
3.68
3.52
3.60
3.54
3.63
3.51
3.59
3.66
3.57
3.52
3.52
3.56
3.61
3.51
3.58
3.65
3.71
3.57
3.64
3.47
3.69
3.49
3.67
3.69
3.62
3.48
3.61
3.53
3.55
3.51
3.58
3.53
3.63
3.50
3.60
3.48
3.61
3.61
3.79
3.66
3.73
3.50
3.55
3.34
3.47
3.36
3.54
3.36
3.59
3.38
3.78
3.41
3.61
3.36
3.77
3.49
3.69
3.44
3.73
3.39
3.42
3.33
3.59
3.44
3.60
3.52
3.80
3.53
3.46
3.45
3.63
3.60
3.56
3.61
3.54
3.43
3.35
3.50
3.52
3.49
3.23
3.30
3.58
3.51
3.24
3.33
3.38
3.42
3.19
3.53
3.38
3.33
3.29
3.34
3.59
3.44
3.39
3.44
3.61
3.60
3.49
3.58
3.50
3.51
3.37
3.44
3.54
3.45
3.38
3.40
3.48
3.41
3.44
3.63
3.60
3.59
3.56
3.79
3.49
3.67
3.35
3.62
3.42
3.68
3.23
3.68
3.45
3.72
3.25
3.63
3.29
3.74
3.24
3.70
3.36
3.85
3.35
3.79
3.43
3.87
3.29
3.78
3.37
3.80
3.26
3.73
3.31
3.75
3.38
3.78
3.25
3.71
3.15
3.74
3.17
3.72
3.13
3.79
3.16
3.80
3.13
3.70
3.10
3.76
3.23
3.87
3.30
3.79
3.23
3.66
3.31
3.79
3.22
3.69
3.37
3.75
3.34
3.68
3.27
3.66
3.31
3.77
3.41
3.80
3.34
3.58
3.36
3.66
3.43
3.66
3.59
3.63
3.45
3.59
3.45
3.56
3.59
3.62
3.67
3.77
3.50
3.64
3.36
3.64
3.62
3.64
3.52
3.63
3.58
3.51
3.41
3.51
3.38
3.49
3.44
3.52
3.52
3.49
3.48
3.49
3.47
3.40
3.41
3.47
3.66
3.66
3.54
3.51
3.47
3.45
3.41
3.45
3.53
3.36
3.48
3.52
3.64
3.42
3.56
3.43
3.57
3.58
3.55
3.55
3.31
3.45
3.47
3.49
3.58
3.54
3.51
3.52
3.40
3.38
3.44
3.45
3.51
3.48
3.71
3.55
3.54
3.39
3.43
3.34
3.57
3.41
3.58
3.48
3.47
3.41
3.53
3.45
3.52
3.49
3.58
3.46
3.63
3.35
3.53
3.37
3.58
3.55
3.73
3.51
3.57
3.50
3.50
3.40
3.45
3.59
3.49
3.61
3.63
3.54
3.51
3.47
3.38
3.55
3.51
3.47
3.49
3.56
3.65
3.46
3.30
3.57
3.49
3.55
3.39
3.50
3.40
3.61
3.34
3.46
3.47
3.56
3.44
3.43
3.43
3.52
3.45
3.54
3.58
3.48
3.59
3.51
3.51
3.51
3.72
3.41
3.43
3.42
3.44
3.33
3.48
3.42
3.41
3.24
3.40
3.37
3.39
3.35
3.51
3.37
3.61
3.44
3.54
3.47
3.45
3.36
3.63
3.59
3.55
3.43
3.35
3.41
3.34
3.42
3.34
3.54
3.40
3.71
3.52
3.81
3.41
3.61
3.33
3.65
3.37
3.72
3.29
3.72
3.30
3.61
3.32
3.69
3.31
3.62
3.44
3.68
3.43
3.61
3.30
3.68
3.47
3.64
3.42
3.49
3.27
3.39
3.23
3.54
3.29
3.51
3.48
3.64
3.42
3.62
3.35
3.56
3.37
3.78
3.45
3.68
3.41
3.58
3.37
3.70
3.40
3.62
3.46
3.81
3.49
3.61
3.44
3.80
3.33
3.63
3.40
3.70
3.28
3.57
3.31
3.72
3.37
3.60
3.22
3.73
3.32
3.56
3.32
3.75
3.47
3.85
3.43
3.63
3.41
3.71
3.46
3.68
3.31
3.40
3.32
3.44
3.40
3.58
3.44
3.56
3.44
3.38
3.55
3.55
3.57
3.58
3.62
3.38
3.44
3.34
3.45
3.29
3.50
3.44
3.58
3.47
3.77
3.72
3.59
3.54
3.57
3.55
3.74
3.57
3.64
3.47
3.56
3.44
3.34
3.48
3.33
3.65
3.43
3.74
3.51
3.74
3.46
3.64
3.41
3.62
3.43
3.62
3.21
3.64
3.29
3.46
3.26
3.46
3.64
3.42
3.52
3.54
3.64
3.45
3.60
3.46
3.61
3.46
3.59
3.40
3.52
3.49
3.51
3.49
3.52
3.41
3.79
3.44
3.80
3.37
3.65
3.32
3.78
3.33
3.58
3.23
3.68
3.22
3.68
3.27
3.77
3.25
3.77
3.42
3.78
3.49
3.66
3.34
3.69
3.36
3.65
3.21
3.61
3.54
3.55
3.47
3.63
3.51
3.57
3.51
3.77
3.51
3.47
3.54
3.53
3.50
3.59
3.52
3.66
3.50
3.53
3.43
3.58
3.50
3.35
3.56
3.70
3.69
3.44
3.52
3.47
3.47
3.41
3.44
3.67
3.54
3.62
3.61
3.65
3.42
3.54
3.45
3.62
3.37
3.55
3.59
3.67
3.49
3.61
3.43
3.50
3.29
3.38
3.55
3.49
3.44
3.46
3.67
3.59
3.55
3.48
3.51
3.69
3.59
3.37
3.65
3.50
3.55
3.45
3.86
3.43
3.70
3.33
3.84
3.44
3.83
3.25
3.89
3.35
3.88
3.40
3.88
3.43
3.63
3.23
3.86
3.52
3.62
3.32
3.74
3.46
3.59
3.32
3.75
3.40
3.57
3.41
3.65
3.46
3.42
3.30
3.58
3.56
3.67
3.80
3.67
3.53
3.54
3.53
3.68
3.48
3.57
3.38
3.86
3.32
3.70
3.28
3.73
3.35
3.76
3.37
3.94
3.39
3.86
3.44
3.86
3.47
3.65
3.32
3.79
3.50
3.56
3.30
3.76
3.35
3.60
3.38
3.69
3.53
3.73
3.55
3.75
3.40
3.61
3.18
3.55
3.48
3.65
3.35
3.64
3.39
3.57
3.35
3.55
3.21
3.63
3.32
3.71
3.32
3.77
3.27
3.76
3.23
3.68
3.38
3.63
3.33
3.60
3.27
3.60
3.25
3.55
3.27
3.87
3.38
3.81
3.25
3.74
3.15
3.66
3.27
3.73
3.26
3.75
3.31
3.94
3.33
3.73
3.21
3.75
3.24
3.82
3.31
3.86
3.28
3.65
3.31
3.78
3.20
3.72
3.28
3.87
3.47
3.89
3.31
3.88
3.34
3.83
3.28
3.89
3.24
3.86
3.26
3.85
3.26
3.73
3.20
3.89
3.42
3.88
3.28
3.81
3.39
3.81
3.23
3.55
3.28
3.66
3.27
3.71
3.45
3.77
3.37
3.60
3.46
3.83
3.39
3.56
3.40
3.65
3.46
3.46
3.38
3.60
3.33
3.49
3.45
3.61
3.41
3.55
3.34
3.57
3.29
3.65
3.37
3.44
3.41
3.35
3.32
3.47
3.26
3.46
3.49
3.60
3.45
3.46
3.40
3.45
3.51
3.39
3.61
3.64
3.61
3.53
3.47
3.43
3.48
3.40
3.47
3.49
3.64
3.49
3.57
3.62
3.57
3.52
3.57
3.69
3.60
3.49
3.39
3.40
3.39
3.52
3.43
3.57
3.38
3.46
3.38
3.61
3.62
3.55
3.65
3.66
3.72
3.52
3.52
3.63
3.57
3.64
3.42
3.72
3.52
3.52
3.35
3.64
3.50
3.76
3.39
3.79
3.43
3.59
3.35
3.66
3.39
3.68
3.30
3.74
3.50
3.73
3.34
3.71
3.43
3.77
3.35
3.77
3.48
3.85
3.41
3.74
3.51
3.64
3.47
3.61
3.52
3.63
3.52
3.61
3.49
3.42
3.66
3.52
3.65
3.51
3.61
3.39
3.75
3.54
3.59
3.36
3.71
3.41
3.65
3.48
3.84
3.38
3.76
3.48
3.76
3.46
3.76
3.41
3.68
3.28
3.72
3.15
3.57
3.09
3.62
3.12
3.71
3.08
3.73
3.16
3.65
3.28
3.69
3.22
3.85
3.14
3.90
3.18
3.86
3.00
3.88
3.07
3.81
2.95
3.82
2.87
3.76
2.89
3.90
2.96
3.84
2.92
3.80
2.78
3.74
2.88
3.86
2.94
3.84
3.09
4.12
3.19
3.98
3.15
3.90
3.10
3.89
3.10
3.89
3.08
4.01
3.25
3.85
3.05
3.91
3.26
3.88
3.18
3.84
3.33
4.03
3.42
3.85
3.41
3.72
3.30
3.75
3.56
3.82
3.36
3.76
3.48
3.74
3.38
3.76
3.42
3.76
3.54
3.77
3.50
3.73
3.39
3.61
3.49
3.72
3.38
3.64
3.40
3.71
3.44
3.69
3.40
3.77
3.52
3.77
3.58
3.75
3.50
3.74
3.49
3.69
3.42
3.51
3.43
3.45
3.32
3.51
3.41
3.37
3.37
3.55
3.45
3.44
3.51
3.39
3.53
3.47
3.47
3.43
3.44
3.29
3.38
3.22
3.70
3.12
3.66
2.92
3.47
3.11
3.63
3.18
3.69
3.21
3.67
3.27
3.54
3.08
3.57
3.18
3.64
3.23
3.65
3.31
3.68
3.26
3.64
3.46
3.63
3.38
3.68
3.50
3.67
3.19
3.48
3.31
3.57
3.29
3.49
3.46
3.59
3.46
3.47
3.43
3.63
3.53
3.60
3.56
3.76
3.62
3.54
3.53
3.54
3.45
3.57
3.59
3.57
3.49
3.56
3.43
3.53
3.46
3.54
3.51
3.64
3.45
3.58
3.33
3.40
3.29
3.60
3.44
3.74
3.54
3.61
3.37
3.60
3.38
3.66
3.46
3.55
3.55
3.70
3.44
3.63
3.37
3.69
3.38
3.56
3.35
3.69
3.43
3.60
3.37
3.69
3.28
3.66
3.44
3.72
3.36
3.57
3.25
3.69
3.38
3.65
3.34
3.67
3.37
3.72
3.33
3.76
3.43
3.81
3.30
3.95
3.47
3.78
3.26
3.65
3.30
3.71
3.21
3.72
3.29
3.86
3.28
3.91
3.42
3.87
3.24
3.84
3.32
3.80
3.30
3.89
3.23
3.77
3.27
3.83
3.21
3.78
3.28
3.83
3.28
3.87
3.31
3.89
3.40
3.89
3.29
3.76
3.31
3.57
3.21
3.75
3.41
3.75
3.25
3.63
3.34
3.83
3.50
3.91
3.37
3.92
3.33
3.71
3.16
3.64
3.10
3.55
3.28
3.75
3.30
3.62
3.23
3.66
3.19
3.81
3.32
3.85
3.24
3.68
3.19
3.67
3.20
3.60
3.29
3.54
3.32
3.58
3.47
3.55
3.34
3.60
3.45
3.51
3.48
3.52
3.41
3.61
3.45
3.55
3.40
3.75
3.56
3.48
3.41
3.56
3.26
3.50
3.40
3.53
3.56
3.51
3.44
3.49
3.47
3.58
3.42
3.61
3.50
3.57
3.49
3.54
3.42
3.53
3.51
3.60
3.56
3.69
3.52
3.66
3.53
3.72
3.44
3.71
3.52
3.80
3.50
3.71
3.42
3.61
3.40
3.63
3.42
3.70
3.50
3.60
3.47
3.71
3.49
3.60
3.45
3.76
3.59
3.66
3.41
3.53
3.38
3.70
3.63
3.61
3.52
3.63
3.52
3.58
3.66
3.60
3.49
3.61
3.56
3.61
3.49
3.73
3.47
3.69
3.37
3.62
3.58
3.48
3.53
3.50
3.60
3.42
3.66
3.29
3.55
3.30
3.57
3.39
3.62
3.53
3.55
3.57
3.52
3.42
3.61
3.32
3.49
3.48
3.66
3.49
3.41
3.39
3.41
3.45
3.46
3.61
3.56
3.53
3.50
3.54
3.49
3.55
3.42
3.69
3.48
3.76
3.50
3.60
3.45
3.58
3.49
3.59
3.55
3.68
3.54
3.64
3.54
3.58
3.51
3.49
3.48
3.47
3.54
3.55
3.56
3.54
3.61
3.55
3.53
3.70
3.65
3.63
3.52
3.56
3.56
3.53
3.52
3.66
3.63
3.67
3.68
3.51
3.57
3.54
3.53
3.54
3.59
3.57
3.53
3.53
3.44
3.60
3.41
3.59
3.47
3.62
3.43
3.73
3.36
3.70
3.30
3.73
3.45
3.68
3.54
3.50
3.50
3.71
3.45
3.58
3.66
3.63
3.35
3.62
3.43
3.74
3.28
3.66
3.34
3.71
3.38
3.71
3.49
3.73
3.51
3.70
3.39
3.84
3.33
3.63
3.39
3.77
3.39
3.58
3.37
3.65
3.39
3.52
3.55
3.51
3.55
3.44
3.70
3.56
3.56
3.38
3.63
3.44
3.48
3.28
3.57
3.52
3.64
3.48
3.62
3.57
3.61
3.56
3.69
3.66
3.64
3.40
3.59
3.44
3.43
3.38
3.54
3.52
3.61
3.48
3.61
3.33
3.51
3.40
3.83
3.53
3.78
3.50
3.80
3.41
3.60
3.38
3.62
3.43
3.56
3.54
3.68
3.42
3.54
3.50
3.89
3.64
3.78
3.50
3.70
3.53
3.51
3.33
3.47
3.38
3.42
3.31
3.55
3.34
3.38
3.27
3.55
3.43
3.60
3.32
3.59
3.29
3.54
3.30
3.54
3.26
3.48
3.32
3.50
3.39
3.45
3.18
3.43
3.45
3.78
3.64
3.65
3.40
3.54
3.44
3.46
3.36
3.37
3.49
3.49
3.54
3.36
3.48
3.52
3.47
3.52
3.71
3.68
3.67
3.52
3.52
3.51
3.55
3.47
3.63
3.61
3.63
3.45
3.59
3.52
3.52
3.51
3.64
3.77
3.56
3.54
3.49
3.53
3.31
3.53
3.48
3.58
3.50
3.49
3.49
3.58
3.53
3.58
3.50
3.74
3.70
3.53
3.42
3.52
3.16
3.65
3.39
3.62
3.31
3.61
3.30
3.61
3.34
3.60
3.38
3.76
3.42
3.86
3.43
3.70
3.27
3.66
3.40
3.63
3.18
3.65
3.25
3.69
3.19
3.47
3.18
3.59
3.36
3.79
3.51
3.57
3.26
3.59
3.32
3.71
3.29
3.69
3.15
3.57
3.16
3.66
3.28
3.73
3.25
3.74
3.39
3.71
3.13
3.71
3.16
3.77
3.08
3.86
3.10
3.84
2.96
3.77
3.09
3.90
3.15
3.86
3.17
3.84
3.16
3.80
3.09
3.74
3.05
3.81
3.18
3.93
3.11
3.86
3.14
3.87
3.27
4.11
3.32
3.95
3.10
4.02
3.07
3.89
3.12
3.93
3.11
4.10
3.21
3.89
3.18
3.80
3.17
4.01
3.17
4.01
3.03
3.92
3.06
3.90
3.19
3.94
3.15
3.91
3.16
3.85
3.24
3.75
3.18
3.87
3.38
3.91
3.37
3.95
3.28
3.89
3.18
3.89
3.27
3.83
3.17
3.89
3.16
3.78
3.12
3.73
3.21
3.71
3.15
3.85
3.32
3.72
3.11
3.66
3.18
3.70
3.11
3.54
3.23
3.49
3.23
3.54
3.35
3.56
3.34
3.68
3.27
3.59
3.45
3.60
3.37
3.53
3.48
3.53
3.45
3.43
3.50
3.41
3.50
3.53
3.78
3.57
3.55
3.50
3.60
3.45
3.55
3.41
3.50
3.50
3.61
3.46
3.59
3.43
3.62
3.32
3.75
3.51
3.59
3.32
3.72
3.31
3.72
3.32
3.83
3.35
3.65
3.22
3.77
3.42
3.71
3.31
3.80
3.62
3.74
3.34
3.67
3.28
3.69
3.29
3.78
3.40
3.67
3.28
3.85
3.33
3.72
3.27
3.80
3.41
3.85
3.30
3.86
3.36
3.77
3.25
3.76
3.44
3.66
3.29
3.74
3.40
3.70
3.33
3.67
3.37
3.64
3.33
3.98
3.48
3.59
3.35
3.61
3.46
3.53
3.32
3.58
3.41
3.52
3.36
3.82
3.44
3.51
3.33
3.59
3.48
3.55
3.34
3.56
3.28
3.34
3.33
3.47
3.41
3.39
3.39
3.50
3.53
3.49
3.55
3.52
3.52
3.49
3.42
3.54
3.53
3.39
3.56
3.47
3.44
3.38
3.55
3.41
3.48
3.26
3.59
3.34
3.65
3.49
3.59
3.41
3.44
3.22
3.49
3.23
3.43
3.33
3.59
3.43
3.54
3.34
3.67
3.46
3.58
3.34
3.69
3.47
3.71
3.25
3.60
3.31
3.63
3.38
3.76
3.44
3.82
3.34
3.67
3.37
3.66
3.35
3.58
3.40
3.62
3.44
3.69
3.44
3.68
3.48
3.71
3.59
3.61
3.70
3.63
3.49
3.66
3.35
3.56
3.40
3.60
3.49
3.64
3.46
3.54
3.41
3.64
3.41
3.65
3.39
3.79
3.49
3.52
3.30
3.47
3.36
3.46
3.29
3.56
3.43
3.51
3.42
3.61
3.51
3.66
3.40
3.72
3.40
3.70
3.34
3.58
3.27
3.55
3.28
3.59
3.40
3.54
3.34
3.63
3.38
3.50
3.53
3.82
3.47
3.64
3.42
3.67
3.34
3.69
3.40
3.58
3.27
3.54
3.38
3.64
3.44
3.51
3.46
3.56
3.50
3.57
3.43
3.54
3.35
3.46
3.37
3.54
3.33
3.67
3.52
3.68
3.36
3.50
3.47
3.57
3.43
3.63
3.49
3.58
3.56
3.55
3.54
3.57
3.43
3.48
3.60
3.74
3.63
3.62
3.60
3.66
3.57
3.67
3.39
3.60
3.51
3.69
3.48
3.50
3.44
3.51
3.46
3.63
3.72
3.61
3.56
3.42
3.58
3.40
3.53
3.52
3.46
3.40
3.54
3.45
3.45
3.41
3.54
3.46
3.68
3.38
3.72
3.46
3.66
3.30
3.59
3.30
3.70
3.24
3.60
3.24
3.76
3.19
3.69
3.23
3.77
3.32
3.75
3.31
3.74
3.36
3.69
3.23
3.68
3.13
3.57
3.36
3.66
3.30
3.54
3.42
3.63
3.34
3.56
3.43
3.67
3.41
3.55
3.58
3.65
3.45
3.55
3.32
3.60
3.28
3.47
3.42
3.57
3.45
3.50
3.43
3.62
3.43
3.56
3.55
3.57
3.50
3.42
3.42
3.48
3.50
3.51
3.52
3.62
3.54
3.52
3.56
3.59
3.51
3.44
3.38
3.62
3.49
3.60
3.38
3.79
3.52
3.69
3.44
3.81
3.60
3.62
3.44
3.63
3.39
3.59
3.37
3.65
3.43
3.61
3.43
3.57
3.49
3.55
3.60
3.51
3.59
3.42
3.45
3.53
3.44
3.37
3.50
3.50
3.50
3.51
3.53
3.44
3.52
3.45
3.69
3.52
3.60
3.43
3.46
3.42
3.48
3.37
3.42
3.46
3.44
3.48
3.47
3.57
3.58
3.61
3.62
3.74
3.54
3.65
3.47
3.55
3.47
3.47
3.32
3.47
3.40
3.54
3.32
3.67
3.42
3.53
3.46
3.60
3.66
3.69
3.43
3.61
3.47
3.45
3.33
3.47
3.40
3.50
3.27
3.42
3.44
3.32
3.42
3.41
3.62
3.42
3.54
3.46
3.59
3.31
3.54
3.25
3.64
3.35
3.58
3.50
3.56
3.57
3.44
3.44
3.63
3.61
3.41
3.47
3.57
3.52
3.50
3.47
3.41
3.43
3.47
3.53
3.69
3.42
3.54
3.47
3.69
3.52
3.56
3.43
3.51
3.44
3.52
3.47
3.48
3.35
3.42
3.43
3.56
3.65
3.44
3.59
3.50
3.57
3.47
3.49
3.48
3.40
3.50
3.56
3.48
3.37
3.47
3.42
3.43
3.42
3.43
3.47
3.45
3.35
3.44
3.55
3.50
3.45
3.48
3.55
3.42
3.50
3.35
3.54
3.35
3.44
3.40
3.69
3.52
3.54
3.36
3.53
3.39
3.45
3.28
3.46
3.47
3.53
3.47
3.60
3.38
3.43
3.38
3.73
3.48
3.53
3.44
3.70
3.42
3.52
3.37
3.72
3.36
3.50
3.34
3.66
3.44
3.54
3.35
3.71
3.56
3.56
3.33
3.48
3.28
3.42
3.43
3.55
3.41
3.45
3.45
3.59
3.55
3.55
3.48
3.59
3.42
3.51
3.41
3.73
3.41
3.59
3.49
3.77
3.57
3.62
3.36
3.53
3.43
3.48
3.41
3.65
3.54
3.51
3.54
3.56
3.52
3.49
3.53
3.55
3.56
3.55
3.67
3.50
3.59
3.40
3.61
3.40
3.70
3.40
3.56
3.43
3.73
3.43
3.69
3.32
3.60
3.49
3.63
3.34
3.64
3.46
3.59
3.29
3.53
3.55
3.58
3.43
3.57
3.56
3.42
3.52
3.37
3.39
3.36
3.41
3.50
3.45
3.46
3.45
3.51
3.54
3.51
3.47
3.65
3.44
3.49
3.33
3.64
3.37
3.51
3.40
3.54
3.47
3.55
3.45
3.50
3.42
3.46
3.52
3.48
3.45
3.42
3.48
3.54
3.59
3.39
3.46
3.45
3.40
3.46
3.65
3.63
3.47
3.36
3.50
3.51
3.54
3.37
3.58
3.45
3.55
3.41
3.43
3.48
3.48
3.35
3.48
3.51
3.44
3.37
3.41
3.40
3.51
3.35
3.44
3.54
3.48
3.37
3.52
3.39
3.60
3.29
3.52
3.40
3.42
3.32
3.43
3.41
3.49
3.36
3.50
3.36
3.51
3.36
3.71
3.59
3.63
3.36
3.49
3.50
3.71
3.37
3.48
3.28
3.63
3.36
3.52
3.27
3.49
3.23
3.46
3.37
3.53
3.25
3.50
3.44
3.42
3.34
3.34
3.41
3.54
3.60
3.58
3.52
3.47
3.46
3.42
3.55
3.49
3.45
3.52
3.53
3.54
3.47
3.44
3.46
3.43
3.66
3.58
3.57
3.48
3.51
3.35
3.53
3.46
3.41
3.50
3.64
3.51
3.54
3.39
3.46
3.39
3.50
3.57
3.78
3.53
3.58
3.36
3.65
3.39
3.53
3.33
3.64
3.39
3.64
3.29
3.44
3.29
3.64
3.38
3.54
3.38
3.54
3.37
3.50
3.59
3.66
3.52
3.54
3.53
3.58
3.33
3.44
3.50
3.44
3.35
3.56
3.60
3.52
3.42
3.65
3.60
3.61
3.48
3.48
3.56
3.46
3.39
3.51
3.47
3.55
3.27
3.49
3.45
3.49
3.47
3.64
3.63
3.48
3.55
3.56
3.63
3.50
3.36
3.44
3.56
3.38
3.43
3.40
3.64
3.47
3.44
3.50
3.55
3.46
3.66
3.57
3.60
3.55
3.44
3.42
3.57
3.51
3.38
3.55
3.57
3.58
3.38
3.53
3.56
3.46
3.55
3.68
3.66
3.60
3.54
3.62
3.63
3.59
3.36
3.51
3.53
3.51
3.43
3.45
3.51
3.51
3.49
3.48
3.59
3.49
3.41
3.58
3.65
3.51
3.52
3.40
3.55
3.50
3.47
3.41
3.51
3.38
3.61
3.47
3.77
3.54
3.42
3.35
3.62
3.41
3.57
3.38
3.55
3.37
3.37
3.38
3.40
3.42
3.46
3.49
3.51
3.53
3.39
3.31
3.37
3.47
3.45
3.39
3.45
3.34
3.54
3.04
3.49
3.33
3.59
3.09
3.57
3.30
3.72
3.23
3.65
3.35
3.59
3.12
3.58
3.42
3.63
3.19
3.58
3.36
3.67
3.30
3.62
3.53
3.83
3.37
3.61
3.35
3.50
3.14
3.52
3.23
3.57
3.15
3.64
3.40
3.69
3.26
3.59
3.38
3.70
3.28
3.66
3.49
3.66
3.26
3.59
3.29
3.56
3.15
3.46
3.29
3.62
3.31
3.61
3.35
3.69
3.30
3.76
3.47
3.76
3.21
3.68
3.25
3.58
3.23
3.66
3.28
3.66
3.37
3.65
3.32
3.68
3.36
3.61
3.26
3.69
3.32
3.65
3.35
3.62
3.28
3.41
3.31
3.49
3.33
3.45
3.36
3.49
3.43
3.35
3.38
3.50
3.44
3.34
3.46
3.38
3.56
3.49
3.29
3.42
3.51
3.54
3.32
3.37
3.46
3.33
3.34
3.29
3.50
3.35
3.51
3.29
3.49
3.32
3.30
3.39
3.51
3.32
3.48
3.43
3.67
3.44
3.30
3.50
3.54
3.47
3.49
3.55
3.55
3.43
3.52
3.44
3.57
3.52
3.44
3.62
3.68
3.59
3.48
3.52
3.58
3.43
3.55
3.49
3.66
3.47
3.44
3.51
3.70
3.56
3.59
3.56
3.60
3.53
3.50
3.52
3.67
3.47
3.42
3.54
3.52
3.37
3.51
3.45
3.53
3.38
3.40
3.47
3.58
3.48
3.39
3.58
3.55
3.54
3.40
3.66
3.70
3.55
3.43
3.51
3.44
3.46
3.46
3.54
3.69
3.47
3.46
3.45
3.63
3.49
3.62
3.45
3.55
3.42
3.41
3.56
3.47
3.56
3.40
3.53
3.48
3.62
3.31
3.56
3.33
3.48
3.45
3.48
3.55
3.57
3.49
3.48
3.53
3.45
3.55
3.42
3.44
3.49
3.57
3.47
3.50
3.43
3.51
3.46
3.56
3.47
3.71
3.39
3.50
3.37
3.53
3.44
3.54
3.33
3.51
3.53
3.52
3.41
3.51
3.46
3.51
3.39
3.60
3.47
3.57
3.38
3.54
3.44
3.64
3.37
3.50
3.47
3.59
3.43
3.70
3.32
3.57
3.28
3.56
3.32
3.65
3.36
3.61
3.25
3.61
3.30
3.57
3.34
3.58
3.34
3.61
3.43
3.56
3.44
3.52
3.48
3.58
3.48
3.55
3.52
3.63
3.45
3.42
3.51
3.59
3.41
3.51
3.52
3.62
3.42
3.68
3.57
3.61
3.46
3.64
3.44
3.54
3.45
3.62
3.48
3.68
3.50
3.51
3.52
3.56
3.41
3.55
3.48
3.54
3.41
3.34
3.44
3.59
3.51
3.60
3.60
3.50
3.60
3.30
3.41
3.65
3.44
3.44
3.51
3.53
3.49
3.61
3.36
3.72
3.46
3.59
3.37
3.56
3.53
3.55
3.41
3.61
3.51
3.62
3.39
3.55
3.50
3.55
3.42
3.54
3.45
3.40
3.50
3.44
3.51
3.40
3.48
3.40
3.53
3.34
3.58
3.42
3.61
3.28
3.57
3.44
3.60
3.32
3.55
3.40
3.71
3.15
3.43
3.34
3.49
3.29
3.38
3.52
3.65
3.45
3.49
3.54
3.65
3.45
3.49
3.52
3.64
3.42
3.49
3.46
3.55
3.48
3.53
3.54
3.41
3.55
3.43
3.45
3.47
3.48
3.52
3.58
3.48
3.58
3.36
3.57
3.41
3.50
3.39
3.54
3.41
3.44
3.42
3.47
3.61
3.32
3.61
3.50
3.69
3.36
3.61
3.26
3.80
3.28
3.57
3.29
3.65
3.27
3.53
3.27
3.82
3.32
3.62
3.35
3.68
3.33
3.61
3.30
3.75
3.27
3.62
3.37
3.77
3.29
3.65
3.29
3.51
3.29
3.57
3.45
3.63
3.35
3.73
3.42
3.60
3.33
3.70
3.39
3.56
3.48
3.80
3.45
3.63
3.30
3.58
3.33
3.52
3.30
3.57
3.40
3.55
3.44
3.69
3.51
3.40
3.41
3.59
3.49
3.47
3.43
3.59
3.33
3.39
3.31
3.51
3.38
3.48
3.40
3.73
3.65
3.60
3.40
3.65
3.36
3.57
3.37
3.60
3.56
3.43
3.49
3.56
3.54
3.58
3.40
3.63
3.57
3.51
3.50
3.43
3.68
3.24
3.53
3.44
3.52
3.48
3.58
3.38
3.56
3.31
3.57
3.36
3.65
3.46
3.58
3.48
3.60
3.45
3.59
3.34
3.66
3.34
3.61
3.32
3.68
3.36
3.70
3.37
3.63
3.31
3.59
3.53
3.73
3.44
3.42
3.38
3.55
3.34
3.36
3.45
3.53
3.45
3.59
3.50
3.62
3.42
3.51
3.52
3.72
3.68
3.53
3.37
3.43
3.50
3.39
3.45
3.46
3.53
3.55
3.54
3.62
3.54
3.55
3.49
3.51
3.51
3.64
3.59
3.40
3.45
3.39
3.45
3.47
3.57
3.44
3.43
3.44
3.65
3.49
3.46
3.48
3.53
3.61
3.38
3.51
3.42
3.31
3.34
3.46
3.40
3.45
3.40
3.47
3.46
3.59
3.53
3.49
3.53
3.51
3.51
3.43
3.45
3.51
3.41
3.51
3.53
3.55
3.46
3.47
3.47
3.52
3.56
3.48
3.53
3.60
3.60
3.39
3.61
3.46
3.42
3.51
3.49
3.60
3.51
3.46
3.45
3.51
3.44
3.72
3.52
3.63
3.51
3.60
3.42
3.60
3.46
3.58
3.49
3.62
3.41
3.67
3.33
3.59
3.30
3.51
3.41
3.66
3.36
3.73
3.26
3.77
3.34
3.80
3.26
3.52
3.30
3.63
3.29
3.65
3.26
3.53
3.35
3.60
3.51
3.60
3.44
3.61
3.53
3.70
3.46
3.54
3.48
3.52
3.53
3.82
3.58
3.65
3.43
3.66
3.55
3.46
3.21
3.44
3.52
3.59
3.38
3.54
3.59
3.54
3.39
3.51
3.72
3.60
3.39
3.58
3.50
3.58
3.36
3.47
3.70
3.47
3.49
3.48
3.55
3.65
3.43
3.47
3.57
3.51
3.50
3.42
3.53
3.55
3.42
3.42
3.57
3.58
3.42
3.46
3.55
3.54
3.48
3.49
3.62
3.53
3.42
3.66
3.60
3.67
3.46
3.55
3.60
3.65
3.44
3.49
3.45
3.50
3.44
3.65
3.63
3.62
3.59
3.68
3.63
3.61
3.52
3.57
3.43
3.58
3.50
3.48
3.48
3.46
3.45
3.44
3.76
3.46
3.66
3.41
3.68
3.43
3.54
3.42
3.57
3.59
3.45
3.49
3.50
3.49
3.53
3.53
3.52
3.60
3.47
3.66
3.48
3.55
3.43
3.64
3.47
3.46
3.37
3.47
3.38
3.54
3.43
3.47
3.55
3.57
3.60
3.62
3.47
3.54
3.50
3.61
3.53
3.50
3.49
3.41
3.45
3.33
3.42
3.24
3.54
3.28
3.34
3.32
3.84
3.30
3.62
3.13
3.70
3.26
3.67
3.29
3.57
3.29
3.64
3.14
3.70
3.43
3.65
3.33
3.64
3.31
3.45
3.36
3.69
3.34
3.55
3.38
3.60
3.42
3.69
3.35
3.69
3.38
3.69
3.43
3.65
3.23
3.68
3.37
3.66
3.41
3.67
3.43
3.56
3.36
3.76
3.40
3.67
3.33
3.83
3.37
3.67
3.47
3.81
3.28
3.56
3.29
3.63
3.52
3.76
3.41
3.74
3.25
3.73
3.29
3.73
3.30
3.70
3.41
3.87
3.24
3.67
3.37
3.73
3.29
3.78
3.37
3.83
3.33
3.74
3.35
3.66
3.32
3.53
3.47
3.83
3.44
3.64
3.47
3.60
3.27
3.65
3.52
3.55
3.50
3.45
3.44
3.50
3.50
3.48
3.57
3.36
3.48
3.50
3.59
3.48
3.63
3.51
3.74
3.49
3.52
3.48
3.50
3.40
3.42
3.51
3.45
3.39
3.47
3.50
3.58
3.55
3.60
3.48
3.61
3.57
3.65
3.51
3.54
3.48
3.48
3.40
3.51
3.29
3.48
3.29
3.54
3.39
3.62
3.33
3.47
3.36
3.55
3.50
3.65
3.43
3.57
3.40
3.63
3.43
3.56
3.34
3.58
3.30
3.50
3.32
3.73
3.47
3.80
3.35
3.79
3.33
3.66
3.08
3.57
3.32
3.62
3.25
3.64
3.25
3.76
3.23
3.69
3.36
3.72
3.51
3.84
3.31
3.60
3.40
3.60
3.25
3.73
3.36
3.78
3.31
3.77
3.34
3.70
3.30
3.79
3.46
3.75
3.39
3.66
3.23
3.58
3.39
3.63
3.47
3.61
3.43
3.58
3.41
3.72
3.45
3.54
3.52
3.49
3.42
3.45
3.35
3.51
3.37
3.58
3.39
3.60
3.40
3.51
3.34
3.73
3.39
3.62
3.45
3.70
3.32
3.43
3.40
3.41
3.39
3.60
3.49
3.59
3.38
3.63
3.39
3.54
3.34
3.58
3.47
3.70
3.24
3.55
3.26
3.59
3.19
3.47
3.46
3.65
3.53
3.61
3.54
3.64
3.57
3.67
3.55
3.57
3.45
3.56
3.57
3.63
3.46
3.49
3.48
3.68
3.55
3.65
3.51
3.69
3.48
3.69
3.52
3.76
3.44
3.61
3.39
3.52
3.37
3.47
3.40
3.53
3.53
3.46
3.54
3.60
3.50
3.43
3.52
3.54
3.60
3.50
3.57
3.51
3.51
3.44
3.46
3.43
3.47
3.42
3.52
3.48
3.51
3.46
3.46
3.60
3.39
3.62
3.46
3.57
3.42
3.60
3.44
3.52
3.57
3.49
3.46
3.29
3.60
3.62
3.59
3.60
3.66
3.62
3.56
3.39
3.56
3.31
3.48
3.39
3.58
3.35
3.52
3.41
3.57
3.52
3.58
3.51
3.52
3.44
3.50
3.36
3.52
3.23
3.51
3.29
3.49
3.32
3.53
3.37
3.66
3.36
3.67
3.27
3.64
3.37
3.59
3.22
3.64
3.22
3.56
3.28
3.59
3.26
3.43
3.38
3.49
3.37
3.46
3.45
3.73
3.46
3.57
3.45
3.47
3.47
3.54
3.35
3.38
3.41
3.38
3.42
3.45
3.41
3.47
3.40
3.43
3.54
3.52
3.62
3.53
3.57
3.43
3.61
3.46
3.61
3.46
3.68
3.35
3.56
3.44
3.52
3.43
3.54
3.58
3.62
3.44
3.60
3.48
3.57
3.40
3.58
3.49
3.47
3.47
3.68
3.51
3.59
3.50
3.61
3.51
3.54
3.41
3.69
3.48
3.64
3.51
3.73
3.61
3.59
3.58
3.72
3.56
3.71
3.51
3.69
3.45
3.59
3.46
3.65
3.59
3.64
3.58
3.63
3.62
3.59
3.56
3.58
3.51
3.57
3.62
3.51
3.45
3.55
3.44
3.67
3.46
3.71
3.44
3.54
3.46
3.63
3.42
3.76
3.23
3.62
3.34
3.77
3.30
3.64
3.43
3.52
3.37
3.56
3.38
3.44
3.38
3.39
3.48
3.43
3.46
3.40
3.42
3.41
3.45
3.29
3.62
3.30
3.57
3.40
3.65
3.48
3.55
3.25
3.44
3.46
3.61
3.36
3.63
3.45
3.59
3.38
3.59
3.42
3.68
3.47
3.56
3.42
3.72
3.37
3.64
3.36
3.72
3.20
3.68
3.17
3.72
3.23
3.84
3.35
3.76
3.28
3.83
3.30
3.75
3.28
3.87
3.31
3.80
3.29
3.76
3.28
3.76
3.28
3.81
3.33
3.92
3.24
3.72
3.22
3.76
3.31
3.66
3.33
3.63
3.28
3.77
3.17
3.88
3.24
3.70
3.19
3.82
3.11
3.70
3.10
3.68
3.18
3.72
3.09
3.87
3.16
3.81
3.29
3.81
3.35
3.83
3.31
3.83
3.44
3.67
3.46
3.65
3.43
3.60
3.36
3.50
3.31
3.52
3.52
3.66
3.54
3.60
3.60
3.69
3.42
3.37
3.38
3.45
3.38
3.48
3.35
3.54
3.31
3.38
3.43
3.46
3.40
3.55
3.49
3.47
3.56
3.29
3.61
3.39
3.60
3.31
3.77
3.34
3.60
3.30
3.80
3.35
3.71
3.22
3.70
3.20
3.72
3.34
3.83
3.27
3.64
3.23
3.66
3.30
3.59
3.29
3.69
3.26
3.63
3.28
3.69
3.17
3.61
3.27
3.74
3.33
3.71
3.39
3.73
3.24
3.68
3.33
3.82
3.19
3.59
3.25
3.68
3.20
3.58
3.16
3.79
3.18
3.73
3.25
3.84
3.20
3.80
3.27
3.75
3.10
3.76
3.26
3.69
3.29
3.60
3.23
3.63
3.30
3.67
3.27
3.40
3.15
3.60
3.26
3.60
3.27
3.63
3.46
3.72
3.46
3.72
3.42
3.66
3.38
3.68
3.40
3.61
3.38
3.64
3.47
3.35
3.38
3.56
3.48
3.33
3.51
3.55
3.46
3.38
3.45
3.52
3.60
3.46
3.58
3.38
3.52
3.45
3.46
3.64
3.54
3.49
3.44
3.48
3.45
3.47
3.41
3.49
3.48
3.46
3.52
3.58
3.52
3.36
3.52
3.59
3.59
3.40
3.54
3.47
3.41
3.45
3.54
3.42
3.51
3.43
3.57
3.53
3.52
3.48
3.56
3.52
3.65
3.44
3.49
3.48
3.52
3.38
3.56
3.48
3.68
3.46
3.62
3.51
3.59
3.42
3.63
3.62
3.51
3.55
3.52
3.48
3.50
3.39
3.48
3.50
3.54
3.57
3.66
3.61
3.55
3.43
3.71
3.53
3.62
3.30
3.54
3.59
3.59
3.33
3.53
3.33
3.52
3.40
3.56
3.46
3.57
3.47
3.62
3.48
3.65
3.42
3.56
3.57
3.39
3.44
3.33
3.55
3.39
3.59
3.33
3.60
3.41
3.58
3.43
3.72
3.52
3.64
3.48
3.74
3.46
3.62
3.40
3.63
3.51
3.66
3.45
3.48
3.51
3.59
3.47
3.60
3.55
3.61
3.48
3.66
3.55
3.60
3.52
3.55
3.50
3.52
3.53
3.57
3.56
3.55
3.54
3.55
3.61
3.57
3.57
3.56
3.50
3.58
3.45
3.54
3.53
3.54
3.50
3.53
3.67
3.48
3.48
3.55
3.45
3.47
3.44
3.59
3.49
3.54
3.40
3.68
3.49
3.66
3.48
3.61
3.49
3.64
3.44
3.57
3.46
3.69
3.40
3.60
3.49
3.54
3.21
3.58
3.40
3.62
3.29
3.56
3.57
3.66
3.31
3.54
3.38
3.58
3.32
3.67
3.50
3.66
3.36
3.45
3.44
3.66
3.34
3.55
3.53
3.63
3.45
3.54
3.54
3.65
3.39
3.61
3.53
3.68
3.42
3.66
3.36
3.61
3.27
3.67
3.44
3.60
3.46
3.74
3.53
3.69
3.35
3.63
3.44
3.56
3.27
3.51
3.31
3.51
3.34
3.48
3.56
3.54
3.47
3.51
3.51
3.55
3.59
3.53
3.68
3.50
3.59
3.42
3.65
3.36
3.65
3.36
3.70
3.51
3.72
3.35
3.71
3.45
3.65
3.41
3.78
3.47
3.64
3.39
3.75
3.36
3.68
3.41
3.72
3.36
3.68
3.31
3.74
3.32
3.61
3.22
3.64
3.36
3.72
3.32
3.83
3.21
3.75
3.31
3.84
3.41
3.79
3.23
3.63
3.14
3.57
3.14
3.65
3.26
3.89
3.34
3.70
3.35
3.73
3.45
3.68
3.34
3.71
3.42
3.73
3.33
3.65
3.32
3.67
3.36
3.77
3.42
3.79
3.34
3.81
3.37
3.82
3.32
3.70
3.40
3.77
3.43
3.69
3.41
3.68
3.40
3.62
3.42
3.72
3.40
3.80
3.36
3.65
3.26
3.59
3.36
3.84
3.39
3.66
3.25
3.63
3.20
3.62
3.32
3.56
3.43
3.53
3.38
3.55
3.34
3.41
3.41
3.63
3.60
3.55
3.39
3.60
3.44
3.46
3.43
3.68
3.41
3.45
3.24
3.59
3.34
3.43
3.42
3.55
3.36
3.50
3.51
3.62
3.33
3.30
3.55
3.60
3.52
3.34
3.56
3.46
3.57
3.35
3.56
3.59
3.47
3.65
3.63
3.70
3.50
3.59
3.62
3.51
3.56
3.31
3.67
3.35
3.62
3.30
3.66
3.37
3.63
3.40
3.89
3.50
3.54
3.37
3.61
3.49
3.63
3.40
3.59
3.48
3.42
3.18
3.55
3.30
3.48
3.32
3.71
3.47
3.61
3.51
3.74
3.43
3.66
3.47
3.72
3.48
3.43
3.32
3.65
3.39
3.40
3.34
3.63
3.34
3.58
3.36
3.59
3.40
3.66
3.31
3.71
3.25
3.50
3.22
3.59
3.16
3.53
3.31
3.65
3.20
3.62
3.31
3.73
3.15
3.80
3.47
3.77
3.21
3.55
3.31
3.75
3.07
3.64
3.25
3.55
3.25
3.62
3.40
3.63
3.39
3.67
3.50
3.76
3.31
3.50
3.39
3.66
3.20
3.62
3.26
3.66
3.10
3.60
3.28
3.66
3.22
3.71
3.50
3.68
3.43
3.59
3.48
3.51
3.37
3.49
3.51
3.41
3.42
3.47
3.62
3.45
3.37
3.43
3.54
3.63
3.52
3.59
3.44
3.53
3.30
3.47
3.44
3.40
3.42
3.43
3.58
3.41
3.47
3.54
3.57
3.57
3.64
3.49
3.75
3.42
3.45
3.31
3.52
3.27
3.44
3.36
3.47
3.23
3.38
3.25
3.64
3.32
3.78
3.47
3.74
3.25
3.73
3.28
3.78
3.23
3.74
3.25
3.73
3.16
3.68
3.29
3.71
3.34
3.95
3.54
3.85
3.40
3.70
3.44
3.68
3.28
3.55
3.38
3.65
3.27
3.52
3.39
3.60
3.39
3.74
3.47
3.70
3.59
3.69
3.49
3.61
3.35
3.64
3.38
3.74
3.32
3.65
3.46
3.80
3.48
3.82
3.53
3.63
3.46
3.81
3.37
3.69
3.34
3.67
3.39
3.64
3.47
3.51
3.41
3.62
3.57
3.76
3.58
3.78
3.44
3.75
3.53
3.62
3.39
3.74
3.32
3.76
3.29
3.58
3.28
3.65
3.20
3.89
3.26
3.90
3.22
3.78
3.19
3.90
3.24
3.84
3.25
3.84
3.16
3.76
3.22
3.80
3.25
3.85
3.14
3.74
3.04
3.79
2.97
3.81
3.05
3.85
3.05
3.84
3.02
3.87
3.13
3.96
3.12
4.05
3.18
3.99
3.13
3.95
3.00
4.01
3.04
4.10
2.98
4.04
2.86
3.95
2.98
3.90
3.10
3.85
3.21
3.96
3.13
3.87
3.17
3.73
2.98
3.81
3.18
3.95
3.13
3.69
3.25
3.84
3.16
3.77
3.10
3.82
3.29
3.76
3.03
3.76
3.17
3.73
3.04
3.59
3.12
3.64
3.16
3.68
3.04
3.75
3.14
3.64
3.27
3.67
3.29
3.54
3.22
3.63
3.21
3.46
3.21
3.69
3.28
3.59
3.30
3.66
3.28
3.73
3.27
3.77
3.27
3.61
3.37
3.63
3.36
3.47
3.40
3.66
3.47
3.67
3.48
3.69
3.50
3.50
3.53
3.50
3.43
3.39
3.60
3.51
3.57
3.44
3.53
3.46
3.54
3.43
3.58
3.62
3.52
3.40
3.36
3.42
3.44
3.33
3.51
3.38
3.49
3.37
3.57
3.34
3.47
3.26
3.67
3.39
3.58
3.38
3.64
3.49
3.64
3.32
3.59
3.38
3.42
3.33
3.60
3.49
3.57
3.43
3.60
3.52
3.58
3.46
3.67
3.48
3.66
3.36
3.58
3.47
3.62
3.24
3.66
3.41
3.65
3.31
3.62
3.35
3.56
3.42
3.77
3.69
3.64
3.27
3.61
3.55
3.56
3.34
3.48
3.36
3.56
3.48
3.53
3.46
3.45
3.24
3.55
3.55
3.55
3.36
3.60
3.37
3.58
3.37
3.55
3.46
3.46
3.37
3.46
3.47
3.44
3.40
3.54
3.58
3.64
3.57
3.63
3.59
3.59
3.46
3.49
3.54
3.36
3.43
3.51
3.68
3.40
3.53
3.52
3.51
3.28
3.51
3.34
3.58
3.33
3.49
3.40
3.60
3.28
3.44
3.38
3.64
3.33
3.63
3.49
3.66
3.25
3.55
3.54
3.55
3.28
3.53
3.56
3.55
3.27
3.59
3.55
3.61
3.27
3.58
3.41
3.55
3.39
3.75
3.50
3.59
3.26
3.59
3.42
3.50
3.18
3.40
3.38
3.60
3.31
3.53
3.35
3.50
3.45
3.71
3.43
3.60
3.32
3.69
3.37
3.55
3.24
3.58
3.38
3.58
3.26
3.61
3.37
3.64
3.33
3.67
3.46
3.57
3.31
3.51
3.41
3.49
3.36
3.42
3.42
3.58
3.38
3.48
3.34
3.43
3.43
3.43
3.42
3.50
3.49
3.65
3.52
3.38
3.43
3.46
3.45
3.57
3.39
3.48
3.51
3.54
3.45
3.62
3.43
3.56
3.43
3.67
3.36
3.40
3.34
3.76
3.51
3.63
3.54
3.70
3.39
3.59
3.42
3.66
3.47
3.64
3.50
3.70
3.43
3.65
3.47
3.71
3.35
3.60
3.33
3.78
3.29
3.73
3.29
3.83
3.37
3.73
3.37
3.93
3.44
3.70
3.41
3.88
3.44
3.79
3.50
3.91
3.40
3.75
3.39
3.79
3.38
3.74
3.34
3.89
3.38
3.73
3.36
3.68
3.42
3.79
3.47
3.87
3.48
3.79
3.64
3.88
3.59
3.69
3.47
3.72
3.55
3.72
3.35
3.65
3.45
3.65
3.47
3.64
3.54
3.60
3.53
3.81
3.80
3.67
3.37
3.71
3.39
3.57
3.32
3.73
3.49
3.73
3.47
3.82
3.45
3.68
3.53
3.92
3.79
3.84
3.48
3.74
3.43
3.72
3.29
3.72
3.42
3.70
3.26
3.87
3.42
3.74
3.40
3.92
3.65
3.96
3.44
3.98
3.34
3.72
3.32
3.71
3.29
3.58
3.21
3.68
3.28
3.62
3.32
3.72
3.36
3.78
3.41
3.71
3.53
3.71
3.58
3.69
3.45
3.61
3.45
3.52
3.46
3.58
3.51
3.59
3.53
3.75
3.62
3.64
3.59
3.59
3.55
3.62
3.57
3.51
3.47
3.62
3.59
3.63
3.55
3.60
3.56
3.67
3.63
3.66
3.68
3.75
3.68
3.70
3.64
3.54
3.54
3.58
3.59
3.54
3.53
3.70
3.50
3.60
3.50
3.55
3.40
3.56
3.53
3.54
3.58
3.64
3.59
3.67
3.43
3.51
3.29
3.45
3.59
3.50
3.51
3.60
3.38
3.46
3.57
3.62
3.45
3.55
3.44
3.55
3.40
3.54
3.46
3.58
3.46
3.68
3.48
3.55
3.42
3.49
3.44
3.63
3.54
3.61
3.53
3.57
3.49
3.61
3.60
3.64
3.47
3.65
3.63
3.51
3.51
3.60
3.57
3.66
3.58
3.78
3.54
3.69
3.40
3.69
3.48
3.79
3.50
3.79
3.59
3.80
3.48
3.61
3.46
3.74
3.46
3.76
3.48
3.65
3.38
3.71
3.39
3.76
3.33
3.64
3.50
3.83
3.34
3.66
3.27
3.62
3.22
3.92
3.39
3.91
3.45
3.83
3.53
3.75
3.43
3.74
3.46
3.95
3.53
3.78
3.26
3.74
3.37
3.72
3.45
3.86
3.33
3.86
3.41
3.74
3.31
3.79
3.39
4.03
3.48
3.82
3.42
3.78
3.39
3.66
3.41
3.77
3.38
3.70
3.54
3.78
3.53
3.72
3.44
3.74
3.50
3.55
3.46
3.65
3.47
3.69
3.50
3.52
3.31
3.69
3.73
3.78
3.57
3.72
3.54
3.50
3.37
3.63
3.49
3.49
3.33
3.56
3.41
3.54
3.18
3.62
3.45
3.77
3.24
3.80
3.21
3.68
3.27
3.87
3.34
3.91
3.36
3.97
3.37
3.79
3.30
3.80
3.33
3.83
3.36
3.99
3.29
3.73
3.36
4.03
3.43
3.73
3.32
3.90
3.38
3.48
3.31
3.87
3.41
3.66
3.36
3.96
3.41
3.80
3.32
3.82
3.39
3.79
3.29
3.79
3.21
3.83
3.11
3.96
3.10
3.80
3.16
3.94
3.05
3.75
3.10
3.89
3.22
3.97
3.33
4.12
3.27
3.97
3.21
3.92
3.26
3.73
3.47
3.97
3.33
3.95
3.39
3.88
3.31
3.91
3.41
4.00
3.35
3.72
3.36
3.82
3.17
3.67
3.33
3.95
3.26
3.84
3.35
3.81
3.23
3.74
3.45
3.92
3.54
3.86
3.38
4.15
3.22
3.89
3.24
4.02
3.09
3.74
3.44
3.55
3.23
3.65
3.48
3.66
3.35
3.71
3.46
3.88
3.52
3.59
3.57
3.67
3.66
3.73
3.80
3.69
3.64
3.45
3.42
3.62
3.68
3.55
3.80
3.57
3.71
3.39
3.75
3.66
3.65
3.64
3.68
3.55
3.70
3.33
3.72
3.44
3.84
3.22
3.99
3.55
4.05
3.38
3.94
3.51
3.88
3.55
3.99
3.76
3.99
3.57
3.74
3.68
3.86
3.49
3.82
3.68
3.93
3.22
3.64
3.34
3.94
3.38
3.77
3.37
3.89
3.33
3.68
3.35
3.88
3.50
3.77
3.41
4.15
3.29
3.69
3.29
4.02
3.43
3.68
3.39
3.96
3.41
3.65
3.54
3.62
3.39
3.37
3.51
3.73
3.60
3.42
3.24
3.65
3.55
3.58
3.52
3.73
3.26
3.38
3.34
3.64
3.65
3.46
3.46
3.64
3.65
3.53
3.35
3.66
3.61
3.49
3.56
3.50
3.53
3.41
3.50
3.52
3.79
3.32
3.64
3.74
3.81
3.50
3.32
3.74
3.54
3.60
3.46
3.64
3.45
3.50
3.36
3.63
3.45
3.65
3.64
3.63
3.22
3.55
3.13
3.70
3.43
3.74
3.42
3.71
3.39
3.44
3.43
3.71
3.59
3.70
3.77
3.94
3.47
3.45
3.38
3.82
3.52
3.60
3.58
3.88
3.47
3.40
3.42
3.59
3.50
3.40
3.99
3.76
3.67
3.24
3.53
3.36
3.53
3.37
3.78
3.71
3.59
3.45
3.53
3.60
3.54
3.47
3.86
3.80
3.40
3.42
3.56
3.62
3.49
3.38
3.85
3.77
3.31
3.40
3.13
3.76
3.15
3.30
3.54
4.02
3.33
3.58
3.34
3.79
3.37
3.41
3.41
3.91
3.68
3.59
3.57
3.45
3.46
3.72
3.71
4.03
3.49
3.52
3.54
3.60
3.28
3.47
3.56
3.91
3.38
3.62
3.90
3.64
3.65
3.50
3.79
3.69
3.50
3.32
3.66
3.45
3.53
3.33
3.67
3.71
3.82
3.66
4.05
3.72
3.57
3.55
3.91
3.76
3.39
3.51
3.58
3.76
3.49
3.50
3.56
3.64
3.62
3.45
3.73
3.54
3.68
3.31
3.66
3.54
3.75
3.38
3.90
3.49
3.74
3.17
3.75
3.58
3.66
3.42
3.53
3.36
3.59
3.46
3.75
3.32
3.62
3.27
3.73
3.45
3.69
3.29
3.78
3.42
4.19
3.49
3.97
3.61
4.03
3.23
4.12
3.14
4.01
3.17
3.86
3.02
3.75
3.01
4.05
3.04
4.02
2.95
3.82
2.67
3.78
2.91
3.80
2.86
3.70
3.05
3.84
2.98
3.69
3.04
3.82
3.00
4.17
3.14
3.66
2.87
3.73
3.33
3.79
3.00
3.78
3.11
3.78
3.02
3.56
2.81
3.78
2.74
4.20
3.09
4.41
2.88
4.04
3.03
4.14
2.81
4.13
2.94
4.21
3.06
4.13
2.95
3.99
2.70
4.17
3.18
4.23
3.04
3.96
3.37
3.98
2.96
4.04
3.06
3.73
3.30
3.90
3.15
3.97
3.11
3.99
3.34
4.01
3.32
4.25
3.29
4.07
3.35
3.88
3.29
3.60
3.39
3.57
3.49
3.58
3.29
3.65
3.47
3.51
3.57
3.81
3.92
3.45
3.87
3.56
3.78
3.39
3.78
3.34
3.72
3.41
3.93
3.34
3.75
3.44
3.99
3.42
3.92
3.27
3.86
3.20
3.86
3.29
4.06
3.17
3.87
3.40
4.04
3.26
3.83
3.26
3.99
3.45
3.90
3.26
3.87
3.17
3.78
2.94
4.10
2.94
4.02
3.11
4.25
3.06
3.93
3.12
4.26
3.24
4.13
3.04
3.90
2.99
3.94
3.00
4.00
3.08
3.92
2.95
3.91
2.98
3.98
2.75
3.97
3.07
3.97
3.02
4.09
3.13
4.06
3.31
4.07
3.06
4.04
2.96
3.89
2.81
3.76
3.20
3.98
3.04
3.90
3.14
4.15
3.21
3.89
3.28
4.11
3.14
3.57
3.21
3.70
3.20
3.52
3.39
3.97
3.25
3.75
3.45
3.77
3.36
3.52
3.37
3.71
3.45
3.62
3.43
3.72
3.42
3.49
3.17
4.10
3.34
3.76
3.22
3.75
3.47
3.95
3.46
3.52
3.65
3.52
3.40
3.52
3.59
3.71
3.34
3.73
3.57
3.65
3.26
3.68
3.57
3.83
3.56
3.69
3.43
3.68
3.27
3.87
3.46
3.73
3.14
3.53
3.55
3.48
3.45
3.33
3.65
3.27
3.88
3.07
3.87
3.45
3.65
3.51
3.57
3.65
3.41
3.36
3.59
3.56
3.31
3.41
3.54
3.48
3.62
3.48
3.76
3.58
3.53
3.48
3.69
3.80
3.40
3.72
3.58
3.87
3.28
3.36
3.11
3.47
3.44
3.60
3.58
3.63
3.29
3.46
3.53
3.78
3.32
3.54
3.58
3.91
3.21
3.45
3.31
3.66
3.20
3.89
3.51
3.72
3.32
3.50
3.19
3.67
3.11
3.62
3.12
3.77
3.23
3.78
2.94
3.54
3.29
3.53
3.40
3.50
3.51
3.71
3.39
3.47
3.51
3.58
3.42
3.42
3.59
3.53
3.48
3.50
3.47
3.42
3.33
3.32
3.36
3.67
3.24
3.42
3.62
3.55
3.42
3.44
3.28
3.66
3.28
3.63
3.49
3.70
3.31
3.58
3.28
3.64
3.49
3.52
3.22
4.09
3.51
3.77
3.34
3.98
3.34
3.69
3.42
3.87
3.33
3.79
3.21
4.03
3.37
3.94
3.11
3.72
3.20
3.66
3.16
3.89
2.95
3.69
3.30
3.91
3.27
3.72
3.13
3.68
3.01
3.79
3.04
3.90
3.49
3.53
3.27
3.74
3.35
3.44
3.36
3.59
3.61
3.58
3.54
3.50
3.48
3.42
3.51
3.54
3.68
3.56
3.47
3.73
3.65
3.63
3.39
3.14
3.68
3.47
3.54
3.25
3.82
3.61
3.79
3.43
3.59
3.88
3.83
3.75
3.73
3.73
3.56
3.59
3.47
3.65
3.43
3.27
3.65
3.79
3.58
3.51
3.67
3.55
4.06
3.87
4.12
3.52
3.77
3.21
3.78
3.12
3.72
2.92
3.77
3.03
4.15
3.01
4.10
3.22
4.01
3.37
4.16
3.16
4.08
3.30
3.92
3.34
3.96
3.11
3.93
3.14
3.93
3.06
3.93
3.52
4.03
3.64
4.16
3.40
3.84
3.31
3.74
3.35
3.60
3.40
3.69
3.71
3.56
3.66
3.64
3.63
3.45
3.69
3.95
3.66
3.56
3.57
3.58
3.63
3.48
3.44
3.58
3.50
3.54
3.62
3.54
3.72
3.71
3.60
3.54
3.50
3.51
3.72
3.56
3.48
3.30
3.64
3.02
3.57
3.11
4.02
3.33
3.76
3.57
3.96
3.43
3.67
3.46
3.87
3.50
3.74
3.34
3.82
3.01
3.73
3.04
4.23
3.08
3.94
3.33
4.21
3.04
3.89
3.23
4.06
2.94
4.14
3.12
3.93
3.13
3.75
3.17
3.92
3.27
3.51
3.24
3.92
3.15
3.64
3.02
3.90
3.36
3.85
3.43
3.89
3.29
3.67
3.15
4.06
3.31
3.73
3.56
4.18
3.50
3.72
3.36
3.67
3.49
3.69
3.59
3.62
3.76
3.37
3.62
3.60
3.66
3.44
3.87
3.77
3.79
3.53
3.71
3.44
3.54
3.33
3.87
3.68
3.75
3.41
3.76
3.66
3.76
3.48
3.84
3.78
3.88
3.51
3.76
3.22
3.80
3.41
3.67
3.03
3.98
3.21
3.77
3.00
4.07
3.44
3.89
3.37
4.06
3.07
3.77
3.10
4.17
3.17
4.01
3.07
4.09
3.12
3.91
2.93
4.24
3.17
3.90
3.14
3.83
2.93
3.48
2.86
3.85
2.97
3.47
3.06
3.65
3.03
3.48
3.04
3.52
3.42
3.55
2.92
3.68
3.49
3.47
3.36
3.75
3.59
3.57
3.02
3.82
3.08
3.59
3.08
3.57
3.26
3.79
3.39
4.02
3.67
3.97
3.28
3.99
3.58
3.79
3.33
4.14
3.46
3.75
3.29
3.92
3.54
3.90
3.30
3.76
3.66
3.76
3.36
3.79
3.53
3.79
3.48
3.61
3.49
3.43
3.57
3.56
3.79
3.66
3.86
3.72
3.97
3.64
3.72
3.74
3.84
3.58
3.75
3.66
3.72
3.68
3.65
3.59
3.64
3.37
3.70
3.46
3.88
3.37
3.54
3.24
3.59
3.65
3.69
3.16
3.76
3.62
3.86
3.81
3.55
3.92
3.39
3.54
3.39
3.64
3.31
3.58
3.38
3.89
3.61
3.64
3.45
3.41
3.32
3.34
3.23
3.83
2.91
3.45
3.09
3.80
2.84
3.73
3.03
3.92
3.17
3.95
3.20
3.95
2.97
3.86
3.28
4.22
3.20
4.07
3.21
4.02
3.00
3.79
3.12
4.14
3.22
4.21
3.27
3.92
3.03
3.89
3.28
4.02
2.84
4.30
3.06
4.13
2.84
3.91
3.13
4.06
3.24
4.17
3.59
4.22
3.33
3.97
3.43
4.01
3.35
3.97
3.59
3.87
3.57
3.80
3.55
3.99
3.53
3.87
3.50
3.92
3.36
3.36
3.42
3.48
3.73
3.60
3.50
3.37
3.65
3.67
3.64
3.29
3.58
3.40
3.60
3.49
3.87
3.78
3.53
3.32
3.79
3.66
3.55
3.56
3.62
3.42
3.43
3.22
3.40
3.20
3.58
3.18
3.92
3.49
3.53
3.24
3.70
3.41
3.44
3.08
3.44
3.43
3.56
3.09
3.75
3.29
3.53
3.11
3.85
3.64
3.80
3.41
3.83
3.81
3.81
3.39
3.74
3.81
3.63
3.23
4.00
3.58
3.79
3.40
3.77
3.34
3.71
3.43
3.54
3.41
3.74
3.35
3.87
3.82
3.98
3.38
3.85
3.60
3.79
3.31
3.92
3.40
4.04
3.35
3.84
3.41
3.63
3.29
3.83
3.36
3.73
3.44
3.92
3.41
3.92
3.38
3.94
3.44
3.92
3.53
3.76
3.68
3.64
3.73
3.74
3.60
3.59
3.68
3.86
3.78
3.48
3.60
3.48
3.63
3.78
3.55
3.79
3.51
3.54
3.65
3.98
3.50
3.64
3.25
3.79
3.56
3.82
3.14
3.74
3.20
3.64
3.16
3.67
3.34
3.53
3.28
3.84
3.43
3.54
3.48
3.60
4.07
3.59
3.52
3.60
3.62
3.65
3.31
3.53
3.28
3.43
3.39
3.50
3.54
3.46
3.41
3.85
3.46
3.77
3.33
3.90
3.46
4.22
3.42
3.85
3.43
3.74
3.23
3.80
3.36
3.74
3.22
3.73
3.26
3.84
3.33
3.89
3.42
4.26
3.60
3.94
3.45
3.95
3.35
3.86
3.40
4.04
3.31
3.82
3.30
3.93
3.09
3.72
3.31
3.88
3.58
3.73
3.32
3.74
3.35
4.04
3.20
3.97
3.02
3.74
3.08
3.66
3.06
3.70
2.98
3.55
3.23
4.11
3.06
3.88
3.39
4.09
3.24
3.86
3.26
3.71
3.38
3.79
3.34
3.82
3.31
3.78
3.52
4.01
3.49
3.93
3.47
3.81
3.40
3.70
3.24
3.53
3.12
3.69
3.08
3.29
3.22
3.41
3.17
3.65
3.34
3.90
3.30
3.91
3.16
3.58
3.59
3.50
3.62
3.66
3.68
3.59
3.57
3.55
3.52
3.48
3.59
3.65
3.84
3.54
3.80
3.71
3.60
3.48
3.66
3.80
3.75
3.54
3.72
3.60
3.62
3.44
3.90
3.67
3.86
3.42
3.75
3.57
3.75
3.31
3.83
3.30
4.11
3.21
3.88
3.21
4.07
3.15
4.06
3.09
3.95
3.12
3.82
2.92
4.19
3.26
3.86
3.05
4.23
3.12
3.98
3.14
3.82
3.19
3.98
3.53
3.74
3.28
3.59
3.53
3.69
3.70
3.70
3.54
3.70
3.58
3.82
3.58
3.46
3.59
3.58
3.58
3.71
3.56
3.62
3.49
3.58
3.33
3.67
3.55
3.66
3.35
3.47
3.45
3.29
3.46
3.76
3.53
3.62
3.68
3.88
3.50
3.69
3.36
3.71
3.69
3.73
3.70
3.67
3.60
3.62
3.48
3.76
3.58
3.73
3.61
3.99
3.75
3.77
3.32
3.71
3.51
4.00
3.38
3.64
3.42
3.40
3.34
3.81
3.51
3.45
3.51
4.07
3.40
3.69
3.35
3.58
3.46
3.67
3.61
3.59
3.60
3.33
3.47
3.60
3.46
3.21
3.36
3.55
3.80
3.30
3.58
3.44
3.73
3.50
3.94
3.93
4.03
3.46
3.73
3.51
3.70
3.37
3.12
3.39
3.48
3.39
3.21
3.42
3.23
3.43
3.70
3.57
3.86
3.63
3.46
3.75
3.44
3.78
3.33
3.81
3.46
3.83
3.63
3.77
3.61
3.73
3.63
4.03
3.91
3.59
3.55
3.52
3.71
3.37
3.78
3.41
3.93
3.61
3.62
3.68
3.68
3.50
3.37
3.63
3.80
3.71
3.57
3.57
3.56
3.51
3.42
3.58
3.61
3.48
3.69
3.59
3.60
3.58
3.60
3.46
3.78
3.38
3.68
3.64
3.64
3.60
3.55
3.70
3.59
3.76
3.52
3.72
3.51
3.91
3.53
3.72
3.43
3.57
3.42
3.52
3.38
3.80
3.58
3.73
3.53
3.79
3.76
3.77
3.61
3.66
3.86
3.77
3.49
3.55
3.26
3.78
3.46
3.71
3.64
3.52
3.47
3.68
3.83
3.70
3.69
3.58
3.76
3.58
3.44
3.54
3.77
3.41
3.85
3.50
3.70
3.78
3.57
3.73
3.98
3.81
3.55
3.52
3.73
3.78
3.39
3.57
3.67
3.54
3.18
3.41
3.50
3.28
3.50
3.41
3.89
3.52
3.65
3.17
3.81
2.98
3.59
3.04
3.78
3.01
3.61
3.04
3.93
3.42
3.75
3.61
3.86
3.71
4.08
3.55
3.93
3.19
3.81
3.29
3.90
3.30
3.71
3.16
3.92
3.46
3.79
3.28
3.84
2.99
3.87
3.27
3.79
3.16
3.72
3.35
3.70
3.55
3.69
3.38
3.62
3.32
3.48
3.37
3.88
3.66
3.65
3.55
3.74
3.47
3.78
3.42
3.55
3.70
3.73
3.48
3.50
3.75
3.56
3.12
3.51
3.40
3.63
3.35
3.32
3.33
3.79
3.30
3.51
3.39
3.46
3.47
3.66
3.83
3.60
3.60
3.45
4.02
3.49
3.64
3.26
3.71
3.32
3.64
3.34
3.92
3.48
3.76
3.58
4.10
3.44
3.67
3.49
3.86
3.87
3.83
3.50
3.88
3.50
3.78
3.53
3.98
3.48
3.73
3.42
3.97
3.39
3.87
3.41
4.00
3.69
3.92
3.44
3.94
3.62
3.68
3.48
3.95
3.57
3.60
3.41
4.01
3.51
3.66
3.43
3.86
3.48
3.90
3.41
3.94
3.51
3.90
3.35
3.96
3.36
3.90
3.50
3.84
3.29
4.20
3.55
3.77
3.28
3.68
3.11
3.88
3.22
3.87
3.04
3.84
2.95
4.00
3.13
3.73
3.03
4.29
3.38
3.85
3.17
3.71
3.32
3.58
3.65
3.88
3.42
3.48
3.18
3.50
3.58
3.47
3.40
3.81
3.71
4.01
3.52
3.81
3.59
3.73
3.67
3.84
3.64
3.69
3.52
3.68
3.51
3.67
3.44
3.96
3.76
3.87
3.47
3.84
3.30
3.90
3.18
4.15
3.29
3.90
3.17
3.76
3.38
3.73
3.26
3.72
3.78
3.77
3.49
3.96
3.38
3.98
3.21
4.21
3.48
3.83
3.14
3.59
3.48
3.57
3.56
3.74
3.75
3.89
3.77
3.89
3.94
3.59
3.75
3.57
3.73
3.67
3.73
3.72
3.74
3.49
3.48
3.35
3.50
3.40
3.81
3.53
3.60
3.27
4.09
3.34
3.96
3.15
3.99
3.17
3.88
3.30
3.91
3.08
3.83
3.29
3.94
3.26
3.81
3.13
4.11
3.01
4.20
3.35
4.12
3.09
4.31
3.25
4.29
2.95
3.66
3.20
3.88
3.28
3.75
3.16
3.80
3.08
3.84
3.32
3.81
3.09
3.60
3.44
3.95
3.20
3.66
3.25
3.99
3.33
4.03
3.34
3.79
3.22
3.79
3.37
4.02
3.24
3.72
3.42
3.88
3.32
3.81
3.41
3.91
3.17
3.88
3.30
3.93
3.21
3.63
3.49
3.83
3.65
3.56
3.52
3.94
3.45
3.70
3.38
3.91
3.41
3.88
3.42
3.81
3.18
3.84
3.28
4.00
3.20
3.74
3.32
4.07
3.30
3.58
3.48
3.98
3.48
3.24
3.18
3.59
3.51
3.28
3.11
3.32
3.27
3.25
3.31
3.70
3.43
3.47
3.31
3.44
3.97
3.31
3.78
3.61
3.92
3.38
3.77
3.41
3.52
3.47
3.80
3.47
4.09
3.46
3.83
3.48
3.80
3.30
3.88
3.61
3.87
3.52
3.76
3.59
3.74
3.62
3.45
3.39
3.80
3.23
3.87
3.58
4.17
3.45
3.97
3.41
3.82
3.41
3.81
3.35
3.86
3.31
3.84
3.32
3.85
2.98
3.73
3.27
4.05
3.24
4.01
3.33
3.84
3.21
3.88
3.21
4.04
3.20
4.12
3.19
4.06
3.01
4.06
3.20
4.16
2.95
4.41
3.15
4.31
3.17
4.11
3.01
4.01
3.08
4.00
3.00
3.73
2.95
3.67
2.94
4.05
3.19
4.18
3.09
4.02
3.17
3.81
2.93
3.92
3.01
4.03
2.97
3.72
3.28
3.94
3.27
3.87
3.40
3.94
3.15
3.65
3.27
3.91
3.26
3.77
3.17
3.79
2.98
3.66
3.36
3.66
3.44
3.82
3.21
3.87
3.33
3.25
3.52
3.72
3.68
3.56
3.43
3.50
3.49
3.48
3.67
3.59
3.66
3.53
3.76
3.46
3.76
3.51
3.73
3.65
3.72
3.50
3.71
3.36
3.63
3.45
3.69
3.69
3.84
3.51
3.69
3.56
3.53
3.30
3.76
3.41
3.62
3.43
3.96
3.14
4.00
3.07
4.01
3.09
4.46
3.21
3.99
3.13
4.13
3.05
3.98
2.94
4.18
2.93
4.16
2.91
4.27
3.14
4.39
2.94
4.68
3.00
3.94
3.17
4.29
3.25
4.00
3.00
3.74
2.79
3.91
3.16
4.04
3.39
3.94
3.14
4.27
3.24
3.95
3.22
4.00
3.39
3.77
2.95
3.99
3.02
3.93
3.09
4.00
3.31
4.17
3.51
4.14
3.24
3.96
3.24
3.67
3.55
3.82
3.40
3.51
3.16
3.84
3.14
3.70
3.39
3.66
3.46
3.36
3.50
3.38
3.64
3.37
3.50
3.38
3.58
3.42
3.63
3.53
3.70
3.65
4.10
3.68
3.65
3.74
3.70
3.57
3.50
3.77
3.61
3.65
3.57
3.42
3.58
3.38
3.69
3.42
3.67
3.67
3.71
3.36
3.99
3.36
3.95
3.27
3.84
3.23
3.88
3.14
3.71
3.02
3.99
3.28
4.11
3.24
4.16
3.07
4.01
3.17
4.19
3.16
4.02
3.05
3.95
3.16
3.77
3.21
4.08
3.40
4.25
3.28
4.02
3.00
3.66
3.04
3.83
3.33
3.81
3.27
3.56
3.05
3.67
3.25
3.64
3.50
4.23
3.30
3.83
3.22
3.31
3.18
3.49
3.29
3.50
3.23
3.43
3.36
3.68
3.38
3.62
3.27
3.88
3.53
3.62
3.38
3.91
3.51
3.73
3.37
3.82
3.50
3.62
3.42
3.85
3.63
3.78
3.49
3.79
3.56
3.80
3.43
4.05
3.50
3.73
3.31
4.02
3.41
3.90
3.42
3.92
3.43
3.76
3.34
3.77
3.66
3.95
3.44
3.78
3.57
3.87
3.50
4.01
3.46
3.92
3.75
3.96
3.66
3.62
3.58
3.75
3.57
3.93
3.39
3.86
3.71
3.90
3.55
4.07
3.46
3.77
3.53
3.89
3.53
3.64
3.50
3.78
3.30
3.77
3.37
3.51
3.47
3.76
3.61
3.51
3.75
3.32
3.49
3.90
3.71
3.57
3.52
3.74
3.54
3.60
3.57
3.68
3.70
3.59
3.61
3.83
3.83
3.55
3.40
3.91
3.72
3.51
3.48
3.66
3.74
3.53
3.54
3.43
3.83
3.38
3.85
3.55
4.06
3.33
3.89
3.41
3.93
3.28
3.81
3.29
3.92
3.55
3.66
3.61
3.60
3.50
3.26
3.59
3.93
3.82
3.69
3.73
3.77
3.55
3.52
3.70
3.95
3.63
3.56
3.59
3.84
3.43
3.71
3.60
3.95
3.95
3.79
3.56
3.93
3.37
3.63
3.47
3.83
3.46
3.51
3.55
3.71
3.45
3.54
3.49
3.66
3.62
3.41
3.86
3.63
3.56
3.35
3.62
3.59
3.61
3.58
3.89
3.69
3.68
3.41
3.75
3.53
4.09
3.75
3.93
3.36
3.80
3.21
3.90
3.33
3.74
3.34
4.14
3.32
3.61
3.27
3.86
3.41
3.87
3.52
4.21
3.65
3.67
3.11
3.78
3.36
3.66
3.26
3.89
3.35
3.66
3.15
3.79
3.51
3.91
3.38
3.93
3.90
3.86
3.49
3.70
3.28
3.68
3.16
3.62
3.34
3.76
3.10
3.69
3.34
3.73
3.26
3.63
3.50
3.93
3.62
3.69
3.63
3.58
3.55
3.51
3.73
3.46
3.46
3.58
3.57
3.77
3.65
3.76
3.75
3.84
3.41
3.45
3.55
3.56
3.28
3.47
3.22
3.71
3.04
3.92
3.38
3.97
3.46
4.03
3.36
3.86
3.51
3.79
3.37
3.46
3.32
3.55
3.51
3.64
3.25
3.66
3.60
3.50
3.50
3.85
3.71
3.79
3.73
3.84
3.66
3.76
3.47
3.61
3.64
3.59
3.42
3.62
3.61
3.51
3.55
4.06
3.91
3.84
3.65
3.72
3.67
3.60
3.45
3.50
3.51
3.59
3.40
3.51
3.46
3.60
3.56
3.90
3.48
3.67
3.63
3.60
3.57
3.55
3.36
4.30
3.57
3.89
3.68
3.70
3.18
3.92
3.46
3.75
3.28
3.69
3.58
3.85
3.39
3.67
3.60
3.95
3.70
4.14
3.65
3.84
3.28
3.67
3.44
3.70
3.28
3.53
3.58
3.83
3.40
3.72
3.30
3.53
3.58
4.20
3.87
3.71
3.38
3.75
3.47
3.73
3.15
3.68
3.62
3.72
3.40
3.57
3.49
3.45
3.45
4.02
3.77
3.66
3.22
3.53
3.66
3.57
3.31
3.63
3.68
3.65
3.36
3.52
3.61
3.45
3.12
4.30
3.97
3.98
3.36
3.89
3.73
3.74
3.35
3.75
3.65
3.86
3.18
3.99
3.52
3.86
3.04
3.72
4.08
4.14
3.34
3.73
3.46
3.80
3.11
3.76
3.29
3.69
3.03
3.96
3.44
4.00
3.25
3.90
3.24
4.09
3.30
3.84
3.38
3.87
3.12
3.83
3.13
3.79
3.10
3.63
3.33
3.78
3.20
4.02
3.34
4.07
3.39
3.71
3.34
3.84
3.05
3.96
2.93
3.82
2.83
3.91
3.04
4.23
3.03
4.10
3.06
3.72
3.01
3.85
3.34
3.79
3.01
3.89
3.22
4.09
3.09
3.95
3.15
4.17
3.09
3.87
3.34
3.86
3.09
4.18
3.53
4.03
3.29
3.90
3.38
3.97
3.18
3.97
3.33
4.08
3.34
3.83
3.32
3.92
3.32
3.78
3.43
3.63
2.90
3.73
3.19
4.22
3.18
4.04
3.23
4.20
3.44
4.14
3.24
4.04
3.26
4.06
3.32
4.10
3.30
3.88
3.24
3.93
3.12
3.83
3.32
3.81
3.33
3.80
3.28
3.70
3.20
3.70
3.37
3.90
3.45
3.97
3.38
4.06
3.35
3.74
3.53
3.62
3.62
3.50
3.48
3.60
3.67
3.45
3.56
3.64
3.73
3.57
3.75
3.77
3.85
3.59
3.79
3.62
3.75
3.31
3.56
3.16
3.86
3.20
3.92
3.39
3.96
3.31
3.60
3.40
3.91
3.31
3.62
3.15
3.76
3.20
3.66
3.19
3.88
3.34
3.42
3.45
3.64
3.38
3.65
3.70
3.75
3.88
3.75
3.55
4.02
3.30
3.78
3.25
3.96
3.18
3.63
3.24
3.94
3.26
3.68
3.31
4.23
3.36
3.78
3.27
4.01
3.22
3.68
3.08
3.75
3.31
3.85
3.34
3.88
3.25
3.58
3.18
3.96
3.41
4.04
3.28
4.21
3.21
3.98
3.19
3.97
2.94
4.00
3.19
4.25
3.08
4.10
2.98
4.04
3.07
3.93
3.25
4.00
3.39
3.94
3.22
4.18
3.19
4.01
3.18
4.15
3.39
3.87
3.40
4.26
3.60
3.78
3.57
3.93
3.34
3.55
3.37
3.53
3.54
3.48
3.51
3.79
3.60
3.45
3.75
3.93
3.66
3.46
3.74
3.74
3.76
3.33
3.70
3.43
3.44
2.97
3.78
3.27
4.06
3.20
3.78
3.46
4.10
3.17
3.87
3.32
3.98
3.18
3.92
3.25
3.84
3.23
3.58
3.41
3.83
3.31
3.77
3.41
4.04
3.40
3.76
3.46
3.81
3.41
3.89
3.27
3.75
2.99
3.78
3.16
3.71
3.37
3.84
3.38
4.05
3.35
4.09
3.62
3.82
3.27
3.93
3.38
3.99
3.10
3.88
3.35
3.81
3.22
3.91
3.30
3.85
3.26
3.97
3.27
4.19
3.04
4.19
3.14
4.04
2.92
3.84
3.19
4.01
2.93
3.90
3.00
4.06
2.88
4.00
2.74
4.03
2.76
4.21
2.81
4.10
2.57
4.20
3.07
4.09
2.88
4.01
3.15
3.82
3.05
4.20
3.63
3.84
3.28
4.10
3.51
4.02
3.24
4.03
3.36
3.98
3.20
4.02
3.42
3.96
3.02
3.93
3.44
3.77
3.30
4.24
3.34
3.97
3.11
3.90
3.20
3.96
3.31
3.92
3.34
3.91
3.08
3.84
3.40
3.89
3.35
4.00
3.56
4.01
3.17
3.94
3.48
3.84
3.28
3.74
3.51
3.65
3.35
3.72
3.75
3.72
3.38
3.76
3.83
3.74
3.31
3.55
3.42
3.48
3.27
3.59
3.47
3.58
3.20
3.53
3.36
3.40
3.14
3.61
3.44
3.58
3.07
3.32
3.19
3.32
3.22
3.47
3.52
3.58
3.70
3.35
3.95
3.63
3.37
3.55
3.55
3.65
3.40
3.70
3.69
3.59
3.29
3.65
3.39
3.59
3.39
3.62
3.58
3.40
3.59
3.30
3.78
3.32
3.53
3.45
3.65
3.50
3.54
3.50
3.46
3.44
3.72
3.69
3.74
3.65
3.77
3.28
3.54
3.40
3.54
3.36
3.63
3.77
3.76
3.50
3.52
3.48
3.64
3.73
3.64
3.57
3.62
3.39
3.28
3.51
3.47
3.54
3.38
4.07
3.69
3.85
3.38
3.75
3.45
3.80
3.56
3.58
3.53
3.86
3.32
3.75
3.32
3.71
3.29
3.64
3.60
3.70
3.25
3.55
3.34
3.56
3.45
3.82
3.80
3.86
3.37
3.81
3.51
3.66
3.23
3.73
3.63
3.68
3.58
3.58
3.72
3.43
3.44
3.55
3.68
3.50
3.42
3.32
3.33
3.42
3.41
3.60
3.61
3.81
3.39
3.68
3.39
3.38
3.32
3.48
3.53
3.64
3.44
3.58
3.59
3.39
3.39
3.68
3.45
3.62
3.53
3.92
3.32
3.60
3.55
3.79
3.55
3.67
3.68
3.73
3.71
3.50
3.55
3.71
3.75
3.75
3.63
3.82
3.67
3.44
3.51
3.61
3.60
3.36
3.74
3.68
3.68
3.38
3.51
3.47
3.69
3.37
3.71
3.67
3.56
3.25
3.29
3.36
3.35
3.19
3.60
3.61
3.58
3.16
3.55
3.24
3.66
3.21
4.08
3.59
4.10
3.00
3.89
3.26
3.90
3.13
3.80
3.45
4.07
3.09
3.94
3.28
3.69
3.18
3.57
3.76
4.16
3.22
3.75
3.48
3.59
3.30
3.69
3.29
3.76
3.48
3.80
3.44
3.74
3.46
3.89
3.82
4.11
3.46
4.05
3.15
3.67
3.21
4.16
3.27
3.79
3.36
3.89
3.10
3.73
3.28
3.81
3.28
4.09
3.34
3.91
3.40
3.80
3.43
4.16
3.29
3.81
3.42
3.94
3.17
3.82
3.37
3.61
3.21
3.57
3.62
3.81
3.55
3.77
3.74
3.95
3.74
3.51
3.64
3.57
3.47
3.49
3.58
3.35
3.26
3.34
4.11
3.58
3.84
3.13
3.93
3.15
4.05
3.16
4.07
3.15
3.70
2.95
3.74
3.20
3.51
3.19
3.91
3.53
3.77
3.25
3.90
3.13
3.61
3.41
4.03
3.10
3.80
2.84
3.91
2.93
3.86
2.81
4.39
3.14
4.28
2.79
4.27
2.97
4.17
3.08
4.35
3.06
3.65
2.87
4.23
2.88
3.87
2.85
4.02
3.33
3.93
3.04
4.02
3.25
4.06
3.09
3.76
3.43
3.89
2.90
3.82
3.10
4.10
3.05
4.17
3.36
4.09
3.32
4.00
3.27
3.98
3.24
4.00
3.56
4.24
3.19
4.01
3.32
4.04
3.05
4.01
3.34
4.22
3.42
4.25
3.39
4.06
3.33
4.05
3.35
3.86
3.16
3.85
3.21
3.70
3.12
3.86
3.13
3.93
3.05
4.05
3.09
3.90
2.96
4.00
3.31
4.09
2.93
3.90
3.26
4.00
3.10
3.81
3.20
3.63
3.12
3.99
3.03
3.48
2.73
3.56
2.93
3.76
3.11
3.68
3.12
3.67
3.11
3.77
3.24
3.73
3.41
3.89
3.42
3.80
3.19
3.67
3.21
3.73
3.49
3.90
3.43
3.75
3.45
3.59
3.32
3.55
3.71
3.62
3.62
3.77
3.48
3.39
3.69
3.45
3.56
3.60
3.72
3.65
3.64
3.85
3.61
3.47
3.82
3.59
3.82
3.72
3.70
3.18
3.62
3.38
3.60
3.30
3.73
3.52
3.69
3.90
3.64
3.67
3.71
3.49
3.52
3.41
3.59
3.33
3.33
3.44
3.51
3.42
3.55
3.59
3.75
3.88
3.72
3.62
3.81
3.49
3.62
3.72
3.92
3.52
3.70
3.60
3.85
3.51
3.68
3.64
3.70
3.59
3.94
3.77
3.82
3.60
3.60
3.82
3.81
3.59
3.40
3.67
3.62
3.67
3.45
3.63
3.57
3.71
3.50
3.72
3.58
3.47
3.26
3.55
3.72
3.70
3.22
3.51
3.34
3.90
3.53
3.76
3.37
3.61
3.36
3.80
3.41
3.55
3.43
3.62
3.56
3.77
3.71
3.71
3.43
3.51
3.80
3.67
3.49
3.26
3.30
3.93
3.36
3.61
3.35
3.83
3.29
3.69
3.49
3.88
3.40
3.92
4.03
3.92
3.34
3.47
3.25
3.74
2.88
3.57
3.11
3.80
2.98
3.54
3.23
3.89
3.08
3.96
3.56
4.23
3.15
3.85
2.91
4.27
3.12
3.79
2.85
3.91
3.10
3.87
3.30
3.93
3.32
3.73
3.66
4.09
3.54
3.74
3.02
3.81
3.15
3.84
3.15
4.21
3.00
4.04
3.00
4.25
2.89
4.18
3.00
4.28
3.30
3.89
3.02
3.94
3.22
3.80
3.14
3.98
3.08
3.72
3.17
4.05
3.23
3.71
3.08
3.61
3.56
3.68
3.70
3.61
3.61
3.51
3.43
3.39
3.69
3.36
3.66
3.49
3.73
3.26
3.62
3.46
3.85
3.67
3.78
3.42
3.51
3.23
3.59
3.36
3.56
3.28
3.60
3.35
3.75
3.50
3.67
3.34
3.63
3.10
3.56
3.24
3.73
3.15
3.75
3.51
3.44
3.07
3.69
3.37
3.86
3.28
3.55
3.43
3.66
3.11
3.85
3.47
3.76
3.26
3.56
3.70
3.87
3.17
3.89
3.37
3.93
3.02
3.96
3.32
3.87
3.09
3.80
3.44
3.78
3.06
3.90
3.41
3.99
3.22
3.53
3.38
3.55
3.35
3.70
3.34
3.55
2.96
3.61
3.16
3.61
3.02
3.64
3.19
3.67
3.65
3.66
3.46
3.52
3.23
3.83
3.52
3.60
3.26
3.49
3.50
3.53
3.31
3.49
3.47
3.79
3.59
3.76
3.51
3.62
3.19
3.57
3.72
3.89
3.46
3.63
3.38
3.64
3.22
3.66
3.48
3.74
3.25
3.94
3.49
3.40
3.33
3.72
3.54
3.64
3.25
3.78
3.36
3.52
3.29
3.65
3.19
4.04
3.63
3.78
3.41
3.40
3.46
3.73
3.52
3.54
3.46
3.79
3.50
3.51
3.58
3.80
3.61
3.57
3.98
3.67
3.40
3.36
3.57
3.60
3.68
3.49
3.54
3.50
3.56
3.41
3.54
3.57
3.52
3.60
3.67
3.91
3.50
3.94
3.27
4.16
3.11
3.82
2.85
3.95
2.96
3.70
3.05
3.96
3.32
3.98
3.41
4.13
3.39
4.18
3.17
4.10
3.16
3.80
2.99
3.89
3.24
3.71
3.16
3.63
3.44
3.59
3.53
4.04
3.56
3.73
3.69
3.73
3.32
3.31
3.69
3.60
3.31
3.46
3.55
3.49
3.59
3.43
3.63
3.60
3.74
3.52
3.85
3.68
3.53
3.37
3.63
3.80
3.64
3.37
3.48
3.28
3.43
3.40
3.08
3.61
3.36
3.71
3.67
3.94
3.37
3.76
3.36
4.00
3.45
3.84
3.39
3.81
3.26
3.83
3.13
3.77
3.09
3.83
3.32
4.09
3.20
3.93
3.12
3.92
3.18
3.90
3.14
3.79
3.21
3.95
3.10
3.79
3.12
3.60
3.25
3.85
3.22
3.58
3.49
3.79
3.35
3.35
3.44
3.41
3.51
3.48
3.80
3.71
3.66
3.44
3.70
3.62
3.71
3.40
3.54
3.57
3.61
3.46
3.61
3.60
3.45
3.37
3.54
3.75
3.65
3.58
3.67
3.69
3.60
3.32
3.61
3.78
3.36
3.58
3.58
3.86
3.77
3.53
3.56
3.99
3.59
3.53
3.72
3.74
3.92
3.42
3.83
3.50
3.64
3.19
3.71
3.56
3.77
3.05
3.50
3.12
3.60
3.29
3.72
3.29
3.80
3.45
3.60
3.62
3.57
3.40
3.74
3.34
3.89
3.52
3.83
3.44
3.82
3.42
3.85
3.34
3.84
3.44
3.75
3.42
3.97
3.35
3.78
3.35
3.88
3.66
4.03
3.40
3.84
3.37
3.93
3.33
3.87
3.45
3.90
3.29
4.05
3.53
3.82
3.31
3.46
3.43
3.51
3.54
3.53
3.39
3.90
3.09
3.76
3.14
3.89
2.93
3.85
3.19
3.85
2.96
3.94
3.17
4.09
3.13
4.12
3.19
4.18
3.03
3.98
3.03
3.97
2.99
4.01
3.15
3.97
3.33
4.00
3.25
4.10
3.20
3.79
3.38
4.08
3.18
3.83
3.10
4.00
3.20
3.94
3.24
3.76
2.81
3.82
3.04
3.94
3.26
4.00
3.26
3.86
3.05
3.92
3.31
3.76
3.27
3.88
3.02
3.47
3.10
3.97
3.06
4.01
3.29
4.12
3.11
3.99
3.11
3.94
3.43
3.67
3.58
4.00
3.46
3.56
3.46
3.81
3.37
3.63
3.62
3.92
3.54
3.74
3.73
3.88
3.29
3.47
3.64
3.96
3.36
3.66
3.42
3.95
3.38
3.62
3.46
4.12
3.42
3.79
3.47
3.72
3.12
3.78
3.47
3.70
3.39
3.59
3.29
3.70
3.15
3.39
3.22
3.86
3.40
3.51
3.61
3.82
3.34
3.54
3.42
3.71
3.50
3.55
3.44
3.65
3.40
3.31
3.52
3.65
3.54
3.34
3.44
3.57
3.60
3.61
3.59
3.46
3.86
3.46
3.83
3.43
3.61
3.27
3.80
3.50
3.78
3.43
3.73
3.59
3.88
3.50
3.76
3.26
3.55
3.50
3.63
3.43
3.49
3.47
3.51
3.40
3.50
3.37
3.41
3.28
3.71
3.58
3.20
3.19
3.38
3.41
3.65
3.37
3.66
3.26
3.70
2.98
3.89
3.24
3.95
3.37
3.90
3.48
3.77
3.32
3.69
3.40
3.70
3.44
3.74
3.34
3.72
3.27
3.73
3.33
3.89
3.58
4.11
3.64
3.82
3.49
3.59
3.53
3.58
3.60
3.65
3.67
3.57
3.61
3.40
3.55
3.38
3.55
3.84
3.78
3.57
3.57
3.42
3.59
3.43
3.47
3.64
3.36
3.57
3.63
3.43
3.58
3.40
3.57
3.58
3.62
3.55
3.62
3.37
3.37
3.44
3.46
3.40
3.24
3.54
3.22
3.30
3.03
3.59
3.36
3.83
3.60
3.88
3.25
3.62
2.98
3.59
3.13
3.60
3.17
3.66
3.04
3.41
3.00
3.58
3.27
3.61
3.37
3.68
3.24
3.36
3.20
3.69
3.33
3.42
3.23
3.85
3.09
3.93
3.12
3.71
3.28
3.55
3.53
3.63
3.42
3.49
3.15
3.54
3.39
3.64
3.20
3.77
3.43
3.72
2.85
3.73
3.41
3.65
3.39
3.89
3.39
3.77
3.31
3.62
3.28
3.50
3.11
3.80
3.32
4.17
3.31
4.05
3.21
3.79
3.20
3.80
3.18
3.63
3.22
3.70
3.22
3.68
3.20
3.47
3.23
3.50
3.50
3.63
3.46
3.53
3.50
3.96
3.43
3.84
3.51
3.81
3.25
3.36
3.40
3.63
3.34
3.56
3.58
3.70
3.59
3.71
3.66
3.72
3.11
3.45
3.55
3.34
3.47
3.24
3.46
3.16
3.67
2.95
3.72
3.35
3.48
3.12
3.88
3.56
3.73
3.25
3.81
3.25
3.53
3.12
3.37
3.14
3.45
3.24
3.37
3.41
3.13
3.18
3.82
3.82
3.51
3.19
3.48
3.19
3.42
3.13
3.57
3.37
3.43
3.33
3.49
3.46
3.64
3.44
4.01
3.76
3.94
3.13
3.78
3.22
3.71
3.03
3.78
3.47
3.50
2.87
3.36
3.21
3.69
3.26
3.76
3.78
3.67
3.29
3.54
3.19
3.56
2.92
3.63
3.11
3.54
3.21
3.49
3.34
3.54
3.29
3.51
3.82
3.59
3.42
3.66
3.47
3.42
3.41
3.77
3.32
3.42
3.38
3.34
3.48
3.08
3.08
3.50
3.75
3.83
3.23
3.66
3.55
3.44
3.45
3.99
3.38
3.57
2.97
3.71
3.40
3.62
2.96
3.59
3.49
3.84
3.46
3.61
3.35
3.37
3.27
3.72
3.55
3.33
3.55
3.22
3.70
3.24
3.42
3.30
3.72
3.24
3.95
3.30
3.92
3.21
3.59
3.43
3.77
3.41
3.53
3.42
3.70
3.15
3.56
3.20
3.63
3.09
3.57
3.20
3.78
3.25
3.79
3.31
3.81
3.18
3.85
3.61
4.00
3.37
3.78
3.35
3.94
3.31
3.75
3.23
3.60
3.17
3.56
2.98
3.61
3.09
3.68
3.20
3.80
3.14
3.74
3.17
4.04
2.95
3.71
3.06
3.61
3.25
3.64
3.30
3.63
3.24
3.63
3.28
4.06
3.45
4.14
3.28
3.58
3.39
3.44
3.36
3.63
3.15
3.72
3.34
3.65
3.26
3.37
3.23
3.41
3.33
4.15
3.67
3.52
3.41
3.82
3.24
3.86
3.22
3.64
3.46
3.80
3.39
3.83
3.29
3.52
3.33
3.90
3.62
3.67
3.57
3.69
3.70
3.45
3.45
3.63
3.54
3.51
3.41
3.71
3.47
3.39
3.61
3.73
3.80
3.53
3.50
3.94
3.73
3.60
3.42
3.67
3.48
3.55
3.44
3.56
3.32
3.63
3.30
4.00
3.53
3.78
3.23
3.74
3.22
3.65
3.07
3.73
3.15
3.84
3.05
3.55
2.94
3.61
3.48
3.95
3.71
3.58
3.48
3.59
3.46
3.30
3.63
3.58
3.58
3.37
3.54
3.58
3.40
3.22
3.35
3.76
4.35
3.68
3.66
3.52
3.52
3.41
3.41
3.39
3.68
3.31
3.57
3.31
3.72
3.30
3.76
3.37
4.06
3.41
3.77
3.27
3.68
3.18
3.65
3.19
3.58
3.02
3.71
3.17
3.42
3.04
3.54
3.36
3.81
3.59
3.79
3.46
3.90
3.35
3.70
3.21
3.56
3.18
3.52
3.06
3.43
3.27
3.74
3.33
3.71
3.64
3.92
3.28
3.71
3.57
3.91
3.54
3.68
3.42
3.62
3.17
3.38
3.79
3.46
3.48
3.58
3.68
3.44
3.51
3.27
3.63
3.80
3.35
3.65
3.40
3.48
3.10
3.68
3.56
3.39
2.99
3.66
3.50
3.70
3.04
3.50
3.27
3.51
3.52
3.58
3.59
3.45
3.16
3.45
3.52
3.62
3.38
3.46
3.42
3.38
3.13
3.45
3.37
3.50
3.49
3.72
3.48
3.53
3.16
3.62
3.44
3.46
3.34
3.59
3.62
3.50
3.29
3.55
3.49
3.56
3.67
3.77
3.52
3.40
3.12
3.50
3.51
3.63
3.38
3.65
3.76
3.56
3.43
3.67
3.51
3.59
3.64
3.93
3.68
3.59
3.42
3.61
3.43
3.58
3.44
3.84
3.62
3.57
3.05
3.63
3.12
3.78
3.46
4.06
3.23
3.89
3.33
3.75
3.30
3.82
3.33
3.79
3.61
3.70
3.34
3.48
3.36
3.59
3.24
3.60
3.34
3.60
3.36
3.48
3.23
3.83
3.41
3.82
3.42
3.63
3.28
3.62
3.16
3.58
3.18
3.73
2.93
3.32
3.33
3.47
3.34
3.68
3.56
3.72
3.75
3.44
3.76
3.18
3.48
3.23
3.48
3.22
3.22
3.43
3.46
3.16
3.21
3.50
3.90
3.52
3.92
3.59
3.66
3.24
3.57
3.37
3.67
3.31
3.55
3.38
3.44
3.28
3.36
3.37
3.43
3.48
3.58
3.90
3.81
3.48
3.40
3.36
3.56
3.51
3.49
3.44
3.51
3.40
3.49
3.25
3.33
3.42
3.19
4.03
3.53
3.61
3.18
3.47
3.17
3.81
3.52
3.57
3.41
3.66
3.15
3.45
3.27
3.62
3.30
3.43
3.44
3.86
3.57
3.60
3.61
3.56
3.71
3.32
3.57
3.31
3.41
3.39
3.55
3.49
3.51
3.27
3.64
3.40
3.83
3.45
3.66
3.12
3.56
3.45
3.67
3.25
3.19
2.97
3.23
3.38
3.28
3.31
3.55
3.59
3.21
3.51
3.68
3.59
3.50
3.82
3.80
3.71
3.56
3.35
3.44
3.62
3.46
3.43
3.59
3.64
3.36
3.38
3.58
3.74
3.49
3.62
3.78
3.74
3.46
3.71
3.62
3.94
3.49
3.51
3.69
3.63
3.31
3.49
3.84
3.91
3.50
3.64
3.69
3.73
3.27
3.60
3.52
3.43
3.31
3.66
3.46
3.93
3.40
3.74
3.56
3.81
3.31
3.68
3.44
4.12
3.04
3.84
3.27
4.37
3.22
3.91
3.13
4.00
3.12
3.88
3.02
3.88
2.96
4.02
2.96
3.94
2.91
4.06
2.73
4.13
2.94
3.80
2.92
4.22
3.23
3.89
2.80
3.99
3.00
4.03
3.17
4.19
2.96
3.96
2.70
3.99
3.01
4.09
2.97
4.01
3.27
4.06
3.07
4.14
3.18
3.80
2.89
4.06
2.84
3.78
2.93
3.85
3.03
3.93
3.03
3.62
3.16
3.58
3.42
3.61
3.47
3.67
3.20
3.55
3.39
3.70
3.23
3.58
3.19
3.69
3.23
3.81
3.31
3.75
3.22
3.75
3.46
3.77
3.20
3.95
3.24
3.44
3.08
3.58
3.31
3.70
3.24
3.92
3.33
3.68
3.50
3.82
3.32
3.43
3.28
3.64
3.51
3.67
3.31
3.72
3.30
3.67
3.23
3.53
3.32
3.61
3.56
3.38
3.20
3.47
3.35
3.44
3.67
3.42
3.12
3.24
3.28
3.65
3.20
3.01
3.48
3.41
3.67
3.14
3.60
3.42
3.74
2.95
3.95
3.40
3.78
2.97
3.75
3.28
3.71
3.17
3.67
3.22
3.83
3.19
3.64
3.32
3.51
3.27
4.15
3.52
3.60
3.31
3.40
3.48
3.41
3.23
3.28
3.61
3.38
3.55
3.31
3.50
3.29
3.60
3.61
4.08
3.52
3.61
3.31
3.55
3.14
3.30
3.35
3.53
3.22
3.73
3.34
3.67
3.06
3.58
3.12
4.00
3.27
3.80
3.03
3.96
2.79
3.57
3.13
3.79
3.13
3.71
3.64
3.80
3.27
3.84
3.29
3.83
3.45
3.92
3.32
3.95
3.47
4.00
3.26
3.66
3.34
3.77
3.10
3.81
3.19
3.72
3.42
3.91
3.28
3.95
3.45
3.77
3.39
3.80
3.16
3.76
3.03
3.84
3.22
3.88
3.05
3.71
3.21
3.81
3.27
4.05
3.56
3.81
3.62
3.91
3.60
3.75
3.21
3.80
3.40
3.81
3.45
3.67
3.41
3.76
3.41
3.75
3.58
3.86
3.20
3.68
3.45
3.68
3.41
3.44
3.70
3.55
3.86
3.52
3.79
3.48
3.63
3.58
3.67
3.52
3.52
3.35
3.79
3.47
3.78
3.29
3.71
3.31
3.74
3.36
3.89
3.05
3.82
3.31
4.04
3.35
3.98
3.17
3.94
3.32
4.12
3.13
4.19
3.07
4.04
3.07
4.00
3.20
4.10
3.26
4.03
3.12
4.04
3.20
3.94
3.44
4.20
3.27
4.18
3.31
4.03
3.13
3.90
3.23
3.93
3.07
4.03
3.46
3.95
3.18
3.76
3.44
3.85
3.24
3.93
3.41
3.92
3.51
3.70
3.47
3.72
3.36
3.55
3.69
3.96
3.39
3.73
3.63
3.87
3.35
3.63
3.31
3.82
3.43
3.57
3.38
3.70
3.26
3.61
3.55
3.83
3.24
3.80
3.40
3.72
3.16
3.80
3.36
3.97
3.37
4.07
3.19
3.85
3.12
3.66
3.20
3.75
3.24
3.57
3.33
3.68
3.10
3.47
3.64
3.80
3.63
3.65
3.50
3.66
3.39
3.47
3.34
3.56
3.41
3.47
3.58
3.53
3.36
3.73
3.40
3.78
3.68
3.82
3.73
3.61
3.62
3.52
3.63
3.50
3.72
3.38
3.55
3.50
3.51
3.66
3.90
3.69
3.81
3.70
3.59
3.80
3.84
3.70
3.58
3.85
3.66
3.31
3.92
3.52
3.96
3.39
3.76
3.69
3.70
3.57
3.44
3.49
3.64
3.57
3.44
3.64
3.89
3.88
3.48
3.59
3.70
3.14
3.46
3.49
3.69
3.22
3.42
2.76
3.64
3.15
3.48
2.92
3.74
3.52
3.79
3.27
3.87
3.28
3.71
3.45
3.84
3.11
3.91
2.94
3.97
2.86
3.74
2.80
3.70
3.13
4.02
3.10
3.96
3.13
3.90
3.20
4.13
3.36
3.84
3.00
3.83
3.17
3.93
3.08
3.91
3.40
4.21
3.31
3.86
3.08
3.78
3.01
3.57
3.33
3.70
3.32
3.64
3.41
3.56
3.42
3.69
3.45
3.90
3.41
3.72
3.56
3.38
3.35
3.60
3.80
3.72
3.38
3.56
3.31
3.35
3.54
3.53
3.72
3.52
3.86
3.73
3.60
3.31
3.18
3.50
3.55
3.88
3.44
3.73
3.39
3.72
3.35
3.65
3.36
3.90
3.26
3.79
3.57
3.84
3.40
3.49
3.58
3.88
3.62
3.49
3.80
3.49
3.52
3.51
3.47
3.48
3.30
3.58
3.58
3.44
3.65
3.21
3.77
3.37
3.85
3.16
3.81
3.12
3.64
3.18
3.84
3.02
3.57
3.08
3.87
3.15
3.71
3.18
3.80
3.35
3.87
3.30
3.81
3.16
3.46
3.23
3.86
3.36
3.67
3.19
3.91
3.22
3.54
3.12
3.88
3.20
3.75
2.92
3.99
2.86
3.73
3.12
3.99
3.29
3.62
3.29
4.01
3.43
3.84
3.22
4.04
3.09
3.72
2.98
3.98
3.08
3.75
2.75
4.18
2.96
3.95
2.83
4.16
3.02
4.09
2.89
4.19
2.78
4.03
2.88
4.16
3.25
4.02
3.02
4.30
3.11
4.07
3.08
4.05
3.09
3.94
3.06
3.95
2.95
3.58
2.91
3.85
3.13
3.85
2.96
3.91
3.30
3.96
3.18
4.02
3.05
3.61
3.17
3.71
3.10
3.39
2.96
3.46
3.11
3.59
2.84
3.55
3.09
3.72
3.13
3.67
3.58
3.91
3.39
3.87
3.22
3.71
3.13
3.68
3.23
3.72
3.19
3.62
3.16
3.83
3.26
3.34
3.26
3.56
3.39
3.36
3.53
3.35
3.41
3.24
3.64
3.60
3.63
3.49
3.64
3.63
3.44
3.39
3.46
3.93
3.63
3.80
3.79
3.88
3.57
3.47
3.56
3.65
3.56
3.91
3.67
3.82
3.52
3.62
3.35
3.65
3.38
3.72
3.43
4.02
3.42
3.62
3.37
3.51
3.23
3.81
3.71
3.84
3.55
3.51
3.56
3.73
3.53
3.51
3.45
3.70
3.84
3.43
3.63
3.59
3.56
3.51
3.62
3.56
3.45
3.30
3.43
3.43
3.60
3.27
3.70
3.31
3.94
3.49
3.78
3.14
3.81
3.29
3.87
3.47
3.84
3.23
3.94
3.26
3.83
3.22
3.96
3.17
3.79
3.67
3.82
3.48
3.71
3.47
3.78
3.35
3.52
3.39
3.74
3.15
3.61
3.34
3.73
3.24
3.74
3.67
3.90
3.41
3.69
3.36
3.84
3.20
3.68
3.28
3.51
2.93
3.58
3.52
3.72
3.26
3.39
3.54
3.76
3.28
3.35
3.29
2.93
3.08
3.16
3.81
3.09
3.61
2.96
3.80
3.25
3.93
3.20
4.33
3.47
3.79
3.31
3.75
3.37
3.66
3.34
3.88
3.43
3.67
2.99
3.70
3.18
3.79
3.23
4.08
3.13
3.63
2.96
3.70
2.88
3.80
2.79
4.18
2.99
3.91
2.78
4.11
2.98
4.15
2.72
4.27
3.02
4.17
2.49
4.18
2.45
4.37
2.43
4.44
2.52
4.62
2.52
4.27
2.52
4.35
2.83
3.91
2.79
4.10
2.67
4.35
2.63
4.14
2.57
4.09
2.82
4.27
2.87
4.03
2.96
4.15
2.88
4.09
2.96
4.64
2.82
4.20
2.83
4.09
2.76
3.97
3.19
4.26
2.97
4.05
3.00
3.99
3.12
4.17
3.05
3.78
3.15
3.51
3.27
3.64
3.00
3.55
3.13
3.75
3.26
3.54
3.18
3.50
3.22
3.62
3.13
3.69
3.05
3.79
3.02
3.77
3.00
3.47
3.06
3.32
3.68
3.51
3.44
3.39
3.40
3.34
3.92
3.36
3.61
3.23
3.70
3.44
3.67
3.07
3.44
3.24
3.97
3.44
3.50
2.96
3.62
3.30
3.65
3.17
3.56
3.15
3.78
3.24
3.65
3.01
3.58
3.15
3.85
3.32
3.51
3.18
3.95
3.17
3.66
3.23
3.74
3.10
3.52
3.23
3.94
3.18
3.69
3.34
3.75
3.41
3.73
3.14
3.66
3.46
3.64
2.99
3.89
2.99
3.76
2.88
3.90
3.11
3.61
3.05
3.81
2.91
3.52
3.02
3.49
3.33
3.58
2.94
3.72
3.44
3.46
3.29
3.55
3.79
3.58
3.43
3.57
3.64
3.40
3.29
3.40
3.85
3.58
3.50
3.76
3.60
3.41
3.34
3.71
3.75
3.45
3.76
3.16
3.74
3.35
3.35
2.99
3.62
3.52
3.67
3.56
3.84
3.21
3.75
3.37
3.99
3.39
3.62
3.31
3.81
3.33
3.64
3.36
3.75
3.37
3.76
3.28
3.85
3.36
3.70
3.19
4.16
3.64
3.81
3.24
3.96
3.14
3.82
3.13
3.91
3.00
3.99
3.18
4.26
3.29
3.91
3.23
4.22
3.27
3.89
3.02
4.09
3.05
3.92
3.02
3.92
3.04
3.83
2.70
4.06
2.94
4.01
3.01
4.60
3.32
4.07
2.96
3.94
3.14
3.75
2.91
3.79
3.10
3.47
3.29
3.82
3.39
3.62
3.17
3.73
3.49
3.73
3.02
3.63
3.18
3.55
3.40
3.69
3.25
3.51
3.27
3.67
3.51
3.55
3.04
3.55
3.59
3.68
3.43
3.67
3.57
3.47
3.38
3.64
3.59
3.28
3.52
3.36
3.42
2.96
3.48
3.14
3.67
3.38
3.47
3.36
3.80
3.37
3.36
3.49
3.82
3.27
3.59
3.16
3.73
3.26
3.53
3.10
3.85
3.27
4.12
3.27
3.94
3.37
3.78
3.03
3.81
3.24
3.81
2.89
3.73
2.87
3.74
2.83
3.64
2.83
3.95
2.84
3.79
3.08
3.69
3.00
3.73
3.48
3.88
2.99
3.61
3.16
4.05
3.03
3.81
3.15
3.75
2.98
3.89
3.25
3.64
3.16
3.74
3.16
3.96
3.21
3.92
3.32
3.99
3.14
3.83
3.21
3.80
2.97
3.78
2.92
3.96
2.84
3.74
3.08
3.78
2.96
3.81
3.02
4.22
3.38
3.97
3.32
3.75
3.28
3.77
3.44
3.92
3.13
3.79
3.18
3.56
3.04
3.69
3.16
3.95
3.62
3.73
3.33
3.63
3.30
3.23
3.20
3.43
3.14
3.38
3.27
3.57
3.35
3.31
3.33
3.75
3.37
3.80
3.44
3.51
3.26
3.34
3.28
3.47
3.22
3.51
3.42
3.63
3.50
3.84
3.39
3.67
3.51
3.88
3.42
3.38
3.56
3.85
3.77
3.50
3.75
3.28
3.75
3.19
3.61
3.36
3.81
3.57
3.98
3.69
4.06
3.52
3.80
3.41
3.76
3.11
3.81
3.13
3.72
3.15
3.73
3.00
4.24
3.22
4.02
3.21
4.19
2.95
3.94
3.10
4.09
3.12
3.86
2.99
4.04
3.12
3.64
2.75
3.90
3.13
3.84
3.19
4.06
3.12
3.91
3.33
4.04
3.26
3.77
2.89
3.86
3.05
3.68
2.82
3.70
3.19
3.76
3.23
3.85
2.93
3.36
3.01
3.54
3.25
3.26
3.03
3.43
3.37
3.30
3.21
3.35
3.35
3.72
3.43
4.01
3.47
3.60
3.35
3.29
3.05
3.46
3.29
3.23
3.48
3.31
3.55
3.36
3.28
3.35
3.59
3.43
3.72
3.16
3.55
3.36
3.71
3.57
3.74
3.22
3.78
3.06
3.87
2.97
3.83
3.19
3.77
3.14
4.05
3.18
3.64
3.38
4.02
3.37
3.77
3.30
3.75
3.25
3.70
3.15
3.75
3.16
3.84
3.08
4.12
3.21
4.12
3.22
4.34
3.37
4.32
3.29
4.18
3.11
4.02
2.92
4.02
2.79
4.09
3.00
3.89
2.79
3.77
2.86
4.07
3.18
4.15
3.25
3.98
3.02
3.92
3.07
3.73
3.01
3.84
2.94
3.98
3.04
3.63
3.14
3.73
3.28
3.71
3.47
3.69
3.18
3.67
3.21
3.48
3.19
3.20
3.22
3.60
3.44
3.42
3.63
3.56
3.72
3.50
3.60
3.53
3.68
3.46
3.51
3.28
3.66
3.24
3.50
3.40
3.57
3.38
3.59
3.57
3.71
3.72
3.49
3.70
3.48
3.50
3.29
3.31
3.57
3.50
3.33
3.49
3.61
3.53
3.44
3.72
3.42
3.87
3.58
3.86
3.52
3.63
3.19
3.16
3.67
3.31
3.44
3.28
3.66
3.58
3.75
3.18
3.71
3.36
3.84
3.53
3.81
3.60
3.50
3.44
3.59
3.33
3.26
3.31
3.37
3.26
3.30
3.60
3.66
3.26
3.37
3.53
3.43
3.28
3.47
3.41
3.59
3.37
3.62
3.10
3.76
3.13
3.60
3.42
3.46
3.29
3.45
3.62
3.66
3.46
3.53
3.65
3.86
3.61
3.63
3.87
3.25
3.53
3.38
3.86
3.20
3.65
3.20
3.74
3.57
3.52
3.43
3.57
3.60
3.57
3.69
3.57
3.30
3.41
3.38
3.38
3.18
3.22
3.17
3.37
3.54
3.27
3.59
3.24
3.44
3.45
3.64
3.55
3.75
3.32
3.44
3.30
3.50
3.27
3.31
3.36
3.57
3.25
3.53
3.35
3.32
3.45
3.64
3.49
3.83
3.37
3.60
3.25
3.54
3.13
3.69
3.30
3.62
3.38
3.66
3.11
3.58
3.10
3.59
3.21
3.71
3.37
3.55
2.82
3.50
2.80
3.80
2.78
3.59
2.94
3.91
2.76
3.70
2.81
3.91
3.00
4.08
3.15
3.84
2.92
3.69
3.16
3.77
3.31
3.73
3.21
3.99
3.05
3.79
3.02
3.91
2.97
3.85
2.88
4.03
2.91
3.76
3.01
3.81
2.86
3.72
2.78
3.87
3.04
3.85
2.99
3.90
3.05
3.77
2.90
4.03
3.43
4.11
3.19
4.26
3.23
3.94
3.02
3.76
3.17
3.59
3.05
3.64
3.19
3.64
2.97
3.65
3.58
4.04
3.06
3.92
3.25
3.58
3.29
3.94
3.24
3.67
2.99
3.78
3.15
3.37
3.03
3.55
3.49
3.70
3.24
3.73
3.47
3.71
3.38
3.96
3.62
3.68
3.18
3.64
3.32
3.32
2.94
3.49
3.55
3.68
3.44
3.64
3.44
3.83
2.97
3.46
3.48
3.66
3.03
3.51
3.36
3.32
3.06
3.16
3.57
2.86
3.24
3.01
3.75
3.23
3.30
3.10
3.84
3.44
3.42
3.28
3.81
3.33
3.53
3.20
3.71
3.27
3.46
3.17
3.53
3.15
3.31
3.09
3.52
3.47
3.52
3.32
4.07
3.61
3.49
3.27
3.66
3.31
3.24
3.22
3.33
3.19
3.24
3.22
3.57
3.47
3.40
3.31
3.77
3.42
3.36
3.05
3.17
3.25
3.48
3.12
3.64
3.19
3.54
3.14
3.66
3.32
3.51
3.35
4.05
3.73
3.76
3.32
3.86
3.25
3.65
3.23
3.28
3.21
3.54
3.18
3.75
3.31
3.53
3.24
3.93
3.68
3.91
3.45
3.71
3.49
3.41
3.37
3.60
3.42
3.49
3.32
3.62
3.50
3.44
3.14
3.78
3.46
3.85
3.23
3.71
3.34
3.56
3.24
3.53
3.19
3.47
3.03
3.54
2.95
3.30
2.60
3.63
2.48
3.66
2.58
3.89
2.91
3.92
2.79
4.12
2.99
3.70
2.86
4.17
3.05
3.90
3.10
3.77
2.80
3.55
2.93
4.10
3.05
3.85
3.08
3.81
2.85
3.54
2.71
3.96
2.93
3.72
3.14
3.89
3.13
3.61
3.05
3.67
3.24
3.79
3.20
4.06
3.05
3.96
2.96
4.15
3.12
3.74
3.16
4.12
3.10
3.64
3.11
3.96
3.21
3.86
3.23
3.81
3.41
3.44
3.07
3.85
3.29
3.50
3.23
3.75
3.29
3.36
3.36
3.63
3.29
3.66
3.44
3.85
3.76
3.63
3.49
3.91
3.50
3.54
3.21
3.49
3.78
3.33
3.68
3.24
3.71
3.09
3.91
3.47
3.70
2.64
3.69
3.38
3.87
3.18
3.94
3.20
3.91
2.84
3.56
2.85
3.65
3.21
4.01
3.47
3.84
3.26
3.70
3.13
3.54
3.13
3.86
3.28
3.81
2.94
3.48
3.07
3.79
3.04
3.83
3.64
4.11
3.18
3.83
3.19
3.78
3.11
3.65
3.67
3.71
3.31
3.40
3.54
3.43
3.54
3.45
3.93
3.75
3.79
3.43
3.44
3.36
3.52
3.14
3.88
3.38
3.58
3.08
3.77
3.14
3.78
3.29
4.10
3.61
4.11
3.35
3.96
3.36
3.41
3.14
3.63
3.44
3.56
3.14
3.44
3.41
3.55
3.35
3.92
3.72
4.07
3.44
3.79
3.37
3.61
3.08
3.88
3.12
4.08
3.20
3.90
3.20
3.90
3.08
3.94
3.19
4.14
3.29
3.91
2.97
3.95
3.22
4.12
3.00
3.98
2.88
3.66
2.66
3.61
2.85
4.02
2.83
3.92
3.15
3.40
2.92
3.84
3.40
3.96
3.16
3.89
3.21
3.74
3.01
3.72
3.16
4.18
3.03
3.80
3.13
3.87
2.92
3.71
3.10
4.24
3.11
3.74
3.12
3.79
2.97
3.49
3.09
3.82
2.98
3.52
3.55
3.78
3.23
3.51
3.24
3.79
3.14
3.69
3.27
3.78
3.04
3.49
3.17
3.65
2.95
3.63
3.05
3.89
2.86
3.37
3.15
3.52
3.14
3.74
3.34
3.69
3.24
3.41
3.29
3.59
3.23
3.63
3.63
3.81
3.54
3.60
3.63
3.31
3.54
3.75
3.57
3.87
3.16
3.36
3.19
3.50
3.05
3.50
3.32
3.76
3.38
3.37
3.23
3.47
3.04
3.14
3.23
3.57
3.06
3.10
3.10
3.45
3.12
3.33
3.65
3.59
3.09
3.54
2.99
3.63
3.14
3.47
3.31
3.83
3.02
3.44
3.16
3.66
3.21
3.56
3.67
4.13
3.29
3.26
3.37
3.60
3.54
2.89
3.49
3.38
3.43
2.89
3.68
3.47
3.52
3.11
3.63
3.61
3.81
3.08
3.58
3.58
3.40
3.04
3.35
3.41
3.02
2.93
3.20
3.42
3.38
3.00
3.54
3.41
3.62
3.53
3.57
3.53
3.36
3.02
3.35
3.41
3.35
2.99
3.55
3.39
3.15
3.21
3.25
3.86
3.47
4.00
3.59
3.81
3.12
2.72
2.99
3.37
2.79
2.91
3.19
3.47
3.04
3.14
3.09
3.89
3.41
3.48
3.95
3.88
3.44
3.20
3.19
3.79
3.56
3.45
3.46
3.45
3.34
3.16
3.06
3.39
3.26
3.06
3.54
3.81
3.39
3.40
2.97
3.33
3.18
3.60
2.97
3.79
3.07
3.34
2.65
3.67
3.07
3.37
3.24
3.46
3.32
3.21
3.55
3.63
3.58
3.50
3.38
3.60
3.55
3.25
3.19
3.42
3.52
3.26
3.77
3.83
3.79
3.48
3.60
3.86
3.42
4.05
3.00
3.97
3.11
3.88
2.83
4.07
3.04
3.65
2.96
3.89
2.85
3.40
2.82
3.32
3.26
3.46
3.21
3.47
3.11
3.28
2.90
3.70
2.99
3.39
2.83
3.30
2.94
3.40
2.84
3.58
3.31
3.89
3.70
3.86
3.58
3.72
3.37
3.82
3.45
3.47
2.84
3.51
3.15
3.54
3.09
4.11
3.54
3.75
3.62
3.95
3.21
3.49
3.37
4.09
3.24
3.60
3.09
3.88
3.10
3.44
2.80
3.91
3.51
3.81
3.22
3.50
3.13
3.79
3.13
4.12
3.24
3.72
2.92
4.03
2.94
3.73
3.04
4.03
3.12
4.05
2.76
4.01
2.93
3.95
3.31
4.20
3.16
4.08
3.10
3.99
2.77
3.91
3.11
3.80
3.14
4.18
3.58
4.34
3.14
3.53
3.29
4.36
3.15
4.04
3.12
4.17
3.04
3.86
3.17
4.03
3.04
3.98
3.38
4.41
3.27
3.75
3.11
4.06
3.44
4.15
3.37
4.04
3.07
3.99
3.36
3.91
3.04
4.03
3.19
4.36
3.25
4.04
3.42
4.14
3.44
4.27
3.44
3.96
3.27
3.60
3.33
3.65
3.28
3.72
3.76
3.89
3.82
3.56
3.46
3.60
3.61
4.10
4.10
3.82
3.47
4.02
3.50
4.00
3.14
3.87
3.46
4.12
3.20
4.41
3.60
4.05
2.84
3.80
4.18
4.39
3.60
3.96
3.50
3.70
3.22
3.84
3.37
4.01
3.23
3.84
3.59
3.72
3.33
3.45
3.88
3.71
3.78
3.56
3.84
3.52
3.69
3.31
3.67
3.19
3.75
3.19
4.27
3.06
3.68
2.91
4.06
3.31
4.60
3.34
4.10
3.17
4.33
3.02
3.80
2.97
3.32
2.93
3.58
3.43
3.35
2.86
3.47
3.67
4.02
3.86
4.02
3.53
3.86
3.32
3.60
3.54
3.14
3.31
3.32
3.39
3.40
3.00
3.53
3.44
3.50
3.82
3.99
3.51
3.90
3.30
3.11
3.16
2.87
3.05
3.18
3.68
3.13
3.39
3.20
3.66
3.46
4.00
4.23
4.35
3.57
3.96
3.51
3.77
2.77
3.67
2.95
4.02
2.80
3.61
3.06
3.72
2.80
3.24
3.52
4.21
3.64
3.84
3.60
3.50
3.16
3.25
3.28
3.36
2.70
3.32
3.12
3.13
2.31
3.10
3.24
3.55
4.18
3.30
3.89
3.35
2.94
2.99
3.26
3.17
3.15
3.20
3.55
3.35
3.52
3.28
3.09
3.78
3.72
3.58
4.48
3.67
3.33
3.31
3.67
3.29
3.24
3.02
3.54
3.58
3.43
3.36
3.85
3.22
3.82
3.71
4.27
3.93
3.90
3.61
3.64
3.81
3.11
3.29
3.50
3.24
4.27
2.57
3.07
3.35
3.41
3.32
3.53
3.25
3.62
3.45
3.49
3.15
3.19
2.82
3.52
3.05
3.22
4.13
3.43
3.33
3.43
3.32
3.45
3.28
3.50
3.29
3.47
3.17
3.02
2.84
3.15
3.30
3.49
3.20
3.91
3.53
3.47
3.30
3.47
3.77
3.57
3.23
3.26
4.42
2.88
3.48
2.80
3.62
3.48
3.23
2.59
3.58
3.29
3.47
2.72
3.64
3.24
3.31
3.23
4.47
3.77
3.54
2.74
3.47
3.29
3.18
2.91
3.38
3.57
3.39
3.24
3.81
3.50
3.27
3.38
4.70
4.21
3.16
3.04
3.70
3.70
3.18
2.44
3.31
3.25
3.34
2.72
3.91
3.55
3.58
2.52
3.66
4.07
4.25
2.64
4.02
3.21
3.70
2.54
3.78
3.09
3.61
2.85
4.73
3.50
4.17
2.99
4.36
3.32
4.16
2.84
4.29
3.32
3.87
2.84
4.36
3.06
3.99
3.04
4.30
3.38
4.53
3.05
3.59
3.61
3.50
3.81
3.96
2.89
3.23
3.17
4.17
3.16
3.79
3.13
4.12
3.67
4.29
3.20
4.20
2.84
3.67
3.17
4.55
3.23
3.58
3.25
3.79
3.41
3.61
3.16
3.75
3.10
3.61
3.17
3.75
3.07
3.55
2.99
3.41
2.86
3.35
3.05
4.03
4.12
4.05
3.48
3.62
3.10
2.68
3.91
3.38
3.85
2.93
3.95
3.24
4.51
2.90
3.81
3.07
3.88
3.74
4.43
3.23
3.60
3.06
3.89
3.32
3.58
3.07
3.78
3.22
3.45
4.30
3.74
3.24
3.79
3.62
3.87
3.13
3.58
2.97
3.76
3.11
3.68
2.76
3.55
2.82
3.38
3.23
3.15
3.57
3.73
4.02
3.78
3.78
3.87
3.48
3.01
3.37
3.46
3.06
2.99
3.37
3.46
2.93
3.51
3.29
3.41
2.76
4.15
3.98
4.24
3.28
3.63
3.27
3.59
3.09
3.66
3.20
3.47
2.91
3.41
3.34
3.40
2.62
3.73
3.64
5.15
3.39
3.89
3.42
3.83
3.15
3.85
3.56
4.18
3.58
4.07
3.69
3.55
3.93
3.29
4.07
3.30
5.23
3.34
3.53
2.82
3.03
2.67
3.04
2.99
3.52
2.40
3.51
3.19
3.68
3.21
3.80
3.26
4.79
3.59
4.15
3.21
3.53
3.05
3.64
3.52
3.36
3.26
3.29
3.45
3.66
3.46
3.56
2.90
4.45
3.97
4.24
2.70
3.43
4.06
3.80
3.42
3.36
4.22
4.16
3.59
3.48
3.97
4.06
3.63
4.27
4.87
3.53
3.70
3.85
3.75
3.90
3.48
4.06
3.66
3.95
3.62
4.18
3.74
4.14
3.61
4.06
4.40
4.60
3.25
3.78
3.47
3.26
4.31
4.02
4.02
3.82
3.74
3.68
4.14
3.96
3.77
3.64
3.94
4.22
2.80
3.49
3.67
2.96
4.29
3.25
4.53
3.54
4.30
3.19
4.91
2.83
3.95
3.41
4.19
4.41
4.27
3.43
4.38
3.45
4.37
3.54
4.36
3.26
4.35
3.24
4.29
3.21
4.30
3.18
4.39
3.89
4.35
2.71
4.17
3.21
4.24
3.30
4.11
2.38
4.32
3.61
3.81
3.47
3.52
4.26
3.42
3.34
5.22
4.41
3.60
3.30
3.92
4.14
3.27
3.31
3.34
4.43
3.89
3.37
4.03
4.36
3.61
3.59
3.98
4.59
3.73
3.57
3.48
4.67
3.40
3.82
3.78
4.77
3.98
4.13
3.67
4.71
3.37
4.02
3.64
4.68
3.35
3.93
3.29
4.53
3.19
3.74
3.38
4.38
3.97
3.69
3.33
3.21
2.98
2.60
4.20
3.42
3.82
2.47
4.02
3.54
3.88
2.71
4.04
3.48
4.77
3.08
4.27
3.80
3.87
2.85
4.28
3.72
4.24
2.64
4.53
3.74
4.16
2.98
4.68
3.95
4.22
3.78
4.34
3.60
4.17
2.82
4.42
3.44
4.20
2.81
4.44
3.81
4.07
3.04
4.54
3.84
4.24
2.94
3.98
3.04
4.41
2.64
4.06
3.09
4.34
2.67
3.99
3.00
5.23
2.88
4.28
2.92
3.03
2.78
4.02
3.06
4.56
2.67
4.20
3.05
4.51
2.54
4.15
3.11
5.16
2.87
4.50
3.44
4.51
2.73
3.51
3.15
4.58
2.71
4.05
2.79
3.78
3.11
3.46
3.48
3.87
4.70
3.81
3.80
4.12
3.76
3.90
4.07
4.03
3.48
3.79
4.45
4.25
3.57
4.20
3.74
3.96
3.50
4.35
3.23
3.99
3.77
3.98
4.04
4.13
2.92
3.78
3.87
4.20
3.71
3.89
3.97
3.97
3.38
3.70
3.91
4.01
3.47
3.16
3.73
3.93
3.50
3.73
3.86
3.89
3.41
3.61
3.83
3.76
3.47
3.96
4.58
4.18
3.46
3.58
3.64
3.22
3.44
3.40
3.92
4.84
4.02
3.67
3.48
3.75
3.73
3.36
3.94
3.67
3.76
3.16
3.73
3.39
3.54
3.16
3.59
3.64
4.89
3.33
3.95
3.91
3.62
3.18
3.96
3.88
3.49
2.30
3.46
3.35
3.38
3.42
3.67
3.71
3.66
4.11
4.38
3.67
3.43
3.32
3.79
3.62
3.44
3.40
3.73
3.65
3.41
3.16
3.78
3.66
3.51
4.56
3.57
3.77
3.66
3.33
3.89
3.97
3.41
3.10
3.64
4.00
3.43
3.23
3.89
3.64
3.43
4.69
3.59
3.91
3.18
3.68
3.61
4.16
2.54
3.78
3.68
4.35
3.39
3.84
3.71
3.97
3.11
3.88
4.75
4.46
3.51
3.71
3.63
4.65
3.70
3.80
3.58
4.48
3.15
3.70
3.45
4.63
3.49
3.12
3.39
3.94
3.80
3.44
3.31
3.86
3.64
3.45
2.59
3.70
3.61
3.19
3.10
3.81
3.54
4.48
3.71
4.08
3.93
2.60
3.08
2.93
3.76
3.13
3.53
3.37
4.65
3.37
4.43
3.63
4.65
3.50
4.35
3.66
4.44
3.32
4.00
2.79
5.18
2.30
4.56
2.76
4.87
2.26
4.35
2.64
4.93
2.25
5.38
3.46
5.20
2.41
4.34
2.57
4.82
2.37
4.61
2.89
5.13
2.25
4.72
2.91
5.03
2.44
4.63
4.36
4.93
2.78
4.73
2.91
5.16
2.26
4.73
2.55
4.42
2.32
3.82
2.98
4.09
2.90
3.81
4.61
4.33
3.23
4.21
2.91
4.02
2.55
4.02
2.58
3.82
2.32
3.45
3.44
4.49
3.33
3.67
4.75
4.45
3.70
3.84
3.68
4.64
3.41
3.84
3.69
4.43
3.25
3.42
4.66
3.92
3.68
3.37
3.00
3.49
3.71
2.51
3.31
3.69
3.63
3.34
3.42
3.67
3.96
3.41
4.74
4.09
3.67
3.68
3.38
3.87
3.66
3.55
3.48
3.97
3.64
3.21
3.48
3.85
3.69
3.51
4.65
4.12
4.15
3.23
3.42
2.97
3.93
2.67
3.33
2.93
3.68
2.62
3.35
3.05
3.54
2.51
3.48
3.50
3.16
2.64
3.20
3.06
3.48
3.57
3.42
4.13
4.02
3.68
2.69
3.92
3.68
3.65
3.41
4.56
4.01
3.65
3.28
3.79
3.65
3.38
3.40
3.95
3.58
3.32
2.65
4.43
2.27
4.60
2.32
4.42
3.62
4.85
2.57
5.21
2.79
4.71
2.27
5.24
2.68
4.69
2.26
5.22
2.70
4.93
2.08
5.19
2.64
4.77
2.43
5.34
2.58
4.64
2.48
5.37
2.56
4.81
2.90
5.05
2.39
4.89
2.61
5.01
2.80
4.81
2.55
5.58
2.60
4.91
2.55
5.46
2.65
5.02
2.75
5.26
2.67
4.82
2.33
5.10
2.88
4.94
2.77
5.41
2.84
4.97
2.26
4.87
2.60
4.88
2.76
5.87
2.52
4.77
2.42
4.64
2.42
4.00
2.27
5.12
2.66
3.92
2.56
4.94
2.93
4.91
2.72
6.12
2.22
4.77
2.65
5.11
3.18
4.90
2.84
5.19
2.95
3.73
2.26
4.60
3.09
4.95
3.27
5.08
2.56
4.57
3.13
4.35
3.13
4.78
3.26
4.59
2.95
4.64
3.10
4.41
2.35
4.55
2.79
3.74
2.78
4.69
2.77
4.51
3.81
4.85
3.06
4.86
2.70
4.61
3.22
4.88
2.75
4.87
3.26
4.77
2.25
4.92
2.97
4.82
2.46
4.84
3.09
4.81
2.79
4.42
3.14
4.72
2.65
4.52
2.92
4.66
2.62
3.39
2.63
4.57
2.50
5.52
2.85
4.62
2.64
4.81
3.15
4.71
2.55
4.76
3.10
4.67
2.54
4.06
2.69
4.38
2.78
4.53
3.58
4.27
3.20
4.04
3.53
4.25
2.69
3.44
3.11
4.48
2.83
4.14
3.54
5.29
3.15
4.36
3.28
4.43
2.40
3.30
3.30
4.76
3.11
3.99
3.10
4.07
3.14
3.68
3.33
4.89
3.38
4.21
3.75
4.91
3.34
4.11
3.48
5.32
3.35
3.85
3.54
4.80
3.11
4.07
2.76
4.72
3.35
2.91
3.23
3.41
3.01
2.61
2.31
3.59
4.19
3.00
3.26
3.64
2.86
2.81
2.90
3.53
2.79
2.83
3.12
4.53
3.16
3.85
3.40
4.54
4.42
3.87
3.74
4.49
3.50
3.54
3.64
4.44
2.32
3.40
2.37
4.54
3.16
3.47
3.18
4.34
4.14
4.17
3.66
4.32
2.97
3.98
3.71
4.60
3.22
3.86
3.64
4.40
3.41
3.74
3.84
3.72
2.84
5.47
3.46
4.92
2.96
4.67
3.34
5.14
2.88
4.86
3.62
3.67
2.66
4.46
3.30
4.29
3.08
4.44
3.82
4.55
3.26
4.73
3.55
4.09
3.32
4.33
4.43
4.02
3.14
4.71
3.68
4.22
3.10
4.29
3.72
4.22
2.98
4.57
3.65
4.34
3.05
4.19
4.93
4.03
3.17
4.60
3.80
4.24
3.21
4.50
3.83
4.16
3.26
4.41
3.85
4.22
3.09
4.48
4.67
4.13
2.35
3.91
3.23
4.24
2.42
4.68
3.13
4.12
2.20
4.36
3.08
3.69
3.06
3.54
4.87
4.30
3.51
3.73
4.39
3.89
3.13
3.59
3.62
2.89
3.22
3.72
4.10
3.97
3.51
3.45
4.35
4.25
4.29
3.59
4.43
3.95
3.47
2.99
4.20
4.08
3.84
3.45
4.13
3.83
3.68
3.21
4.68
4.12
3.79
3.15
3.02
3.69
2.86
3.07
3.69
4.69
3.43
4.06
3.39
4.62
3.14
3.58
4.02
4.50
3.40
3.83
3.60
4.68
3.27
3.80
3.51
4.60
3.33
4.01
3.35
4.80
3.29
3.98
3.64
5.52
2.99
3.58
3.24
4.40
3.54
4.10
3.78
4.91
3.37
3.41
4.40
4.26
4.02
3.59
4.67
4.71
4.18
2.76
4.19
4.02
3.91
3.56
4.17
4.07
3.76
3.37
4.12
3.89
3.54
2.98
4.18
2.39
4.44
2.58
4.57
3.23
4.86
2.77
4.63
3.30
4.98
2.92
4.71
3.25
4.78
2.80
4.37
3.27
5.22
2.50
5.60
3.04
5.21
2.75
4.53
2.89
5.44
2.50
4.04
2.57
4.89
2.58
4.06
1.99
4.75
2.27
5.03
3.77
5.80
2.22
4.39
2.89
5.57
2.76
5.26
3.11
5.26
2.42
5.05
2.77
6.00
2.56
5.15
3.15
5.51
2.43
4.18
2.69
5.39
2.74
5.10
3.00
5.75
2.69
5.04
2.69
5.63
2.48
5.03
2.94
6.31
2.11
4.33
3.39
5.03
2.92
4.26
2.86
4.23
2.54
4.06
2.94
4.68
2.71
4.07
2.99
5.69
3.02
3.12
3.98
4.01
3.62
2.77
3.79
3.18
3.31
2.27
3.74
4.12
3.80
3.30
3.90
5.06
3.87
3.54
4.21
4.23
3.84
3.34
3.97
4.15
3.87
3.31
3.61
3.54
3.58
2.98
3.83
4.08
3.77
3.07
4.00
3.87
3.19
2.94
3.79
4.28
3.81
3.56
4.79
4.13
3.81
2.98
4.68
3.88
4.42
2.62
4.37
3.59
4.21
2.52
4.32
3.33
4.12
2.46
5.81
3.67
4.40
2.76
4.44
3.51
3.99
2.58
4.34
2.91
3.83
2.55
4.10
3.39
3.72
2.83
5.57
3.49
4.20
2.63
3.48
4.36
3.47
3.50
3.73
4.02
2.51
4.20
2.90
4.83
2.83
3.99
3.08
5.96
3.00
4.19
2.41
4.43
2.92
4.34
2.98
4.59
2.94
4.49
2.81
4.35
2.49
4.36
2.92
5.24
3.35
4.70
2.79
4.60
2.89
4.38
2.58
4.45
2.81
4.13
2.70
3.20
2.39
4.12
2.69
3.96
2.84
4.22
3.04
4.48
3.22
4.89
3.13
4.60
3.22
5.01
3.15
4.71
3.05
4.97
2.82
4.10
2.87
5.01
2.91
5.12
3.03
5.56
2.83
4.73
2.98
4.79
3.05
4.65
3.17
4.53
3.07
4.86
3.08
5.01
2.83
4.70
2.98
5.16
3.39
4.63
3.10
4.43
2.50
4.12
4.20
4.44
3.62
4.31
3.80
4.30
3.58
4.25
3.06
4.16
4.12
3.89
3.70
4.14
3.46
3.91
3.85
3.68
3.82
4.45
3.98
3.81
3.92
4.50
3.68
2.66
3.70
4.85
3.53
3.60
3.68
4.20
3.71
3.72
3.85
4.39
3.59
3.48
3.60
3.73
3.01
3.22
3.76
5.43
3.82
3.68
4.14
4.28
3.96
3.86
3.71
3.92
3.97
3.85
4.15
4.05
3.99
3.74
4.07
3.64
3.84
3.77
3.84
3.73
3.93
4.06
4.14
4.15
3.99
3.78
4.03
5.14
2.92
3.95
3.87
3.74
3.51
3.95
3.78
3.86
3.46
3.90
3.66
3.84
3.31
3.17
2.61
3.92
3.59
4.34
3.00
4.13
2.00
4.82
2.21
4.98
2.20
4.97
2.55
4.81
2.21
4.78
2.41
4.74
3.45
5.07
2.59
4.88
2.37
5.22
2.58
5.24
2.48
5.25
2.77
4.81
1.98
4.36
2.70
5.48
3.07
4.94
2.32
5.19
2.96
5.56
2.76
5.39
3.08
5.25
2.50
4.69
2.35
5.31
2.19
5.29
2.87
5.76
1.88
4.95
2.48
5.25
2.08
5.28
2.61
5.23
2.17
5.19
2.68
5.05
2.15
5.09
2.43
4.53
2.54
4.72
3.06
4.64
2.46
4.90
3.12
5.03
2.56
4.16
2.53
4.78
3.10
5.10
2.76
4.87
2.96
5.00
2.86
5.85
2.63
4.88
2.28
4.65
2.72
4.16
3.36
3.89
3.46
4.36
3.34
4.02
3.50
4.28
3.28
5.09
3.46
4.12
3.25
3.96
3.18
3.54
3.96
3.33
4.27
3.97
4.29
3.40
4.22
3.61
4.13
3.30
5.23
3.67
4.24
3.33
4.12
3.44
4.01
3.12
3.90
3.34
4.40
3.22
4.37
3.65
4.31
3.54
4.72
3.01
4.83
3.04
4.03
2.48
3.93
2.66
4.99
2.88
4.70
2.64
4.86
2.74
3.88
2.34
5.78
2.89
4.59
2.88
5.13
2.74
4.56
3.00
5.28
2.76
4.27
3.00
5.25
2.88
4.40
3.05
5.35
4.01
4.39
3.05
5.17
2.87
4.56
3.07
5.16
2.79
4.41
3.16
5.20
2.19
4.57
3.04
4.95
3.01
4.51
3.84
4.32
4.62
3.60
3.71
4.28
3.78
3.79
3.66
4.28
3.67
3.94
3.63
4.35
3.88
3.79
3.64
4.10
3.86
3.77
3.82
3.64
3.84
3.38
3.64
3.81
3.87
3.64
3.51
3.94
3.66
3.64
3.47
3.61
3.77
3.65
4.07
3.35
4.56
2.89
4.34
3.45
4.31
2.27
3.90
2.54
4.00
2.17
3.87
3.10
4.27
3.66
4.64
3.26
4.42
2.89
4.26
3.23
4.59
2.97
4.26
3.40
4.64
3.14
4.27
2.98
4.26
3.04
4.96
3.17
4.79
2.25
4.36
2.36
5.59
2.30
5.01
3.00
5.87
2.16
4.24
3.42
5.05
2.93
5.18
3.00
4.88
3.19
3.48
3.23
5.00
3.09
4.38
3.24
5.06
2.94
4.49
3.24
5.02
2.97
4.24
3.13
4.66
3.12
5.29
3.16
4.85
2.98
4.49
3.00
4.36
2.66
4.37
2.93
4.18
2.85
4.41
2.96
4.16
2.74
4.45
3.60
4.45
3.12
4.43
2.97
4.11
2.79
4.39
2.95
4.15
2.76
4.34
2.82
4.13
2.76
4.40
2.43
4.97
3.35
4.46
3.18
3.15
2.57
3.63
2.76
3.51
2.55
3.52
2.75
3.61
2.62
3.66
2.83
4.68
3.08
3.78
2.92
3.48
3.49
3.52
2.97
3.84
3.69
4.26
3.24
4.29
3.77
4.05
2.20
4.66
3.19
3.57
3.73
3.76
3.90
3.95
3.43
3.86
3.97
3.86
3.37
4.02
3.90
3.79
3.13
3.63
4.20
3.49
3.30
3.78
4.08
3.58
3.50
3.86
4.28
3.61
3.56
3.77
4.67
4.20
3.58
3.80
4.42
3.48
3.75
3.79
4.45
3.58
3.55
3.98
4.42
3.62
3.25
3.82
4.25
4.71
3.59
4.11
4.42
3.42
3.34
3.79
4.33
3.50
3.52
3.69
4.05
3.47
3.17
3.36
4.23
4.36
3.77
3.80
4.62
3.37
3.64
3.65
3.76
3.41
3.85
3.11
3.65
3.80
3.48
3.11
4.35
3.79
4.72
3.23
4.19
3.35
4.20
3.08
3.58
3.74
3.38
3.36
3.70
3.65
3.44
3.58
3.94
4.02
4.84
4.39
3.92
3.77
3.89
3.41
2.53
3.80
4.98
4.38
2.97
4.24
3.45
4.08
2.82
4.20
3.62
3.95
2.67
3.28
4.04
3.04
3.24
3.46
5.16
3.70
3.84
4.02
4.51
3.67
3.78
3.70
4.17
3.40
3.42
3.56
4.15
3.47
3.66
3.64
5.17
3.82
3.86
3.81
4.49
3.64
3.70
3.74
4.31
3.57
3.86
3.85
3.61
3.31
3.75
3.50
4.95
3.80
3.66
3.38
4.05
3.60
2.96
3.05
4.22
3.33
4.04
3.10
4.16
3.50
4.07
3.32
3.96
3.87
3.68
2.78
4.12
2.87
4.65
2.86
4.93
3.03
4.68
2.77
4.86
3.02
4.67
2.70
4.48
4.42
5.20
2.74
3.76
2.71
5.33
2.59
4.67
2.97
5.51
2.76
4.63
2.82
5.29
2.72
4.59
3.92
4.71
2.57
4.81
3.01
5.58
2.65
4.55
2.05
5.12
1.84
4.64
2.88
5.21
2.58
4.43
3.39
4.67
2.62
4.32
2.75
5.11
2.76
4.52
2.85
5.21
2.40
4.38
2.50
4.19
3.26
3.33
3.41
4.81
3.60
3.32
3.47
4.14
3.61
3.73
3.73
4.04
3.50
3.48
3.64
3.97
4.15
3.74
4.09
4.15
4.66
3.75
4.02
4.19
4.51
3.98
3.91
4.19
4.31
3.86
3.97
4.32
3.96
3.85
3.85
4.07
4.18
3.61
3.70
4.24
3.89
3.64
3.32
3.95
4.31
3.69
3.48
3.80
4.21
3.09
3.61
3.81
4.21
3.39
3.51
3.68
4.28
3.42
4.81
4.24
4.45
3.60
3.50
3.60
4.05
3.36
3.41
3.38
4.18
3.03
3.27
3.20
3.83
3.32
3.31
4.81
4.34
3.30
3.29
3.42
3.57
3.97
2.76
4.15
3.70
3.77
2.86
3.95
3.86
3.91
3.16
4.67
4.79
4.16
2.77
4.60
3.42
4.41
3.17
4.40
3.56
3.50
2.74
3.33
4.47
3.51
4.17
3.81
4.28
3.01
3.22
3.46
3.92
3.93
3.59
3.67
3.78
3.17
3.16
3.13
4.79
3.65
4.13
3.15
5.44
3.24
4.06
3.12
4.73
3.37
4.21
3.21
4.51
3.39
4.41
3.19
4.91
3.05
3.96
2.67
4.24
2.81
3.97
2.87
4.70
3.58
4.56
2.49
4.59
3.22
4.80
2.81
5.05
3.28
4.97
2.96
5.03
3.40
4.79
2.83
5.12
3.28
4.79
3.02
5.01
3.28
4.93
3.01
4.79
3.20
4.90
3.00
4.61
3.64
4.46
2.93
4.29
3.10
4.17
2.87
4.42
2.69
5.10
2.64
5.17
2.99
5.30
2.48
5.19
4.01
4.69
3.36
4.14
3.46
4.38
3.25
4.06
3.30
3.84
3.62
4.42
4.02
4.15
3.98
4.13
3.84
4.68
4.06
3.94
3.68
4.08
3.67
3.92
3.14
3.42
4.20
3.52
4.07
3.64
4.17
3.50
4.00
3.32
5.28
3.55
4.32
3.58
4.24
3.33
3.43
3.14
4.84
3.40
4.41
3.16
4.35
3.50
4.53
3.21
4.39
3.57
4.34
3.12
4.13
3.51
4.32
3.19
4.74
2.99
4.28
2.92
3.89
3.25
4.28
3.15
4.01
3.36
4.13
2.99
4.01
3.77
4.53
3.61
4.68
4.43
3.86
3.18
4.35
3.54
4.64
3.37
4.54
3.79
4.71
3.27
4.36
3.34
4.48
3.00
4.00
3.74
4.99
3.00
3.91
3.11
3.15
3.32
3.00
3.64
3.54
3.38
3.05
2.78
3.71
2.71
2.93
2.88
4.88
2.89
3.42
3.01
3.63
4.26
3.16
4.37
3.63
4.28
3.36
4.57
3.77
4.36
3.36
4.77
3.79
4.00
2.83
4.21
3.53
4.33
2.98
4.48
3.50
4.51
3.00
4.49
3.39
4.15
2.77
4.24
3.47
4.37
3.44
4.32
3.53
4.54
3.18
3.36
3.49
4.84
3.35
4.65
3.85
4.65
3.24
4.18
3.39
4.46
3.06
5.73
3.45
4.00
2.98
4.12
3.35
4.26
2.16
3.74
3.67
4.62
3.04
4.30
3.59
4.44
3.30
4.45
4.08
4.30
3.25
4.39
3.46
4.41
3.08
3.45
4.08
3.51
3.84
3.44
4.18
3.54
3.88
3.46
4.57
2.97
3.99
3.36
4.27
3.63
3.78
2.81
3.61
3.03
3.69
2.97
3.59
3.05
3.69
3.01
4.28
2.84
4.26
3.32
4.47
3.51
4.72
3.21
4.86
3.05
4.79
3.19
4.59
3.22
4.78
3.29
4.73
3.68
4.73
3.04
4.46
2.96
4.75
3.19
5.00
2.95
4.93
3.34
4.76
2.38
5.34
2.62
5.36
2.35
6.19
2.61
5.09
2.43
5.26
2.80
5.42
2.43
5.66
2.88
5.55
2.51
5.72
2.76
4.66
3.10
4.72
3.90
4.72
2.88
4.42
3.10
4.48
3.00
4.28
3.39
3.86
3.19
4.09
3.21
4.42
3.13
3.97
3.50
5.76
3.15
4.40
3.63
4.39
3.06
4.35
3.55
4.57
3.19
3.79
4.23
4.02
3.80
3.67
4.04
4.69
3.68
3.88
4.17
3.82
3.63
3.72
4.18
3.82
3.57
3.38
3.96
3.51
3.58
3.29
3.76
4.30
3.17
3.51
4.04
3.96
4.41
3.62
4.22
3.55
4.28
3.67
4.19
3.33
4.24
3.24
4.07
3.26
5.80
3.38
4.18
3.26
4.19
3.11
3.97
3.24
4.29
3.14
3.99
2.44
4.81
2.74
4.75
2.17
4.82
2.41
4.95
2.05
4.79
2.36
4.78
2.01
4.95
2.34
5.37
2.34
5.37
2.69
5.52
2.01
4.86
2.42
5.25
1.97
4.89
2.29
5.12
1.97
4.79
2.39
5.10
3.58
5.00
2.52
5.35
2.28
4.33
2.13
4.94
2.05
4.82
2.46
5.19
2.45
4.91
2.76
4.99
2.71
4.90
2.87
4.90
2.47
4.84
2.98
4.90
2.22
4.80
2.94
4.70
2.27
4.28
2.75
3.96
2.30
4.70
2.91
4.61
2.56
4.67
3.25
4.53
2.67
4.43
3.27
4.55
2.64
4.49
3.35
4.73
3.01
4.50
2.85
5.17
2.92
4.74
3.07
4.72
3.37
4.23
3.56
4.70
3.18
3.39
3.85
4.33
3.43
3.92
3.95
4.07
3.47
3.91
3.59
4.15
3.56
2.97
4.63
3.49
4.15
3.04
4.71
3.00
4.15
2.85
4.64
3.17
4.84
2.63
4.53
2.87
4.72
3.75
4.77
3.15
4.29
2.60
4.32
3.01
4.46
2.47
4.29
2.95
4.56
2.58
4.35
2.94
4.82
2.64
5.90
3.51
4.97
2.81
4.24
2.98
4.82
2.54
4.39
3.26
5.20
2.90
4.50
2.65
4.36
2.61
3.84
4.28
4.65
2.77
4.69
3.18
4.83
2.95
4.82
3.13
4.75
2.66
4.58
2.29
4.89
1.86
5.00
3.12
5.35
2.24
5.45
2.32
5.43
2.03
5.42
2.09
5.33
2.25
4.62
2.24
4.41
1.88
4.37
3.30
4.59
2.87
4.58
2.52
3.91
3.94
3.11
3.56
3.26
3.99
3.98
3.32
3.16
3.30
3.48
3.38
3.53
3.84
4.09
3.60
3.48
3.77
3.74
3.72
4.70
3.89
4.05
3.71
3.46
3.78
4.07
3.44
3.32
3.64
3.83
3.25
3.16
2.70
3.95
3.25
4.36
4.09
4.25
3.33
3.48
3.54
4.10
3.38
3.45
3.67
4.24
3.45
3.40
3.60
3.93
3.36
4.17
4.03
4.24
3.45
3.18
3.33
4.23
3.17
3.41
3.40
4.25
2.32
2.49
4.34
3.76
4.66
3.12
5.61
3.60
4.37
2.81
4.22
3.58
4.71
3.08
4.38
3.71
4.70
2.81
4.29
3.42
4.57
2.34
3.70
5.49
4.21
3.62
3.63
3.95
3.49
2.65
3.93
3.38
4.20
2.58
3.81
3.13
4.63
3.48
4.34
3.18
3.62
3.22
3.13
3.09
3.44
3.11
3.76
3.12
4.32
3.48
3.94
3.15
4.31
3.44
4.03
3.06
4.20
3.44
4.20
3.44
4.33
3.08
5.08
3.46
4.30
3.36
3.97
3.08
4.11
3.45
3.96
2.95
4.02
3.10
3.76
2.91
4.11
3.29
3.69
3.68
4.40
3.42
3.79
2.87
4.09
3.33
2.92
3.27
3.05
4.50
3.16
3.71
3.28
4.58
3.12
3.88
4.83
4.75
3.30
3.71
3.40
4.26
3.10
3.53
3.37
4.15
3.21
2.82
3.57
3.14
3.79
2.67
5.60
3.51
3.50
2.47
3.53
3.15
3.62
3.19
3.84
3.19
3.44
3.13
3.89
3.46
4.07
3.40
3.96
3.78
4.41
3.61
4.16
3.75
3.99
3.33
3.83
4.08
4.09
3.72
4.01
4.25
4.11
3.55
3.65
3.91
4.04
4.59
3.80
3.85
3.75
3.55
4.04
3.86
4.05
3.27
4.07
4.06
3.24
4.41
3.14
4.23
3.11
4.45
3.74
4.72
2.86
4.51
3.02
4.76
3.26
4.68
3.28
3.97
3.96
3.46
3.66
4.22
4.04
3.74
4.19
4.27
3.87
3.62
3.65
3.65
3.90
3.47
3.57
3.51
4.02
3.33
3.65
3.67
3.82
3.29
3.50
5.04
4.31
3.52
3.65
3.70
3.92
2.69
3.30
2.91
3.79
2.83
4.22
3.02
3.83
2.84
4.40
3.16
4.64
3.07
4.56
3.33
3.98
2.96
3.59
3.24
3.69
3.43
3.86
3.38
4.30
2.95
4.18
3.30
4.32
2.87
4.44
4.19
5.00
2.95
4.26
3.23
4.56
3.56
4.97
3.32
4.39
2.77
4.01
2.77
4.27
2.76
3.93
2.98
4.16
2.87
4.22
3.17
4.03
3.22
5.29
3.43
4.68
3.06
4.22
3.06
4.35
3.14
4.60
3.57
4.52
2.37
5.06
2.34
4.49
1.62
5.85
2.22
4.95
1.72
5.06
2.61
5.78
2.43
4.88
1.85
5.29
1.92
5.18
1.98
5.41
2.13
6.11
3.25
5.50
2.26
5.23
1.97
4.55
2.11
4.89
2.03
4.92
1.92
4.59
1.95
5.01
2.03
4.89
2.33
5.22
2.66
5.73
2.48
4.70
2.25
4.96
2.74
4.42
2.85
5.48
3.09
4.64
2.88
5.26
2.29
4.63
2.63
5.34
2.46
4.36
2.55
5.14
2.20
4.41
2.44
5.27
3.03
5.28
2.83
5.42
2.37
4.43
2.67
5.35
2.40
4.63
2.60
5.13
2.15
4.15
3.16
5.09
2.86
5.45
3.25
4.95
2.55
3.32
3.52
3.64
3.46
3.40
3.59
4.53
3.19
3.59
3.50
4.21
3.11
3.76
4.60
4.06
3.54
3.70
3.68
3.77
3.38
3.31
3.53
3.66
3.49
3.49
3.79
3.58
3.19
3.53
5.30
4.08
2.90
3.42
3.58
3.71
3.51
3.41
3.54
3.90
3.32
3.57
3.69
3.88
2.66
3.70
3.88
4.10
3.53
4.13
3.93
4.28
3.34
3.83
3.76
3.89
3.52
4.07
3.91
3.89
3.47
4.13
4.10
3.84
3.70
4.07
3.39
4.42
3.38
4.54
3.39
4.42
3.04
4.46
3.58
4.10
3.08
4.50
3.45
4.25
2.79
4.50
3.35
4.18
3.23
4.43
3.28
3.90
1.98
4.29
3.22
3.78
2.73
4.22
3.40
3.66
2.16
3.54
4.39
3.40
4.49
3.40
4.13
3.63
4.22
3.43
4.24
3.57
4.20
3.27
4.32
3.68
3.95
3.28
4.34
3.72
4.09
4.65
4.15
3.54
3.92
3.40
4.09
3.48
3.77
3.33
3.82
3.30
3.70
2.51
4.33
1.91
4.36
2.35
4.43
2.82
4.99
2.47
4.50
2.81
4.68
2.64
4.51
2.82
4.73
3.88
4.09
2.68
4.76
2.44
4.31
2.63
5.14
2.43
4.25
2.98
5.13
2.76
4.45
2.95
5.10
3.42
4.63
3.25
4.96
2.84
4.77
3.26
5.09
2.75
4.55
3.09
4.94
2.69
3.98
2.11
5.16
2.15
5.79
2.74
5.49
1.98
4.67
2.23
5.59
1.93
4.68
2.17
5.62
2.03
5.02
2.18
5.70
1.88
5.93
2.80
5.00
2.12
4.77
1.81
5.66
1.94
4.29
2.14
5.69
2.19
4.76
2.08
5.32
2.19
5.24
3.17
5.62
1.98
4.70
2.14
5.78
2.11
5.01
1.91
5.58
2.11
4.86
2.02
5.82
2.02
4.74
3.17
4.90
1.82
4.61
1.81
5.62
1.96
5.89
2.17
5.34
1.90
4.54
1.80
5.47
1.82
4.56
1.75
5.33
1.90
4.67
1.80
5.53
1.85
5.94
2.27
5.52
1.97
4.52
1.95
5.39
1.82
4.57
1.75
4.96
1.95
3.95
1.60
5.44
1.73
5.83
2.38
5.60
1.66
4.73
1.80
5.67
1.85
4.69
1.82
5.70
1.85
4.90
1.72
5.31
1.88
5.53
2.42
5.68
2.05
5.01
2.25
5.67
2.08
4.14
2.27
5.55
2.23
5.12
2.29
5.81
1.97
5.07
2.78
5.74
2.25
5.08
2.03
5.29
1.98
5.09
2.23
6.09
1.95
4.98
2.18
5.12
1.89
4.45
2.22
6.98
2.48
5.36
2.51
6.08
2.02
5.10
2.27
5.67
1.95
5.08
2.14
5.76
2.04
5.04
2.34
6.78
2.08
4.69
1.59
4.17
1.51
4.26
2.29
4.67
1.96
4.21
2.32
4.40
2.15
5.26
2.48
5.11
2.11
4.92
2.66
5.24
2.13
4.67
2.45
4.99
2.05
3.53
2.51
4.48
2.06
5.12
2.73
5.70
2.29
5.05
2.63
5.27
1.99
4.78
2.45
5.17
1.81
4.60
2.52
4.97
1.88
5.41
2.96
5.19
1.94
4.66
2.40
5.06
1.61
3.85
2.11
4.40
1.77
4.88
2.33
5.40
1.85
5.27
3.13
5.70
2.04
4.65
2.69
5.59
1.96
5.05
2.55
5.60
1.82
4.85
2.34
4.28
1.40
4.38
3.17
4.60
2.64
4.73
3.12
4.37
2.09
3.48
3.17
4.49
2.65
4.72
3.25
4.46
2.30
4.68
3.19
5.85
2.63
5.08
3.10
4.65
2.07
4.80
3.08
4.44
1.95
4.00
2.80
4.37
2.02
4.45
2.38
4.14
2.53
4.52
3.05
4.35
1.92
3.56
3.96
4.70
1.92
4.02
2.88
3.58
2.97
3.71
3.74
3.59
2.97
3.63
3.72
3.71
2.81
3.65
4.01
4.42
3.12
3.72
3.37
3.61
2.78
3.67
3.61
3.83
2.87
3.71
3.61
3.63
2.83
3.67
3.75
4.81
3.28
3.68
4.00
3.65
3.16
3.72
3.83
3.00
3.81
3.01
4.37
2.99
3.72
3.08
4.61
3.45
3.59
3.20
4.30
3.57
3.70
3.32
4.42
3.62
3.61
3.27
4.30
3.54
3.65
3.12
4.18
4.49
4.27
3.47
4.58
3.60
3.99
3.13
4.61
2.63
4.31
2.48
4.92
2.80
4.49
2.29
5.09
2.77
4.47
2.44
4.67
3.53
4.43
2.69
4.68
3.38
3.44
2.61
4.25
2.78
3.25
1.45
3.36
3.08
4.00
2.88
4.83
3.90
4.57
2.90
4.75
3.72
4.01
3.35
4.57
4.33
4.44
2.92
4.69
3.60
4.48
2.77
4.57
3.72
4.31
2.95
4.35
3.31
4.42
3.13
4.76
4.28
4.66
3.26
4.58
3.65
3.27
3.38
3.77
4.37
3.59
3.31
3.85
3.83
3.47
3.71
3.91
3.39
4.06
3.79
4.08
3.67
3.52
3.51
3.90
3.66
3.68
3.46
3.84
3.56
3.47
3.43
3.67
3.64
3.37
4.71
3.92
3.80
2.44
4.09
3.31
4.35
2.74
4.33
3.01
3.91
2.76
4.17
3.57
3.11
2.96
5.39
3.83
4.21
2.83
4.45
3.66
4.22
2.65
4.81
3.22
4.63
2.30
4.82
3.29
4.73
2.49
5.52
3.62
4.49
2.06
4.48
3.01
4.54
2.24
4.70
3.45
4.95
2.79
4.99
3.43
4.73
2.47
4.85
3.71
4.77
1.95
4.28
3.78
4.09
3.22
4.35
3.61
2.79
2.90
3.22
3.03
2.76
2.76
3.30
3.42
3.56
2.85
3.44
3.51
2.97
2.65
3.22
3.40
3.28
2.81
4.17
3.73
3.85
2.87
3.95
3.71
5.14
3.14
4.19
3.74
3.87
2.91
3.72
2.36
3.83
1.64
4.08
2.36
3.83
1.71
4.30
2.53
3.93
2.05
5.30
2.41
4.11
1.89
4.13
3.13
4.99
2.64
5.53
3.40
4.30
2.22
5.02
2.71
5.02
2.13
5.57
3.46
4.73
1.93
4.62
2.82
4.88
1.97
5.05
2.75
4.43
2.05
4.91
2.78
4.70
2.01
5.14
3.88
4.84
2.18
5.24
2.75
4.84
1.94
4.19
2.54
4.63
2.11
4.91
2.68
4.52
2.11
4.78
3.45
4.93
2.15
4.46
2.63
5.20
2.11
4.76
2.42
5.18
2.01
4.00
2.76
5.26
2.08
5.07
3.49
5.62
2.50
5.20
2.84
5.53
2.17
4.95
2.69
5.28
1.83
5.06
2.62
5.35
2.21
5.09
2.92
6.30
2.20
4.98
1.83
5.11
1.86
5.52
2.37
5.60
2.78
5.51
2.42
5.39
2.10
5.52
2.22
4.62
1.94
5.14
2.17
5.10
1.95
5.21
2.04
5.09
3.18
5.41
2.23
4.35
2.12
5.11
2.39
4.98
2.30
4.96
2.51
4.90
2.20
4.33
2.34
4.68
3.38
5.10
2.35
4.72
2.03
4.71
2.28
4.74
2.13
4.93
2.26
4.75
1.86
5.00
2.29
4.85
2.03
6.00
2.88
5.16
2.02
4.99
2.15
4.83
1.89
3.96
2.01
3.15
2.36
2.89
3.19
2.67
3.21
3.31
4.83
3.48
4.06
3.19
3.65
3.16
3.95
3.26
3.31
2.19
3.61
2.46
3.37
2.68
4.44
2.72
5.27
3.07
4.79
2.70
4.30
2.40
4.69
2.60
4.24
2.56
4.56
2.64
4.13
2.49
3.95
2.43
4.46
2.89
4.61
2.69
4.90
2.92
4.69
3.00
5.77
3.21
4.22
2.72
4.36
3.10
4.40
2.83
4.47
2.99
4.51
2.81
4.49
3.15
4.35
2.95
5.17
3.30
4.64
2.86
4.33
2.73
4.27
2.63
4.43
2.88
4.37
2.79
4.39
2.89
4.33
2.83
5.31
3.03
4.58
1.97
4.19
2.06
4.13
1.84
4.15
1.89
3.40
3.51
3.84
3.71
3.57
3.62
3.39
4.25
3.44
4.13
3.33
3.48
2.20
4.49
2.46
4.21
2.52
4.71
2.77
4.65
2.57
5.03
2.92
5.41
2.75
4.86
2.83
4.42
2.42
4.55
2.61
4.78
2.05
5.26
2.33
4.93
2.06
5.00
1.65
4.46
1.71
5.17
2.13
4.61
1.52
4.97
1.69
3.93
1.35
5.24
2.79
4.65
2.07
3.86
2.43
4.34
2.06
4.68
2.59
4.31
2.16
4.17
2.50
4.58
2.17
5.61
3.07
4.85
2.19
5.08
2.65
4.71
1.98
4.95
2.63
4.59
2.33
4.96
2.58
4.77
2.39
4.34
3.52
4.36
2.86
3.79
3.60
4.06
3.49
3.75
3.42
3.89
3.52
3.61
3.34
3.80
3.24
2.75
3.52
4.19
3.51
2.93
3.97
2.57
4.86
2.24
4.88
2.23
4.84
2.39
4.81
2.42
4.40
2.16
4.18
2.20
3.71
2.01
4.24
2.04
4.47
1.18
3.98
1.38
4.45
1.21
3.99
1.34
4.22
1.13
3.92
1.31
4.42
1.14
4.03
1.71
4.00
1.20
3.60
1.92
4.07
1.72
4.28
2.29
4.59
1.69
4.49
2.67
5.42
2.68
5.35
2.56
4.52
2.27
5.04
2.98
4.97
2.24
4.42
2.87
4.97
2.19
5.23
2.67
4.98
2.22
5.65
2.56
4.85
2.00
4.14
2.67
4.89
2.08
4.03
3.50
4.05
2.69
4.28
3.50
4.06
2.59
4.81
4.44
4.21
2.44
4.18
3.46
4.19
2.67
4.17
3.45
3.99
2.53
4.13
3.46
3.99
2.58
4.21
4.44
4.27
2.60
4.16
3.22
3.21
2.86
3.53
4.06
3.22
3.04
3.92
3.58
3.43
3.21
3.72
3.78
3.39
3.03
3.18
4.57
3.77
3.90
3.43
4.15
3.07
3.65
3.47
4.16
3.05
3.59
2.77
4.05
3.02
3.09
3.38
4.25
4.31
4.37
3.32
3.90
2.55
4.26
3.28
3.79
3.05
4.13
3.18
3.69
2.81
3.49
3.83
2.99
4.63
4.22
4.16
3.15
3.79
3.51
4.05
3.14
3.73
3.13
3.14
3.70
2.76
4.19
3.16
3.85
2.78
5.43
3.26
3.65
2.73
4.03
3.19
3.60
2.62
3.92
3.31
3.64
2.90
4.01
3.45
3.67
2.92
4.22
4.58
4.09
3.02
4.12
3.21
2.83
3.29
3.53
3.68
3.49
4.03
3.87
3.68
3.47
4.19
3.78
3.50
3.50
4.13
3.87
3.44
3.46
3.96
3.19
3.93
3.39
4.14
3.66
3.54
3.20
4.18
3.56
3.50
3.05
3.92
3.48
3.62
2.96
4.05
3.58
4.12
3.99
4.18
3.31
2.98
3.30
3.78
3.95
3.09
3.70
3.70
4.06
2.99
3.55
3.67
3.97
3.05
4.77
3.24
4.74
3.46
3.84
3.51
3.98
2.88
3.69
3.37
4.16
2.81
3.05
3.42
3.99
2.77
4.87
3.60
3.31
3.72
2.80
4.25
3.28
3.62
2.80
4.10
3.12
3.46
2.73
4.09
3.16
3.67
3.71
4.74
3.20
3.21
2.48
3.70
2.86
3.00
3.22
3.94
3.84
3.25
3.53
4.18
3.98
3.32
3.20
3.80
3.79
3.20
3.31
3.73
3.85
3.20
3.39
3.84
3.64
4.19
3.97
4.20
4.03
3.60
3.62
3.83
3.97
3.50
3.82
3.67
3.91
3.52
3.57
3.83
3.78
3.76
3.84
3.82
3.64
3.78
3.16
4.36
3.49
2.61
3.18
4.21
2.80
3.65
2.42
4.24
3.28
4.08
4.20
4.61
3.34
4.20
2.83
4.26
3.12
4.26
2.74
4.36
3.16
4.33
2.91
4.41
3.28
3.57
3.95
4.35
4.18
3.66
3.78
3.45
4.05
3.33
3.70
3.32
3.94
3.25
3.80
3.24
3.75
3.24
3.57
3.59
4.87
3.54
3.93
3.00
3.88
2.72
2.68
3.01
3.83
3.21
3.89
3.29
4.09
3.33
3.67
3.30
4.15
3.17
3.70
3.84
4.68
3.38
3.46
2.63
4.85
3.53
4.05
2.90
4.94
3.54
4.24
2.89
4.51
3.15
3.91
3.13
5.65
3.61
4.50
3.12
4.81
2.64
4.21
2.85
5.00
2.43
4.06
2.83
4.91
2.78
4.10
2.75
5.72
3.15
3.32
2.91
4.94
1.93
4.84
2.17
5.71
2.20
4.65
2.01
5.66
2.03
4.88
1.87
6.19
2.33
4.97
1.93
5.55
1.95
4.90
2.00
5.82
2.04
4.75
2.13
5.73
1.72
4.36
2.08
5.53
2.79
5.38
2.25
5.29
1.83
4.90
2.02
4.94
1.71
4.65
1.83
5.29
1.77
4.66
2.30
5.05
2.65
5.45
2.45
4.31
1.50
4.21
2.83
4.57
2.28
4.11
2.85
4.40
2.17
3.94
2.67
4.56
2.70
5.17
3.01
4.29
2.16
4.22
2.76
4.47
2.28
4.14
2.71
2.86
3.02
3.37
3.54
3.76
3.21
4.82
3.80
3.87
2.82
2.37
3.34
2.72
2.81
2.53
3.47
3.16
3.98
2.82
4.49
2.87
4.03
2.79
5.65
3.58
4.18
2.89
4.46
3.07
3.99
2.70
4.43
3.01
3.92
2.70
4.39
3.07
4.01
2.63
4.86
3.43
4.45
2.88
4.44
3.12
4.02
2.68
4.40
2.97
3.96
2.85
4.59
3.22
3.04
2.39
4.38
3.08
3.34
3.28
3.89
4.12
3.79
3.04
3.34
3.95
3.91
3.62
4.01
3.30
3.30
3.69
3.92
3.12
3.69
3.75
3.89
3.28
5.12
4.23
4.04
3.27
3.88
3.81
4.09
3.54
3.68
2.95
2.74
3.33
2.74
4.62
3.03
4.13
2.96
5.37
2.14
4.18
2.80
4.51
2.93
3.92
2.72
4.15
2.98
4.03
2.69
4.43
2.92
4.04
2.73
5.26
3.54
4.00
2.90
4.35
2.89
4.14
2.93
4.54
2.92
3.87
2.72
4.38
2.97
3.78
2.76
4.48
2.83
3.98
3.32
4.55
2.83
4.06
3.40
4.40
2.61
3.69
3.32
4.90
2.99
3.85
3.31
4.12
2.72
3.55
2.80
3.84
2.88
3.56
3.58
3.50
2.61
3.90
3.28
5.00
3.59
4.37
3.26
3.72
3.02
4.31
2.48
3.81
3.01
4.09
3.38
3.67
2.84
3.18
4.05
2.87
4.16
3.77
4.14
3.02
3.47
3.36
3.99
2.95
3.39
3.37
4.06
3.00
3.55
3.35
3.96
3.02
4.22
4.42
4.38
3.19
3.72
3.40
4.01
3.00
3.69
3.46
3.99
2.88
3.80
3.45
3.83
2.83
3.71
4.44
4.09
2.56
3.52
3.58
3.60
4.28
4.34
3.58
3.23
2.98
4.14
3.73
3.70
3.27
3.92
4.10
3.38
3.44
3.97
4.01
3.38
3.49
5.06
3.96
3.65
3.64
4.01
3.92
3.13
3.12
3.77
3.97
3.10
3.49
3.62
3.91
3.16
3.29
3.92
4.20
3.18
3.00
4.35
3.12
3.40
3.06
4.26
3.06
2.61
3.20
4.31
3.27
3.50
3.09
3.84
3.86
3.97
3.32
3.96
3.11
3.30
3.07
3.89
3.46
3.45
3.24
4.40
3.30
3.32
3.26
4.00
3.89
4.13
2.51
3.92
2.41
4.13
2.27
4.86
2.35
4.11
2.34
4.91
2.27
4.09
2.31
4.77
2.41
5.19
2.45
4.74
2.46
4.00
2.20
4.54
2.37
4.20
3.60
4.58
2.69
3.78
2.91
4.50
2.54
4.11
2.88
4.64
2.47
4.16
2.84
4.60
2.34
4.08
3.34
5.27
2.73
4.26
2.78
4.60
2.29
3.62
2.80
4.43
2.48
4.18
2.77
3.78
2.46
4.05
2.99
4.88
2.61
4.44
3.46
4.18
2.53
4.37
3.36
4.06
2.33
3.38
3.15
2.57
3.59
3.11
4.40
3.65
4.04
3.48
4.52
3.00
3.77
3.18
4.66
2.09
4.45
2.35
5.23
2.26
4.51
2.45
5.24
2.25
5.45
2.75
5.40
2.02
4.08
2.26
5.14
2.14
4.32
2.20
5.21
1.99
4.41
2.20
5.11
1.97
4.54
3.46
4.40
2.36
3.94
2.78
4.61
2.53
4.32
3.94
4.86
2.90
4.24
3.52
4.57
2.83
4.08
3.26
4.49
2.62
3.86
2.81
4.49
2.65
4.06
4.15
4.68
3.03
3.89
3.40
4.24
2.61
3.92
3.34
4.32
2.66
3.83
3.18
4.14
2.39
3.83
3.12
5.77
2.85
4.41
3.06
4.05
2.62
3.89
3.16
4.23
2.63
3.81
3.05
3.53
2.68
3.79
3.30
3.63
3.63
3.42
3.27
3.53
2.54
2.93
3.19
3.46
2.55
2.93
3.31
3.41
2.50
2.99
3.02
3.22
3.71
3.44
2.55
3.52
2.86
3.56
4.09
3.82
3.29
3.44
3.89
3.72
3.21
3.39
3.92
3.75
4.32
3.84
3.95
4.00
2.30
3.34
3.52
3.94
3.14
3.74
3.28
3.95
3.13
3.74
3.74
3.98
3.00
3.63
4.00
5.01
3.41
3.73
3.79
4.00
3.34
3.83
3.75
4.03
3.22
3.57
3.60
3.84
3.30
3.35
4.04
4.89
3.54
3.65
3.82
3.41
3.05
2.69
4.66
3.08
4.13
2.64
4.71
3.08
4.03
2.49
4.42
4.11
4.39
2.69
4.55
2.61
4.47
2.22
4.41
2.57
4.66
2.58
4.42
2.77
4.60
2.83
4.90
3.63
5.52
2.97
4.72
3.25
4.78
2.79
4.06
2.70
4.58
2.58
4.60
2.73
3.87
2.19
4.54
2.72
5.59
3.16
4.96
2.61
4.37
2.62
4.90
2.92
4.70
2.66
4.65
2.84
4.53
2.59
4.55
2.54
4.50
3.82
4.96
3.07
4.75
2.71
4.58
2.71
4.19
2.55
3.79
3.12
4.41
2.77
4.06
3.59
4.58
2.67
3.95
3.13
4.21
2.51
3.73
2.67
3.29
3.18
3.25
2.66
4.52
2.43
3.98
2.88
4.32
2.56
4.15
2.88
4.62
2.61
4.09
2.92
4.60
3.84
4.53
3.14
4.71
2.62
4.05
3.08
4.50
2.63
4.10
3.07
4.16
2.28
3.83
2.91
4.49
3.52
4.45
2.63
4.46
2.39
4.59
2.70
4.84
2.65
4.64
2.62
4.89
2.44
4.51
2.51
4.71
3.37
5.05
2.66
3.87
2.17
4.38
2.06
4.21
2.55
4.25
2.62
4.24
2.73
4.15
2.67
4.50
3.02
5.36
3.35
4.37
2.97
3.50
2.91
4.29
2.89
4.04
2.87
3.75
3.40
3.63
3.13
3.87
3.49
4.02
3.68
4.17
3.48
3.70
3.37
3.76
3.28
3.66
3.42
3.82
3.12
2.70
2.46
3.26
3.10
3.88
2.91
3.46
2.99
2.77
2.53
3.45
3.24
2.74
2.33
4.04
3.38
3.68
2.61
4.44
3.25
3.88
3.96
4.52
3.28
3.96
2.77
4.38
3.13
3.99
2.73
4.37
3.24
3.99
2.69
4.36
3.12
3.91
3.55
4.61
2.84
4.59
2.48
4.44
2.58
4.46
2.44
3.55
3.36
3.70
3.31
3.27
3.33
3.60
3.70
3.78
3.58
2.87
4.22
3.07
4.35
3.19
4.53
3.14
4.48
3.10
4.32
2.97
4.22
3.05
5.01
3.33
4.32
3.04
4.08
2.89
3.90
3.04
3.98
3.09
4.06
3.05
3.99
2.97
4.15
3.05
4.20
4.21
3.88
3.65
3.49
3.69
3.74
3.48
3.26
3.26
4.07
3.81
4.60
3.68
4.37
3.86
3.30
2.99
3.98
3.63
2.51
2.10
4.69
2.74
4.11
2.35
4.56
2.77
4.89
3.21
4.89
2.94
4.27
2.41
4.70
2.87
4.33
2.40
4.04
2.78
4.36
2.35
4.80
2.66
4.80
3.06
4.72
2.89
4.37
2.18
4.74
2.35
4.52
2.99
4.84
2.36
3.56
3.62
4.04
3.07
3.62
4.37
4.28
2.63
2.81
3.41
3.67
3.10
3.50
3.55
3.90
3.16
3.43
3.51
3.86
3.07
3.44
3.49
4.71
3.28
3.51
3.53
3.72
3.03
3.56
3.62
3.41
3.08
3.61
3.51
3.73
3.16
3.55
3.48
4.25
3.90
3.59
2.87
4.14
2.58
4.04
2.89
4.16
2.73
4.06
3.10
3.91
2.84
4.53
3.10
5.15
3.43
4.85
3.32
3.98
2.69
3.85
3.14
4.02
2.99
4.83
3.25
4.04
2.98
4.86
3.42
4.11
3.33
4.85
3.43
4.09
2.84
4.96
3.64
4.30
2.71
4.37
2.67
3.24
2.57
5.04
2.72
4.16
3.21
5.95
3.04
4.42
2.89
4.90
2.57
4.05
2.75
4.89
1.66
4.16
2.73
4.92
2.52
4.05
2.67
6.02
3.02
4.45
2.93
5.02
3.16
4.11
3.04
4.72
2.88
4.03
3.13
4.81
2.86
3.97
3.02
5.97
3.30
4.05
3.13
4.65
2.88
4.02
3.24
4.81
2.94
3.99
3.23
4.69
3.40
3.47
3.70
3.39
3.57
3.40
4.56
4.03
3.35
3.12
3.58
4.02
3.32
3.30
3.34
4.25
3.35
3.35
3.52
4.13
3.49
3.30
4.84
4.26
3.68
3.30
3.62
2.94
3.15
2.37
3.42
3.07
4.20
2.44
4.27
2.43
3.92
2.13
4.63
3.03
4.07
2.59
4.32
3.23
4.15
2.42
4.28
3.25
4.09
2.37
3.22
3.38
3.79
2.74
4.51
4.02
4.14
2.93
4.06
3.64
3.78
2.77
3.86
3.54
4.03
2.82
3.98
3.51
4.08
2.80
4.00
4.68
4.46
3.11
4.13
3.67
3.87
2.66
3.47
3.54
3.40
2.60
3.85
3.74
3.71
3.04
3.65
3.45
3.51
2.93
3.43
2.66
3.20
3.07
4.19
4.05
3.16
3.55
3.11
4.41
3.25
3.48
3.25
4.18
3.07
3.45
3.30
4.17
3.22
4.60
3.74
4.56
3.09
3.36
3.30
4.08
3.05
3.17
3.06
4.23
2.96
3.40
3.13
4.23
3.38
4.45
3.58
4.04
3.38
3.33
3.28
4.17
3.21
3.19
3.66
3.09
3.14
3.00
2.90
3.65
3.49
3.14
5.08
3.86
3.73
3.37
4.16
3.45
3.48
3.19
3.71
3.21
3.63
3.27
3.90
3.73
3.52
3.44
4.05
4.11
3.43
3.57
3.97
3.52
3.47
3.30
3.76
3.75
3.42
3.47
3.72
3.78
3.21
3.49
3.29
4.29
3.95
2.34
3.71
3.17
3.33
3.24
4.02
3.26
2.87
3.28
3.70
2.90
3.51
2.91
4.16
2.96
3.56
2.95
4.20
3.31
4.91
3.89
4.36
3.04
3.56
3.24
4.12
2.62
3.59
2.83
4.39
2.64
3.71
2.79
4.51
2.76
4.33
4.15
4.69
3.18
3.80
3.19
4.69
2.83
3.73
3.17
4.61
2.91
3.60
2.83
4.04
3.37
3.69
4.07
3.79
3.18
2.54
3.58
3.50
4.10
3.27
3.70
3.49
4.05
3.14
3.81
3.32
3.83
3.20
4.58
3.73
4.17
3.61
3.80
3.60
4.03
3.33
3.83
3.53
3.49
3.15
3.15
3.14
3.39
3.76
4.09
4.36
3.63
3.83
3.19
3.84
3.34
3.76
3.25
3.89
3.38
3.98
2.27
4.26
2.82
4.18
2.62
4.57
2.89
4.67
2.73
5.20
3.29
4.82
2.76
4.18
2.98
4.75
2.67
4.13
2.98
4.77
2.82
4.18
2.98
4.67
2.74
4.95
3.62
4.12
2.90
3.76
2.94
4.49
2.76
3.65
2.98
4.45
2.65
3.80
2.77
4.59
2.66
4.55
3.76
4.70
2.52
3.74
3.31
4.12
3.01
4.12
3.23
4.28
2.72
4.07
3.00
4.36
2.65
3.92
4.44
4.49
2.78
4.02
3.03
4.27
2.65
3.93
3.05
4.26
2.59
4.10
3.22
4.29
2.93
4.04
3.33
5.60
3.13
3.48
3.44
3.84
2.84
3.93
3.36
4.26
2.90
3.70
2.94
3.62
2.56
3.56
3.35
3.71
3.56
3.99
3.87
4.10
3.47
3.55
3.64
4.28
3.80
3.80
4.14
3.82
3.46
3.75
4.17
3.63
3.30
3.86
3.97
3.58
3.19
3.81
3.91
3.56
4.50
4.37
3.96
3.32
3.18
3.32
3.96
3.37
3.01
3.66
3.81
2.98
2.84
3.29
3.36
3.75
2.97
4.38
3.79
3.76
3.13
3.30
3.08
3.80
2.81
3.51
3.15
3.67
2.73
2.77
4.06
3.10
3.56
3.65
4.75
3.57
3.81
2.99
4.23
3.11
3.67
2.88
4.10
3.35
3.64
3.05
4.16
3.38
3.56
3.46
4.80
2.52
3.54
2.91
4.17
3.11
3.62
2.74
3.31
3.37
3.28
3.02
3.48
3.42
3.07
3.05
3.44
3.89
3.10
2.30
3.87
3.37
3.82
2.64
3.88
3.45
3.97
2.53
3.89
3.37
4.73
3.65
4.46
3.55
3.95
2.66
3.92
3.69
3.91
2.68
3.89
3.52
3.87
2.75
3.82
3.54
3.92
3.70
4.84
3.09
4.18
2.72
4.29
3.04
3.80
2.60
4.28
3.14
3.87
2.57
4.13
3.08
2.08
5.01
3.43
4.77
2.62
4.41
2.88
4.90
2.48
4.05
2.90
4.70
2.59
4.11
2.85
4.67
2.47
4.82
3.61
4.62
2.70
4.10
2.97
4.62
2.44
4.08
2.75
4.69
2.35
4.28
2.64
3.76
2.03
4.26
3.79
4.97
2.36
3.18
2.69
3.81
1.37
4.65
3.51
4.81
2.11
4.83
2.44
4.34
1.96
4.66
2.35
4.19
1.98
4.59
2.41
4.29
2.04
4.65
3.59
4.65
2.16
4.67
2.41
4.23
1.94
4.19
2.29
4.13
1.89
4.70
2.38
4.32
1.93
4.61
3.20
4.99
2.07
4.72
2.46
4.15
2.00
4.76
2.47
4.28
1.84
3.99
2.98
3.76
2.60
4.18
3.79
4.49
2.95
4.51
2.65
2.94
3.44
3.85
3.44
2.86
3.40
3.74
3.45
2.86
3.36
3.78
3.57
4.26
3.97
3.83
3.68
2.95
3.82
3.61
3.89
2.97
3.76
3.72
3.66
2.94
3.64
3.81
3.62
2.19
4.66
3.30
4.24
2.49
4.01
3.26
3.92
2.12
3.49
3.16
3.96
2.32
3.79
3.19
3.82
2.29
4.06
3.95
4.44
2.62
4.21
3.40
4.20
2.60
3.87
2.64
3.88
2.50
4.43
2.76
3.94
2.37
4.31
2.95
5.12
2.84
4.50
2.45
4.20
2.69
4.48
2.95
4.25
2.42
4.39
2.79
4.03
2.35
4.21
2.83
4.49
3.32
4.38
2.94
4.02
2.40
4.01
2.97
4.09
2.58
4.29
2.70
3.20
2.65
4.23
2.86
4.24
3.42
3.69
3.31
3.38
3.35
4.08
4.11
3.57
3.36
3.66
3.63
3.29
3.18
3.68
3.56
2.78
3.95
3.99
3.45
3.82
3.39
3.84
3.22
3.91
3.17
3.67
2.61
4.37
2.68
4.15
2.58
4.08
3.16
4.21
3.32
3.83
2.99
3.85
2.98
4.00
3.04
3.67
2.80
3.03
2.75
2.95
2.64
2.68
2.87
4.24
3.51
3.58
2.73
3.36
2.87
3.11
2.75
2.96
2.59
2.95
2.79
2.82
2.79
2.80
2.76
2.96
4.29
3.29
2.83
2.17
1.77
3.00
2.73
2.99
3.61
3.61
3.29
3.26
3.46
3.72
3.10
3.34
3.51
3.72
3.18
3.65
4.10
3.82
3.53
3.23
3.53
3.72
3.29
2.93
3.72
3.95
3.00
3.54
3.53
3.85
2.58
3.29
4.17
4.27
3.08
3.43
3.61
3.92
2.89
3.43
3.41
3.91
2.96
3.55
3.43
4.07
1.77
3.70
2.75
4.82
2.24
3.58
2.61
4.13
2.67
3.76
3.26
4.24
2.63
3.96
3.09
4.27
2.58
3.76
3.60
5.10
3.12
3.92
3.24
4.17
2.80
3.03
3.02
4.04
2.73
3.55
3.25
3.44
2.62
3.50
3.09
4.76
3.78
4.24
3.26
4.25
2.73
3.89
3.17
4.27
2.85
3.88
3.24
4.21
2.77
3.67
3.18
4.08
4.09
4.40
3.32
3.77
3.01
3.43
3.66
3.61
3.16
3.29
3.39
4.83
3.67
3.38
3.14
4.05
3.17
3.09
2.99
3.50
3.57
2.78
3.47
3.72
3.49
2.77
3.62
3.80
4.64
3.00
3.53
3.66
3.57
2.82
3.38
2.86
3.20
1.85
2.82
3.08
3.63
2.31
3.74
3.23
5.04
2.77
3.98
3.04
3.81
2.21
3.44
3.15
3.74
2.49
3.81
3.12
3.66
2.42
3.74
3.20
4.54
2.92
3.50
3.51
3.48
2.98
3.43
3.89
3.35
3.11
3.44
3.75
3.54
2.82
3.53
3.55
4.14
3.56
4.15
3.54
3.91
2.93
3.88
3.47
3.87
2.96
2.96
4.16
2.92
3.71
2.92
4.25
3.02
5.49
2.88
3.82
2.83
4.08
3.05
4.73
3.02
4.25
2.93
4.62
2.84
4.34
2.98
5.67
3.47
4.58
2.87
4.36
2.79
4.33
2.93
4.64
2.82
4.13
2.62
4.71
2.68
3.84
1.77
5.51
2.43
4.50
3.17
4.89
3.04
4.33
2.79
4.83
2.74
4.44
2.80
4.92
2.92
3.69
2.76
5.01
3.10
5.05
3.05
4.80
3.23
5.06
2.93
4.68
2.78
5.31
2.67
5.39
2.60
5.38
2.64
5.54
2.56
4.54
2.92
5.36
2.79
5.21
3.31
4.33
3.07
4.76
3.19
5.43
2.93
5.47
2.79
5.27
2.68
5.50
2.77
5.32
2.62
5.28
3.18
5.04
3.01
4.93
2.78
5.10
2.73
5.13
2.94
5.09
3.06
3.95
3.04
5.19
2.94
5.19
2.96
3.57
4.37
3.46
4.36
3.63
4.29
3.63
4.26
3.53
4.31
3.62
4.46
3.73
4.51
3.63
3.27
3.19
4.34
3.82
4.62
3.24
4.53
3.63
4.47
3.57
4.56
3.58
4.49
3.48
4.43
3.44
4.34
3.48
4.51
3.35
4.48
3.52
3.56
3.43
4.31
3.53
4.59
3.67
4.55
3.35
4.60
3.44
4.40
3.53
4.41
3.45
4.23
3.77
4.66
2.38
4.40
2.97
5.34
2.71
5.30
2.73
5.27
2.75
5.22
2.97
5.30
1.41
5.15
2.02
5.93
2.08
6.01
2.03
5.93
2.07
5.81
2.13
5.99
2.21
5.89
2.10
6.01
2.07
5.94
2.12
6.00
2.14
6.05
2.05
6.02
2.11
5.91
2.08
5.96
2.07
5.82
2.17
5.70
2.17
5.05
2.08
5.97
1.94
6.13
2.05
6.10
2.02
6.12
2.04
5.74
2.12
5.73
2.10
5.73
1.82
3.70
3.96
3.67
3.85
4.19
3.69
4.36
4.19
4.11
4.00
4.14
4.12
4.09
4.00
3.80
4.04
3.52
3.93
3.68
4.02
3.98
4.15
4.13
4.14
3.76
3.74
2.79
5.37
2.57
5.45
2.52
5.47
2.57
5.37
2.68
5.39
2.69
5.39
2.74
5.41
2.71
5.32
2.71
5.17
2.59
5.37
2.72
5.55
2.63
5.47
2.62
5.54
2.55
4.77
1.26
5.50
2.66
5.43
2.53
5.46
2.49
5.52
2.60
5.55
2.69
5.50
2.69
5.43
2.60
5.48
2.57
4.54
2.51
5.52
2.44
5.40
2.57
5.33
2.69
5.38
2.74
5.28
2.81
5.39
1.80
5.41
2.47
5.42
2.49
5.44
2.78
3.35
2.62
5.33
2.86
5.24
2.72
5.21
2.89
5.56
2.67
3.15
2.45
5.53
2.62
5.40
3.49
4.22
3.87
4.27
3.88
4.17
3.90
4.21
3.89
4.20
4.04
4.05
3.95
4.01
3.64
4.09
3.95
4.06
4.15
4.07
4.11
4.03
4.32
3.98
4.17
4.00
4.02
4.03
4.08
4.03
4.06
4.00
4.03
3.91
2.74
3.03
4.08
4.09
3.94
3.93
3.81
4.03
3.86
4.12
3.78
4.05
3.92
4.00
4.23
4.18
4.31
3.99
4.02
4.08
4.02
4.05
4.08
3.90
4.07
3.95
4.10
3.97
3.95
4.04
3.95
4.05
3.98
4.16
3.94
3.96
3.95
4.05
3.95
4.00
3.93
4.46
3.50
4.49
3.73
4.44
3.72
4.42
3.36
1.05
3.81
4.51
3.25
4.51
3.51
4.56
3.69
4.45
3.67
4.43
3.43
4.48
3.17
3.73
3.74
4.45
3.62
4.37
3.65
4.16
3.78
4.47
3.86
4.09
3.93
4.17
3.92
4.38
3.76
4.29
3.77
4.25
3.75
4.29
3.75
4.30
3.76
4.28
3.75
1.59
6.20
1.64
6.38
1.65
6.40
1.65
6.38
1.67
6.38
1.64
6.03
1.75
6.52
1.70
6.48
1.64
6.43
1.64
6.40
1.65
6.42
1.62
6.38
1.68
6.38
1.66
6.38
1.63
6.46
1.59
1.57
1.59
6.01
1.76
6.52
1.68
6.49
1.65
6.42
1.68
6.41
1.60
6.04
1.76
6.12
1.76
6.56
1.78
6.42
1.75
5.98
1.77
6.18
1.79
6.16
1.79
6.19
1.83
6.62
1.69
6.55
1.69
6.41
1.61
6.46
1.67
6.39
1.66
6.37
1.64
6.35
1.65
0.66
5.50
1.91
5.72
1.99
6.22
1.95
5.83
1.99
6.25
1.94
6.21
1.97
6.13
1.98
6.07
1.96
6.12
1.90
6.16
1.96
6.12
1.93
6.10
1.91
6.20
1.83
6.06
1.87
6.09
2.00
6.06
1.96
6.13
1.95
6.14
1.96
6.19
1.93
6.14
1.89
6.18
1.62
6.10
1.94
6.10
1.92
6.14
1.93
6.11
1.91
6.15
1.93
6.16
1.90
6.16
1.92
6.56
1.77
6.08
1.84
6.11
1.85
6.15
1.88
6.12
1.88
6.15
1.89
6.17
1.89
6.56
1.33
6.11
1.70
6.06
1.79
6.52
1.67
5.62
1.92
4.97
2.24
4.41
2.62
6.06
2.44
7.04
2.06
6.78
1.85
6.61
1.74
6.52
1.66
6.41
1.65
5.96
1.78
6.15
1.80
6.21
1.78
5.64
1.30
0.71
5.42
1.90
6.15
1.85
6.18
1.88
6.16
1.90
6.18
1.88
6.15
1.89
6.13
1.90
6.15
1.87
6.13
1.90
6.03
1.92
5.68
2.02
6.13
1.90
5.65
2.15
6.17
2.06
5.69
2.14
5.55
2.23
5.95
2.20
5.92
2.17
6.32
2.07
6.25
2.01
6.21
1.96
6.18
1.89
6.21
1.92
6.15
1.92
6.13
1.47
6.18
1.84
6.05
1.88
6.03
1.95
6.10
1.93
5.82
2.01
6.17
1.98
5.61
2.16
5.37
2.26
5.44
2.34
5.55
2.37
5.65
2.42
5.98
2.31
5.94
2.27
6.26
2.14
6.19
2.05
6.17
2.01
6.13
1.97
6.12
1.97
6.13
1.95
6.15
1.93
6.14
1.89
6.17
1.93
6.16
0.96
0.96
6.43
1.61
6.47
1.64
6.39
1.66
5.95
1.72
6.18
1.79
6.16
1.83
6.08
1.90
6.17
1.91
6.06
1.96
6.10
1.95
6.18
1.88
6.16
1.90
6.16
1.88
6.16
1.89
6.54
1.77
6.46
1.70
6.43
1.67
6.41
1.66
6.36
1.69
6.37
1.66
6.40
1.66
6.38
1.66
6.09
1.74
6.52
1.67
6.43
1.67
6.38
1.67
5.99
1.76
6.03
1.74
5.97
1.94
6.06
1.53
5.44
1.84
5.81
1.77
5.46
2.05
6.07
2.33
5.98
2.42
6.16
2.10
6.34
2.10
6.24
2.02
5.74
2.09
5.81
2.12
5.81
2.14
6.20
2.08
6.23
1.92
6.15
1.85
6.20
1.87
5.99
1.88
6.07
1.88
6.13
1.99
6.17
2.06
6.21
1.99
6.17
1.67
0.49
0.01
0.01
0.52
6.13
1.91
6.26
1.89
6.13
1.88
6.13
1.91
6.10
1.91
6.15
1.92
6.11
1.88
6.11
1.90
6.11
1.88
6.14
1.90
6.10
1.89
5.73
2.05
5.81
2.12
5.78
2.09
5.88
2.09
5.90
2.17
5.87
2.04
5.84
2.24
5.94
2.21
6.25
2.02
6.24
1.97
6.14
2.00
5.90
1.95
5.92
2.08
5.56
1.70
5.85
2.12
5.91
2.10
5.86
1.86
5.84
1.88
5.41
2.43
5.33
2.18
4.82
2.14
4.66
2.33
4.93
2.83
5.10
2.67
5.32
2.87
5.31
3.12
5.27
3.13
5.61
2.84
5.24
3.05
5.23
2.99
5.30
2.98
4.80
3.04
4.88
3.00
4.91
2.98
4.90
2.96
4.79
3.01
5.01
3.08
5.06
3.05
4.92
3.20
5.07
2.95
5.32
2.90
5.71
2.95
5.64
2.76
5.41
1.92
4.79
2.85
4.20
0.01
0.01
0.01
0.01
0.01
0.01
0.01
0.01
0.01
0.01
0.01
0.01
0.01
0.01
0.01
0.01
0.01
0.01
0.01
2.36
1.99
6.17
1.95
6.16
1.95
6.11
1.89
6.14
1.93
5.74
2.04
5.80
2.09
6.25
2.02
6.18
1.97
6.16
1.95
6.15
1.90
6.13
1.95
6.13
1.93
5.74
2.03
6.23
1.96
5.74
2.06
5.81
2.11
6.21
1.85
5.61
1.85
5.63
1.91
6.04
2.16
6.01
2.02
6.01
2.21
5.99
2.21
6.07
2.09
5.61
2.27
5.98
2.19
5.89
2.17
5.92
2.14
5.83
2.10
5.43
2.25
4.85
2.53
4.65
2.74
4.81
2.80
5.12
2.87
5.26
2.62
4.91
2.82
5.61
2.67
5.12
2.75
4.74
2.89
4.87
3.00
4.95
3.07
5.93
2.81
5.74
2.69
5.68
2.59
5.95
2.45
5.82
2.36
5.12
2.47
5.54
2.44
5.37
2.54
4.76
2.78
2.05
2.77
5.14
2.70
5.56
2.76
5.71
2.73
5.67
2.60
5.60
2.63
5.48
2.63
5.51
1.85
2.08
5.91
2.24
6.00
2.17
6.36
2.03
5.84
2.06
5.79
2.11
5.76
1.78
5.15
1.79
5.35
2.52
6.03
2.42
6.00
2.38
5.99
2.23
5.66
2.25
6.07
2.09
5.84
2.19
5.66
2.19
5.59
2.20
6.12
2.21
5.58
2.32
5.66
2.28
5.57
2.35
5.02
2.48
5.44
2.50
5.70
2.30
5.37
2.48
5.50
2.45
5.83
2.59
5.95
2.37
5.92
2.44
5.81
2.33
5.75
2.40
5.78
2.33
5.65
2.30
5.01
2.45
5.14
2.63
5.59
2.58
5.11
2.72
5.62
2.57
5.51
2.60
5.97
2.47
5.76
2.38
5.46
2.46
5.43
2.37
5.45
2.51
5.48
2.49
5.34
2.52
5.13
2.62
5.24
2.68
5.23
2.85
4.92
2.84
5.31
2.85
2.06
0.59
5.60
2.51
5.51
2.51
5.54
2.51
5.71
2.47
5.69
2.45
5.66
2.43
5.67
2.41
5.35
2.47
5.37
2.54
5.63
2.51
5.32
2.48
5.76
2.52
5.60
1.99
5.33
2.55
5.37
2.59
5.31
2.54
5.37
2.67
5.32
2.63
5.32
2.64
5.31
2.40
5.16
2.63
5.61
2.80
5.48
2.75
5.44
2.67
5.41
2.69
5.36
2.69
5.34
2.68
5.65
2.31
5.08
2.57
5.58
2.54
5.52
2.53
5.54
2.52
5.25
2.61
5.29
2.63
5.61
2.58
5.02
2.68
5.47
2.66
5.35
2.68
5.01
2.74
4.77
2.86
4.40
3.04
4.57
3.09
4.96
3.20
5.84
2.94
4.98
2.97
4.65
3.11
1.99
